statistics_code;statistics_label;time_code;time_label;time;1_variable_code;1_variable_label;1_variable_attribute_code;1_variable_attribute_label;2_variable_code;2_variable_label;2_variable_attribute_code;2_variable_attribute_label;value;value_unit;value_variable_code;value_variable_label
13211;Arbeitsmarktstatistik der Bundesagentur für Arbeit;JAHR;Jahr;2011;KREISE;Kreise und kreisfreie Städte;06636;Werra-Meißner-Kreis;ERWAQ7;Arbeitslose nach ausgewählten Personengruppen;ARBEITSLOS06;schwerbehindert;359;Anzahl;ERWP06;Arbeitslose
13211;Arbeitsmarktstatistik der Bundesagentur für Arbeit;JAHR;Jahr;2014;KREISE;Kreise und kreisfreie Städte;12067;Oder-Spree, Landkreis;ERWAQ7;Arbeitslose nach ausgewählten Personengruppen;ARBEITSLOS12;15 bis unter 20 Jahre;106;Anzahl;ERWP06;Arbeitslose
13211;Arbeitsmarktstatistik der Bundesagentur für Arbeit;JAHR;Jahr;2014;KREISE;Kreise und kreisfreie Städte;06531;Gießen, Landkreis;ERWAQ7;Arbeitslose nach ausgewählten Personengruppen;ARBEITSLOS08;ausländisch;1865;Anzahl;ERWP06;Arbeitslose
13211;Arbeitsmarktstatistik der Bundesagentur für Arbeit;JAHR;Jahr;2022;KREISE;Kreise und kreisfreie Städte;12065;Oberhavel, Landkreis;ERWAQ7;Arbeitslose nach ausgewählten Personengruppen;ARBEITSLOS05;langzeitarbeitslos;2288;Anzahl;ERWP06;Arbeitslose
13211;Arbeitsmarktstatistik der Bundesagentur für Arbeit;JAHR;Jahr;2014;KREISE;Kreise und kreisfreie Städte;12063;Havelland, Landkreis;ERWAQ7;Arbeitslose nach ausgewählten Personengruppen;ARBEITSLOS13;15 bis unter 25 Jahre;563;Anzahl;ERWP06;Arbeitslose
13211;Arbeitsmarktstatistik der Bundesagentur für Arbeit;JAHR;Jahr;2025;KREISE;Kreise und kreisfreie Städte;12066;Oberspreewald-Lausitz, Landkreis;ERWAQ7;Arbeitslose nach ausgewählten Personengruppen;ARBEITSLOS05;langzeitarbeitslos;1538;Anzahl;ERWP06;Arbeitslose
13211;Arbeitsmarktstatistik der Bundesagentur für Arbeit;JAHR;Jahr;2011;KREISE;Kreise und kreisfreie Städte;12066;Oberspreewald-Lausitz, Landkreis;ERWAQ7;Arbeitslose nach ausgewählten Personengruppen;ARBEITSLOS12;15 bis unter 20 Jahre;92;Anzahl;ERWP06;Arbeitslose
13211;Arbeitsmarktstatistik der Bundesagentur für Arbeit;JAHR;Jahr;2018;KREISE;Kreise und kreisfreie Städte;12063;Havelland, Landkreis;ERWAQ7;Arbeitslose nach ausgewählten Personengruppen;ARBEITSLOS05;langzeitarbeitslos;1872;Anzahl;ERWP06;Arbeitslose
13211;Arbeitsmarktstatistik der Bundesagentur für Arbeit;JAHR;Jahr;2012;KREISE;Kreise und kreisfreie Städte;06439;Rheingau-Taunus-Kreis;ERWAQ7;Arbeitslose nach ausgewählten Personengruppen;ARBEITSLOS12;15 bis unter 20 Jahre;54;Anzahl;ERWP06;Arbeitslose
13211;Arbeitsmarktstatistik der Bundesagentur für Arbeit;JAHR;Jahr;2021;KREISE;Kreise und kreisfreie Städte;12066;Oberspreewald-Lausitz, Landkreis;ERWAQ7;Arbeitslose nach ausgewählten Personengruppen;ARBEITSLOS13;15 bis unter 25 Jahre;174;Anzahl;ERWP06;Arbeitslose
13211;Arbeitsmarktstatistik der Bundesagentur für Arbeit;JAHR;Jahr;2012;KREISE;Kreise und kreisfreie Städte;06533;Limburg-Weilburg, Landkreis;ERWAQ7;Arbeitslose nach ausgewählten Personengruppen;ARBEITSLOS13;15 bis unter 25 Jahre;577;Anzahl;ERWP06;Arbeitslose
13211;Arbeitsmarktstatistik der Bundesagentur für Arbeit;JAHR;Jahr;2021;KREISE;Kreise und kreisfreie Städte;06534;Marburg-Biedenkopf, Landkreis;ERWAQ7;Arbeitslose nach ausgewählten Personengruppen;ARBEITSLOS08;ausländisch;1565;Anzahl;ERWP06;Arbeitslose
13211;Arbeitsmarktstatistik der Bundesagentur für Arbeit;JAHR;Jahr;2020;KREISE;Kreise und kreisfreie Städte;06531;Gießen, Landkreis;ERWAQ7;Arbeitslose nach ausgewählten Personengruppen;ARBEITSLOS06;schwerbehindert;807;Anzahl;ERWP06;Arbeitslose
13211;Arbeitsmarktstatistik der Bundesagentur für Arbeit;JAHR;Jahr;2022;KREISE;Kreise und kreisfreie Städte;06439;Rheingau-Taunus-Kreis;ERWAQ7;Arbeitslose nach ausgewählten Personengruppen;ARBEITSLOS13;15 bis unter 25 Jahre;325;Anzahl;ERWP06;Arbeitslose
13211;Arbeitsmarktstatistik der Bundesagentur für Arbeit;JAHR;Jahr;2023;KREISE;Kreise und kreisfreie Städte;06532;Lahn-Dill-Kreis;ERWAQ7;Arbeitslose nach ausgewählten Personengruppen;ARBEITSLOS06;schwerbehindert;723;Anzahl;ERWP06;Arbeitslose
13211;Arbeitsmarktstatistik der Bundesagentur für Arbeit;JAHR;Jahr;2012;KREISE;Kreise und kreisfreie Städte;12061;Dahme-Spreewald, Landkreis;ERWAQ7;Arbeitslose nach ausgewählten Personengruppen;ARBEITSLOS05;langzeitarbeitslos;1749;Anzahl;ERWP06;Arbeitslose
13211;Arbeitsmarktstatistik der Bundesagentur für Arbeit;JAHR;Jahr;2024;KREISE;Kreise und kreisfreie Städte;06535;Vogelsbergkreis;ERWAQ7;Arbeitslose nach ausgewählten Personengruppen;ARBEITSLOS08;ausländisch;914;Anzahl;ERWP06;Arbeitslose
13211;Arbeitsmarktstatistik der Bundesagentur für Arbeit;JAHR;Jahr;2016;KREISE;Kreise und kreisfreie Städte;12061;Dahme-Spreewald, Landkreis;ERWAQ7;Arbeitslose nach ausgewählten Personengruppen;ARBEITSLOS08;ausländisch;415;Anzahl;ERWP06;Arbeitslose
13211;Arbeitsmarktstatistik der Bundesagentur für Arbeit;JAHR;Jahr;2020;KREISE;Kreise und kreisfreie Städte;06535;Vogelsbergkreis;ERWAQ7;Arbeitslose nach ausgewählten Personengruppen;ARBEITSLOS05;langzeitarbeitslos;577;Anzahl;ERWP06;Arbeitslose
13211;Arbeitsmarktstatistik der Bundesagentur für Arbeit;JAHR;Jahr;2024;KREISE;Kreise und kreisfreie Städte;12067;Oder-Spree, Landkreis;ERWAQ7;Arbeitslose nach ausgewählten Personengruppen;ARBEITSLOS13;15 bis unter 25 Jahre;564;Anzahl;ERWP06;Arbeitslose
13211;Arbeitsmarktstatistik der Bundesagentur für Arbeit;JAHR;Jahr;2020;KREISE;Kreise und kreisfreie Städte;06633;Kassel, Landkreis;ERWAQ7;Arbeitslose nach ausgewählten Personengruppen;ARBEITSLOS05;langzeitarbeitslos;1495;Anzahl;ERWP06;Arbeitslose
13211;Arbeitsmarktstatistik der Bundesagentur für Arbeit;JAHR;Jahr;2015;KREISE;Kreise und kreisfreie Städte;06534;Marburg-Biedenkopf, Landkreis;ERWAQ7;Arbeitslose nach ausgewählten Personengruppen;ARBEITSLOS13;15 bis unter 25 Jahre;495;Anzahl;ERWP06;Arbeitslose
13211;Arbeitsmarktstatistik der Bundesagentur für Arbeit;JAHR;Jahr;2018;KREISE;Kreise und kreisfreie Städte;06535;Vogelsbergkreis;ERWAQ7;Arbeitslose nach ausgewählten Personengruppen;ARBEITSLOS13;15 bis unter 25 Jahre;226;Anzahl;ERWP06;Arbeitslose
13211;Arbeitsmarktstatistik der Bundesagentur für Arbeit;JAHR;Jahr;2024;KREISE;Kreise und kreisfreie Städte;12063;Havelland, Landkreis;ERWAQ7;Arbeitslose nach ausgewählten Personengruppen;ARBEITSLOS14;55 bis unter 65 Jahre;1322;Anzahl;ERWP06;Arbeitslose
13211;Arbeitsmarktstatistik der Bundesagentur für Arbeit;JAHR;Jahr;2025;KREISE;Kreise und kreisfreie Städte;12061;Dahme-Spreewald, Landkreis;ERWAQ7;Arbeitslose nach ausgewählten Personengruppen;ARBEITSLOS13;15 bis unter 25 Jahre;268;Anzahl;ERWP06;Arbeitslose
13211;Arbeitsmarktstatistik der Bundesagentur für Arbeit;JAHR;Jahr;2015;KREISE;Kreise und kreisfreie Städte;06636;Werra-Meißner-Kreis;ERWAQ7;Arbeitslose nach ausgewählten Personengruppen;ARBEITSLOS12;15 bis unter 20 Jahre;49;Anzahl;ERWP06;Arbeitslose
13211;Arbeitsmarktstatistik der Bundesagentur für Arbeit;JAHR;Jahr;2011;KREISE;Kreise und kreisfreie Städte;12067;Oder-Spree, Landkreis;ERWAQ7;Arbeitslose nach ausgewählten Personengruppen;ARBEITSLOS05;langzeitarbeitslos;3270;Anzahl;ERWP06;Arbeitslose
13211;Arbeitsmarktstatistik der Bundesagentur für Arbeit;JAHR;Jahr;2018;KREISE;Kreise und kreisfreie Städte;06531;Gießen, Landkreis;ERWAQ7;Arbeitslose nach ausgewählten Personengruppen;ARBEITSLOS14;55 bis unter 65 Jahre;1489;Anzahl;ERWP06;Arbeitslose
13211;Arbeitsmarktstatistik der Bundesagentur für Arbeit;JAHR;Jahr;2020;KREISE;Kreise und kreisfreie Städte;06534;Marburg-Biedenkopf, Landkreis;ERWAQ7;Arbeitslose nach ausgewählten Personengruppen;ARBEITSLOS12;15 bis unter 20 Jahre;134;Anzahl;ERWP06;Arbeitslose
13211;Arbeitsmarktstatistik der Bundesagentur für Arbeit;JAHR;Jahr;2025;KREISE;Kreise und kreisfreie Städte;12065;Oberhavel, Landkreis;ERWAQ7;Arbeitslose nach ausgewählten Personengruppen;ARBEITSLOS12;15 bis unter 20 Jahre;158;Anzahl;ERWP06;Arbeitslose
13211;Arbeitsmarktstatistik der Bundesagentur für Arbeit;JAHR;Jahr;2012;KREISE;Kreise und kreisfreie Städte;12066;Oberspreewald-Lausitz, Landkreis;ERWAQ7;Arbeitslose nach ausgewählten Personengruppen;ARBEITSLOS08;ausländisch;151;Anzahl;ERWP06;Arbeitslose
13211;Arbeitsmarktstatistik der Bundesagentur für Arbeit;JAHR;Jahr;2013;KREISE;Kreise und kreisfreie Städte;06439;Rheingau-Taunus-Kreis;ERWAQ7;Arbeitslose nach ausgewählten Personengruppen;ARBEITSLOS08;ausländisch;930;Anzahl;ERWP06;Arbeitslose
13211;Arbeitsmarktstatistik der Bundesagentur für Arbeit;JAHR;Jahr;2023;KREISE;Kreise und kreisfreie Städte;06531;Gießen, Landkreis;ERWAQ7;Arbeitslose nach ausgewählten Personengruppen;ARBEITSLOS13;15 bis unter 25 Jahre;707;Anzahl;ERWP06;Arbeitslose
13211;Arbeitsmarktstatistik der Bundesagentur für Arbeit;JAHR;Jahr;2018;KREISE;Kreise und kreisfreie Städte;06633;Kassel, Landkreis;ERWAQ7;Arbeitslose nach ausgewählten Personengruppen;ARBEITSLOS13;15 bis unter 25 Jahre;515;Anzahl;ERWP06;Arbeitslose
13211;Arbeitsmarktstatistik der Bundesagentur für Arbeit;JAHR;Jahr;2024;KREISE;Kreise und kreisfreie Städte;06636;Werra-Meißner-Kreis;ERWAQ7;Arbeitslose nach ausgewählten Personengruppen;ARBEITSLOS14;55 bis unter 65 Jahre;655;Anzahl;ERWP06;Arbeitslose
13211;Arbeitsmarktstatistik der Bundesagentur für Arbeit;JAHR;Jahr;2025;KREISE;Kreise und kreisfreie Städte;06534;Marburg-Biedenkopf, Landkreis;ERWAQ7;Arbeitslose nach ausgewählten Personengruppen;ARBEITSLOS14;55 bis unter 65 Jahre;1379;Anzahl;ERWP06;Arbeitslose
13211;Arbeitsmarktstatistik der Bundesagentur für Arbeit;JAHR;Jahr;2016;KREISE;Kreise und kreisfreie Städte;12064;Märkisch-Oderland, Landkreis;ERWAQ7;Arbeitslose nach ausgewählten Personengruppen;ARBEITSLOS14;55 bis unter 65 Jahre;2297;Anzahl;ERWP06;Arbeitslose
13211;Arbeitsmarktstatistik der Bundesagentur für Arbeit;JAHR;Jahr;2019;KREISE;Kreise und kreisfreie Städte;06534;Marburg-Biedenkopf, Landkreis;ERWAQ7;Arbeitslose nach ausgewählten Personengruppen;ARBEITSLOS05;langzeitarbeitslos;1437;Anzahl;ERWP06;Arbeitslose
13211;Arbeitsmarktstatistik der Bundesagentur für Arbeit;JAHR;Jahr;2010;KREISE;Kreise und kreisfreie Städte;12064;Märkisch-Oderland, Landkreis;ERWAQ7;Arbeitslose nach ausgewählten Personengruppen;ARBEITSLOS14;55 bis unter 65 Jahre;2274;Anzahl;ERWP06;Arbeitslose
13211;Arbeitsmarktstatistik der Bundesagentur für Arbeit;JAHR;Jahr;2023;KREISE;Kreise und kreisfreie Städte;12064;Märkisch-Oderland, Landkreis;ERWAQ7;Arbeitslose nach ausgewählten Personengruppen;ARBEITSLOS08;ausländisch;904;Anzahl;ERWP06;Arbeitslose
13211;Arbeitsmarktstatistik der Bundesagentur für Arbeit;JAHR;Jahr;2013;KREISE;Kreise und kreisfreie Städte;06532;Lahn-Dill-Kreis;ERWAQ7;Arbeitslose nach ausgewählten Personengruppen;ARBEITSLOS05;langzeitarbeitslos;3633;Anzahl;ERWP06;Arbeitslose
13211;Arbeitsmarktstatistik der Bundesagentur für Arbeit;JAHR;Jahr;2015;KREISE;Kreise und kreisfreie Städte;06533;Limburg-Weilburg, Landkreis;ERWAQ7;Arbeitslose nach ausgewählten Personengruppen;ARBEITSLOS06;schwerbehindert;408;Anzahl;ERWP06;Arbeitslose
13211;Arbeitsmarktstatistik der Bundesagentur für Arbeit;JAHR;Jahr;2013;KREISE;Kreise und kreisfreie Städte;12065;Oberhavel, Landkreis;ERWAQ7;Arbeitslose nach ausgewählten Personengruppen;ARBEITSLOS14;55 bis unter 65 Jahre;2369;Anzahl;ERWP06;Arbeitslose
13211;Arbeitsmarktstatistik der Bundesagentur für Arbeit;JAHR;Jahr;2015;KREISE;Kreise und kreisfreie Städte;06535;Vogelsbergkreis;ERWAQ7;Arbeitslose nach ausgewählten Personengruppen;ARBEITSLOS06;schwerbehindert;205;Anzahl;ERWP06;Arbeitslose
13211;Arbeitsmarktstatistik der Bundesagentur für Arbeit;JAHR;Jahr;2024;KREISE;Kreise und kreisfreie Städte;12066;Oberspreewald-Lausitz, Landkreis;ERWAQ7;Arbeitslose nach ausgewählten Personengruppen;ARBEITSLOS06;schwerbehindert;220;Anzahl;ERWP06;Arbeitslose
13211;Arbeitsmarktstatistik der Bundesagentur für Arbeit;JAHR;Jahr;2015;KREISE;Kreise und kreisfreie Städte;12063;Havelland, Landkreis;ERWAQ7;Arbeitslose nach ausgewählten Personengruppen;ARBEITSLOS12;15 bis unter 20 Jahre;109;Anzahl;ERWP06;Arbeitslose
13211;Arbeitsmarktstatistik der Bundesagentur für Arbeit;JAHR;Jahr;2011;KREISE;Kreise und kreisfreie Städte;06439;Rheingau-Taunus-Kreis;ERWAQ7;Arbeitslose nach ausgewählten Personengruppen;ARBEITSLOS13;15 bis unter 25 Jahre;366;Anzahl;ERWP06;Arbeitslose
13211;Arbeitsmarktstatistik der Bundesagentur für Arbeit;JAHR;Jahr;2016;KREISE;Kreise und kreisfreie Städte;12066;Oberspreewald-Lausitz, Landkreis;ERWAQ7;Arbeitslose nach ausgewählten Personengruppen;ARBEITSLOS14;55 bis unter 65 Jahre;1654;Anzahl;ERWP06;Arbeitslose
13211;Arbeitsmarktstatistik der Bundesagentur für Arbeit;JAHR;Jahr;2025;KREISE;Kreise und kreisfreie Städte;06636;Werra-Meißner-Kreis;ERWAQ7;Arbeitslose nach ausgewählten Personengruppen;ARBEITSLOS13;15 bis unter 25 Jahre;361;Anzahl;ERWP06;Arbeitslose
13211;Arbeitsmarktstatistik der Bundesagentur für Arbeit;JAHR;Jahr;2018;KREISE;Kreise und kreisfreie Städte;12066;Oberspreewald-Lausitz, Landkreis;ERWAQ7;Arbeitslose nach ausgewählten Personengruppen;ARBEITSLOS08;ausländisch;304;Anzahl;ERWP06;Arbeitslose
13211;Arbeitsmarktstatistik der Bundesagentur für Arbeit;JAHR;Jahr;2017;KREISE;Kreise und kreisfreie Städte;12065;Oberhavel, Landkreis;ERWAQ7;Arbeitslose nach ausgewählten Personengruppen;ARBEITSLOS06;schwerbehindert;417;Anzahl;ERWP06;Arbeitslose
13211;Arbeitsmarktstatistik der Bundesagentur für Arbeit;JAHR;Jahr;2017;KREISE;Kreise und kreisfreie Städte;12067;Oder-Spree, Landkreis;ERWAQ7;Arbeitslose nach ausgewählten Personengruppen;ARBEITSLOS05;langzeitarbeitslos;3321;Anzahl;ERWP06;Arbeitslose
13211;Arbeitsmarktstatistik der Bundesagentur für Arbeit;JAHR;Jahr;2015;KREISE;Kreise und kreisfreie Städte;06633;Kassel, Landkreis;ERWAQ7;Arbeitslose nach ausgewählten Personengruppen;ARBEITSLOS06;schwerbehindert;490;Anzahl;ERWP06;Arbeitslose
13211;Arbeitsmarktstatistik der Bundesagentur für Arbeit;JAHR;Jahr;2012;KREISE;Kreise und kreisfreie Städte;06636;Werra-Meißner-Kreis;ERWAQ7;Arbeitslose nach ausgewählten Personengruppen;ARBEITSLOS05;langzeitarbeitslos;1104;Anzahl;ERWP06;Arbeitslose
13211;Arbeitsmarktstatistik der Bundesagentur für Arbeit;JAHR;Jahr;2013;KREISE;Kreise und kreisfreie Städte;06533;Limburg-Weilburg, Landkreis;ERWAQ7;Arbeitslose nach ausgewählten Personengruppen;ARBEITSLOS12;15 bis unter 20 Jahre;89;Anzahl;ERWP06;Arbeitslose
13211;Arbeitsmarktstatistik der Bundesagentur für Arbeit;JAHR;Jahr;2014;KREISE;Kreise und kreisfreie Städte;12064;Märkisch-Oderland, Landkreis;ERWAQ7;Arbeitslose nach ausgewählten Personengruppen;ARBEITSLOS06;schwerbehindert;488;Anzahl;ERWP06;Arbeitslose
13211;Arbeitsmarktstatistik der Bundesagentur für Arbeit;JAHR;Jahr;2014;KREISE;Kreise und kreisfreie Städte;06534;Marburg-Biedenkopf, Landkreis;ERWAQ7;Arbeitslose nach ausgewählten Personengruppen;ARBEITSLOS14;55 bis unter 65 Jahre;933;Anzahl;ERWP06;Arbeitslose
13211;Arbeitsmarktstatistik der Bundesagentur für Arbeit;JAHR;Jahr;2015;KREISE;Kreise und kreisfreie Städte;12067;Oder-Spree, Landkreis;ERWAQ7;Arbeitslose nach ausgewählten Personengruppen;ARBEITSLOS08;ausländisch;435;Anzahl;ERWP06;Arbeitslose
13211;Arbeitsmarktstatistik der Bundesagentur für Arbeit;JAHR;Jahr;2018;KREISE;Kreise und kreisfreie Städte;06636;Werra-Meißner-Kreis;ERWAQ7;Arbeitslose nach ausgewählten Personengruppen;ARBEITSLOS05;langzeitarbeitslos;752;Anzahl;ERWP06;Arbeitslose
13211;Arbeitsmarktstatistik der Bundesagentur für Arbeit;JAHR;Jahr;2010;KREISE;Kreise und kreisfreie Städte;06532;Lahn-Dill-Kreis;ERWAQ7;Arbeitslose nach ausgewählten Personengruppen;ARBEITSLOS12;15 bis unter 20 Jahre;208;Anzahl;ERWP06;Arbeitslose
13211;Arbeitsmarktstatistik der Bundesagentur für Arbeit;JAHR;Jahr;2011;KREISE;Kreise und kreisfreie Städte;12061;Dahme-Spreewald, Landkreis;ERWAQ7;Arbeitslose nach ausgewählten Personengruppen;ARBEITSLOS06;schwerbehindert;395;Anzahl;ERWP06;Arbeitslose
13211;Arbeitsmarktstatistik der Bundesagentur für Arbeit;JAHR;Jahr;2016;KREISE;Kreise und kreisfreie Städte;06532;Lahn-Dill-Kreis;ERWAQ7;Arbeitslose nach ausgewählten Personengruppen;ARBEITSLOS12;15 bis unter 20 Jahre;155;Anzahl;ERWP06;Arbeitslose
13211;Arbeitsmarktstatistik der Bundesagentur für Arbeit;JAHR;Jahr;2011;KREISE;Kreise und kreisfreie Städte;06535;Vogelsbergkreis;ERWAQ7;Arbeitslose nach ausgewählten Personengruppen;ARBEITSLOS14;55 bis unter 65 Jahre;633;Anzahl;ERWP06;Arbeitslose
13211;Arbeitsmarktstatistik der Bundesagentur für Arbeit;JAHR;Jahr;2022;KREISE;Kreise und kreisfreie Städte;12064;Märkisch-Oderland, Landkreis;ERWAQ7;Arbeitslose nach ausgewählten Personengruppen;ARBEITSLOS12;15 bis unter 20 Jahre;128;Anzahl;ERWP06;Arbeitslose
13211;Arbeitsmarktstatistik der Bundesagentur für Arbeit;JAHR;Jahr;2020;KREISE;Kreise und kreisfreie Städte;12066;Oberspreewald-Lausitz, Landkreis;ERWAQ7;Arbeitslose nach ausgewählten Personengruppen;ARBEITSLOS14;55 bis unter 65 Jahre;1453;Anzahl;ERWP06;Arbeitslose
13211;Arbeitsmarktstatistik der Bundesagentur für Arbeit;JAHR;Jahr;2017;KREISE;Kreise und kreisfreie Städte;06535;Vogelsbergkreis;ERWAQ7;Arbeitslose nach ausgewählten Personengruppen;ARBEITSLOS14;55 bis unter 65 Jahre;580;Anzahl;ERWP06;Arbeitslose
13211;Arbeitsmarktstatistik der Bundesagentur für Arbeit;JAHR;Jahr;2019;KREISE;Kreise und kreisfreie Städte;06533;Limburg-Weilburg, Landkreis;ERWAQ7;Arbeitslose nach ausgewählten Personengruppen;ARBEITSLOS12;15 bis unter 20 Jahre;75;Anzahl;ERWP06;Arbeitslose
13211;Arbeitsmarktstatistik der Bundesagentur für Arbeit;JAHR;Jahr;2024;KREISE;Kreise und kreisfreie Städte;12061;Dahme-Spreewald, Landkreis;ERWAQ7;Arbeitslose nach ausgewählten Personengruppen;ARBEITSLOS14;55 bis unter 65 Jahre;950;Anzahl;ERWP06;Arbeitslose
13211;Arbeitsmarktstatistik der Bundesagentur für Arbeit;JAHR;Jahr;2011;KREISE;Kreise und kreisfreie Städte;06633;Kassel, Landkreis;ERWAQ7;Arbeitslose nach ausgewählten Personengruppen;ARBEITSLOS14;55 bis unter 65 Jahre;1339;Anzahl;ERWP06;Arbeitslose
13211;Arbeitsmarktstatistik der Bundesagentur für Arbeit;JAHR;Jahr;2022;KREISE;Kreise und kreisfreie Städte;06531;Gießen, Landkreis;ERWAQ7;Arbeitslose nach ausgewählten Personengruppen;ARBEITSLOS14;55 bis unter 65 Jahre;1458;Anzahl;ERWP06;Arbeitslose
13211;Arbeitsmarktstatistik der Bundesagentur für Arbeit;JAHR;Jahr;2017;KREISE;Kreise und kreisfreie Städte;06633;Kassel, Landkreis;ERWAQ7;Arbeitslose nach ausgewählten Personengruppen;ARBEITSLOS14;55 bis unter 65 Jahre;1218;Anzahl;ERWP06;Arbeitslose
13211;Arbeitsmarktstatistik der Bundesagentur für Arbeit;JAHR;Jahr;2023;KREISE;Kreise und kreisfreie Städte;06439;Rheingau-Taunus-Kreis;ERWAQ7;Arbeitslose nach ausgewählten Personengruppen;ARBEITSLOS12;15 bis unter 20 Jahre;109;Anzahl;ERWP06;Arbeitslose
13211;Arbeitsmarktstatistik der Bundesagentur für Arbeit;JAHR;Jahr;2014;KREISE;Kreise und kreisfreie Städte;06636;Werra-Meißner-Kreis;ERWAQ7;Arbeitslose nach ausgewählten Personengruppen;ARBEITSLOS13;15 bis unter 25 Jahre;371;Anzahl;ERWP06;Arbeitslose
13211;Arbeitsmarktstatistik der Bundesagentur für Arbeit;JAHR;Jahr;2010;KREISE;Kreise und kreisfreie Städte;06533;Limburg-Weilburg, Landkreis;ERWAQ7;Arbeitslose nach ausgewählten Personengruppen;ARBEITSLOS05;langzeitarbeitslos;1642;Anzahl;ERWP06;Arbeitslose
13211;Arbeitsmarktstatistik der Bundesagentur für Arbeit;JAHR;Jahr;2019;KREISE;Kreise und kreisfreie Städte;12065;Oberhavel, Landkreis;ERWAQ7;Arbeitslose nach ausgewählten Personengruppen;ARBEITSLOS14;55 bis unter 65 Jahre;1354;Anzahl;ERWP06;Arbeitslose
13211;Arbeitsmarktstatistik der Bundesagentur für Arbeit;JAHR;Jahr;2017;KREISE;Kreise und kreisfreie Städte;12064;Märkisch-Oderland, Landkreis;ERWAQ7;Arbeitslose nach ausgewählten Personengruppen;ARBEITSLOS13;15 bis unter 25 Jahre;476;Anzahl;ERWP06;Arbeitslose
13211;Arbeitsmarktstatistik der Bundesagentur für Arbeit;JAHR;Jahr;2015;KREISE;Kreise und kreisfreie Städte;06439;Rheingau-Taunus-Kreis;ERWAQ7;Arbeitslose nach ausgewählten Personengruppen;ARBEITSLOS05;langzeitarbeitslos;1930;Anzahl;ERWP06;Arbeitslose
13211;Arbeitsmarktstatistik der Bundesagentur für Arbeit;JAHR;Jahr;2025;KREISE;Kreise und kreisfreie Städte;12064;Märkisch-Oderland, Landkreis;ERWAQ7;Arbeitslose nach ausgewählten Personengruppen;ARBEITSLOS05;langzeitarbeitslos;2191;Anzahl;ERWP06;Arbeitslose
13211;Arbeitsmarktstatistik der Bundesagentur für Arbeit;JAHR;Jahr;2011;KREISE;Kreise und kreisfreie Städte;06532;Lahn-Dill-Kreis;ERWAQ7;Arbeitslose nach ausgewählten Personengruppen;ARBEITSLOS08;ausländisch;1551;Anzahl;ERWP06;Arbeitslose
13211;Arbeitsmarktstatistik der Bundesagentur für Arbeit;JAHR;Jahr;2018;KREISE;Kreise und kreisfreie Städte;06534;Marburg-Biedenkopf, Landkreis;ERWAQ7;Arbeitslose nach ausgewählten Personengruppen;ARBEITSLOS06;schwerbehindert;477;Anzahl;ERWP06;Arbeitslose
13211;Arbeitsmarktstatistik der Bundesagentur für Arbeit;JAHR;Jahr;2017;KREISE;Kreise und kreisfreie Städte;06532;Lahn-Dill-Kreis;ERWAQ7;Arbeitslose nach ausgewählten Personengruppen;ARBEITSLOS08;ausländisch;2180;Anzahl;ERWP06;Arbeitslose
13211;Arbeitsmarktstatistik der Bundesagentur für Arbeit;JAHR;Jahr;2012;KREISE;Kreise und kreisfreie Städte;06534;Marburg-Biedenkopf, Landkreis;ERWAQ7;Arbeitslose nach ausgewählten Personengruppen;ARBEITSLOS06;schwerbehindert;511;Anzahl;ERWP06;Arbeitslose
13211;Arbeitsmarktstatistik der Bundesagentur für Arbeit;JAHR;Jahr;2021;KREISE;Kreise und kreisfreie Städte;12065;Oberhavel, Landkreis;ERWAQ7;Arbeitslose nach ausgewählten Personengruppen;ARBEITSLOS06;schwerbehindert;360;Anzahl;ERWP06;Arbeitslose
13211;Arbeitsmarktstatistik der Bundesagentur für Arbeit;JAHR;Jahr;2016;KREISE;Kreise und kreisfreie Städte;06533;Limburg-Weilburg, Landkreis;ERWAQ7;Arbeitslose nach ausgewählten Personengruppen;ARBEITSLOS05;langzeitarbeitslos;1488;Anzahl;ERWP06;Arbeitslose
13211;Arbeitsmarktstatistik der Bundesagentur für Arbeit;JAHR;Jahr;2020;KREISE;Kreise und kreisfreie Städte;12063;Havelland, Landkreis;ERWAQ7;Arbeitslose nach ausgewählten Personengruppen;ARBEITSLOS08;ausländisch;757;Anzahl;ERWP06;Arbeitslose
13211;Arbeitsmarktstatistik der Bundesagentur für Arbeit;JAHR;Jahr;2022;KREISE;Kreise und kreisfreie Städte;12061;Dahme-Spreewald, Landkreis;ERWAQ7;Arbeitslose nach ausgewählten Personengruppen;ARBEITSLOS06;schwerbehindert;189;Anzahl;ERWP06;Arbeitslose
13211;Arbeitsmarktstatistik der Bundesagentur für Arbeit;JAHR;Jahr;2022;KREISE;Kreise und kreisfreie Städte;12063;Havelland, Landkreis;ERWAQ7;Arbeitslose nach ausgewählten Personengruppen;ARBEITSLOS05;langzeitarbeitslos;1924;Anzahl;ERWP06;Arbeitslose
13211;Arbeitsmarktstatistik der Bundesagentur für Arbeit;JAHR;Jahr;2014;KREISE;Kreise und kreisfreie Städte;12065;Oberhavel, Landkreis;ERWAQ7;Arbeitslose nach ausgewählten Personengruppen;ARBEITSLOS12;15 bis unter 20 Jahre;108;Anzahl;ERWP06;Arbeitslose
13211;Arbeitsmarktstatistik der Bundesagentur für Arbeit;JAHR;Jahr;2020;KREISE;Kreise und kreisfreie Städte;12061;Dahme-Spreewald, Landkreis;ERWAQ7;Arbeitslose nach ausgewählten Personengruppen;ARBEITSLOS08;ausländisch;472;Anzahl;ERWP06;Arbeitslose
13211;Arbeitsmarktstatistik der Bundesagentur für Arbeit;JAHR;Jahr;2011;KREISE;Kreise und kreisfreie Städte;12064;Märkisch-Oderland, Landkreis;ERWAQ7;Arbeitslose nach ausgewählten Personengruppen;ARBEITSLOS13;15 bis unter 25 Jahre;1010;Anzahl;ERWP06;Arbeitslose
13211;Arbeitsmarktstatistik der Bundesagentur für Arbeit;JAHR;Jahr;2011;KREISE;Kreise und kreisfreie Städte;12064;Märkisch-Oderland, Landkreis;ERWAQ7;Arbeitslose nach ausgewählten Personengruppen;ARBEITSLOS12;15 bis unter 20 Jahre;116;Anzahl;ERWP06;Arbeitslose
13211;Arbeitsmarktstatistik der Bundesagentur für Arbeit;JAHR;Jahr;2012;KREISE;Kreise und kreisfreie Städte;12067;Oder-Spree, Landkreis;ERWAQ7;Arbeitslose nach ausgewählten Personengruppen;ARBEITSLOS14;55 bis unter 65 Jahre;2084;Anzahl;ERWP06;Arbeitslose
13211;Arbeitsmarktstatistik der Bundesagentur für Arbeit;JAHR;Jahr;2017;KREISE;Kreise und kreisfreie Städte;12066;Oberspreewald-Lausitz, Landkreis;ERWAQ7;Arbeitslose nach ausgewählten Personengruppen;ARBEITSLOS12;15 bis unter 20 Jahre;54;Anzahl;ERWP06;Arbeitslose
13211;Arbeitsmarktstatistik der Bundesagentur für Arbeit;JAHR;Jahr;2018;KREISE;Kreise und kreisfreie Städte;12061;Dahme-Spreewald, Landkreis;ERWAQ7;Arbeitslose nach ausgewählten Personengruppen;ARBEITSLOS05;langzeitarbeitslos;1279;Anzahl;ERWP06;Arbeitslose
13211;Arbeitsmarktstatistik der Bundesagentur für Arbeit;JAHR;Jahr;2024;KREISE;Kreise und kreisfreie Städte;06439;Rheingau-Taunus-Kreis;ERWAQ7;Arbeitslose nach ausgewählten Personengruppen;ARBEITSLOS08;ausländisch;2593;Anzahl;ERWP06;Arbeitslose
13211;Arbeitsmarktstatistik der Bundesagentur für Arbeit;JAHR;Jahr;2010;KREISE;Kreise und kreisfreie Städte;06439;Rheingau-Taunus-Kreis;ERWAQ7;Arbeitslose nach ausgewählten Personengruppen;ARBEITSLOS14;55 bis unter 65 Jahre;881;Anzahl;ERWP06;Arbeitslose
13211;Arbeitsmarktstatistik der Bundesagentur für Arbeit;JAHR;Jahr;2016;KREISE;Kreise und kreisfreie Städte;12067;Oder-Spree, Landkreis;ERWAQ7;Arbeitslose nach ausgewählten Personengruppen;ARBEITSLOS06;schwerbehindert;146;Anzahl;ERWP06;Arbeitslose
13211;Arbeitsmarktstatistik der Bundesagentur für Arbeit;JAHR;Jahr;2021;KREISE;Kreise und kreisfreie Städte;06532;Lahn-Dill-Kreis;ERWAQ7;Arbeitslose nach ausgewählten Personengruppen;ARBEITSLOS08;ausländisch;2335;Anzahl;ERWP06;Arbeitslose
13211;Arbeitsmarktstatistik der Bundesagentur für Arbeit;JAHR;Jahr;2012;KREISE;Kreise und kreisfreie Städte;06531;Gießen, Landkreis;ERWAQ7;Arbeitslose nach ausgewählten Personengruppen;ARBEITSLOS13;15 bis unter 25 Jahre;953;Anzahl;ERWP06;Arbeitslose
13211;Arbeitsmarktstatistik der Bundesagentur für Arbeit;JAHR;Jahr;2017;KREISE;Kreise und kreisfreie Städte;06636;Werra-Meißner-Kreis;ERWAQ7;Arbeitslose nach ausgewählten Personengruppen;ARBEITSLOS06;schwerbehindert;286;Anzahl;ERWP06;Arbeitslose
13211;Arbeitsmarktstatistik der Bundesagentur für Arbeit;JAHR;Jahr;2020;KREISE;Kreise und kreisfreie Städte;06533;Limburg-Weilburg, Landkreis;ERWAQ7;Arbeitslose nach ausgewählten Personengruppen;ARBEITSLOS05;langzeitarbeitslos;1087;Anzahl;ERWP06;Arbeitslose
13211;Arbeitsmarktstatistik der Bundesagentur für Arbeit;JAHR;Jahr;2010;KREISE;Kreise und kreisfreie Städte;12061;Dahme-Spreewald, Landkreis;ERWAQ7;Arbeitslose nach ausgewählten Personengruppen;ARBEITSLOS08;ausländisch;207;Anzahl;ERWP06;Arbeitslose
13211;Arbeitsmarktstatistik der Bundesagentur für Arbeit;JAHR;Jahr;2015;KREISE;Kreise und kreisfreie Städte;06532;Lahn-Dill-Kreis;ERWAQ7;Arbeitslose nach ausgewählten Personengruppen;ARBEITSLOS13;15 bis unter 25 Jahre;745;Anzahl;ERWP06;Arbeitslose
13211;Arbeitsmarktstatistik der Bundesagentur für Arbeit;JAHR;Jahr;2019;KREISE;Kreise und kreisfreie Städte;06531;Gießen, Landkreis;ERWAQ7;Arbeitslose nach ausgewählten Personengruppen;ARBEITSLOS13;15 bis unter 25 Jahre;697;Anzahl;ERWP06;Arbeitslose
13211;Arbeitsmarktstatistik der Bundesagentur für Arbeit;JAHR;Jahr;2012;KREISE;Kreise und kreisfreie Städte;06535;Vogelsbergkreis;ERWAQ7;Arbeitslose nach ausgewählten Personengruppen;ARBEITSLOS12;15 bis unter 20 Jahre;53;Anzahl;ERWP06;Arbeitslose
13211;Arbeitsmarktstatistik der Bundesagentur für Arbeit;JAHR;Jahr;2021;KREISE;Kreise und kreisfreie Städte;12064;Märkisch-Oderland, Landkreis;ERWAQ7;Arbeitslose nach ausgewählten Personengruppen;ARBEITSLOS13;15 bis unter 25 Jahre;523;Anzahl;ERWP06;Arbeitslose
13211;Arbeitsmarktstatistik der Bundesagentur für Arbeit;JAHR;Jahr;2018;KREISE;Kreise und kreisfreie Städte;06533;Limburg-Weilburg, Landkreis;ERWAQ7;Arbeitslose nach ausgewählten Personengruppen;ARBEITSLOS13;15 bis unter 25 Jahre;363;Anzahl;ERWP06;Arbeitslose
13211;Arbeitsmarktstatistik der Bundesagentur für Arbeit;JAHR;Jahr;2025;KREISE;Kreise und kreisfreie Städte;06531;Gießen, Landkreis;ERWAQ7;Arbeitslose nach ausgewählten Personengruppen;ARBEITSLOS08;ausländisch;3965;Anzahl;ERWP06;Arbeitslose
13211;Arbeitsmarktstatistik der Bundesagentur für Arbeit;JAHR;Jahr;2025;KREISE;Kreise und kreisfreie Städte;12067;Oder-Spree, Landkreis;ERWAQ7;Arbeitslose nach ausgewählten Personengruppen;ARBEITSLOS12;15 bis unter 20 Jahre;134;Anzahl;ERWP06;Arbeitslose
13211;Arbeitsmarktstatistik der Bundesagentur für Arbeit;JAHR;Jahr;2022;KREISE;Kreise und kreisfreie Städte;06636;Werra-Meißner-Kreis;ERWAQ7;Arbeitslose nach ausgewählten Personengruppen;ARBEITSLOS06;schwerbehindert;257;Anzahl;ERWP06;Arbeitslose
13211;Arbeitsmarktstatistik der Bundesagentur für Arbeit;JAHR;Jahr;2012;KREISE;Kreise und kreisfreie Städte;12063;Havelland, Landkreis;ERWAQ7;Arbeitslose nach ausgewählten Personengruppen;ARBEITSLOS05;langzeitarbeitslos;3171;Anzahl;ERWP06;Arbeitslose
13211;Arbeitsmarktstatistik der Bundesagentur für Arbeit;JAHR;Jahr;2023;KREISE;Kreise und kreisfreie Städte;06533;Limburg-Weilburg, Landkreis;ERWAQ7;Arbeitslose nach ausgewählten Personengruppen;ARBEITSLOS13;15 bis unter 25 Jahre;401;Anzahl;ERWP06;Arbeitslose
13211;Arbeitsmarktstatistik der Bundesagentur für Arbeit;JAHR;Jahr;2013;KREISE;Kreise und kreisfreie Städte;12066;Oberspreewald-Lausitz, Landkreis;ERWAQ7;Arbeitslose nach ausgewählten Personengruppen;ARBEITSLOS06;schwerbehindert;440;Anzahl;ERWP06;Arbeitslose
13211;Arbeitsmarktstatistik der Bundesagentur für Arbeit;JAHR;Jahr;2014;KREISE;Kreise und kreisfreie Städte;12066;Oberspreewald-Lausitz, Landkreis;ERWAQ7;Arbeitslose nach ausgewählten Personengruppen;ARBEITSLOS06;schwerbehindert;416;Anzahl;ERWP06;Arbeitslose
13211;Arbeitsmarktstatistik der Bundesagentur für Arbeit;JAHR;Jahr;2013;KREISE;Kreise und kreisfreie Städte;06636;Werra-Meißner-Kreis;ERWAQ7;Arbeitslose nach ausgewählten Personengruppen;ARBEITSLOS14;55 bis unter 65 Jahre;733;Anzahl;ERWP06;Arbeitslose
13211;Arbeitsmarktstatistik der Bundesagentur für Arbeit;JAHR;Jahr;2018;KREISE;Kreise und kreisfreie Städte;12064;Märkisch-Oderland, Landkreis;ERWAQ7;Arbeitslose nach ausgewählten Personengruppen;ARBEITSLOS12;15 bis unter 20 Jahre;128;Anzahl;ERWP06;Arbeitslose
13211;Arbeitsmarktstatistik der Bundesagentur für Arbeit;JAHR;Jahr;2014;KREISE;Kreise und kreisfreie Städte;06439;Rheingau-Taunus-Kreis;ERWAQ7;Arbeitslose nach ausgewählten Personengruppen;ARBEITSLOS06;schwerbehindert;214;Anzahl;ERWP06;Arbeitslose
13211;Arbeitsmarktstatistik der Bundesagentur für Arbeit;JAHR;Jahr;2015;KREISE;Kreise und kreisfreie Städte;06439;Rheingau-Taunus-Kreis;ERWAQ7;Arbeitslose nach ausgewählten Personengruppen;ARBEITSLOS06;schwerbehindert;215;Anzahl;ERWP06;Arbeitslose
13211;Arbeitsmarktstatistik der Bundesagentur für Arbeit;JAHR;Jahr;2010;KREISE;Kreise und kreisfreie Städte;12066;Oberspreewald-Lausitz, Landkreis;ERWAQ7;Arbeitslose nach ausgewählten Personengruppen;ARBEITSLOS14;55 bis unter 65 Jahre;2112;Anzahl;ERWP06;Arbeitslose
13211;Arbeitsmarktstatistik der Bundesagentur für Arbeit;JAHR;Jahr;2014;KREISE;Kreise und kreisfreie Städte;12061;Dahme-Spreewald, Landkreis;ERWAQ7;Arbeitslose nach ausgewählten Personengruppen;ARBEITSLOS13;15 bis unter 25 Jahre;377;Anzahl;ERWP06;Arbeitslose
13211;Arbeitsmarktstatistik der Bundesagentur für Arbeit;JAHR;Jahr;2019;KREISE;Kreise und kreisfreie Städte;06532;Lahn-Dill-Kreis;ERWAQ7;Arbeitslose nach ausgewählten Personengruppen;ARBEITSLOS05;langzeitarbeitslos;2474;Anzahl;ERWP06;Arbeitslose
13211;Arbeitsmarktstatistik der Bundesagentur für Arbeit;JAHR;Jahr;2023;KREISE;Kreise und kreisfreie Städte;12061;Dahme-Spreewald, Landkreis;ERWAQ7;Arbeitslose nach ausgewählten Personengruppen;ARBEITSLOS05;langzeitarbeitslos;930;Anzahl;ERWP06;Arbeitslose
13211;Arbeitsmarktstatistik der Bundesagentur für Arbeit;JAHR;Jahr;2021;KREISE;Kreise und kreisfreie Städte;12061;Dahme-Spreewald, Landkreis;ERWAQ7;Arbeitslose nach ausgewählten Personengruppen;ARBEITSLOS08;ausländisch;480;Anzahl;ERWP06;Arbeitslose
13211;Arbeitsmarktstatistik der Bundesagentur für Arbeit;JAHR;Jahr;2010;KREISE;Kreise und kreisfreie Städte;06636;Werra-Meißner-Kreis;ERWAQ7;Arbeitslose nach ausgewählten Personengruppen;ARBEITSLOS08;ausländisch;253;Anzahl;ERWP06;Arbeitslose
13211;Arbeitsmarktstatistik der Bundesagentur für Arbeit;JAHR;Jahr;2019;KREISE;Kreise und kreisfreie Städte;12061;Dahme-Spreewald, Landkreis;ERWAQ7;Arbeitslose nach ausgewählten Personengruppen;ARBEITSLOS05;langzeitarbeitslos;1033;Anzahl;ERWP06;Arbeitslose
13211;Arbeitsmarktstatistik der Bundesagentur für Arbeit;JAHR;Jahr;2023;KREISE;Kreise und kreisfreie Städte;12063;Havelland, Landkreis;ERWAQ7;Arbeitslose nach ausgewählten Personengruppen;ARBEITSLOS05;langzeitarbeitslos;1965;Anzahl;ERWP06;Arbeitslose
13211;Arbeitsmarktstatistik der Bundesagentur für Arbeit;JAHR;Jahr;2015;KREISE;Kreise und kreisfreie Städte;12065;Oberhavel, Landkreis;ERWAQ7;Arbeitslose nach ausgewählten Personengruppen;ARBEITSLOS12;15 bis unter 20 Jahre;107;Anzahl;ERWP06;Arbeitslose
13211;Arbeitsmarktstatistik der Bundesagentur für Arbeit;JAHR;Jahr;2013;KREISE;Kreise und kreisfreie Städte;12067;Oder-Spree, Landkreis;ERWAQ7;Arbeitslose nach ausgewählten Personengruppen;ARBEITSLOS14;55 bis unter 65 Jahre;2136;Anzahl;ERWP06;Arbeitslose
13211;Arbeitsmarktstatistik der Bundesagentur für Arbeit;JAHR;Jahr;2019;KREISE;Kreise und kreisfreie Städte;06439;Rheingau-Taunus-Kreis;ERWAQ7;Arbeitslose nach ausgewählten Personengruppen;ARBEITSLOS08;ausländisch;1423;Anzahl;ERWP06;Arbeitslose
13211;Arbeitsmarktstatistik der Bundesagentur für Arbeit;JAHR;Jahr;2017;KREISE;Kreise und kreisfreie Städte;06439;Rheingau-Taunus-Kreis;ERWAQ7;Arbeitslose nach ausgewählten Personengruppen;ARBEITSLOS14;55 bis unter 65 Jahre;941;Anzahl;ERWP06;Arbeitslose
13211;Arbeitsmarktstatistik der Bundesagentur für Arbeit;JAHR;Jahr;2018;KREISE;Kreise und kreisfreie Städte;12066;Oberspreewald-Lausitz, Landkreis;ERWAQ7;Arbeitslose nach ausgewählten Personengruppen;ARBEITSLOS12;15 bis unter 20 Jahre;54;Anzahl;ERWP06;Arbeitslose
13211;Arbeitsmarktstatistik der Bundesagentur für Arbeit;JAHR;Jahr;2025;KREISE;Kreise und kreisfreie Städte;06439;Rheingau-Taunus-Kreis;ERWAQ7;Arbeitslose nach ausgewählten Personengruppen;ARBEITSLOS06;schwerbehindert;186;Anzahl;ERWP06;Arbeitslose
13211;Arbeitsmarktstatistik der Bundesagentur für Arbeit;JAHR;Jahr;2017;KREISE;Kreise und kreisfreie Städte;12067;Oder-Spree, Landkreis;ERWAQ7;Arbeitslose nach ausgewählten Personengruppen;ARBEITSLOS06;schwerbehindert;140;Anzahl;ERWP06;Arbeitslose
13211;Arbeitsmarktstatistik der Bundesagentur für Arbeit;JAHR;Jahr;2016;KREISE;Kreise und kreisfreie Städte;06636;Werra-Meißner-Kreis;ERWAQ7;Arbeitslose nach ausgewählten Personengruppen;ARBEITSLOS08;ausländisch;362;Anzahl;ERWP06;Arbeitslose
13211;Arbeitsmarktstatistik der Bundesagentur für Arbeit;JAHR;Jahr;2011;KREISE;Kreise und kreisfreie Städte;06439;Rheingau-Taunus-Kreis;ERWAQ7;Arbeitslose nach ausgewählten Personengruppen;ARBEITSLOS14;55 bis unter 65 Jahre;963;Anzahl;ERWP06;Arbeitslose
13211;Arbeitsmarktstatistik der Bundesagentur für Arbeit;JAHR;Jahr;2021;KREISE;Kreise und kreisfreie Städte;06439;Rheingau-Taunus-Kreis;ERWAQ7;Arbeitslose nach ausgewählten Personengruppen;ARBEITSLOS14;55 bis unter 65 Jahre;1003;Anzahl;ERWP06;Arbeitslose
13211;Arbeitsmarktstatistik der Bundesagentur für Arbeit;JAHR;Jahr;2021;KREISE;Kreise und kreisfreie Städte;06531;Gießen, Landkreis;ERWAQ7;Arbeitslose nach ausgewählten Personengruppen;ARBEITSLOS05;langzeitarbeitslos;3332;Anzahl;ERWP06;Arbeitslose
13211;Arbeitsmarktstatistik der Bundesagentur für Arbeit;JAHR;Jahr;2022;KREISE;Kreise und kreisfreie Städte;12066;Oberspreewald-Lausitz, Landkreis;ERWAQ7;Arbeitslose nach ausgewählten Personengruppen;ARBEITSLOS12;15 bis unter 20 Jahre;38;Anzahl;ERWP06;Arbeitslose
13211;Arbeitsmarktstatistik der Bundesagentur für Arbeit;JAHR;Jahr;2013;KREISE;Kreise und kreisfreie Städte;06531;Gießen, Landkreis;ERWAQ7;Arbeitslose nach ausgewählten Personengruppen;ARBEITSLOS13;15 bis unter 25 Jahre;972;Anzahl;ERWP06;Arbeitslose
13211;Arbeitsmarktstatistik der Bundesagentur für Arbeit;JAHR;Jahr;2024;KREISE;Kreise und kreisfreie Städte;06532;Lahn-Dill-Kreis;ERWAQ7;Arbeitslose nach ausgewählten Personengruppen;ARBEITSLOS05;langzeitarbeitslos;3474;Anzahl;ERWP06;Arbeitslose
13211;Arbeitsmarktstatistik der Bundesagentur für Arbeit;JAHR;Jahr;2010;KREISE;Kreise und kreisfreie Städte;06534;Marburg-Biedenkopf, Landkreis;ERWAQ7;Arbeitslose nach ausgewählten Personengruppen;ARBEITSLOS12;15 bis unter 20 Jahre;127;Anzahl;ERWP06;Arbeitslose
13211;Arbeitsmarktstatistik der Bundesagentur für Arbeit;JAHR;Jahr;2023;KREISE;Kreise und kreisfreie Städte;12067;Oder-Spree, Landkreis;ERWAQ7;Arbeitslose nach ausgewählten Personengruppen;ARBEITSLOS14;55 bis unter 65 Jahre;1644;Anzahl;ERWP06;Arbeitslose
13211;Arbeitsmarktstatistik der Bundesagentur für Arbeit;JAHR;Jahr;2020;KREISE;Kreise und kreisfreie Städte;06636;Werra-Meißner-Kreis;ERWAQ7;Arbeitslose nach ausgewählten Personengruppen;ARBEITSLOS08;ausländisch;578;Anzahl;ERWP06;Arbeitslose
13211;Arbeitsmarktstatistik der Bundesagentur für Arbeit;JAHR;Jahr;2016;KREISE;Kreise und kreisfreie Städte;06532;Lahn-Dill-Kreis;ERWAQ7;Arbeitslose nach ausgewählten Personengruppen;ARBEITSLOS13;15 bis unter 25 Jahre;712;Anzahl;ERWP06;Arbeitslose
13211;Arbeitsmarktstatistik der Bundesagentur für Arbeit;JAHR;Jahr;2013;KREISE;Kreise und kreisfreie Städte;06535;Vogelsbergkreis;ERWAQ7;Arbeitslose nach ausgewählten Personengruppen;ARBEITSLOS12;15 bis unter 20 Jahre;50;Anzahl;ERWP06;Arbeitslose
13211;Arbeitsmarktstatistik der Bundesagentur für Arbeit;JAHR;Jahr;2016;KREISE;Kreise und kreisfreie Städte;06534;Marburg-Biedenkopf, Landkreis;ERWAQ7;Arbeitslose nach ausgewählten Personengruppen;ARBEITSLOS12;15 bis unter 20 Jahre;111;Anzahl;ERWP06;Arbeitslose
13211;Arbeitsmarktstatistik der Bundesagentur für Arbeit;JAHR;Jahr;2010;KREISE;Kreise und kreisfreie Städte;12067;Oder-Spree, Landkreis;ERWAQ7;Arbeitslose nach ausgewählten Personengruppen;ARBEITSLOS06;schwerbehindert;691;Anzahl;ERWP06;Arbeitslose
13211;Arbeitsmarktstatistik der Bundesagentur für Arbeit;JAHR;Jahr;2018;KREISE;Kreise und kreisfreie Städte;06531;Gießen, Landkreis;ERWAQ7;Arbeitslose nach ausgewählten Personengruppen;ARBEITSLOS13;15 bis unter 25 Jahre;695;Anzahl;ERWP06;Arbeitslose
13211;Arbeitsmarktstatistik der Bundesagentur für Arbeit;JAHR;Jahr;2020;KREISE;Kreise und kreisfreie Städte;06532;Lahn-Dill-Kreis;ERWAQ7;Arbeitslose nach ausgewählten Personengruppen;ARBEITSLOS13;15 bis unter 25 Jahre;782;Anzahl;ERWP06;Arbeitslose
13211;Arbeitsmarktstatistik der Bundesagentur für Arbeit;JAHR;Jahr;2025;KREISE;Kreise und kreisfreie Städte;12063;Havelland, Landkreis;ERWAQ7;Arbeitslose nach ausgewählten Personengruppen;ARBEITSLOS13;15 bis unter 25 Jahre;717;Anzahl;ERWP06;Arbeitslose
13211;Arbeitsmarktstatistik der Bundesagentur für Arbeit;JAHR;Jahr;2013;KREISE;Kreise und kreisfreie Städte;06633;Kassel, Landkreis;ERWAQ7;Arbeitslose nach ausgewählten Personengruppen;ARBEITSLOS12;15 bis unter 20 Jahre;129;Anzahl;ERWP06;Arbeitslose
13211;Arbeitsmarktstatistik der Bundesagentur für Arbeit;JAHR;Jahr;2019;KREISE;Kreise und kreisfreie Städte;06535;Vogelsbergkreis;ERWAQ7;Arbeitslose nach ausgewählten Personengruppen;ARBEITSLOS12;15 bis unter 20 Jahre;43;Anzahl;ERWP06;Arbeitslose
13211;Arbeitsmarktstatistik der Bundesagentur für Arbeit;JAHR;Jahr;2023;KREISE;Kreise und kreisfreie Städte;06535;Vogelsbergkreis;ERWAQ7;Arbeitslose nach ausgewählten Personengruppen;ARBEITSLOS12;15 bis unter 20 Jahre;74;Anzahl;ERWP06;Arbeitslose
13211;Arbeitsmarktstatistik der Bundesagentur für Arbeit;JAHR;Jahr;2012;KREISE;Kreise und kreisfreie Städte;06633;Kassel, Landkreis;ERWAQ7;Arbeitslose nach ausgewählten Personengruppen;ARBEITSLOS12;15 bis unter 20 Jahre;127;Anzahl;ERWP06;Arbeitslose
13211;Arbeitsmarktstatistik der Bundesagentur für Arbeit;JAHR;Jahr;2019;KREISE;Kreise und kreisfreie Städte;06633;Kassel, Landkreis;ERWAQ7;Arbeitslose nach ausgewählten Personengruppen;ARBEITSLOS12;15 bis unter 20 Jahre;99;Anzahl;ERWP06;Arbeitslose
13211;Arbeitsmarktstatistik der Bundesagentur für Arbeit;JAHR;Jahr;2018;KREISE;Kreise und kreisfreie Städte;06633;Kassel, Landkreis;ERWAQ7;Arbeitslose nach ausgewählten Personengruppen;ARBEITSLOS12;15 bis unter 20 Jahre;112;Anzahl;ERWP06;Arbeitslose
13211;Arbeitsmarktstatistik der Bundesagentur für Arbeit;JAHR;Jahr;2019;KREISE;Kreise und kreisfreie Städte;12067;Oder-Spree, Landkreis;ERWAQ7;Arbeitslose nach ausgewählten Personengruppen;ARBEITSLOS14;55 bis unter 65 Jahre;1561;Anzahl;ERWP06;Arbeitslose
13211;Arbeitsmarktstatistik der Bundesagentur für Arbeit;JAHR;Jahr;2010;KREISE;Kreise und kreisfreie Städte;06531;Gießen, Landkreis;ERWAQ7;Arbeitslose nach ausgewählten Personengruppen;ARBEITSLOS05;langzeitarbeitslos;4395;Anzahl;ERWP06;Arbeitslose
13211;Arbeitsmarktstatistik der Bundesagentur für Arbeit;JAHR;Jahr;2023;KREISE;Kreise und kreisfreie Städte;06633;Kassel, Landkreis;ERWAQ7;Arbeitslose nach ausgewählten Personengruppen;ARBEITSLOS12;15 bis unter 20 Jahre;137;Anzahl;ERWP06;Arbeitslose
13211;Arbeitsmarktstatistik der Bundesagentur für Arbeit;JAHR;Jahr;2017;KREISE;Kreise und kreisfreie Städte;06531;Gießen, Landkreis;ERWAQ7;Arbeitslose nach ausgewählten Personengruppen;ARBEITSLOS05;langzeitarbeitslos;3543;Anzahl;ERWP06;Arbeitslose
13211;Arbeitsmarktstatistik der Bundesagentur für Arbeit;JAHR;Jahr;2021;KREISE;Kreise und kreisfreie Städte;12067;Oder-Spree, Landkreis;ERWAQ7;Arbeitslose nach ausgewählten Personengruppen;ARBEITSLOS06;schwerbehindert;297;Anzahl;ERWP06;Arbeitslose
13211;Arbeitsmarktstatistik der Bundesagentur für Arbeit;JAHR;Jahr;2016;KREISE;Kreise und kreisfreie Städte;06531;Gießen, Landkreis;ERWAQ7;Arbeitslose nach ausgewählten Personengruppen;ARBEITSLOS05;langzeitarbeitslos;4157;Anzahl;ERWP06;Arbeitslose
13211;Arbeitsmarktstatistik der Bundesagentur für Arbeit;JAHR;Jahr;2010;KREISE;Kreise und kreisfreie Städte;06633;Kassel, Landkreis;ERWAQ7;Arbeitslose nach ausgewählten Personengruppen;ARBEITSLOS05;langzeitarbeitslos;2317;Anzahl;ERWP06;Arbeitslose
13211;Arbeitsmarktstatistik der Bundesagentur für Arbeit;JAHR;Jahr;2012;KREISE;Kreise und kreisfreie Städte;12065;Oberhavel, Landkreis;ERWAQ7;Arbeitslose nach ausgewählten Personengruppen;ARBEITSLOS14;55 bis unter 65 Jahre;2246;Anzahl;ERWP06;Arbeitslose
13211;Arbeitsmarktstatistik der Bundesagentur für Arbeit;JAHR;Jahr;2014;KREISE;Kreise und kreisfreie Städte;12063;Havelland, Landkreis;ERWAQ7;Arbeitslose nach ausgewählten Personengruppen;ARBEITSLOS14;55 bis unter 65 Jahre;1860;Anzahl;ERWP06;Arbeitslose
13211;Arbeitsmarktstatistik der Bundesagentur für Arbeit;JAHR;Jahr;2025;KREISE;Kreise und kreisfreie Städte;12066;Oberspreewald-Lausitz, Landkreis;ERWAQ7;Arbeitslose nach ausgewählten Personengruppen;ARBEITSLOS06;schwerbehindert;210;Anzahl;ERWP06;Arbeitslose
13211;Arbeitsmarktstatistik der Bundesagentur für Arbeit;JAHR;Jahr;2011;KREISE;Kreise und kreisfreie Städte;12066;Oberspreewald-Lausitz, Landkreis;ERWAQ7;Arbeitslose nach ausgewählten Personengruppen;ARBEITSLOS13;15 bis unter 25 Jahre;787;Anzahl;ERWP06;Arbeitslose
13211;Arbeitsmarktstatistik der Bundesagentur für Arbeit;JAHR;Jahr;2018;KREISE;Kreise und kreisfreie Städte;12063;Havelland, Landkreis;ERWAQ7;Arbeitslose nach ausgewählten Personengruppen;ARBEITSLOS06;schwerbehindert;322;Anzahl;ERWP06;Arbeitslose
13211;Arbeitsmarktstatistik der Bundesagentur für Arbeit;JAHR;Jahr;2016;KREISE;Kreise und kreisfreie Städte;06439;Rheingau-Taunus-Kreis;ERWAQ7;Arbeitslose nach ausgewählten Personengruppen;ARBEITSLOS14;55 bis unter 65 Jahre;1018;Anzahl;ERWP06;Arbeitslose
13211;Arbeitsmarktstatistik der Bundesagentur für Arbeit;JAHR;Jahr;2017;KREISE;Kreise und kreisfreie Städte;12064;Märkisch-Oderland, Landkreis;ERWAQ7;Arbeitslose nach ausgewählten Personengruppen;ARBEITSLOS12;15 bis unter 20 Jahre;131;Anzahl;ERWP06;Arbeitslose
13211;Arbeitsmarktstatistik der Bundesagentur für Arbeit;JAHR;Jahr;2019;KREISE;Kreise und kreisfreie Städte;12066;Oberspreewald-Lausitz, Landkreis;ERWAQ7;Arbeitslose nach ausgewählten Personengruppen;ARBEITSLOS08;ausländisch;300;Anzahl;ERWP06;Arbeitslose
13211;Arbeitsmarktstatistik der Bundesagentur für Arbeit;JAHR;Jahr;2018;KREISE;Kreise und kreisfreie Städte;12067;Oder-Spree, Landkreis;ERWAQ7;Arbeitslose nach ausgewählten Personengruppen;ARBEITSLOS14;55 bis unter 65 Jahre;1790;Anzahl;ERWP06;Arbeitslose
13211;Arbeitsmarktstatistik der Bundesagentur für Arbeit;JAHR;Jahr;2012;KREISE;Kreise und kreisfreie Städte;06439;Rheingau-Taunus-Kreis;ERWAQ7;Arbeitslose nach ausgewählten Personengruppen;ARBEITSLOS13;15 bis unter 25 Jahre;334;Anzahl;ERWP06;Arbeitslose
13211;Arbeitsmarktstatistik der Bundesagentur für Arbeit;JAHR;Jahr;2021;KREISE;Kreise und kreisfreie Städte;12066;Oberspreewald-Lausitz, Landkreis;ERWAQ7;Arbeitslose nach ausgewählten Personengruppen;ARBEITSLOS12;15 bis unter 20 Jahre;29;Anzahl;ERWP06;Arbeitslose
13211;Arbeitsmarktstatistik der Bundesagentur für Arbeit;JAHR;Jahr;2020;KREISE;Kreise und kreisfreie Städte;12063;Havelland, Landkreis;ERWAQ7;Arbeitslose nach ausgewählten Personengruppen;ARBEITSLOS12;15 bis unter 20 Jahre;114;Anzahl;ERWP06;Arbeitslose
13211;Arbeitsmarktstatistik der Bundesagentur für Arbeit;JAHR;Jahr;2022;KREISE;Kreise und kreisfreie Städte;06439;Rheingau-Taunus-Kreis;ERWAQ7;Arbeitslose nach ausgewählten Personengruppen;ARBEITSLOS12;15 bis unter 20 Jahre;77;Anzahl;ERWP06;Arbeitslose
13211;Arbeitsmarktstatistik der Bundesagentur für Arbeit;JAHR;Jahr;2016;KREISE;Kreise und kreisfreie Städte;12065;Oberhavel, Landkreis;ERWAQ7;Arbeitslose nach ausgewählten Personengruppen;ARBEITSLOS06;schwerbehindert;428;Anzahl;ERWP06;Arbeitslose
13211;Arbeitsmarktstatistik der Bundesagentur für Arbeit;JAHR;Jahr;2012;KREISE;Kreise und kreisfreie Städte;06533;Limburg-Weilburg, Landkreis;ERWAQ7;Arbeitslose nach ausgewählten Personengruppen;ARBEITSLOS12;15 bis unter 20 Jahre;89;Anzahl;ERWP06;Arbeitslose
13211;Arbeitsmarktstatistik der Bundesagentur für Arbeit;JAHR;Jahr;2013;KREISE;Kreise und kreisfreie Städte;12064;Märkisch-Oderland, Landkreis;ERWAQ7;Arbeitslose nach ausgewählten Personengruppen;ARBEITSLOS08;ausländisch;283;Anzahl;ERWP06;Arbeitslose
13211;Arbeitsmarktstatistik der Bundesagentur für Arbeit;JAHR;Jahr;2020;KREISE;Kreise und kreisfreie Städte;06531;Gießen, Landkreis;ERWAQ7;Arbeitslose nach ausgewählten Personengruppen;ARBEITSLOS05;langzeitarbeitslos;2912;Anzahl;ERWP06;Arbeitslose
13211;Arbeitsmarktstatistik der Bundesagentur für Arbeit;JAHR;Jahr;2012;KREISE;Kreise und kreisfreie Städte;12061;Dahme-Spreewald, Landkreis;ERWAQ7;Arbeitslose nach ausgewählten Personengruppen;ARBEITSLOS06;schwerbehindert;379;Anzahl;ERWP06;Arbeitslose
13211;Arbeitsmarktstatistik der Bundesagentur für Arbeit;JAHR;Jahr;2020;KREISE;Kreise und kreisfreie Städte;06535;Vogelsbergkreis;ERWAQ7;Arbeitslose nach ausgewählten Personengruppen;ARBEITSLOS06;schwerbehindert;237;Anzahl;ERWP06;Arbeitslose
13211;Arbeitsmarktstatistik der Bundesagentur für Arbeit;JAHR;Jahr;2023;KREISE;Kreise und kreisfreie Städte;06532;Lahn-Dill-Kreis;ERWAQ7;Arbeitslose nach ausgewählten Personengruppen;ARBEITSLOS05;langzeitarbeitslos;2920;Anzahl;ERWP06;Arbeitslose
13211;Arbeitsmarktstatistik der Bundesagentur für Arbeit;JAHR;Jahr;2020;KREISE;Kreise und kreisfreie Städte;06633;Kassel, Landkreis;ERWAQ7;Arbeitslose nach ausgewählten Personengruppen;ARBEITSLOS06;schwerbehindert;448;Anzahl;ERWP06;Arbeitslose
13211;Arbeitsmarktstatistik der Bundesagentur für Arbeit;JAHR;Jahr;2021;KREISE;Kreise und kreisfreie Städte;06636;Werra-Meißner-Kreis;ERWAQ7;Arbeitslose nach ausgewählten Personengruppen;ARBEITSLOS08;ausländisch;542;Anzahl;ERWP06;Arbeitslose
13211;Arbeitsmarktstatistik der Bundesagentur für Arbeit;JAHR;Jahr;2015;KREISE;Kreise und kreisfreie Städte;06534;Marburg-Biedenkopf, Landkreis;ERWAQ7;Arbeitslose nach ausgewählten Personengruppen;ARBEITSLOS14;55 bis unter 65 Jahre;905;Anzahl;ERWP06;Arbeitslose
13211;Arbeitsmarktstatistik der Bundesagentur für Arbeit;JAHR;Jahr;2014;KREISE;Kreise und kreisfreie Städte;06531;Gießen, Landkreis;ERWAQ7;Arbeitslose nach ausgewählten Personengruppen;ARBEITSLOS12;15 bis unter 20 Jahre;146;Anzahl;ERWP06;Arbeitslose
13211;Arbeitsmarktstatistik der Bundesagentur für Arbeit;JAHR;Jahr;2024;KREISE;Kreise und kreisfreie Städte;12063;Havelland, Landkreis;ERWAQ7;Arbeitslose nach ausgewählten Personengruppen;ARBEITSLOS13;15 bis unter 25 Jahre;644;Anzahl;ERWP06;Arbeitslose
13211;Arbeitsmarktstatistik der Bundesagentur für Arbeit;JAHR;Jahr;2025;KREISE;Kreise und kreisfreie Städte;12061;Dahme-Spreewald, Landkreis;ERWAQ7;Arbeitslose nach ausgewählten Personengruppen;ARBEITSLOS14;55 bis unter 65 Jahre;966;Anzahl;ERWP06;Arbeitslose
13211;Arbeitsmarktstatistik der Bundesagentur für Arbeit;JAHR;Jahr;2021;KREISE;Kreise und kreisfreie Städte;12066;Oberspreewald-Lausitz, Landkreis;ERWAQ7;Arbeitslose nach ausgewählten Personengruppen;ARBEITSLOS14;55 bis unter 65 Jahre;1447;Anzahl;ERWP06;Arbeitslose
13211;Arbeitsmarktstatistik der Bundesagentur für Arbeit;JAHR;Jahr;2021;KREISE;Kreise und kreisfreie Städte;06534;Marburg-Biedenkopf, Landkreis;ERWAQ7;Arbeitslose nach ausgewählten Personengruppen;ARBEITSLOS12;15 bis unter 20 Jahre;91;Anzahl;ERWP06;Arbeitslose
13211;Arbeitsmarktstatistik der Bundesagentur für Arbeit;JAHR;Jahr;2014;KREISE;Kreise und kreisfreie Städte;06636;Werra-Meißner-Kreis;ERWAQ7;Arbeitslose nach ausgewählten Personengruppen;ARBEITSLOS14;55 bis unter 65 Jahre;758;Anzahl;ERWP06;Arbeitslose
13211;Arbeitsmarktstatistik der Bundesagentur für Arbeit;JAHR;Jahr;2017;KREISE;Kreise und kreisfreie Städte;06531;Gießen, Landkreis;ERWAQ7;Arbeitslose nach ausgewählten Personengruppen;ARBEITSLOS14;55 bis unter 65 Jahre;1638;Anzahl;ERWP06;Arbeitslose
13211;Arbeitsmarktstatistik der Bundesagentur für Arbeit;JAHR;Jahr;2025;KREISE;Kreise und kreisfreie Städte;06533;Limburg-Weilburg, Landkreis;ERWAQ7;Arbeitslose nach ausgewählten Personengruppen;ARBEITSLOS08;ausländisch;2153;Anzahl;ERWP06;Arbeitslose
13211;Arbeitsmarktstatistik der Bundesagentur für Arbeit;JAHR;Jahr;2023;KREISE;Kreise und kreisfreie Städte;06535;Vogelsbergkreis;ERWAQ7;Arbeitslose nach ausgewählten Personengruppen;ARBEITSLOS13;15 bis unter 25 Jahre;289;Anzahl;ERWP06;Arbeitslose
13211;Arbeitsmarktstatistik der Bundesagentur für Arbeit;JAHR;Jahr;2011;KREISE;Kreise und kreisfreie Städte;12063;Havelland, Landkreis;ERWAQ7;Arbeitslose nach ausgewählten Personengruppen;ARBEITSLOS05;langzeitarbeitslos;3068;Anzahl;ERWP06;Arbeitslose
13211;Arbeitsmarktstatistik der Bundesagentur für Arbeit;JAHR;Jahr;2011;KREISE;Kreise und kreisfreie Städte;12066;Oberspreewald-Lausitz, Landkreis;ERWAQ7;Arbeitslose nach ausgewählten Personengruppen;ARBEITSLOS08;ausländisch;155;Anzahl;ERWP06;Arbeitslose
13211;Arbeitsmarktstatistik der Bundesagentur für Arbeit;JAHR;Jahr;2021;KREISE;Kreise und kreisfreie Städte;06636;Werra-Meißner-Kreis;ERWAQ7;Arbeitslose nach ausgewählten Personengruppen;ARBEITSLOS06;schwerbehindert;297;Anzahl;ERWP06;Arbeitslose
13211;Arbeitsmarktstatistik der Bundesagentur für Arbeit;JAHR;Jahr;2012;KREISE;Kreise und kreisfreie Städte;06439;Rheingau-Taunus-Kreis;ERWAQ7;Arbeitslose nach ausgewählten Personengruppen;ARBEITSLOS08;ausländisch;895;Anzahl;ERWP06;Arbeitslose
13211;Arbeitsmarktstatistik der Bundesagentur für Arbeit;JAHR;Jahr;2019;KREISE;Kreise und kreisfreie Städte;12065;Oberhavel, Landkreis;ERWAQ7;Arbeitslose nach ausgewählten Personengruppen;ARBEITSLOS13;15 bis unter 25 Jahre;448;Anzahl;ERWP06;Arbeitslose
13211;Arbeitsmarktstatistik der Bundesagentur für Arbeit;JAHR;Jahr;2024;KREISE;Kreise und kreisfreie Städte;06531;Gießen, Landkreis;ERWAQ7;Arbeitslose nach ausgewählten Personengruppen;ARBEITSLOS13;15 bis unter 25 Jahre;801;Anzahl;ERWP06;Arbeitslose
13211;Arbeitsmarktstatistik der Bundesagentur für Arbeit;JAHR;Jahr;2014;KREISE;Kreise und kreisfreie Städte;06633;Kassel, Landkreis;ERWAQ7;Arbeitslose nach ausgewählten Personengruppen;ARBEITSLOS08;ausländisch;765;Anzahl;ERWP06;Arbeitslose
13211;Arbeitsmarktstatistik der Bundesagentur für Arbeit;JAHR;Jahr;2024;KREISE;Kreise und kreisfreie Städte;06534;Marburg-Biedenkopf, Landkreis;ERWAQ7;Arbeitslose nach ausgewählten Personengruppen;ARBEITSLOS14;55 bis unter 65 Jahre;1247;Anzahl;ERWP06;Arbeitslose
13211;Arbeitsmarktstatistik der Bundesagentur für Arbeit;JAHR;Jahr;2018;KREISE;Kreise und kreisfreie Städte;06534;Marburg-Biedenkopf, Landkreis;ERWAQ7;Arbeitslose nach ausgewählten Personengruppen;ARBEITSLOS05;langzeitarbeitslos;1503;Anzahl;ERWP06;Arbeitslose
13211;Arbeitsmarktstatistik der Bundesagentur für Arbeit;JAHR;Jahr;2020;KREISE;Kreise und kreisfreie Städte;06636;Werra-Meißner-Kreis;ERWAQ7;Arbeitslose nach ausgewählten Personengruppen;ARBEITSLOS12;15 bis unter 20 Jahre;57;Anzahl;ERWP06;Arbeitslose
13211;Arbeitsmarktstatistik der Bundesagentur für Arbeit;JAHR;Jahr;2023;KREISE;Kreise und kreisfreie Städte;06633;Kassel, Landkreis;ERWAQ7;Arbeitslose nach ausgewählten Personengruppen;ARBEITSLOS13;15 bis unter 25 Jahre;523;Anzahl;ERWP06;Arbeitslose
13211;Arbeitsmarktstatistik der Bundesagentur für Arbeit;JAHR;Jahr;2014;KREISE;Kreise und kreisfreie Städte;06535;Vogelsbergkreis;ERWAQ7;Arbeitslose nach ausgewählten Personengruppen;ARBEITSLOS08;ausländisch;210;Anzahl;ERWP06;Arbeitslose
13211;Arbeitsmarktstatistik der Bundesagentur für Arbeit;JAHR;Jahr;2014;KREISE;Kreise und kreisfreie Städte;06532;Lahn-Dill-Kreis;ERWAQ7;Arbeitslose nach ausgewählten Personengruppen;ARBEITSLOS05;langzeitarbeitslos;3681;Anzahl;ERWP06;Arbeitslose
13211;Arbeitsmarktstatistik der Bundesagentur für Arbeit;JAHR;Jahr;2022;KREISE;Kreise und kreisfreie Städte;12064;Märkisch-Oderland, Landkreis;ERWAQ7;Arbeitslose nach ausgewählten Personengruppen;ARBEITSLOS08;ausländisch;761;Anzahl;ERWP06;Arbeitslose
13211;Arbeitsmarktstatistik der Bundesagentur für Arbeit;JAHR;Jahr;2012;KREISE;Kreise und kreisfreie Städte;06534;Marburg-Biedenkopf, Landkreis;ERWAQ7;Arbeitslose nach ausgewählten Personengruppen;ARBEITSLOS05;langzeitarbeitslos;2027;Anzahl;ERWP06;Arbeitslose
13211;Arbeitsmarktstatistik der Bundesagentur für Arbeit;JAHR;Jahr;2021;KREISE;Kreise und kreisfreie Städte;12061;Dahme-Spreewald, Landkreis;ERWAQ7;Arbeitslose nach ausgewählten Personengruppen;ARBEITSLOS06;schwerbehindert;222;Anzahl;ERWP06;Arbeitslose
13211;Arbeitsmarktstatistik der Bundesagentur für Arbeit;JAHR;Jahr;2023;KREISE;Kreise und kreisfreie Städte;06439;Rheingau-Taunus-Kreis;ERWAQ7;Arbeitslose nach ausgewählten Personengruppen;ARBEITSLOS08;ausländisch;2404;Anzahl;ERWP06;Arbeitslose
13211;Arbeitsmarktstatistik der Bundesagentur für Arbeit;JAHR;Jahr;2013;KREISE;Kreise und kreisfreie Städte;06439;Rheingau-Taunus-Kreis;ERWAQ7;Arbeitslose nach ausgewählten Personengruppen;ARBEITSLOS12;15 bis unter 20 Jahre;42;Anzahl;ERWP06;Arbeitslose
13211;Arbeitsmarktstatistik der Bundesagentur für Arbeit;JAHR;Jahr;2013;KREISE;Kreise und kreisfreie Städte;12065;Oberhavel, Landkreis;ERWAQ7;Arbeitslose nach ausgewählten Personengruppen;ARBEITSLOS13;15 bis unter 25 Jahre;732;Anzahl;ERWP06;Arbeitslose
13211;Arbeitsmarktstatistik der Bundesagentur für Arbeit;JAHR;Jahr;2017;KREISE;Kreise und kreisfreie Städte;12063;Havelland, Landkreis;ERWAQ7;Arbeitslose nach ausgewählten Personengruppen;ARBEITSLOS05;langzeitarbeitslos;2365;Anzahl;ERWP06;Arbeitslose
13211;Arbeitsmarktstatistik der Bundesagentur für Arbeit;JAHR;Jahr;2011;KREISE;Kreise und kreisfreie Städte;06439;Rheingau-Taunus-Kreis;ERWAQ7;Arbeitslose nach ausgewählten Personengruppen;ARBEITSLOS12;15 bis unter 20 Jahre;67;Anzahl;ERWP06;Arbeitslose
13211;Arbeitsmarktstatistik der Bundesagentur für Arbeit;JAHR;Jahr;2019;KREISE;Kreise und kreisfreie Städte;12063;Havelland, Landkreis;ERWAQ7;Arbeitslose nach ausgewählten Personengruppen;ARBEITSLOS05;langzeitarbeitslos;1629;Anzahl;ERWP06;Arbeitslose
13211;Arbeitsmarktstatistik der Bundesagentur für Arbeit;JAHR;Jahr;2010;KREISE;Kreise und kreisfreie Städte;06636;Werra-Meißner-Kreis;ERWAQ7;Arbeitslose nach ausgewählten Personengruppen;ARBEITSLOS06;schwerbehindert;355;Anzahl;ERWP06;Arbeitslose
13211;Arbeitsmarktstatistik der Bundesagentur für Arbeit;JAHR;Jahr;2025;KREISE;Kreise und kreisfreie Städte;06439;Rheingau-Taunus-Kreis;ERWAQ7;Arbeitslose nach ausgewählten Personengruppen;ARBEITSLOS05;langzeitarbeitslos;2161;Anzahl;ERWP06;Arbeitslose
13211;Arbeitsmarktstatistik der Bundesagentur für Arbeit;JAHR;Jahr;2012;KREISE;Kreise und kreisfreie Städte;06636;Werra-Meißner-Kreis;ERWAQ7;Arbeitslose nach ausgewählten Personengruppen;ARBEITSLOS06;schwerbehindert;341;Anzahl;ERWP06;Arbeitslose
13211;Arbeitsmarktstatistik der Bundesagentur für Arbeit;JAHR;Jahr;2021;KREISE;Kreise und kreisfreie Städte;06439;Rheingau-Taunus-Kreis;ERWAQ7;Arbeitslose nach ausgewählten Personengruppen;ARBEITSLOS13;15 bis unter 25 Jahre;366;Anzahl;ERWP06;Arbeitslose
13211;Arbeitsmarktstatistik der Bundesagentur für Arbeit;JAHR;Jahr;2014;KREISE;Kreise und kreisfreie Städte;06534;Marburg-Biedenkopf, Landkreis;ERWAQ7;Arbeitslose nach ausgewählten Personengruppen;ARBEITSLOS13;15 bis unter 25 Jahre;549;Anzahl;ERWP06;Arbeitslose
13211;Arbeitsmarktstatistik der Bundesagentur für Arbeit;JAHR;Jahr;2018;KREISE;Kreise und kreisfreie Städte;06636;Werra-Meißner-Kreis;ERWAQ7;Arbeitslose nach ausgewählten Personengruppen;ARBEITSLOS06;schwerbehindert;277;Anzahl;ERWP06;Arbeitslose
13211;Arbeitsmarktstatistik der Bundesagentur für Arbeit;JAHR;Jahr;2011;KREISE;Kreise und kreisfreie Städte;06531;Gießen, Landkreis;ERWAQ7;Arbeitslose nach ausgewählten Personengruppen;ARBEITSLOS14;55 bis unter 65 Jahre;1581;Anzahl;ERWP06;Arbeitslose
13211;Arbeitsmarktstatistik der Bundesagentur für Arbeit;JAHR;Jahr;2019;KREISE;Kreise und kreisfreie Städte;06439;Rheingau-Taunus-Kreis;ERWAQ7;Arbeitslose nach ausgewählten Personengruppen;ARBEITSLOS12;15 bis unter 20 Jahre;62;Anzahl;ERWP06;Arbeitslose
13211;Arbeitsmarktstatistik der Bundesagentur für Arbeit;JAHR;Jahr;2021;KREISE;Kreise und kreisfreie Städte;06533;Limburg-Weilburg, Landkreis;ERWAQ7;Arbeitslose nach ausgewählten Personengruppen;ARBEITSLOS05;langzeitarbeitslos;1321;Anzahl;ERWP06;Arbeitslose
13211;Arbeitsmarktstatistik der Bundesagentur für Arbeit;JAHR;Jahr;2015;KREISE;Kreise und kreisfreie Städte;12063;Havelland, Landkreis;ERWAQ7;Arbeitslose nach ausgewählten Personengruppen;ARBEITSLOS08;ausländisch;247;Anzahl;ERWP06;Arbeitslose
13211;Arbeitsmarktstatistik der Bundesagentur für Arbeit;JAHR;Jahr;2022;KREISE;Kreise und kreisfreie Städte;06534;Marburg-Biedenkopf, Landkreis;ERWAQ7;Arbeitslose nach ausgewählten Personengruppen;ARBEITSLOS06;schwerbehindert;486;Anzahl;ERWP06;Arbeitslose
13211;Arbeitsmarktstatistik der Bundesagentur für Arbeit;JAHR;Jahr;2016;KREISE;Kreise und kreisfreie Städte;06534;Marburg-Biedenkopf, Landkreis;ERWAQ7;Arbeitslose nach ausgewählten Personengruppen;ARBEITSLOS13;15 bis unter 25 Jahre;609;Anzahl;ERWP06;Arbeitslose
13211;Arbeitsmarktstatistik der Bundesagentur für Arbeit;JAHR;Jahr;2023;KREISE;Kreise und kreisfreie Städte;12065;Oberhavel, Landkreis;ERWAQ7;Arbeitslose nach ausgewählten Personengruppen;ARBEITSLOS14;55 bis unter 65 Jahre;1393;Anzahl;ERWP06;Arbeitslose
13211;Arbeitsmarktstatistik der Bundesagentur für Arbeit;JAHR;Jahr;2022;KREISE;Kreise und kreisfreie Städte;12064;Märkisch-Oderland, Landkreis;ERWAQ7;Arbeitslose nach ausgewählten Personengruppen;ARBEITSLOS13;15 bis unter 25 Jahre;487;Anzahl;ERWP06;Arbeitslose
13211;Arbeitsmarktstatistik der Bundesagentur für Arbeit;JAHR;Jahr;2023;KREISE;Kreise und kreisfreie Städte;06636;Werra-Meißner-Kreis;ERWAQ7;Arbeitslose nach ausgewählten Personengruppen;ARBEITSLOS05;langzeitarbeitslos;795;Anzahl;ERWP06;Arbeitslose
13211;Arbeitsmarktstatistik der Bundesagentur für Arbeit;JAHR;Jahr;2010;KREISE;Kreise und kreisfreie Städte;06439;Rheingau-Taunus-Kreis;ERWAQ7;Arbeitslose nach ausgewählten Personengruppen;ARBEITSLOS05;langzeitarbeitslos;1975;Anzahl;ERWP06;Arbeitslose
13211;Arbeitsmarktstatistik der Bundesagentur für Arbeit;JAHR;Jahr;2022;KREISE;Kreise und kreisfreie Städte;06535;Vogelsbergkreis;ERWAQ7;Arbeitslose nach ausgewählten Personengruppen;ARBEITSLOS14;55 bis unter 65 Jahre;636;Anzahl;ERWP06;Arbeitslose
13211;Arbeitsmarktstatistik der Bundesagentur für Arbeit;JAHR;Jahr;2010;KREISE;Kreise und kreisfreie Städte;12065;Oberhavel, Landkreis;ERWAQ7;Arbeitslose nach ausgewählten Personengruppen;ARBEITSLOS06;schwerbehindert;386;Anzahl;ERWP06;Arbeitslose
13211;Arbeitsmarktstatistik der Bundesagentur für Arbeit;JAHR;Jahr;2023;KREISE;Kreise und kreisfreie Städte;06533;Limburg-Weilburg, Landkreis;ERWAQ7;Arbeitslose nach ausgewählten Personengruppen;ARBEITSLOS12;15 bis unter 20 Jahre;96;Anzahl;ERWP06;Arbeitslose
13211;Arbeitsmarktstatistik der Bundesagentur für Arbeit;JAHR;Jahr;2016;KREISE;Kreise und kreisfreie Städte;06439;Rheingau-Taunus-Kreis;ERWAQ7;Arbeitslose nach ausgewählten Personengruppen;ARBEITSLOS05;langzeitarbeitslos;1882;Anzahl;ERWP06;Arbeitslose
13211;Arbeitsmarktstatistik der Bundesagentur für Arbeit;JAHR;Jahr;2018;KREISE;Kreise und kreisfreie Städte;12065;Oberhavel, Landkreis;ERWAQ7;Arbeitslose nach ausgewählten Personengruppen;ARBEITSLOS14;55 bis unter 65 Jahre;1463;Anzahl;ERWP06;Arbeitslose
13211;Arbeitsmarktstatistik der Bundesagentur für Arbeit;JAHR;Jahr;2010;KREISE;Kreise und kreisfreie Städte;06532;Lahn-Dill-Kreis;ERWAQ7;Arbeitslose nach ausgewählten Personengruppen;ARBEITSLOS08;ausländisch;1775;Anzahl;ERWP06;Arbeitslose
13211;Arbeitsmarktstatistik der Bundesagentur für Arbeit;JAHR;Jahr;2025;KREISE;Kreise und kreisfreie Städte;06534;Marburg-Biedenkopf, Landkreis;ERWAQ7;Arbeitslose nach ausgewählten Personengruppen;ARBEITSLOS13;15 bis unter 25 Jahre;664;Anzahl;ERWP06;Arbeitslose
13211;Arbeitsmarktstatistik der Bundesagentur für Arbeit;JAHR;Jahr;2020;KREISE;Kreise und kreisfreie Städte;12067;Oder-Spree, Landkreis;ERWAQ7;Arbeitslose nach ausgewählten Personengruppen;ARBEITSLOS08;ausländisch;814;Anzahl;ERWP06;Arbeitslose
13211;Arbeitsmarktstatistik der Bundesagentur für Arbeit;JAHR;Jahr;2016;KREISE;Kreise und kreisfreie Städte;06532;Lahn-Dill-Kreis;ERWAQ7;Arbeitslose nach ausgewählten Personengruppen;ARBEITSLOS08;ausländisch;1937;Anzahl;ERWP06;Arbeitslose
13211;Arbeitsmarktstatistik der Bundesagentur für Arbeit;JAHR;Jahr;2020;KREISE;Kreise und kreisfreie Städte;12064;Märkisch-Oderland, Landkreis;ERWAQ7;Arbeitslose nach ausgewählten Personengruppen;ARBEITSLOS05;langzeitarbeitslos;1927;Anzahl;ERWP06;Arbeitslose
13211;Arbeitsmarktstatistik der Bundesagentur für Arbeit;JAHR;Jahr;2017;KREISE;Kreise und kreisfreie Städte;06534;Marburg-Biedenkopf, Landkreis;ERWAQ7;Arbeitslose nach ausgewählten Personengruppen;ARBEITSLOS06;schwerbehindert;486;Anzahl;ERWP06;Arbeitslose
13211;Arbeitsmarktstatistik der Bundesagentur für Arbeit;JAHR;Jahr;2014;KREISE;Kreise und kreisfreie Städte;12061;Dahme-Spreewald, Landkreis;ERWAQ7;Arbeitslose nach ausgewählten Personengruppen;ARBEITSLOS14;55 bis unter 65 Jahre;1477;Anzahl;ERWP06;Arbeitslose
13211;Arbeitsmarktstatistik der Bundesagentur für Arbeit;JAHR;Jahr;2019;KREISE;Kreise und kreisfreie Städte;06534;Marburg-Biedenkopf, Landkreis;ERWAQ7;Arbeitslose nach ausgewählten Personengruppen;ARBEITSLOS06;schwerbehindert;473;Anzahl;ERWP06;Arbeitslose
13211;Arbeitsmarktstatistik der Bundesagentur für Arbeit;JAHR;Jahr;2018;KREISE;Kreise und kreisfreie Städte;06532;Lahn-Dill-Kreis;ERWAQ7;Arbeitslose nach ausgewählten Personengruppen;ARBEITSLOS08;ausländisch;2293;Anzahl;ERWP06;Arbeitslose
13211;Arbeitsmarktstatistik der Bundesagentur für Arbeit;JAHR;Jahr;2022;KREISE;Kreise und kreisfreie Städte;06633;Kassel, Landkreis;ERWAQ7;Arbeitslose nach ausgewählten Personengruppen;ARBEITSLOS14;55 bis unter 65 Jahre;1253;Anzahl;ERWP06;Arbeitslose
13211;Arbeitsmarktstatistik der Bundesagentur für Arbeit;JAHR;Jahr;2011;KREISE;Kreise und kreisfreie Städte;06534;Marburg-Biedenkopf, Landkreis;ERWAQ7;Arbeitslose nach ausgewählten Personengruppen;ARBEITSLOS06;schwerbehindert;565;Anzahl;ERWP06;Arbeitslose
13211;Arbeitsmarktstatistik der Bundesagentur für Arbeit;JAHR;Jahr;2023;KREISE;Kreise und kreisfreie Städte;12061;Dahme-Spreewald, Landkreis;ERWAQ7;Arbeitslose nach ausgewählten Personengruppen;ARBEITSLOS06;schwerbehindert;193;Anzahl;ERWP06;Arbeitslose
13211;Arbeitsmarktstatistik der Bundesagentur für Arbeit;JAHR;Jahr;2013;KREISE;Kreise und kreisfreie Städte;06534;Marburg-Biedenkopf, Landkreis;ERWAQ7;Arbeitslose nach ausgewählten Personengruppen;ARBEITSLOS06;schwerbehindert;522;Anzahl;ERWP06;Arbeitslose
13211;Arbeitsmarktstatistik der Bundesagentur für Arbeit;JAHR;Jahr;2014;KREISE;Kreise und kreisfreie Städte;06533;Limburg-Weilburg, Landkreis;ERWAQ7;Arbeitslose nach ausgewählten Personengruppen;ARBEITSLOS08;ausländisch;1154;Anzahl;ERWP06;Arbeitslose
13211;Arbeitsmarktstatistik der Bundesagentur für Arbeit;JAHR;Jahr;2019;KREISE;Kreise und kreisfreie Städte;12064;Märkisch-Oderland, Landkreis;ERWAQ7;Arbeitslose nach ausgewählten Personengruppen;ARBEITSLOS08;ausländisch;429;Anzahl;ERWP06;Arbeitslose
13211;Arbeitsmarktstatistik der Bundesagentur für Arbeit;JAHR;Jahr;2016;KREISE;Kreise und kreisfreie Städte;06535;Vogelsbergkreis;ERWAQ7;Arbeitslose nach ausgewählten Personengruppen;ARBEITSLOS05;langzeitarbeitslos;618;Anzahl;ERWP06;Arbeitslose
13211;Arbeitsmarktstatistik der Bundesagentur für Arbeit;JAHR;Jahr;2012;KREISE;Kreise und kreisfreie Städte;12063;Havelland, Landkreis;ERWAQ7;Arbeitslose nach ausgewählten Personengruppen;ARBEITSLOS14;55 bis unter 65 Jahre;1580;Anzahl;ERWP06;Arbeitslose
13211;Arbeitsmarktstatistik der Bundesagentur für Arbeit;JAHR;Jahr;2018;KREISE;Kreise und kreisfreie Städte;12061;Dahme-Spreewald, Landkreis;ERWAQ7;Arbeitslose nach ausgewählten Personengruppen;ARBEITSLOS06;schwerbehindert;226;Anzahl;ERWP06;Arbeitslose
13211;Arbeitsmarktstatistik der Bundesagentur für Arbeit;JAHR;Jahr;2022;KREISE;Kreise und kreisfreie Städte;12067;Oder-Spree, Landkreis;ERWAQ7;Arbeitslose nach ausgewählten Personengruppen;ARBEITSLOS05;langzeitarbeitslos;2814;Anzahl;ERWP06;Arbeitslose
13211;Arbeitsmarktstatistik der Bundesagentur für Arbeit;JAHR;Jahr;2014;KREISE;Kreise und kreisfreie Städte;12065;Oberhavel, Landkreis;ERWAQ7;Arbeitslose nach ausgewählten Personengruppen;ARBEITSLOS14;55 bis unter 65 Jahre;2120;Anzahl;ERWP06;Arbeitslose
13211;Arbeitsmarktstatistik der Bundesagentur für Arbeit;JAHR;Jahr;2012;KREISE;Kreise und kreisfreie Städte;06633;Kassel, Landkreis;ERWAQ7;Arbeitslose nach ausgewählten Personengruppen;ARBEITSLOS08;ausländisch;641;Anzahl;ERWP06;Arbeitslose
13211;Arbeitsmarktstatistik der Bundesagentur für Arbeit;JAHR;Jahr;2017;KREISE;Kreise und kreisfreie Städte;12066;Oberspreewald-Lausitz, Landkreis;ERWAQ7;Arbeitslose nach ausgewählten Personengruppen;ARBEITSLOS08;ausländisch;318;Anzahl;ERWP06;Arbeitslose
13211;Arbeitsmarktstatistik der Bundesagentur für Arbeit;JAHR;Jahr;2017;KREISE;Kreise und kreisfreie Städte;12066;Oberspreewald-Lausitz, Landkreis;ERWAQ7;Arbeitslose nach ausgewählten Personengruppen;ARBEITSLOS13;15 bis unter 25 Jahre;212;Anzahl;ERWP06;Arbeitslose
13211;Arbeitsmarktstatistik der Bundesagentur für Arbeit;JAHR;Jahr;2010;KREISE;Kreise und kreisfreie Städte;06439;Rheingau-Taunus-Kreis;ERWAQ7;Arbeitslose nach ausgewählten Personengruppen;ARBEITSLOS13;15 bis unter 25 Jahre;370;Anzahl;ERWP06;Arbeitslose
13211;Arbeitsmarktstatistik der Bundesagentur für Arbeit;JAHR;Jahr;2013;KREISE;Kreise und kreisfreie Städte;06534;Marburg-Biedenkopf, Landkreis;ERWAQ7;Arbeitslose nach ausgewählten Personengruppen;ARBEITSLOS14;55 bis unter 65 Jahre;953;Anzahl;ERWP06;Arbeitslose
13211;Arbeitsmarktstatistik der Bundesagentur für Arbeit;JAHR;Jahr;2015;KREISE;Kreise und kreisfreie Städte;12064;Märkisch-Oderland, Landkreis;ERWAQ7;Arbeitslose nach ausgewählten Personengruppen;ARBEITSLOS05;langzeitarbeitslos;3075;Anzahl;ERWP06;Arbeitslose
13211;Arbeitsmarktstatistik der Bundesagentur für Arbeit;JAHR;Jahr;2016;KREISE;Kreise und kreisfreie Städte;06633;Kassel, Landkreis;ERWAQ7;Arbeitslose nach ausgewählten Personengruppen;ARBEITSLOS05;langzeitarbeitslos;1926;Anzahl;ERWP06;Arbeitslose
13211;Arbeitsmarktstatistik der Bundesagentur für Arbeit;JAHR;Jahr;2012;KREISE;Kreise und kreisfreie Städte;06531;Gießen, Landkreis;ERWAQ7;Arbeitslose nach ausgewählten Personengruppen;ARBEITSLOS12;15 bis unter 20 Jahre;149;Anzahl;ERWP06;Arbeitslose
13211;Arbeitsmarktstatistik der Bundesagentur für Arbeit;JAHR;Jahr;2023;KREISE;Kreise und kreisfreie Städte;06534;Marburg-Biedenkopf, Landkreis;ERWAQ7;Arbeitslose nach ausgewählten Personengruppen;ARBEITSLOS05;langzeitarbeitslos;2099;Anzahl;ERWP06;Arbeitslose
13211;Arbeitsmarktstatistik der Bundesagentur für Arbeit;JAHR;Jahr;2020;KREISE;Kreise und kreisfreie Städte;12061;Dahme-Spreewald, Landkreis;ERWAQ7;Arbeitslose nach ausgewählten Personengruppen;ARBEITSLOS12;15 bis unter 20 Jahre;42;Anzahl;ERWP06;Arbeitslose
13211;Arbeitsmarktstatistik der Bundesagentur für Arbeit;JAHR;Jahr;2018;KREISE;Kreise und kreisfreie Städte;06439;Rheingau-Taunus-Kreis;ERWAQ7;Arbeitslose nach ausgewählten Personengruppen;ARBEITSLOS13;15 bis unter 25 Jahre;330;Anzahl;ERWP06;Arbeitslose
13211;Arbeitsmarktstatistik der Bundesagentur für Arbeit;JAHR;Jahr;2016;KREISE;Kreise und kreisfreie Städte;12063;Havelland, Landkreis;ERWAQ7;Arbeitslose nach ausgewählten Personengruppen;ARBEITSLOS06;schwerbehindert;380;Anzahl;ERWP06;Arbeitslose
13211;Arbeitsmarktstatistik der Bundesagentur für Arbeit;JAHR;Jahr;2013;KREISE;Kreise und kreisfreie Städte;12066;Oberspreewald-Lausitz, Landkreis;ERWAQ7;Arbeitslose nach ausgewählten Personengruppen;ARBEITSLOS08;ausländisch;175;Anzahl;ERWP06;Arbeitslose
13211;Arbeitsmarktstatistik der Bundesagentur für Arbeit;JAHR;Jahr;2020;KREISE;Kreise und kreisfreie Städte;06533;Limburg-Weilburg, Landkreis;ERWAQ7;Arbeitslose nach ausgewählten Personengruppen;ARBEITSLOS06;schwerbehindert;323;Anzahl;ERWP06;Arbeitslose
13211;Arbeitsmarktstatistik der Bundesagentur für Arbeit;JAHR;Jahr;2012;KREISE;Kreise und kreisfreie Städte;12063;Havelland, Landkreis;ERWAQ7;Arbeitslose nach ausgewählten Personengruppen;ARBEITSLOS06;schwerbehindert;360;Anzahl;ERWP06;Arbeitslose
13211;Arbeitsmarktstatistik der Bundesagentur für Arbeit;JAHR;Jahr;2015;KREISE;Kreise und kreisfreie Städte;06532;Lahn-Dill-Kreis;ERWAQ7;Arbeitslose nach ausgewählten Personengruppen;ARBEITSLOS14;55 bis unter 65 Jahre;1734;Anzahl;ERWP06;Arbeitslose
13211;Arbeitsmarktstatistik der Bundesagentur für Arbeit;JAHR;Jahr;2011;KREISE;Kreise und kreisfreie Städte;12064;Märkisch-Oderland, Landkreis;ERWAQ7;Arbeitslose nach ausgewählten Personengruppen;ARBEITSLOS08;ausländisch;284;Anzahl;ERWP06;Arbeitslose
13211;Arbeitsmarktstatistik der Bundesagentur für Arbeit;JAHR;Jahr;2025;KREISE;Kreise und kreisfreie Städte;06633;Kassel, Landkreis;ERWAQ7;Arbeitslose nach ausgewählten Personengruppen;ARBEITSLOS08;ausländisch;2136;Anzahl;ERWP06;Arbeitslose
13211;Arbeitsmarktstatistik der Bundesagentur für Arbeit;JAHR;Jahr;2024;KREISE;Kreise und kreisfreie Städte;12065;Oberhavel, Landkreis;ERWAQ7;Arbeitslose nach ausgewählten Personengruppen;ARBEITSLOS13;15 bis unter 25 Jahre;620;Anzahl;ERWP06;Arbeitslose
13211;Arbeitsmarktstatistik der Bundesagentur für Arbeit;JAHR;Jahr;2010;KREISE;Kreise und kreisfreie Städte;12061;Dahme-Spreewald, Landkreis;ERWAQ7;Arbeitslose nach ausgewählten Personengruppen;ARBEITSLOS06;schwerbehindert;362;Anzahl;ERWP06;Arbeitslose
13211;Arbeitsmarktstatistik der Bundesagentur für Arbeit;JAHR;Jahr;2019;KREISE;Kreise und kreisfreie Städte;06531;Gießen, Landkreis;ERWAQ7;Arbeitslose nach ausgewählten Personengruppen;ARBEITSLOS14;55 bis unter 65 Jahre;1457;Anzahl;ERWP06;Arbeitslose
13211;Arbeitsmarktstatistik der Bundesagentur für Arbeit;JAHR;Jahr;2012;KREISE;Kreise und kreisfreie Städte;06535;Vogelsbergkreis;ERWAQ7;Arbeitslose nach ausgewählten Personengruppen;ARBEITSLOS13;15 bis unter 25 Jahre;308;Anzahl;ERWP06;Arbeitslose
13211;Arbeitsmarktstatistik der Bundesagentur für Arbeit;JAHR;Jahr;2021;KREISE;Kreise und kreisfreie Städte;12064;Märkisch-Oderland, Landkreis;ERWAQ7;Arbeitslose nach ausgewählten Personengruppen;ARBEITSLOS14;55 bis unter 65 Jahre;1792;Anzahl;ERWP06;Arbeitslose
13211;Arbeitsmarktstatistik der Bundesagentur für Arbeit;JAHR;Jahr;2025;KREISE;Kreise und kreisfreie Städte;12063;Havelland, Landkreis;ERWAQ7;Arbeitslose nach ausgewählten Personengruppen;ARBEITSLOS14;55 bis unter 65 Jahre;1424;Anzahl;ERWP06;Arbeitslose
13211;Arbeitsmarktstatistik der Bundesagentur für Arbeit;JAHR;Jahr;2021;KREISE;Kreise und kreisfreie Städte;06535;Vogelsbergkreis;ERWAQ7;Arbeitslose nach ausgewählten Personengruppen;ARBEITSLOS13;15 bis unter 25 Jahre;210;Anzahl;ERWP06;Arbeitslose
13211;Arbeitsmarktstatistik der Bundesagentur für Arbeit;JAHR;Jahr;2021;KREISE;Kreise und kreisfreie Städte;06532;Lahn-Dill-Kreis;ERWAQ7;Arbeitslose nach ausgewählten Personengruppen;ARBEITSLOS12;15 bis unter 20 Jahre;112;Anzahl;ERWP06;Arbeitslose
13211;Arbeitsmarktstatistik der Bundesagentur für Arbeit;JAHR;Jahr;2011;KREISE;Kreise und kreisfreie Städte;12065;Oberhavel, Landkreis;ERWAQ7;Arbeitslose nach ausgewählten Personengruppen;ARBEITSLOS05;langzeitarbeitslos;4878;Anzahl;ERWP06;Arbeitslose
13211;Arbeitsmarktstatistik der Bundesagentur für Arbeit;JAHR;Jahr;2025;KREISE;Kreise und kreisfreie Städte;06633;Kassel, Landkreis;ERWAQ7;Arbeitslose nach ausgewählten Personengruppen;ARBEITSLOS05;langzeitarbeitslos;1914;Anzahl;ERWP06;Arbeitslose
13211;Arbeitsmarktstatistik der Bundesagentur für Arbeit;JAHR;Jahr;2012;KREISE;Kreise und kreisfreie Städte;06633;Kassel, Landkreis;ERWAQ7;Arbeitslose nach ausgewählten Personengruppen;ARBEITSLOS13;15 bis unter 25 Jahre;666;Anzahl;ERWP06;Arbeitslose
13211;Arbeitsmarktstatistik der Bundesagentur für Arbeit;JAHR;Jahr;2021;KREISE;Kreise und kreisfreie Städte;06633;Kassel, Landkreis;ERWAQ7;Arbeitslose nach ausgewählten Personengruppen;ARBEITSLOS05;langzeitarbeitslos;1764;Anzahl;ERWP06;Arbeitslose
13211;Arbeitsmarktstatistik der Bundesagentur für Arbeit;JAHR;Jahr;2023;KREISE;Kreise und kreisfreie Städte;06439;Rheingau-Taunus-Kreis;ERWAQ7;Arbeitslose nach ausgewählten Personengruppen;ARBEITSLOS13;15 bis unter 25 Jahre;415;Anzahl;ERWP06;Arbeitslose
13211;Arbeitsmarktstatistik der Bundesagentur für Arbeit;JAHR;Jahr;2020;KREISE;Kreise und kreisfreie Städte;06532;Lahn-Dill-Kreis;ERWAQ7;Arbeitslose nach ausgewählten Personengruppen;ARBEITSLOS14;55 bis unter 65 Jahre;1618;Anzahl;ERWP06;Arbeitslose
13211;Arbeitsmarktstatistik der Bundesagentur für Arbeit;JAHR;Jahr;2021;KREISE;Kreise und kreisfreie Städte;06633;Kassel, Landkreis;ERWAQ7;Arbeitslose nach ausgewählten Personengruppen;ARBEITSLOS13;15 bis unter 25 Jahre;505;Anzahl;ERWP06;Arbeitslose
13211;Arbeitsmarktstatistik der Bundesagentur für Arbeit;JAHR;Jahr;2024;KREISE;Kreise und kreisfreie Städte;06532;Lahn-Dill-Kreis;ERWAQ7;Arbeitslose nach ausgewählten Personengruppen;ARBEITSLOS14;55 bis unter 65 Jahre;1690;Anzahl;ERWP06;Arbeitslose
13211;Arbeitsmarktstatistik der Bundesagentur für Arbeit;JAHR;Jahr;2012;KREISE;Kreise und kreisfreie Städte;06535;Vogelsbergkreis;ERWAQ7;Arbeitslose nach ausgewählten Personengruppen;ARBEITSLOS08;ausländisch;220;Anzahl;ERWP06;Arbeitslose
13211;Arbeitsmarktstatistik der Bundesagentur für Arbeit;JAHR;Jahr;2024;KREISE;Kreise und kreisfreie Städte;12064;Märkisch-Oderland, Landkreis;ERWAQ7;Arbeitslose nach ausgewählten Personengruppen;ARBEITSLOS08;ausländisch;945;Anzahl;ERWP06;Arbeitslose
13211;Arbeitsmarktstatistik der Bundesagentur für Arbeit;JAHR;Jahr;2025;KREISE;Kreise und kreisfreie Städte;12064;Märkisch-Oderland, Landkreis;ERWAQ7;Arbeitslose nach ausgewählten Personengruppen;ARBEITSLOS06;schwerbehindert;351;Anzahl;ERWP06;Arbeitslose
13211;Arbeitsmarktstatistik der Bundesagentur für Arbeit;JAHR;Jahr;2014;KREISE;Kreise und kreisfreie Städte;06534;Marburg-Biedenkopf, Landkreis;ERWAQ7;Arbeitslose nach ausgewählten Personengruppen;ARBEITSLOS05;langzeitarbeitslos;1773;Anzahl;ERWP06;Arbeitslose
13211;Arbeitsmarktstatistik der Bundesagentur für Arbeit;JAHR;Jahr;2015;KREISE;Kreise und kreisfreie Städte;06531;Gießen, Landkreis;ERWAQ7;Arbeitslose nach ausgewählten Personengruppen;ARBEITSLOS06;schwerbehindert;1005;Anzahl;ERWP06;Arbeitslose
13211;Arbeitsmarktstatistik der Bundesagentur für Arbeit;JAHR;Jahr;2022;KREISE;Kreise und kreisfreie Städte;12066;Oberspreewald-Lausitz, Landkreis;ERWAQ7;Arbeitslose nach ausgewählten Personengruppen;ARBEITSLOS08;ausländisch;342;Anzahl;ERWP06;Arbeitslose
13211;Arbeitsmarktstatistik der Bundesagentur für Arbeit;JAHR;Jahr;2013;KREISE;Kreise und kreisfreie Städte;12067;Oder-Spree, Landkreis;ERWAQ7;Arbeitslose nach ausgewählten Personengruppen;ARBEITSLOS13;15 bis unter 25 Jahre;732;Anzahl;ERWP06;Arbeitslose
13211;Arbeitsmarktstatistik der Bundesagentur für Arbeit;JAHR;Jahr;2024;KREISE;Kreise und kreisfreie Städte;12066;Oberspreewald-Lausitz, Landkreis;ERWAQ7;Arbeitslose nach ausgewählten Personengruppen;ARBEITSLOS05;langzeitarbeitslos;1606;Anzahl;ERWP06;Arbeitslose
13211;Arbeitsmarktstatistik der Bundesagentur für Arbeit;JAHR;Jahr;2019;KREISE;Kreise und kreisfreie Städte;12067;Oder-Spree, Landkreis;ERWAQ7;Arbeitslose nach ausgewählten Personengruppen;ARBEITSLOS13;15 bis unter 25 Jahre;505;Anzahl;ERWP06;Arbeitslose
13211;Arbeitsmarktstatistik der Bundesagentur für Arbeit;JAHR;Jahr;2019;KREISE;Kreise und kreisfreie Städte;12065;Oberhavel, Landkreis;ERWAQ7;Arbeitslose nach ausgewählten Personengruppen;ARBEITSLOS05;langzeitarbeitslos;2275;Anzahl;ERWP06;Arbeitslose
13211;Arbeitsmarktstatistik der Bundesagentur für Arbeit;JAHR;Jahr;2017;KREISE;Kreise und kreisfreie Städte;12065;Oberhavel, Landkreis;ERWAQ7;Arbeitslose nach ausgewählten Personengruppen;ARBEITSLOS05;langzeitarbeitslos;3133;Anzahl;ERWP06;Arbeitslose
13211;Arbeitsmarktstatistik der Bundesagentur für Arbeit;JAHR;Jahr;2015;KREISE;Kreise und kreisfreie Städte;12065;Oberhavel, Landkreis;ERWAQ7;Arbeitslose nach ausgewählten Personengruppen;ARBEITSLOS08;ausländisch;346;Anzahl;ERWP06;Arbeitslose
13211;Arbeitsmarktstatistik der Bundesagentur für Arbeit;JAHR;Jahr;2022;KREISE;Kreise und kreisfreie Städte;06532;Lahn-Dill-Kreis;ERWAQ7;Arbeitslose nach ausgewählten Personengruppen;ARBEITSLOS06;schwerbehindert;680;Anzahl;ERWP06;Arbeitslose
13211;Arbeitsmarktstatistik der Bundesagentur für Arbeit;JAHR;Jahr;2011;KREISE;Kreise und kreisfreie Städte;06533;Limburg-Weilburg, Landkreis;ERWAQ7;Arbeitslose nach ausgewählten Personengruppen;ARBEITSLOS14;55 bis unter 65 Jahre;776;Anzahl;ERWP06;Arbeitslose
13211;Arbeitsmarktstatistik der Bundesagentur für Arbeit;JAHR;Jahr;2021;KREISE;Kreise und kreisfreie Städte;06535;Vogelsbergkreis;ERWAQ7;Arbeitslose nach ausgewählten Personengruppen;ARBEITSLOS05;langzeitarbeitslos;605;Anzahl;ERWP06;Arbeitslose
13211;Arbeitsmarktstatistik der Bundesagentur für Arbeit;JAHR;Jahr;2024;KREISE;Kreise und kreisfreie Städte;06532;Lahn-Dill-Kreis;ERWAQ7;Arbeitslose nach ausgewählten Personengruppen;ARBEITSLOS06;schwerbehindert;756;Anzahl;ERWP06;Arbeitslose
13211;Arbeitsmarktstatistik der Bundesagentur für Arbeit;JAHR;Jahr;2023;KREISE;Kreise und kreisfreie Städte;06535;Vogelsbergkreis;ERWAQ7;Arbeitslose nach ausgewählten Personengruppen;ARBEITSLOS08;ausländisch;911;Anzahl;ERWP06;Arbeitslose
13211;Arbeitsmarktstatistik der Bundesagentur für Arbeit;JAHR;Jahr;2025;KREISE;Kreise und kreisfreie Städte;06535;Vogelsbergkreis;ERWAQ7;Arbeitslose nach ausgewählten Personengruppen;ARBEITSLOS08;ausländisch;808;Anzahl;ERWP06;Arbeitslose
13211;Arbeitsmarktstatistik der Bundesagentur für Arbeit;JAHR;Jahr;2025;KREISE;Kreise und kreisfreie Städte;06535;Vogelsbergkreis;ERWAQ7;Arbeitslose nach ausgewählten Personengruppen;ARBEITSLOS05;langzeitarbeitslos;779;Anzahl;ERWP06;Arbeitslose
13211;Arbeitsmarktstatistik der Bundesagentur für Arbeit;JAHR;Jahr;2022;KREISE;Kreise und kreisfreie Städte;12066;Oberspreewald-Lausitz, Landkreis;ERWAQ7;Arbeitslose nach ausgewählten Personengruppen;ARBEITSLOS13;15 bis unter 25 Jahre;205;Anzahl;ERWP06;Arbeitslose
13211;Arbeitsmarktstatistik der Bundesagentur für Arbeit;JAHR;Jahr;2017;KREISE;Kreise und kreisfreie Städte;06533;Limburg-Weilburg, Landkreis;ERWAQ7;Arbeitslose nach ausgewählten Personengruppen;ARBEITSLOS14;55 bis unter 65 Jahre;772;Anzahl;ERWP06;Arbeitslose
13211;Arbeitsmarktstatistik der Bundesagentur für Arbeit;JAHR;Jahr;2023;KREISE;Kreise und kreisfreie Städte;12063;Havelland, Landkreis;ERWAQ7;Arbeitslose nach ausgewählten Personengruppen;ARBEITSLOS14;55 bis unter 65 Jahre;1232;Anzahl;ERWP06;Arbeitslose
13211;Arbeitsmarktstatistik der Bundesagentur für Arbeit;JAHR;Jahr;2020;KREISE;Kreise und kreisfreie Städte;12066;Oberspreewald-Lausitz, Landkreis;ERWAQ7;Arbeitslose nach ausgewählten Personengruppen;ARBEITSLOS13;15 bis unter 25 Jahre;236;Anzahl;ERWP06;Arbeitslose
13211;Arbeitsmarktstatistik der Bundesagentur für Arbeit;JAHR;Jahr;2023;KREISE;Kreise und kreisfreie Städte;06633;Kassel, Landkreis;ERWAQ7;Arbeitslose nach ausgewählten Personengruppen;ARBEITSLOS08;ausländisch;2146;Anzahl;ERWP06;Arbeitslose
13211;Arbeitsmarktstatistik der Bundesagentur für Arbeit;JAHR;Jahr;2010;KREISE;Kreise und kreisfreie Städte;12063;Havelland, Landkreis;ERWAQ7;Arbeitslose nach ausgewählten Personengruppen;ARBEITSLOS06;schwerbehindert;342;Anzahl;ERWP06;Arbeitslose
13211;Arbeitsmarktstatistik der Bundesagentur für Arbeit;JAHR;Jahr;2013;KREISE;Kreise und kreisfreie Städte;12066;Oberspreewald-Lausitz, Landkreis;ERWAQ7;Arbeitslose nach ausgewählten Personengruppen;ARBEITSLOS05;langzeitarbeitslos;4211;Anzahl;ERWP06;Arbeitslose
13211;Arbeitsmarktstatistik der Bundesagentur für Arbeit;JAHR;Jahr;2023;KREISE;Kreise und kreisfreie Städte;06531;Gießen, Landkreis;ERWAQ7;Arbeitslose nach ausgewählten Personengruppen;ARBEITSLOS12;15 bis unter 20 Jahre;145;Anzahl;ERWP06;Arbeitslose
13211;Arbeitsmarktstatistik der Bundesagentur für Arbeit;JAHR;Jahr;2022;KREISE;Kreise und kreisfreie Städte;06533;Limburg-Weilburg, Landkreis;ERWAQ7;Arbeitslose nach ausgewählten Personengruppen;ARBEITSLOS14;55 bis unter 65 Jahre;884;Anzahl;ERWP06;Arbeitslose
13211;Arbeitsmarktstatistik der Bundesagentur für Arbeit;JAHR;Jahr;2015;KREISE;Kreise und kreisfreie Städte;12066;Oberspreewald-Lausitz, Landkreis;ERWAQ7;Arbeitslose nach ausgewählten Personengruppen;ARBEITSLOS05;langzeitarbeitslos;3417;Anzahl;ERWP06;Arbeitslose
13211;Arbeitsmarktstatistik der Bundesagentur für Arbeit;JAHR;Jahr;2010;KREISE;Kreise und kreisfreie Städte;06535;Vogelsbergkreis;ERWAQ7;Arbeitslose nach ausgewählten Personengruppen;ARBEITSLOS05;langzeitarbeitslos;1262;Anzahl;ERWP06;Arbeitslose
13211;Arbeitsmarktstatistik der Bundesagentur für Arbeit;JAHR;Jahr;2018;KREISE;Kreise und kreisfreie Städte;12063;Havelland, Landkreis;ERWAQ7;Arbeitslose nach ausgewählten Personengruppen;ARBEITSLOS14;55 bis unter 65 Jahre;1236;Anzahl;ERWP06;Arbeitslose
13211;Arbeitsmarktstatistik der Bundesagentur für Arbeit;JAHR;Jahr;2025;KREISE;Kreise und kreisfreie Städte;06531;Gießen, Landkreis;ERWAQ7;Arbeitslose nach ausgewählten Personengruppen;ARBEITSLOS12;15 bis unter 20 Jahre;203;Anzahl;ERWP06;Arbeitslose
13211;Arbeitsmarktstatistik der Bundesagentur für Arbeit;JAHR;Jahr;2010;KREISE;Kreise und kreisfreie Städte;06534;Marburg-Biedenkopf, Landkreis;ERWAQ7;Arbeitslose nach ausgewählten Personengruppen;ARBEITSLOS08;ausländisch;1106;Anzahl;ERWP06;Arbeitslose
13211;Arbeitsmarktstatistik der Bundesagentur für Arbeit;JAHR;Jahr;2020;KREISE;Kreise und kreisfreie Städte;12066;Oberspreewald-Lausitz, Landkreis;ERWAQ7;Arbeitslose nach ausgewählten Personengruppen;ARBEITSLOS05;langzeitarbeitslos;1764;Anzahl;ERWP06;Arbeitslose
13211;Arbeitsmarktstatistik der Bundesagentur für Arbeit;JAHR;Jahr;2015;KREISE;Kreise und kreisfreie Städte;12061;Dahme-Spreewald, Landkreis;ERWAQ7;Arbeitslose nach ausgewählten Personengruppen;ARBEITSLOS12;15 bis unter 20 Jahre;37;Anzahl;ERWP06;Arbeitslose
13211;Arbeitsmarktstatistik der Bundesagentur für Arbeit;JAHR;Jahr;2017;KREISE;Kreise und kreisfreie Städte;06532;Lahn-Dill-Kreis;ERWAQ7;Arbeitslose nach ausgewählten Personengruppen;ARBEITSLOS06;schwerbehindert;795;Anzahl;ERWP06;Arbeitslose
13211;Arbeitsmarktstatistik der Bundesagentur für Arbeit;JAHR;Jahr;2011;KREISE;Kreise und kreisfreie Städte;06532;Lahn-Dill-Kreis;ERWAQ7;Arbeitslose nach ausgewählten Personengruppen;ARBEITSLOS06;schwerbehindert;710;Anzahl;ERWP06;Arbeitslose
13211;Arbeitsmarktstatistik der Bundesagentur für Arbeit;JAHR;Jahr;2023;KREISE;Kreise und kreisfreie Städte;12063;Havelland, Landkreis;ERWAQ7;Arbeitslose nach ausgewählten Personengruppen;ARBEITSLOS06;schwerbehindert;256;Anzahl;ERWP06;Arbeitslose
13211;Arbeitsmarktstatistik der Bundesagentur für Arbeit;JAHR;Jahr;2013;KREISE;Kreise und kreisfreie Städte;06532;Lahn-Dill-Kreis;ERWAQ7;Arbeitslose nach ausgewählten Personengruppen;ARBEITSLOS06;schwerbehindert;741;Anzahl;ERWP06;Arbeitslose
13211;Arbeitsmarktstatistik der Bundesagentur für Arbeit;JAHR;Jahr;2016;KREISE;Kreise und kreisfreie Städte;06534;Marburg-Biedenkopf, Landkreis;ERWAQ7;Arbeitslose nach ausgewählten Personengruppen;ARBEITSLOS08;ausländisch;1330;Anzahl;ERWP06;Arbeitslose
13211;Arbeitsmarktstatistik der Bundesagentur für Arbeit;JAHR;Jahr;2019;KREISE;Kreise und kreisfreie Städte;06532;Lahn-Dill-Kreis;ERWAQ7;Arbeitslose nach ausgewählten Personengruppen;ARBEITSLOS06;schwerbehindert;686;Anzahl;ERWP06;Arbeitslose
13211;Arbeitsmarktstatistik der Bundesagentur für Arbeit;JAHR;Jahr;2021;KREISE;Kreise und kreisfreie Städte;12063;Havelland, Landkreis;ERWAQ7;Arbeitslose nach ausgewählten Personengruppen;ARBEITSLOS06;schwerbehindert;266;Anzahl;ERWP06;Arbeitslose
13211;Arbeitsmarktstatistik der Bundesagentur für Arbeit;JAHR;Jahr;2018;KREISE;Kreise und kreisfreie Städte;06534;Marburg-Biedenkopf, Landkreis;ERWAQ7;Arbeitslose nach ausgewählten Personengruppen;ARBEITSLOS08;ausländisch;1486;Anzahl;ERWP06;Arbeitslose
13211;Arbeitsmarktstatistik der Bundesagentur für Arbeit;JAHR;Jahr;2020;KREISE;Kreise und kreisfreie Städte;12065;Oberhavel, Landkreis;ERWAQ7;Arbeitslose nach ausgewählten Personengruppen;ARBEITSLOS08;ausländisch;838;Anzahl;ERWP06;Arbeitslose
13211;Arbeitsmarktstatistik der Bundesagentur für Arbeit;JAHR;Jahr;2014;KREISE;Kreise und kreisfreie Städte;06531;Gießen, Landkreis;ERWAQ7;Arbeitslose nach ausgewählten Personengruppen;ARBEITSLOS06;schwerbehindert;964;Anzahl;ERWP06;Arbeitslose
13211;Arbeitsmarktstatistik der Bundesagentur für Arbeit;JAHR;Jahr;2010;KREISE;Kreise und kreisfreie Städte;06633;Kassel, Landkreis;ERWAQ7;Arbeitslose nach ausgewählten Personengruppen;ARBEITSLOS06;schwerbehindert;493;Anzahl;ERWP06;Arbeitslose
13211;Arbeitsmarktstatistik der Bundesagentur für Arbeit;JAHR;Jahr;2012;KREISE;Kreise und kreisfreie Städte;12061;Dahme-Spreewald, Landkreis;ERWAQ7;Arbeitslose nach ausgewählten Personengruppen;ARBEITSLOS14;55 bis unter 65 Jahre;1359;Anzahl;ERWP06;Arbeitslose
13211;Arbeitsmarktstatistik der Bundesagentur für Arbeit;JAHR;Jahr;2014;KREISE;Kreise und kreisfreie Städte;12067;Oder-Spree, Landkreis;ERWAQ7;Arbeitslose nach ausgewählten Personengruppen;ARBEITSLOS14;55 bis unter 65 Jahre;2285;Anzahl;ERWP06;Arbeitslose
13211;Arbeitsmarktstatistik der Bundesagentur für Arbeit;JAHR;Jahr;2022;KREISE;Kreise und kreisfreie Städte;06439;Rheingau-Taunus-Kreis;ERWAQ7;Arbeitslose nach ausgewählten Personengruppen;ARBEITSLOS08;ausländisch;1658;Anzahl;ERWP06;Arbeitslose
13211;Arbeitsmarktstatistik der Bundesagentur für Arbeit;JAHR;Jahr;2024;KREISE;Kreise und kreisfreie Städte;12067;Oder-Spree, Landkreis;ERWAQ7;Arbeitslose nach ausgewählten Personengruppen;ARBEITSLOS08;ausländisch;1378;Anzahl;ERWP06;Arbeitslose
13211;Arbeitsmarktstatistik der Bundesagentur für Arbeit;JAHR;Jahr;2017;KREISE;Kreise und kreisfreie Städte;12064;Märkisch-Oderland, Landkreis;ERWAQ7;Arbeitslose nach ausgewählten Personengruppen;ARBEITSLOS08;ausländisch;402;Anzahl;ERWP06;Arbeitslose
13211;Arbeitsmarktstatistik der Bundesagentur für Arbeit;JAHR;Jahr;2018;KREISE;Kreise und kreisfreie Städte;12067;Oder-Spree, Landkreis;ERWAQ7;Arbeitslose nach ausgewählten Personengruppen;ARBEITSLOS13;15 bis unter 25 Jahre;513;Anzahl;ERWP06;Arbeitslose
13211;Arbeitsmarktstatistik der Bundesagentur für Arbeit;JAHR;Jahr;2012;KREISE;Kreise und kreisfreie Städte;06439;Rheingau-Taunus-Kreis;ERWAQ7;Arbeitslose nach ausgewählten Personengruppen;ARBEITSLOS14;55 bis unter 65 Jahre;860;Anzahl;ERWP06;Arbeitslose
13211;Arbeitsmarktstatistik der Bundesagentur für Arbeit;JAHR;Jahr;2016;KREISE;Kreise und kreisfreie Städte;12065;Oberhavel, Landkreis;ERWAQ7;Arbeitslose nach ausgewählten Personengruppen;ARBEITSLOS05;langzeitarbeitslos;3514;Anzahl;ERWP06;Arbeitslose
13211;Arbeitsmarktstatistik der Bundesagentur für Arbeit;JAHR;Jahr;2014;KREISE;Kreise und kreisfreie Städte;06633;Kassel, Landkreis;ERWAQ7;Arbeitslose nach ausgewählten Personengruppen;ARBEITSLOS05;langzeitarbeitslos;2370;Anzahl;ERWP06;Arbeitslose
13211;Arbeitsmarktstatistik der Bundesagentur für Arbeit;JAHR;Jahr;2019;KREISE;Kreise und kreisfreie Städte;12066;Oberspreewald-Lausitz, Landkreis;ERWAQ7;Arbeitslose nach ausgewählten Personengruppen;ARBEITSLOS12;15 bis unter 20 Jahre;53;Anzahl;ERWP06;Arbeitslose
13211;Arbeitsmarktstatistik der Bundesagentur für Arbeit;JAHR;Jahr;2014;KREISE;Kreise und kreisfreie Städte;12063;Havelland, Landkreis;ERWAQ7;Arbeitslose nach ausgewählten Personengruppen;ARBEITSLOS08;ausländisch;203;Anzahl;ERWP06;Arbeitslose
13211;Arbeitsmarktstatistik der Bundesagentur für Arbeit;JAHR;Jahr;2015;KREISE;Kreise und kreisfreie Städte;12066;Oberspreewald-Lausitz, Landkreis;ERWAQ7;Arbeitslose nach ausgewählten Personengruppen;ARBEITSLOS06;schwerbehindert;393;Anzahl;ERWP06;Arbeitslose
13211;Arbeitsmarktstatistik der Bundesagentur für Arbeit;JAHR;Jahr;2024;KREISE;Kreise und kreisfreie Städte;06535;Vogelsbergkreis;ERWAQ7;Arbeitslose nach ausgewählten Personengruppen;ARBEITSLOS06;schwerbehindert;205;Anzahl;ERWP06;Arbeitslose
13211;Arbeitsmarktstatistik der Bundesagentur für Arbeit;JAHR;Jahr;2023;KREISE;Kreise und kreisfreie Städte;12064;Märkisch-Oderland, Landkreis;ERWAQ7;Arbeitslose nach ausgewählten Personengruppen;ARBEITSLOS13;15 bis unter 25 Jahre;537;Anzahl;ERWP06;Arbeitslose
13211;Arbeitsmarktstatistik der Bundesagentur für Arbeit;JAHR;Jahr;2016;KREISE;Kreise und kreisfreie Städte;06533;Limburg-Weilburg, Landkreis;ERWAQ7;Arbeitslose nach ausgewählten Personengruppen;ARBEITSLOS14;55 bis unter 65 Jahre;848;Anzahl;ERWP06;Arbeitslose
13211;Arbeitsmarktstatistik der Bundesagentur für Arbeit;JAHR;Jahr;2020;KREISE;Kreise und kreisfreie Städte;12067;Oder-Spree, Landkreis;ERWAQ7;Arbeitslose nach ausgewählten Personengruppen;ARBEITSLOS12;15 bis unter 20 Jahre;131;Anzahl;ERWP06;Arbeitslose
13211;Arbeitsmarktstatistik der Bundesagentur für Arbeit;JAHR;Jahr;2024;KREISE;Kreise und kreisfreie Städte;12063;Havelland, Landkreis;ERWAQ7;Arbeitslose nach ausgewählten Personengruppen;ARBEITSLOS12;15 bis unter 20 Jahre;153;Anzahl;ERWP06;Arbeitslose
13211;Arbeitsmarktstatistik der Bundesagentur für Arbeit;JAHR;Jahr;2017;KREISE;Kreise und kreisfreie Städte;06532;Lahn-Dill-Kreis;ERWAQ7;Arbeitslose nach ausgewählten Personengruppen;ARBEITSLOS13;15 bis unter 25 Jahre;759;Anzahl;ERWP06;Arbeitslose
13211;Arbeitsmarktstatistik der Bundesagentur für Arbeit;JAHR;Jahr;2019;KREISE;Kreise und kreisfreie Städte;06533;Limburg-Weilburg, Landkreis;ERWAQ7;Arbeitslose nach ausgewählten Personengruppen;ARBEITSLOS14;55 bis unter 65 Jahre;716;Anzahl;ERWP06;Arbeitslose
13211;Arbeitsmarktstatistik der Bundesagentur für Arbeit;JAHR;Jahr;2014;KREISE;Kreise und kreisfreie Städte;06535;Vogelsbergkreis;ERWAQ7;Arbeitslose nach ausgewählten Personengruppen;ARBEITSLOS12;15 bis unter 20 Jahre;49;Anzahl;ERWP06;Arbeitslose
13211;Arbeitsmarktstatistik der Bundesagentur für Arbeit;JAHR;Jahr;2022;KREISE;Kreise und kreisfreie Städte;12065;Oberhavel, Landkreis;ERWAQ7;Arbeitslose nach ausgewählten Personengruppen;ARBEITSLOS14;55 bis unter 65 Jahre;1394;Anzahl;ERWP06;Arbeitslose
13211;Arbeitsmarktstatistik der Bundesagentur für Arbeit;JAHR;Jahr;2018;KREISE;Kreise und kreisfreie Städte;06531;Gießen, Landkreis;ERWAQ7;Arbeitslose nach ausgewählten Personengruppen;ARBEITSLOS12;15 bis unter 20 Jahre;125;Anzahl;ERWP06;Arbeitslose
13211;Arbeitsmarktstatistik der Bundesagentur für Arbeit;JAHR;Jahr;2020;KREISE;Kreise und kreisfreie Städte;06534;Marburg-Biedenkopf, Landkreis;ERWAQ7;Arbeitslose nach ausgewählten Personengruppen;ARBEITSLOS14;55 bis unter 65 Jahre;1063;Anzahl;ERWP06;Arbeitslose
13211;Arbeitsmarktstatistik der Bundesagentur für Arbeit;JAHR;Jahr;2025;KREISE;Kreise und kreisfreie Städte;12065;Oberhavel, Landkreis;ERWAQ7;Arbeitslose nach ausgewählten Personengruppen;ARBEITSLOS14;55 bis unter 65 Jahre;1657;Anzahl;ERWP06;Arbeitslose
13211;Arbeitsmarktstatistik der Bundesagentur für Arbeit;JAHR;Jahr;2018;KREISE;Kreise und kreisfreie Städte;06633;Kassel, Landkreis;ERWAQ7;Arbeitslose nach ausgewählten Personengruppen;ARBEITSLOS08;ausländisch;1023;Anzahl;ERWP06;Arbeitslose
13211;Arbeitsmarktstatistik der Bundesagentur für Arbeit;JAHR;Jahr;2013;KREISE;Kreise und kreisfreie Städte;06439;Rheingau-Taunus-Kreis;ERWAQ7;Arbeitslose nach ausgewählten Personengruppen;ARBEITSLOS06;schwerbehindert;210;Anzahl;ERWP06;Arbeitslose
13211;Arbeitsmarktstatistik der Bundesagentur für Arbeit;JAHR;Jahr;2013;KREISE;Kreise und kreisfreie Städte;12065;Oberhavel, Landkreis;ERWAQ7;Arbeitslose nach ausgewählten Personengruppen;ARBEITSLOS05;langzeitarbeitslos;4524;Anzahl;ERWP06;Arbeitslose
13211;Arbeitsmarktstatistik der Bundesagentur für Arbeit;JAHR;Jahr;2023;KREISE;Kreise und kreisfreie Städte;06531;Gießen, Landkreis;ERWAQ7;Arbeitslose nach ausgewählten Personengruppen;ARBEITSLOS08;ausländisch;3253;Anzahl;ERWP06;Arbeitslose
13211;Arbeitsmarktstatistik der Bundesagentur für Arbeit;JAHR;Jahr;2018;KREISE;Kreise und kreisfreie Städte;06636;Werra-Meißner-Kreis;ERWAQ7;Arbeitslose nach ausgewählten Personengruppen;ARBEITSLOS14;55 bis unter 65 Jahre;601;Anzahl;ERWP06;Arbeitslose
13211;Arbeitsmarktstatistik der Bundesagentur für Arbeit;JAHR;Jahr;2010;KREISE;Kreise und kreisfreie Städte;06535;Vogelsbergkreis;ERWAQ7;Arbeitslose nach ausgewählten Personengruppen;ARBEITSLOS06;schwerbehindert;315;Anzahl;ERWP06;Arbeitslose
13211;Arbeitsmarktstatistik der Bundesagentur für Arbeit;JAHR;Jahr;2019;KREISE;Kreise und kreisfreie Städte;12061;Dahme-Spreewald, Landkreis;ERWAQ7;Arbeitslose nach ausgewählten Personengruppen;ARBEITSLOS13;15 bis unter 25 Jahre;110;Anzahl;ERWP06;Arbeitslose
13211;Arbeitsmarktstatistik der Bundesagentur für Arbeit;JAHR;Jahr;2024;KREISE;Kreise und kreisfreie Städte;06636;Werra-Meißner-Kreis;ERWAQ7;Arbeitslose nach ausgewählten Personengruppen;ARBEITSLOS12;15 bis unter 20 Jahre;88;Anzahl;ERWP06;Arbeitslose
13211;Arbeitsmarktstatistik der Bundesagentur für Arbeit;JAHR;Jahr;2011;KREISE;Kreise und kreisfreie Städte;06531;Gießen, Landkreis;ERWAQ7;Arbeitslose nach ausgewählten Personengruppen;ARBEITSLOS06;schwerbehindert;833;Anzahl;ERWP06;Arbeitslose
13211;Arbeitsmarktstatistik der Bundesagentur für Arbeit;JAHR;Jahr;2018;KREISE;Kreise und kreisfreie Städte;06535;Vogelsbergkreis;ERWAQ7;Arbeitslose nach ausgewählten Personengruppen;ARBEITSLOS08;ausländisch;425;Anzahl;ERWP06;Arbeitslose
13211;Arbeitsmarktstatistik der Bundesagentur für Arbeit;JAHR;Jahr;2024;KREISE;Kreise und kreisfreie Städte;12063;Havelland, Landkreis;ERWAQ7;Arbeitslose nach ausgewählten Personengruppen;ARBEITSLOS05;langzeitarbeitslos;2071;Anzahl;ERWP06;Arbeitslose
13211;Arbeitsmarktstatistik der Bundesagentur für Arbeit;JAHR;Jahr;2012;KREISE;Kreise und kreisfreie Städte;06533;Limburg-Weilburg, Landkreis;ERWAQ7;Arbeitslose nach ausgewählten Personengruppen;ARBEITSLOS08;ausländisch;1104;Anzahl;ERWP06;Arbeitslose
13211;Arbeitsmarktstatistik der Bundesagentur für Arbeit;JAHR;Jahr;2011;KREISE;Kreise und kreisfreie Städte;06534;Marburg-Biedenkopf, Landkreis;ERWAQ7;Arbeitslose nach ausgewählten Personengruppen;ARBEITSLOS05;langzeitarbeitslos;2360;Anzahl;ERWP06;Arbeitslose
13211;Arbeitsmarktstatistik der Bundesagentur für Arbeit;JAHR;Jahr;2015;KREISE;Kreise und kreisfreie Städte;06535;Vogelsbergkreis;ERWAQ7;Arbeitslose nach ausgewählten Personengruppen;ARBEITSLOS08;ausländisch;219;Anzahl;ERWP06;Arbeitslose
13211;Arbeitsmarktstatistik der Bundesagentur für Arbeit;JAHR;Jahr;2023;KREISE;Kreise und kreisfreie Städte;12065;Oberhavel, Landkreis;ERWAQ7;Arbeitslose nach ausgewählten Personengruppen;ARBEITSLOS06;schwerbehindert;330;Anzahl;ERWP06;Arbeitslose
13211;Arbeitsmarktstatistik der Bundesagentur für Arbeit;JAHR;Jahr;2011;KREISE;Kreise und kreisfreie Städte;12065;Oberhavel, Landkreis;ERWAQ7;Arbeitslose nach ausgewählten Personengruppen;ARBEITSLOS14;55 bis unter 65 Jahre;2204;Anzahl;ERWP06;Arbeitslose
13211;Arbeitsmarktstatistik der Bundesagentur für Arbeit;JAHR;Jahr;2015;KREISE;Kreise und kreisfreie Städte;12065;Oberhavel, Landkreis;ERWAQ7;Arbeitslose nach ausgewählten Personengruppen;ARBEITSLOS13;15 bis unter 25 Jahre;570;Anzahl;ERWP06;Arbeitslose
13211;Arbeitsmarktstatistik der Bundesagentur für Arbeit;JAHR;Jahr;2012;KREISE;Kreise und kreisfreie Städte;12064;Märkisch-Oderland, Landkreis;ERWAQ7;Arbeitslose nach ausgewählten Personengruppen;ARBEITSLOS13;15 bis unter 25 Jahre;889;Anzahl;ERWP06;Arbeitslose
13211;Arbeitsmarktstatistik der Bundesagentur für Arbeit;JAHR;Jahr;2013;KREISE;Kreise und kreisfreie Städte;12063;Havelland, Landkreis;ERWAQ7;Arbeitslose nach ausgewählten Personengruppen;ARBEITSLOS12;15 bis unter 20 Jahre;100;Anzahl;ERWP06;Arbeitslose
13211;Arbeitsmarktstatistik der Bundesagentur für Arbeit;JAHR;Jahr;2013;KREISE;Kreise und kreisfreie Städte;06633;Kassel, Landkreis;ERWAQ7;Arbeitslose nach ausgewählten Personengruppen;ARBEITSLOS06;schwerbehindert;519;Anzahl;ERWP06;Arbeitslose
13211;Arbeitsmarktstatistik der Bundesagentur für Arbeit;JAHR;Jahr;2019;KREISE;Kreise und kreisfreie Städte;12067;Oder-Spree, Landkreis;ERWAQ7;Arbeitslose nach ausgewählten Personengruppen;ARBEITSLOS05;langzeitarbeitslos;2646;Anzahl;ERWP06;Arbeitslose
13211;Arbeitsmarktstatistik der Bundesagentur für Arbeit;JAHR;Jahr;2016;KREISE;Kreise und kreisfreie Städte;12064;Märkisch-Oderland, Landkreis;ERWAQ7;Arbeitslose nach ausgewählten Personengruppen;ARBEITSLOS12;15 bis unter 20 Jahre;117;Anzahl;ERWP06;Arbeitslose
13211;Arbeitsmarktstatistik der Bundesagentur für Arbeit;JAHR;Jahr;2025;KREISE;Kreise und kreisfreie Städte;06439;Rheingau-Taunus-Kreis;ERWAQ7;Arbeitslose nach ausgewählten Personengruppen;ARBEITSLOS08;ausländisch;2570;Anzahl;ERWP06;Arbeitslose
13211;Arbeitsmarktstatistik der Bundesagentur für Arbeit;JAHR;Jahr;2010;KREISE;Kreise und kreisfreie Städte;06636;Werra-Meißner-Kreis;ERWAQ7;Arbeitslose nach ausgewählten Personengruppen;ARBEITSLOS05;langzeitarbeitslos;1252;Anzahl;ERWP06;Arbeitslose
13211;Arbeitsmarktstatistik der Bundesagentur für Arbeit;JAHR;Jahr;2020;KREISE;Kreise und kreisfreie Städte;06532;Lahn-Dill-Kreis;ERWAQ7;Arbeitslose nach ausgewählten Personengruppen;ARBEITSLOS08;ausländisch;2517;Anzahl;ERWP06;Arbeitslose
13211;Arbeitsmarktstatistik der Bundesagentur für Arbeit;JAHR;Jahr;2020;KREISE;Kreise und kreisfreie Städte;12064;Märkisch-Oderland, Landkreis;ERWAQ7;Arbeitslose nach ausgewählten Personengruppen;ARBEITSLOS13;15 bis unter 25 Jahre;538;Anzahl;ERWP06;Arbeitslose
13211;Arbeitsmarktstatistik der Bundesagentur für Arbeit;JAHR;Jahr;2022;KREISE;Kreise und kreisfreie Städte;06534;Marburg-Biedenkopf, Landkreis;ERWAQ7;Arbeitslose nach ausgewählten Personengruppen;ARBEITSLOS05;langzeitarbeitslos;1752;Anzahl;ERWP06;Arbeitslose
13211;Arbeitsmarktstatistik der Bundesagentur für Arbeit;JAHR;Jahr;2016;KREISE;Kreise und kreisfreie Städte;06636;Werra-Meißner-Kreis;ERWAQ7;Arbeitslose nach ausgewählten Personengruppen;ARBEITSLOS06;schwerbehindert;309;Anzahl;ERWP06;Arbeitslose
13211;Arbeitsmarktstatistik der Bundesagentur für Arbeit;JAHR;Jahr;2021;KREISE;Kreise und kreisfreie Städte;06439;Rheingau-Taunus-Kreis;ERWAQ7;Arbeitslose nach ausgewählten Personengruppen;ARBEITSLOS12;15 bis unter 20 Jahre;77;Anzahl;ERWP06;Arbeitslose
13211;Arbeitsmarktstatistik der Bundesagentur für Arbeit;JAHR;Jahr;2021;KREISE;Kreise und kreisfreie Städte;06535;Vogelsbergkreis;ERWAQ7;Arbeitslose nach ausgewählten Personengruppen;ARBEITSLOS06;schwerbehindert;227;Anzahl;ERWP06;Arbeitslose
13211;Arbeitsmarktstatistik der Bundesagentur für Arbeit;JAHR;Jahr;2023;KREISE;Kreise und kreisfreie Städte;06533;Limburg-Weilburg, Landkreis;ERWAQ7;Arbeitslose nach ausgewählten Personengruppen;ARBEITSLOS08;ausländisch;1919;Anzahl;ERWP06;Arbeitslose
13211;Arbeitsmarktstatistik der Bundesagentur für Arbeit;JAHR;Jahr;2013;KREISE;Kreise und kreisfreie Städte;12063;Havelland, Landkreis;ERWAQ7;Arbeitslose nach ausgewählten Personengruppen;ARBEITSLOS05;langzeitarbeitslos;3343;Anzahl;ERWP06;Arbeitslose
13211;Arbeitsmarktstatistik der Bundesagentur für Arbeit;JAHR;Jahr;2013;KREISE;Kreise und kreisfreie Städte;12061;Dahme-Spreewald, Landkreis;ERWAQ7;Arbeitslose nach ausgewählten Personengruppen;ARBEITSLOS06;schwerbehindert;347;Anzahl;ERWP06;Arbeitslose
13211;Arbeitsmarktstatistik der Bundesagentur für Arbeit;JAHR;Jahr;2013;KREISE;Kreise und kreisfreie Städte;06531;Gießen, Landkreis;ERWAQ7;Arbeitslose nach ausgewählten Personengruppen;ARBEITSLOS14;55 bis unter 65 Jahre;1759;Anzahl;ERWP06;Arbeitslose
13211;Arbeitsmarktstatistik der Bundesagentur für Arbeit;JAHR;Jahr;2019;KREISE;Kreise und kreisfreie Städte;06439;Rheingau-Taunus-Kreis;ERWAQ7;Arbeitslose nach ausgewählten Personengruppen;ARBEITSLOS13;15 bis unter 25 Jahre;314;Anzahl;ERWP06;Arbeitslose
13211;Arbeitsmarktstatistik der Bundesagentur für Arbeit;JAHR;Jahr;2011;KREISE;Kreise und kreisfreie Städte;12063;Havelland, Landkreis;ERWAQ7;Arbeitslose nach ausgewählten Personengruppen;ARBEITSLOS08;ausländisch;181;Anzahl;ERWP06;Arbeitslose
13211;Arbeitsmarktstatistik der Bundesagentur für Arbeit;JAHR;Jahr;2025;KREISE;Kreise und kreisfreie Städte;06533;Limburg-Weilburg, Landkreis;ERWAQ7;Arbeitslose nach ausgewählten Personengruppen;ARBEITSLOS05;langzeitarbeitslos;1549;Anzahl;ERWP06;Arbeitslose
13211;Arbeitsmarktstatistik der Bundesagentur für Arbeit;JAHR;Jahr;2010;KREISE;Kreise und kreisfreie Städte;06534;Marburg-Biedenkopf, Landkreis;ERWAQ7;Arbeitslose nach ausgewählten Personengruppen;ARBEITSLOS13;15 bis unter 25 Jahre;826;Anzahl;ERWP06;Arbeitslose
13211;Arbeitsmarktstatistik der Bundesagentur für Arbeit;JAHR;Jahr;2011;KREISE;Kreise und kreisfreie Städte;06533;Limburg-Weilburg, Landkreis;ERWAQ7;Arbeitslose nach ausgewählten Personengruppen;ARBEITSLOS12;15 bis unter 20 Jahre;98;Anzahl;ERWP06;Arbeitslose
13211;Arbeitsmarktstatistik der Bundesagentur für Arbeit;JAHR;Jahr;2023;KREISE;Kreise und kreisfreie Städte;12061;Dahme-Spreewald, Landkreis;ERWAQ7;Arbeitslose nach ausgewählten Personengruppen;ARBEITSLOS14;55 bis unter 65 Jahre;967;Anzahl;ERWP06;Arbeitslose
13211;Arbeitsmarktstatistik der Bundesagentur für Arbeit;JAHR;Jahr;2021;KREISE;Kreise und kreisfreie Städte;12063;Havelland, Landkreis;ERWAQ7;Arbeitslose nach ausgewählten Personengruppen;ARBEITSLOS12;15 bis unter 20 Jahre;102;Anzahl;ERWP06;Arbeitslose
13211;Arbeitsmarktstatistik der Bundesagentur für Arbeit;JAHR;Jahr;2019;KREISE;Kreise und kreisfreie Städte;06535;Vogelsbergkreis;ERWAQ7;Arbeitslose nach ausgewählten Personengruppen;ARBEITSLOS14;55 bis unter 65 Jahre;561;Anzahl;ERWP06;Arbeitslose
13211;Arbeitsmarktstatistik der Bundesagentur für Arbeit;JAHR;Jahr;2021;KREISE;Kreise und kreisfreie Städte;06534;Marburg-Biedenkopf, Landkreis;ERWAQ7;Arbeitslose nach ausgewählten Personengruppen;ARBEITSLOS13;15 bis unter 25 Jahre;565;Anzahl;ERWP06;Arbeitslose
13211;Arbeitsmarktstatistik der Bundesagentur für Arbeit;JAHR;Jahr;2012;KREISE;Kreise und kreisfreie Städte;06633;Kassel, Landkreis;ERWAQ7;Arbeitslose nach ausgewählten Personengruppen;ARBEITSLOS14;55 bis unter 65 Jahre;1356;Anzahl;ERWP06;Arbeitslose
13211;Arbeitsmarktstatistik der Bundesagentur für Arbeit;JAHR;Jahr;2021;KREISE;Kreise und kreisfreie Städte;06633;Kassel, Landkreis;ERWAQ7;Arbeitslose nach ausgewählten Personengruppen;ARBEITSLOS06;schwerbehindert;445;Anzahl;ERWP06;Arbeitslose
13211;Arbeitsmarktstatistik der Bundesagentur für Arbeit;JAHR;Jahr;2022;KREISE;Kreise und kreisfreie Städte;06533;Limburg-Weilburg, Landkreis;ERWAQ7;Arbeitslose nach ausgewählten Personengruppen;ARBEITSLOS12;15 bis unter 20 Jahre;66;Anzahl;ERWP06;Arbeitslose
13211;Arbeitsmarktstatistik der Bundesagentur für Arbeit;JAHR;Jahr;2010;KREISE;Kreise und kreisfreie Städte;12064;Märkisch-Oderland, Landkreis;ERWAQ7;Arbeitslose nach ausgewählten Personengruppen;ARBEITSLOS05;langzeitarbeitslos;3966;Anzahl;ERWP06;Arbeitslose
13211;Arbeitsmarktstatistik der Bundesagentur für Arbeit;JAHR;Jahr;2010;KREISE;Kreise und kreisfreie Städte;12067;Oder-Spree, Landkreis;ERWAQ7;Arbeitslose nach ausgewählten Personengruppen;ARBEITSLOS08;ausländisch;428;Anzahl;ERWP06;Arbeitslose
13211;Arbeitsmarktstatistik der Bundesagentur für Arbeit;JAHR;Jahr;2024;KREISE;Kreise und kreisfreie Städte;06633;Kassel, Landkreis;ERWAQ7;Arbeitslose nach ausgewählten Personengruppen;ARBEITSLOS06;schwerbehindert;396;Anzahl;ERWP06;Arbeitslose
13211;Arbeitsmarktstatistik der Bundesagentur für Arbeit;JAHR;Jahr;2021;KREISE;Kreise und kreisfreie Städte;06636;Werra-Meißner-Kreis;ERWAQ7;Arbeitslose nach ausgewählten Personengruppen;ARBEITSLOS05;langzeitarbeitslos;956;Anzahl;ERWP06;Arbeitslose
13211;Arbeitsmarktstatistik der Bundesagentur für Arbeit;JAHR;Jahr;2012;KREISE;Kreise und kreisfreie Städte;12065;Oberhavel, Landkreis;ERWAQ7;Arbeitslose nach ausgewählten Personengruppen;ARBEITSLOS06;schwerbehindert;411;Anzahl;ERWP06;Arbeitslose
13211;Arbeitsmarktstatistik der Bundesagentur für Arbeit;JAHR;Jahr;2023;KREISE;Kreise und kreisfreie Städte;06535;Vogelsbergkreis;ERWAQ7;Arbeitslose nach ausgewählten Personengruppen;ARBEITSLOS14;55 bis unter 65 Jahre;621;Anzahl;ERWP06;Arbeitslose
13211;Arbeitsmarktstatistik der Bundesagentur für Arbeit;JAHR;Jahr;2019;KREISE;Kreise und kreisfreie Städte;06636;Werra-Meißner-Kreis;ERWAQ7;Arbeitslose nach ausgewählten Personengruppen;ARBEITSLOS06;schwerbehindert;275;Anzahl;ERWP06;Arbeitslose
13211;Arbeitsmarktstatistik der Bundesagentur für Arbeit;JAHR;Jahr;2013;KREISE;Kreise und kreisfreie Städte;12067;Oder-Spree, Landkreis;ERWAQ7;Arbeitslose nach ausgewählten Personengruppen;ARBEITSLOS08;ausländisch;344;Anzahl;ERWP06;Arbeitslose
13211;Arbeitsmarktstatistik der Bundesagentur für Arbeit;JAHR;Jahr;2016;KREISE;Kreise und kreisfreie Städte;06636;Werra-Meißner-Kreis;ERWAQ7;Arbeitslose nach ausgewählten Personengruppen;ARBEITSLOS13;15 bis unter 25 Jahre;331;Anzahl;ERWP06;Arbeitslose
13211;Arbeitsmarktstatistik der Bundesagentur für Arbeit;JAHR;Jahr;2024;KREISE;Kreise und kreisfreie Städte;06531;Gießen, Landkreis;ERWAQ7;Arbeitslose nach ausgewählten Personengruppen;ARBEITSLOS14;55 bis unter 65 Jahre;1744;Anzahl;ERWP06;Arbeitslose
13211;Arbeitsmarktstatistik der Bundesagentur für Arbeit;JAHR;Jahr;2017;KREISE;Kreise und kreisfreie Städte;06439;Rheingau-Taunus-Kreis;ERWAQ7;Arbeitslose nach ausgewählten Personengruppen;ARBEITSLOS05;langzeitarbeitslos;1855;Anzahl;ERWP06;Arbeitslose
13211;Arbeitsmarktstatistik der Bundesagentur für Arbeit;JAHR;Jahr;2025;KREISE;Kreise und kreisfreie Städte;06533;Limburg-Weilburg, Landkreis;ERWAQ7;Arbeitslose nach ausgewählten Personengruppen;ARBEITSLOS12;15 bis unter 20 Jahre;130;Anzahl;ERWP06;Arbeitslose
13211;Arbeitsmarktstatistik der Bundesagentur für Arbeit;JAHR;Jahr;2024;KREISE;Kreise und kreisfreie Städte;06534;Marburg-Biedenkopf, Landkreis;ERWAQ7;Arbeitslose nach ausgewählten Personengruppen;ARBEITSLOS13;15 bis unter 25 Jahre;685;Anzahl;ERWP06;Arbeitslose
13211;Arbeitsmarktstatistik der Bundesagentur für Arbeit;JAHR;Jahr;2023;KREISE;Kreise und kreisfreie Städte;06636;Werra-Meißner-Kreis;ERWAQ7;Arbeitslose nach ausgewählten Personengruppen;ARBEITSLOS13;15 bis unter 25 Jahre;303;Anzahl;ERWP06;Arbeitslose
13211;Arbeitsmarktstatistik der Bundesagentur für Arbeit;JAHR;Jahr;2010;KREISE;Kreise und kreisfreie Städte;12063;Havelland, Landkreis;ERWAQ7;Arbeitslose nach ausgewählten Personengruppen;ARBEITSLOS12;15 bis unter 20 Jahre;115;Anzahl;ERWP06;Arbeitslose
13211;Arbeitsmarktstatistik der Bundesagentur für Arbeit;JAHR;Jahr;2020;KREISE;Kreise und kreisfreie Städte;12065;Oberhavel, Landkreis;ERWAQ7;Arbeitslose nach ausgewählten Personengruppen;ARBEITSLOS06;schwerbehindert;368;Anzahl;ERWP06;Arbeitslose
13211;Arbeitsmarktstatistik der Bundesagentur für Arbeit;JAHR;Jahr;2020;KREISE;Kreise und kreisfreie Städte;06636;Werra-Meißner-Kreis;ERWAQ7;Arbeitslose nach ausgewählten Personengruppen;ARBEITSLOS13;15 bis unter 25 Jahre;341;Anzahl;ERWP06;Arbeitslose
13211;Arbeitsmarktstatistik der Bundesagentur für Arbeit;JAHR;Jahr;2015;KREISE;Kreise und kreisfreie Städte;12061;Dahme-Spreewald, Landkreis;ERWAQ7;Arbeitslose nach ausgewählten Personengruppen;ARBEITSLOS14;55 bis unter 65 Jahre;1392;Anzahl;ERWP06;Arbeitslose
13211;Arbeitsmarktstatistik der Bundesagentur für Arbeit;JAHR;Jahr;2023;KREISE;Kreise und kreisfreie Städte;06633;Kassel, Landkreis;ERWAQ7;Arbeitslose nach ausgewählten Personengruppen;ARBEITSLOS14;55 bis unter 65 Jahre;1328;Anzahl;ERWP06;Arbeitslose
13211;Arbeitsmarktstatistik der Bundesagentur für Arbeit;JAHR;Jahr;2021;KREISE;Kreise und kreisfreie Städte;12067;Oder-Spree, Landkreis;ERWAQ7;Arbeitslose nach ausgewählten Personengruppen;ARBEITSLOS08;ausländisch;830;Anzahl;ERWP06;Arbeitslose
13211;Arbeitsmarktstatistik der Bundesagentur für Arbeit;JAHR;Jahr;2021;KREISE;Kreise und kreisfreie Städte;12064;Märkisch-Oderland, Landkreis;ERWAQ7;Arbeitslose nach ausgewählten Personengruppen;ARBEITSLOS05;langzeitarbeitslos;2316;Anzahl;ERWP06;Arbeitslose
13211;Arbeitsmarktstatistik der Bundesagentur für Arbeit;JAHR;Jahr;2025;KREISE;Kreise und kreisfreie Städte;12063;Havelland, Landkreis;ERWAQ7;Arbeitslose nach ausgewählten Personengruppen;ARBEITSLOS08;ausländisch;1655;Anzahl;ERWP06;Arbeitslose
13211;Arbeitsmarktstatistik der Bundesagentur für Arbeit;JAHR;Jahr;2012;KREISE;Kreise und kreisfreie Städte;06531;Gießen, Landkreis;ERWAQ7;Arbeitslose nach ausgewählten Personengruppen;ARBEITSLOS08;ausländisch;1668;Anzahl;ERWP06;Arbeitslose
13211;Arbeitsmarktstatistik der Bundesagentur für Arbeit;JAHR;Jahr;2018;KREISE;Kreise und kreisfreie Städte;12061;Dahme-Spreewald, Landkreis;ERWAQ7;Arbeitslose nach ausgewählten Personengruppen;ARBEITSLOS08;ausländisch;327;Anzahl;ERWP06;Arbeitslose
13211;Arbeitsmarktstatistik der Bundesagentur für Arbeit;JAHR;Jahr;2025;KREISE;Kreise und kreisfreie Städte;06633;Kassel, Landkreis;ERWAQ7;Arbeitslose nach ausgewählten Personengruppen;ARBEITSLOS12;15 bis unter 20 Jahre;164;Anzahl;ERWP06;Arbeitslose
13211;Arbeitsmarktstatistik der Bundesagentur für Arbeit;JAHR;Jahr;2018;KREISE;Kreise und kreisfreie Städte;06439;Rheingau-Taunus-Kreis;ERWAQ7;Arbeitslose nach ausgewählten Personengruppen;ARBEITSLOS08;ausländisch;1445;Anzahl;ERWP06;Arbeitslose
13211;Arbeitsmarktstatistik der Bundesagentur für Arbeit;JAHR;Jahr;2020;KREISE;Kreise und kreisfreie Städte;06439;Rheingau-Taunus-Kreis;ERWAQ7;Arbeitslose nach ausgewählten Personengruppen;ARBEITSLOS06;schwerbehindert;198;Anzahl;ERWP06;Arbeitslose
13211;Arbeitsmarktstatistik der Bundesagentur für Arbeit;JAHR;Jahr;2017;KREISE;Kreise und kreisfreie Städte;12066;Oberspreewald-Lausitz, Landkreis;ERWAQ7;Arbeitslose nach ausgewählten Personengruppen;ARBEITSLOS14;55 bis unter 65 Jahre;1474;Anzahl;ERWP06;Arbeitslose
13211;Arbeitsmarktstatistik der Bundesagentur für Arbeit;JAHR;Jahr;2016;KREISE;Kreise und kreisfreie Städte;12063;Havelland, Landkreis;ERWAQ7;Arbeitslose nach ausgewählten Personengruppen;ARBEITSLOS05;langzeitarbeitslos;2653;Anzahl;ERWP06;Arbeitslose
13211;Arbeitsmarktstatistik der Bundesagentur für Arbeit;JAHR;Jahr;2024;KREISE;Kreise und kreisfreie Städte;06439;Rheingau-Taunus-Kreis;ERWAQ7;Arbeitslose nach ausgewählten Personengruppen;ARBEITSLOS06;schwerbehindert;181;Anzahl;ERWP06;Arbeitslose
13211;Arbeitsmarktstatistik der Bundesagentur für Arbeit;JAHR;Jahr;2019;KREISE;Kreise und kreisfreie Städte;06633;Kassel, Landkreis;ERWAQ7;Arbeitslose nach ausgewählten Personengruppen;ARBEITSLOS14;55 bis unter 65 Jahre;997;Anzahl;ERWP06;Arbeitslose
13211;Arbeitsmarktstatistik der Bundesagentur für Arbeit;JAHR;Jahr;2014;KREISE;Kreise und kreisfreie Städte;12061;Dahme-Spreewald, Landkreis;ERWAQ7;Arbeitslose nach ausgewählten Personengruppen;ARBEITSLOS08;ausländisch;261;Anzahl;ERWP06;Arbeitslose
13211;Arbeitsmarktstatistik der Bundesagentur für Arbeit;JAHR;Jahr;2012;KREISE;Kreise und kreisfreie Städte;06535;Vogelsbergkreis;ERWAQ7;Arbeitslose nach ausgewählten Personengruppen;ARBEITSLOS14;55 bis unter 65 Jahre;623;Anzahl;ERWP06;Arbeitslose
13211;Arbeitsmarktstatistik der Bundesagentur für Arbeit;JAHR;Jahr;2016;KREISE;Kreise und kreisfreie Städte;06535;Vogelsbergkreis;ERWAQ7;Arbeitslose nach ausgewählten Personengruppen;ARBEITSLOS14;55 bis unter 65 Jahre;637;Anzahl;ERWP06;Arbeitslose
13211;Arbeitsmarktstatistik der Bundesagentur für Arbeit;JAHR;Jahr;2023;KREISE;Kreise und kreisfreie Städte;12066;Oberspreewald-Lausitz, Landkreis;ERWAQ7;Arbeitslose nach ausgewählten Personengruppen;ARBEITSLOS12;15 bis unter 20 Jahre;54;Anzahl;ERWP06;Arbeitslose
13211;Arbeitsmarktstatistik der Bundesagentur für Arbeit;JAHR;Jahr;2024;KREISE;Kreise und kreisfreie Städte;12065;Oberhavel, Landkreis;ERWAQ7;Arbeitslose nach ausgewählten Personengruppen;ARBEITSLOS12;15 bis unter 20 Jahre;150;Anzahl;ERWP06;Arbeitslose
13211;Arbeitsmarktstatistik der Bundesagentur für Arbeit;JAHR;Jahr;2022;KREISE;Kreise und kreisfreie Städte;12067;Oder-Spree, Landkreis;ERWAQ7;Arbeitslose nach ausgewählten Personengruppen;ARBEITSLOS14;55 bis unter 65 Jahre;1612;Anzahl;ERWP06;Arbeitslose
13211;Arbeitsmarktstatistik der Bundesagentur für Arbeit;JAHR;Jahr;2014;KREISE;Kreise und kreisfreie Städte;06533;Limburg-Weilburg, Landkreis;ERWAQ7;Arbeitslose nach ausgewählten Personengruppen;ARBEITSLOS12;15 bis unter 20 Jahre;95;Anzahl;ERWP06;Arbeitslose
13211;Arbeitsmarktstatistik der Bundesagentur für Arbeit;JAHR;Jahr;2018;KREISE;Kreise und kreisfreie Städte;06533;Limburg-Weilburg, Landkreis;ERWAQ7;Arbeitslose nach ausgewählten Personengruppen;ARBEITSLOS12;15 bis unter 20 Jahre;64;Anzahl;ERWP06;Arbeitslose
13211;Arbeitsmarktstatistik der Bundesagentur für Arbeit;JAHR;Jahr;2020;KREISE;Kreise und kreisfreie Städte;12065;Oberhavel, Landkreis;ERWAQ7;Arbeitslose nach ausgewählten Personengruppen;ARBEITSLOS12;15 bis unter 20 Jahre;141;Anzahl;ERWP06;Arbeitslose
13211;Arbeitsmarktstatistik der Bundesagentur für Arbeit;JAHR;Jahr;2017;KREISE;Kreise und kreisfreie Städte;06534;Marburg-Biedenkopf, Landkreis;ERWAQ7;Arbeitslose nach ausgewählten Personengruppen;ARBEITSLOS12;15 bis unter 20 Jahre;98;Anzahl;ERWP06;Arbeitslose
13211;Arbeitsmarktstatistik der Bundesagentur für Arbeit;JAHR;Jahr;2010;KREISE;Kreise und kreisfreie Städte;06439;Rheingau-Taunus-Kreis;ERWAQ7;Arbeitslose nach ausgewählten Personengruppen;ARBEITSLOS06;schwerbehindert;239;Anzahl;ERWP06;Arbeitslose
13211;Arbeitsmarktstatistik der Bundesagentur für Arbeit;JAHR;Jahr;2025;KREISE;Kreise und kreisfreie Städte;12067;Oder-Spree, Landkreis;ERWAQ7;Arbeitslose nach ausgewählten Personengruppen;ARBEITSLOS14;55 bis unter 65 Jahre;1707;Anzahl;ERWP06;Arbeitslose
13211;Arbeitsmarktstatistik der Bundesagentur für Arbeit;JAHR;Jahr;2023;KREISE;Kreise und kreisfreie Städte;06636;Werra-Meißner-Kreis;ERWAQ7;Arbeitslose nach ausgewählten Personengruppen;ARBEITSLOS06;schwerbehindert;263;Anzahl;ERWP06;Arbeitslose
13211;Arbeitsmarktstatistik der Bundesagentur für Arbeit;JAHR;Jahr;2022;KREISE;Kreise und kreisfreie Städte;06531;Gießen, Landkreis;ERWAQ7;Arbeitslose nach ausgewählten Personengruppen;ARBEITSLOS13;15 bis unter 25 Jahre;678;Anzahl;ERWP06;Arbeitslose
13211;Arbeitsmarktstatistik der Bundesagentur für Arbeit;JAHR;Jahr;2011;KREISE;Kreise und kreisfreie Städte;06439;Rheingau-Taunus-Kreis;ERWAQ7;Arbeitslose nach ausgewählten Personengruppen;ARBEITSLOS08;ausländisch;975;Anzahl;ERWP06;Arbeitslose
13211;Arbeitsmarktstatistik der Bundesagentur für Arbeit;JAHR;Jahr;2019;KREISE;Kreise und kreisfreie Städte;06531;Gießen, Landkreis;ERWAQ7;Arbeitslose nach ausgewählten Personengruppen;ARBEITSLOS08;ausländisch;2288;Anzahl;ERWP06;Arbeitslose
13211;Arbeitsmarktstatistik der Bundesagentur für Arbeit;JAHR;Jahr;2019;KREISE;Kreise und kreisfreie Städte;12064;Märkisch-Oderland, Landkreis;ERWAQ7;Arbeitslose nach ausgewählten Personengruppen;ARBEITSLOS12;15 bis unter 20 Jahre;120;Anzahl;ERWP06;Arbeitslose
13211;Arbeitsmarktstatistik der Bundesagentur für Arbeit;JAHR;Jahr;2019;KREISE;Kreise und kreisfreie Städte;12063;Havelland, Landkreis;ERWAQ7;Arbeitslose nach ausgewählten Personengruppen;ARBEITSLOS13;15 bis unter 25 Jahre;437;Anzahl;ERWP06;Arbeitslose
13211;Arbeitsmarktstatistik der Bundesagentur für Arbeit;JAHR;Jahr;2015;KREISE;Kreise und kreisfreie Städte;06439;Rheingau-Taunus-Kreis;ERWAQ7;Arbeitslose nach ausgewählten Personengruppen;ARBEITSLOS08;ausländisch;990;Anzahl;ERWP06;Arbeitslose
13211;Arbeitsmarktstatistik der Bundesagentur für Arbeit;JAHR;Jahr;2014;KREISE;Kreise und kreisfreie Städte;06439;Rheingau-Taunus-Kreis;ERWAQ7;Arbeitslose nach ausgewählten Personengruppen;ARBEITSLOS08;ausländisch;968;Anzahl;ERWP06;Arbeitslose
13211;Arbeitsmarktstatistik der Bundesagentur für Arbeit;JAHR;Jahr;2024;KREISE;Kreise und kreisfreie Städte;12061;Dahme-Spreewald, Landkreis;ERWAQ7;Arbeitslose nach ausgewählten Personengruppen;ARBEITSLOS05;langzeitarbeitslos;1018;Anzahl;ERWP06;Arbeitslose
13211;Arbeitsmarktstatistik der Bundesagentur für Arbeit;JAHR;Jahr;2012;KREISE;Kreise und kreisfreie Städte;06532;Lahn-Dill-Kreis;ERWAQ7;Arbeitslose nach ausgewählten Personengruppen;ARBEITSLOS05;langzeitarbeitslos;3134;Anzahl;ERWP06;Arbeitslose
13211;Arbeitsmarktstatistik der Bundesagentur für Arbeit;JAHR;Jahr;2011;KREISE;Kreise und kreisfreie Städte;06532;Lahn-Dill-Kreis;ERWAQ7;Arbeitslose nach ausgewählten Personengruppen;ARBEITSLOS05;langzeitarbeitslos;3272;Anzahl;ERWP06;Arbeitslose
13211;Arbeitsmarktstatistik der Bundesagentur für Arbeit;JAHR;Jahr;2016;KREISE;Kreise und kreisfreie Städte;06531;Gießen, Landkreis;ERWAQ7;Arbeitslose nach ausgewählten Personengruppen;ARBEITSLOS08;ausländisch;2052;Anzahl;ERWP06;Arbeitslose
13211;Arbeitsmarktstatistik der Bundesagentur für Arbeit;JAHR;Jahr;2010;KREISE;Kreise und kreisfreie Städte;12061;Dahme-Spreewald, Landkreis;ERWAQ7;Arbeitslose nach ausgewählten Personengruppen;ARBEITSLOS13;15 bis unter 25 Jahre;832;Anzahl;ERWP06;Arbeitslose
13211;Arbeitsmarktstatistik der Bundesagentur für Arbeit;JAHR;Jahr;2015;KREISE;Kreise und kreisfreie Städte;06532;Lahn-Dill-Kreis;ERWAQ7;Arbeitslose nach ausgewählten Personengruppen;ARBEITSLOS05;langzeitarbeitslos;3604;Anzahl;ERWP06;Arbeitslose
13211;Arbeitsmarktstatistik der Bundesagentur für Arbeit;JAHR;Jahr;2013;KREISE;Kreise und kreisfreie Städte;06535;Vogelsbergkreis;ERWAQ7;Arbeitslose nach ausgewählten Personengruppen;ARBEITSLOS06;schwerbehindert;222;Anzahl;ERWP06;Arbeitslose
13211;Arbeitsmarktstatistik der Bundesagentur für Arbeit;JAHR;Jahr;2023;KREISE;Kreise und kreisfreie Städte;12067;Oder-Spree, Landkreis;ERWAQ7;Arbeitslose nach ausgewählten Personengruppen;ARBEITSLOS06;schwerbehindert;298;Anzahl;ERWP06;Arbeitslose
13211;Arbeitsmarktstatistik der Bundesagentur für Arbeit;JAHR;Jahr;2013;KREISE;Kreise und kreisfreie Städte;12065;Oberhavel, Landkreis;ERWAQ7;Arbeitslose nach ausgewählten Personengruppen;ARBEITSLOS12;15 bis unter 20 Jahre;82;Anzahl;ERWP06;Arbeitslose
13211;Arbeitsmarktstatistik der Bundesagentur für Arbeit;JAHR;Jahr;2012;KREISE;Kreise und kreisfreie Städte;12066;Oberspreewald-Lausitz, Landkreis;ERWAQ7;Arbeitslose nach ausgewählten Personengruppen;ARBEITSLOS12;15 bis unter 20 Jahre;98;Anzahl;ERWP06;Arbeitslose
13211;Arbeitsmarktstatistik der Bundesagentur für Arbeit;JAHR;Jahr;2015;KREISE;Kreise und kreisfreie Städte;12063;Havelland, Landkreis;ERWAQ7;Arbeitslose nach ausgewählten Personengruppen;ARBEITSLOS13;15 bis unter 25 Jahre;480;Anzahl;ERWP06;Arbeitslose
13211;Arbeitsmarktstatistik der Bundesagentur für Arbeit;JAHR;Jahr;2025;KREISE;Kreise und kreisfreie Städte;06636;Werra-Meißner-Kreis;ERWAQ7;Arbeitslose nach ausgewählten Personengruppen;ARBEITSLOS14;55 bis unter 65 Jahre;649;Anzahl;ERWP06;Arbeitslose
13211;Arbeitsmarktstatistik der Bundesagentur für Arbeit;JAHR;Jahr;2011;KREISE;Kreise und kreisfreie Städte;12067;Oder-Spree, Landkreis;ERWAQ7;Arbeitslose nach ausgewählten Personengruppen;ARBEITSLOS14;55 bis unter 65 Jahre;2166;Anzahl;ERWP06;Arbeitslose
13211;Arbeitsmarktstatistik der Bundesagentur für Arbeit;JAHR;Jahr;2017;KREISE;Kreise und kreisfreie Städte;12061;Dahme-Spreewald, Landkreis;ERWAQ7;Arbeitslose nach ausgewählten Personengruppen;ARBEITSLOS05;langzeitarbeitslos;1468;Anzahl;ERWP06;Arbeitslose
13211;Arbeitsmarktstatistik der Bundesagentur für Arbeit;JAHR;Jahr;2016;KREISE;Kreise und kreisfreie Städte;12066;Oberspreewald-Lausitz, Landkreis;ERWAQ7;Arbeitslose nach ausgewählten Personengruppen;ARBEITSLOS12;15 bis unter 20 Jahre;46;Anzahl;ERWP06;Arbeitslose
13211;Arbeitsmarktstatistik der Bundesagentur für Arbeit;JAHR;Jahr;2021;KREISE;Kreise und kreisfreie Städte;06439;Rheingau-Taunus-Kreis;ERWAQ7;Arbeitslose nach ausgewählten Personengruppen;ARBEITSLOS06;schwerbehindert;205;Anzahl;ERWP06;Arbeitslose
13211;Arbeitsmarktstatistik der Bundesagentur für Arbeit;JAHR;Jahr;2015;KREISE;Kreise und kreisfreie Städte;06439;Rheingau-Taunus-Kreis;ERWAQ7;Arbeitslose nach ausgewählten Personengruppen;ARBEITSLOS14;55 bis unter 65 Jahre;1001;Anzahl;ERWP06;Arbeitslose
13211;Arbeitsmarktstatistik der Bundesagentur für Arbeit;JAHR;Jahr;2018;KREISE;Kreise und kreisfreie Städte;12066;Oberspreewald-Lausitz, Landkreis;ERWAQ7;Arbeitslose nach ausgewählten Personengruppen;ARBEITSLOS06;schwerbehindert;268;Anzahl;ERWP06;Arbeitslose
13211;Arbeitsmarktstatistik der Bundesagentur für Arbeit;JAHR;Jahr;2021;KREISE;Kreise und kreisfreie Städte;12067;Oder-Spree, Landkreis;ERWAQ7;Arbeitslose nach ausgewählten Personengruppen;ARBEITSLOS14;55 bis unter 65 Jahre;1664;Anzahl;ERWP06;Arbeitslose
13211;Arbeitsmarktstatistik der Bundesagentur für Arbeit;JAHR;Jahr;2021;KREISE;Kreise und kreisfreie Städte;12065;Oberhavel, Landkreis;ERWAQ7;Arbeitslose nach ausgewählten Personengruppen;ARBEITSLOS12;15 bis unter 20 Jahre;128;Anzahl;ERWP06;Arbeitslose
13211;Arbeitsmarktstatistik der Bundesagentur für Arbeit;JAHR;Jahr;2019;KREISE;Kreise und kreisfreie Städte;06439;Rheingau-Taunus-Kreis;ERWAQ7;Arbeitslose nach ausgewählten Personengruppen;ARBEITSLOS14;55 bis unter 65 Jahre;829;Anzahl;ERWP06;Arbeitslose
13211;Arbeitsmarktstatistik der Bundesagentur für Arbeit;JAHR;Jahr;2014;KREISE;Kreise und kreisfreie Städte;06532;Lahn-Dill-Kreis;ERWAQ7;Arbeitslose nach ausgewählten Personengruppen;ARBEITSLOS13;15 bis unter 25 Jahre;828;Anzahl;ERWP06;Arbeitslose
13211;Arbeitsmarktstatistik der Bundesagentur für Arbeit;JAHR;Jahr;2015;KREISE;Kreise und kreisfreie Städte;12061;Dahme-Spreewald, Landkreis;ERWAQ7;Arbeitslose nach ausgewählten Personengruppen;ARBEITSLOS08;ausländisch;303;Anzahl;ERWP06;Arbeitslose
13211;Arbeitsmarktstatistik der Bundesagentur für Arbeit;JAHR;Jahr;2013;KREISE;Kreise und kreisfreie Städte;12061;Dahme-Spreewald, Landkreis;ERWAQ7;Arbeitslose nach ausgewählten Personengruppen;ARBEITSLOS05;langzeitarbeitslos;1918;Anzahl;ERWP06;Arbeitslose
13211;Arbeitsmarktstatistik der Bundesagentur für Arbeit;JAHR;Jahr;2010;KREISE;Kreise und kreisfreie Städte;06532;Lahn-Dill-Kreis;ERWAQ7;Arbeitslose nach ausgewählten Personengruppen;ARBEITSLOS13;15 bis unter 25 Jahre;1088;Anzahl;ERWP06;Arbeitslose
13211;Arbeitsmarktstatistik der Bundesagentur für Arbeit;JAHR;Jahr;2011;KREISE;Kreise und kreisfreie Städte;06531;Gießen, Landkreis;ERWAQ7;Arbeitslose nach ausgewählten Personengruppen;ARBEITSLOS13;15 bis unter 25 Jahre;900;Anzahl;ERWP06;Arbeitslose
13211;Arbeitsmarktstatistik der Bundesagentur für Arbeit;JAHR;Jahr;2022;KREISE;Kreise und kreisfreie Städte;06532;Lahn-Dill-Kreis;ERWAQ7;Arbeitslose nach ausgewählten Personengruppen;ARBEITSLOS05;langzeitarbeitslos;2517;Anzahl;ERWP06;Arbeitslose
13211;Arbeitsmarktstatistik der Bundesagentur für Arbeit;JAHR;Jahr;2011;KREISE;Kreise und kreisfreie Städte;06535;Vogelsbergkreis;ERWAQ7;Arbeitslose nach ausgewählten Personengruppen;ARBEITSLOS12;15 bis unter 20 Jahre;38;Anzahl;ERWP06;Arbeitslose
13211;Arbeitsmarktstatistik der Bundesagentur für Arbeit;JAHR;Jahr;2011;KREISE;Kreise und kreisfreie Städte;12061;Dahme-Spreewald, Landkreis;ERWAQ7;Arbeitslose nach ausgewählten Personengruppen;ARBEITSLOS08;ausländisch;212;Anzahl;ERWP06;Arbeitslose
13211;Arbeitsmarktstatistik der Bundesagentur für Arbeit;JAHR;Jahr;2014;KREISE;Kreise und kreisfreie Städte;06633;Kassel, Landkreis;ERWAQ7;Arbeitslose nach ausgewählten Personengruppen;ARBEITSLOS12;15 bis unter 20 Jahre;123;Anzahl;ERWP06;Arbeitslose
13211;Arbeitsmarktstatistik der Bundesagentur für Arbeit;JAHR;Jahr;2021;KREISE;Kreise und kreisfreie Städte;06535;Vogelsbergkreis;ERWAQ7;Arbeitslose nach ausgewählten Personengruppen;ARBEITSLOS12;15 bis unter 20 Jahre;45;Anzahl;ERWP06;Arbeitslose
13211;Arbeitsmarktstatistik der Bundesagentur für Arbeit;JAHR;Jahr;2025;KREISE;Kreise und kreisfreie Städte;06531;Gießen, Landkreis;ERWAQ7;Arbeitslose nach ausgewählten Personengruppen;ARBEITSLOS05;langzeitarbeitslos;3300;Anzahl;ERWP06;Arbeitslose
13211;Arbeitsmarktstatistik der Bundesagentur für Arbeit;JAHR;Jahr;2022;KREISE;Kreise und kreisfreie Städte;06535;Vogelsbergkreis;ERWAQ7;Arbeitslose nach ausgewählten Personengruppen;ARBEITSLOS12;15 bis unter 20 Jahre;67;Anzahl;ERWP06;Arbeitslose
13211;Arbeitsmarktstatistik der Bundesagentur für Arbeit;JAHR;Jahr;2011;KREISE;Kreise und kreisfreie Städte;06633;Kassel, Landkreis;ERWAQ7;Arbeitslose nach ausgewählten Personengruppen;ARBEITSLOS12;15 bis unter 20 Jahre;143;Anzahl;ERWP06;Arbeitslose
13211;Arbeitsmarktstatistik der Bundesagentur für Arbeit;JAHR;Jahr;2023;KREISE;Kreise und kreisfreie Städte;06439;Rheingau-Taunus-Kreis;ERWAQ7;Arbeitslose nach ausgewählten Personengruppen;ARBEITSLOS14;55 bis unter 65 Jahre;1036;Anzahl;ERWP06;Arbeitslose
13211;Arbeitsmarktstatistik der Bundesagentur für Arbeit;JAHR;Jahr;2012;KREISE;Kreise und kreisfreie Städte;12067;Oder-Spree, Landkreis;ERWAQ7;Arbeitslose nach ausgewählten Personengruppen;ARBEITSLOS06;schwerbehindert;506;Anzahl;ERWP06;Arbeitslose
13211;Arbeitsmarktstatistik der Bundesagentur für Arbeit;JAHR;Jahr;2021;KREISE;Kreise und kreisfreie Städte;06532;Lahn-Dill-Kreis;ERWAQ7;Arbeitslose nach ausgewählten Personengruppen;ARBEITSLOS13;15 bis unter 25 Jahre;607;Anzahl;ERWP06;Arbeitslose
13211;Arbeitsmarktstatistik der Bundesagentur für Arbeit;JAHR;Jahr;2017;KREISE;Kreise und kreisfreie Städte;06636;Werra-Meißner-Kreis;ERWAQ7;Arbeitslose nach ausgewählten Personengruppen;ARBEITSLOS08;ausländisch;457;Anzahl;ERWP06;Arbeitslose
13211;Arbeitsmarktstatistik der Bundesagentur für Arbeit;JAHR;Jahr;2025;KREISE;Kreise und kreisfreie Städte;06532;Lahn-Dill-Kreis;ERWAQ7;Arbeitslose nach ausgewählten Personengruppen;ARBEITSLOS13;15 bis unter 25 Jahre;925;Anzahl;ERWP06;Arbeitslose
13211;Arbeitsmarktstatistik der Bundesagentur für Arbeit;JAHR;Jahr;2022;KREISE;Kreise und kreisfreie Städte;06633;Kassel, Landkreis;ERWAQ7;Arbeitslose nach ausgewählten Personengruppen;ARBEITSLOS12;15 bis unter 20 Jahre;123;Anzahl;ERWP06;Arbeitslose
13211;Arbeitsmarktstatistik der Bundesagentur für Arbeit;JAHR;Jahr;2021;KREISE;Kreise und kreisfreie Städte;06633;Kassel, Landkreis;ERWAQ7;Arbeitslose nach ausgewählten Personengruppen;ARBEITSLOS12;15 bis unter 20 Jahre;95;Anzahl;ERWP06;Arbeitslose
13211;Arbeitsmarktstatistik der Bundesagentur für Arbeit;JAHR;Jahr;2024;KREISE;Kreise und kreisfreie Städte;06532;Lahn-Dill-Kreis;ERWAQ7;Arbeitslose nach ausgewählten Personengruppen;ARBEITSLOS13;15 bis unter 25 Jahre;846;Anzahl;ERWP06;Arbeitslose
13211;Arbeitsmarktstatistik der Bundesagentur für Arbeit;JAHR;Jahr;2025;KREISE;Kreise und kreisfreie Städte;06535;Vogelsbergkreis;ERWAQ7;Arbeitslose nach ausgewählten Personengruppen;ARBEITSLOS12;15 bis unter 20 Jahre;98;Anzahl;ERWP06;Arbeitslose
13211;Arbeitsmarktstatistik der Bundesagentur für Arbeit;JAHR;Jahr;2010;KREISE;Kreise und kreisfreie Städte;12065;Oberhavel, Landkreis;ERWAQ7;Arbeitslose nach ausgewählten Personengruppen;ARBEITSLOS12;15 bis unter 20 Jahre;89;Anzahl;ERWP06;Arbeitslose
13211;Arbeitsmarktstatistik der Bundesagentur für Arbeit;JAHR;Jahr;2020;KREISE;Kreise und kreisfreie Städte;12067;Oder-Spree, Landkreis;ERWAQ7;Arbeitslose nach ausgewählten Personengruppen;ARBEITSLOS06;schwerbehindert;238;Anzahl;ERWP06;Arbeitslose
13211;Arbeitsmarktstatistik der Bundesagentur für Arbeit;JAHR;Jahr;2022;KREISE;Kreise und kreisfreie Städte;12061;Dahme-Spreewald, Landkreis;ERWAQ7;Arbeitslose nach ausgewählten Personengruppen;ARBEITSLOS08;ausländisch;685;Anzahl;ERWP06;Arbeitslose
13211;Arbeitsmarktstatistik der Bundesagentur für Arbeit;JAHR;Jahr;2018;KREISE;Kreise und kreisfreie Städte;06531;Gießen, Landkreis;ERWAQ7;Arbeitslose nach ausgewählten Personengruppen;ARBEITSLOS05;langzeitarbeitslos;3092;Anzahl;ERWP06;Arbeitslose
13211;Arbeitsmarktstatistik der Bundesagentur für Arbeit;JAHR;Jahr;2025;KREISE;Kreise und kreisfreie Städte;12061;Dahme-Spreewald, Landkreis;ERWAQ7;Arbeitslose nach ausgewählten Personengruppen;ARBEITSLOS08;ausländisch;858;Anzahl;ERWP06;Arbeitslose
13211;Arbeitsmarktstatistik der Bundesagentur für Arbeit;JAHR;Jahr;2014;KREISE;Kreise und kreisfreie Städte;12067;Oder-Spree, Landkreis;ERWAQ7;Arbeitslose nach ausgewählten Personengruppen;ARBEITSLOS13;15 bis unter 25 Jahre;622;Anzahl;ERWP06;Arbeitslose
13211;Arbeitsmarktstatistik der Bundesagentur für Arbeit;JAHR;Jahr;2015;KREISE;Kreise und kreisfreie Städte;06534;Marburg-Biedenkopf, Landkreis;ERWAQ7;Arbeitslose nach ausgewählten Personengruppen;ARBEITSLOS05;langzeitarbeitslos;1648;Anzahl;ERWP06;Arbeitslose
13211;Arbeitsmarktstatistik der Bundesagentur für Arbeit;JAHR;Jahr;2013;KREISE;Kreise und kreisfreie Städte;06532;Lahn-Dill-Kreis;ERWAQ7;Arbeitslose nach ausgewählten Personengruppen;ARBEITSLOS08;ausländisch;1712;Anzahl;ERWP06;Arbeitslose
13211;Arbeitsmarktstatistik der Bundesagentur für Arbeit;JAHR;Jahr;2015;KREISE;Kreise und kreisfreie Städte;12066;Oberspreewald-Lausitz, Landkreis;ERWAQ7;Arbeitslose nach ausgewählten Personengruppen;ARBEITSLOS12;15 bis unter 20 Jahre;51;Anzahl;ERWP06;Arbeitslose
13211;Arbeitsmarktstatistik der Bundesagentur für Arbeit;JAHR;Jahr;2018;KREISE;Kreise und kreisfreie Städte;12063;Havelland, Landkreis;ERWAQ7;Arbeitslose nach ausgewählten Personengruppen;ARBEITSLOS08;ausländisch;482;Anzahl;ERWP06;Arbeitslose
13211;Arbeitsmarktstatistik der Bundesagentur für Arbeit;JAHR;Jahr;2021;KREISE;Kreise und kreisfreie Städte;12066;Oberspreewald-Lausitz, Landkreis;ERWAQ7;Arbeitslose nach ausgewählten Personengruppen;ARBEITSLOS05;langzeitarbeitslos;1930;Anzahl;ERWP06;Arbeitslose
13211;Arbeitsmarktstatistik der Bundesagentur für Arbeit;JAHR;Jahr;2014;KREISE;Kreise und kreisfreie Städte;12063;Havelland, Landkreis;ERWAQ7;Arbeitslose nach ausgewählten Personengruppen;ARBEITSLOS12;15 bis unter 20 Jahre;96;Anzahl;ERWP06;Arbeitslose
13211;Arbeitsmarktstatistik der Bundesagentur für Arbeit;JAHR;Jahr;2014;KREISE;Kreise und kreisfreie Städte;06633;Kassel, Landkreis;ERWAQ7;Arbeitslose nach ausgewählten Personengruppen;ARBEITSLOS06;schwerbehindert;498;Anzahl;ERWP06;Arbeitslose
13211;Arbeitsmarktstatistik der Bundesagentur für Arbeit;JAHR;Jahr;2015;KREISE;Kreise und kreisfreie Städte;06636;Werra-Meißner-Kreis;ERWAQ7;Arbeitslose nach ausgewählten Personengruppen;ARBEITSLOS06;schwerbehindert;316;Anzahl;ERWP06;Arbeitslose
13211;Arbeitsmarktstatistik der Bundesagentur für Arbeit;JAHR;Jahr;2019;KREISE;Kreise und kreisfreie Städte;12066;Oberspreewald-Lausitz, Landkreis;ERWAQ7;Arbeitslose nach ausgewählten Personengruppen;ARBEITSLOS06;schwerbehindert;238;Anzahl;ERWP06;Arbeitslose
13211;Arbeitsmarktstatistik der Bundesagentur für Arbeit;JAHR;Jahr;2011;KREISE;Kreise und kreisfreie Städte;06636;Werra-Meißner-Kreis;ERWAQ7;Arbeitslose nach ausgewählten Personengruppen;ARBEITSLOS05;langzeitarbeitslos;1137;Anzahl;ERWP06;Arbeitslose
13211;Arbeitsmarktstatistik der Bundesagentur für Arbeit;JAHR;Jahr;2012;KREISE;Kreise und kreisfreie Städte;06533;Limburg-Weilburg, Landkreis;ERWAQ7;Arbeitslose nach ausgewählten Personengruppen;ARBEITSLOS14;55 bis unter 65 Jahre;817;Anzahl;ERWP06;Arbeitslose
13211;Arbeitsmarktstatistik der Bundesagentur für Arbeit;JAHR;Jahr;2022;KREISE;Kreise und kreisfreie Städte;06533;Limburg-Weilburg, Landkreis;ERWAQ7;Arbeitslose nach ausgewählten Personengruppen;ARBEITSLOS08;ausländisch;1496;Anzahl;ERWP06;Arbeitslose
13211;Arbeitsmarktstatistik der Bundesagentur für Arbeit;JAHR;Jahr;2013;KREISE;Kreise und kreisfreie Städte;06532;Lahn-Dill-Kreis;ERWAQ7;Arbeitslose nach ausgewählten Personengruppen;ARBEITSLOS13;15 bis unter 25 Jahre;905;Anzahl;ERWP06;Arbeitslose
13211;Arbeitsmarktstatistik der Bundesagentur für Arbeit;JAHR;Jahr;2024;KREISE;Kreise und kreisfreie Städte;06535;Vogelsbergkreis;ERWAQ7;Arbeitslose nach ausgewählten Personengruppen;ARBEITSLOS05;langzeitarbeitslos;805;Anzahl;ERWP06;Arbeitslose
13211;Arbeitsmarktstatistik der Bundesagentur für Arbeit;JAHR;Jahr;2022;KREISE;Kreise und kreisfreie Städte;06439;Rheingau-Taunus-Kreis;ERWAQ7;Arbeitslose nach ausgewählten Personengruppen;ARBEITSLOS14;55 bis unter 65 Jahre;959;Anzahl;ERWP06;Arbeitslose
13211;Arbeitsmarktstatistik der Bundesagentur für Arbeit;JAHR;Jahr;2010;KREISE;Kreise und kreisfreie Städte;06633;Kassel, Landkreis;ERWAQ7;Arbeitslose nach ausgewählten Personengruppen;ARBEITSLOS12;15 bis unter 20 Jahre;153;Anzahl;ERWP06;Arbeitslose
13211;Arbeitsmarktstatistik der Bundesagentur für Arbeit;JAHR;Jahr;2014;KREISE;Kreise und kreisfreie Städte;12067;Oder-Spree, Landkreis;ERWAQ7;Arbeitslose nach ausgewählten Personengruppen;ARBEITSLOS08;ausländisch;347;Anzahl;ERWP06;Arbeitslose
13211;Arbeitsmarktstatistik der Bundesagentur für Arbeit;JAHR;Jahr;2019;KREISE;Kreise und kreisfreie Städte;06636;Werra-Meißner-Kreis;ERWAQ7;Arbeitslose nach ausgewählten Personengruppen;ARBEITSLOS05;langzeitarbeitslos;636;Anzahl;ERWP06;Arbeitslose
13211;Arbeitsmarktstatistik der Bundesagentur für Arbeit;JAHR;Jahr;2023;KREISE;Kreise und kreisfreie Städte;12064;Märkisch-Oderland, Landkreis;ERWAQ7;Arbeitslose nach ausgewählten Personengruppen;ARBEITSLOS12;15 bis unter 20 Jahre;128;Anzahl;ERWP06;Arbeitslose
13211;Arbeitsmarktstatistik der Bundesagentur für Arbeit;JAHR;Jahr;2024;KREISE;Kreise und kreisfreie Städte;12067;Oder-Spree, Landkreis;ERWAQ7;Arbeitslose nach ausgewählten Personengruppen;ARBEITSLOS12;15 bis unter 20 Jahre;145;Anzahl;ERWP06;Arbeitslose
13211;Arbeitsmarktstatistik der Bundesagentur für Arbeit;JAHR;Jahr;2010;KREISE;Kreise und kreisfreie Städte;06535;Vogelsbergkreis;ERWAQ7;Arbeitslose nach ausgewählten Personengruppen;ARBEITSLOS12;15 bis unter 20 Jahre;46;Anzahl;ERWP06;Arbeitslose
13211;Arbeitsmarktstatistik der Bundesagentur für Arbeit;JAHR;Jahr;2010;KREISE;Kreise und kreisfreie Städte;12063;Havelland, Landkreis;ERWAQ7;Arbeitslose nach ausgewählten Personengruppen;ARBEITSLOS08;ausländisch;180;Anzahl;ERWP06;Arbeitslose
13211;Arbeitsmarktstatistik der Bundesagentur für Arbeit;JAHR;Jahr;2022;KREISE;Kreise und kreisfreie Städte;12061;Dahme-Spreewald, Landkreis;ERWAQ7;Arbeitslose nach ausgewählten Personengruppen;ARBEITSLOS14;55 bis unter 65 Jahre;940;Anzahl;ERWP06;Arbeitslose
13211;Arbeitsmarktstatistik der Bundesagentur für Arbeit;JAHR;Jahr;2017;KREISE;Kreise und kreisfreie Städte;06532;Lahn-Dill-Kreis;ERWAQ7;Arbeitslose nach ausgewählten Personengruppen;ARBEITSLOS12;15 bis unter 20 Jahre;143;Anzahl;ERWP06;Arbeitslose
13211;Arbeitsmarktstatistik der Bundesagentur für Arbeit;JAHR;Jahr;2018;KREISE;Kreise und kreisfreie Städte;06535;Vogelsbergkreis;ERWAQ7;Arbeitslose nach ausgewählten Personengruppen;ARBEITSLOS12;15 bis unter 20 Jahre;45;Anzahl;ERWP06;Arbeitslose
13211;Arbeitsmarktstatistik der Bundesagentur für Arbeit;JAHR;Jahr;2019;KREISE;Kreise und kreisfreie Städte;06533;Limburg-Weilburg, Landkreis;ERWAQ7;Arbeitslose nach ausgewählten Personengruppen;ARBEITSLOS13;15 bis unter 25 Jahre;364;Anzahl;ERWP06;Arbeitslose
13211;Arbeitsmarktstatistik der Bundesagentur für Arbeit;JAHR;Jahr;2025;KREISE;Kreise und kreisfreie Städte;12061;Dahme-Spreewald, Landkreis;ERWAQ7;Arbeitslose nach ausgewählten Personengruppen;ARBEITSLOS12;15 bis unter 20 Jahre;67;Anzahl;ERWP06;Arbeitslose
13211;Arbeitsmarktstatistik der Bundesagentur für Arbeit;JAHR;Jahr;2021;KREISE;Kreise und kreisfreie Städte;06534;Marburg-Biedenkopf, Landkreis;ERWAQ7;Arbeitslose nach ausgewählten Personengruppen;ARBEITSLOS14;55 bis unter 65 Jahre;1059;Anzahl;ERWP06;Arbeitslose
13211;Arbeitsmarktstatistik der Bundesagentur für Arbeit;JAHR;Jahr;2011;KREISE;Kreise und kreisfreie Städte;12066;Oberspreewald-Lausitz, Landkreis;ERWAQ7;Arbeitslose nach ausgewählten Personengruppen;ARBEITSLOS06;schwerbehindert;511;Anzahl;ERWP06;Arbeitslose
13211;Arbeitsmarktstatistik der Bundesagentur für Arbeit;JAHR;Jahr;2024;KREISE;Kreise und kreisfreie Städte;06636;Werra-Meißner-Kreis;ERWAQ7;Arbeitslose nach ausgewählten Personengruppen;ARBEITSLOS08;ausländisch;728;Anzahl;ERWP06;Arbeitslose
13211;Arbeitsmarktstatistik der Bundesagentur für Arbeit;JAHR;Jahr;2024;KREISE;Kreise und kreisfreie Städte;06633;Kassel, Landkreis;ERWAQ7;Arbeitslose nach ausgewählten Personengruppen;ARBEITSLOS05;langzeitarbeitslos;1850;Anzahl;ERWP06;Arbeitslose
13211;Arbeitsmarktstatistik der Bundesagentur für Arbeit;JAHR;Jahr;2012;KREISE;Kreise und kreisfreie Städte;12065;Oberhavel, Landkreis;ERWAQ7;Arbeitslose nach ausgewählten Personengruppen;ARBEITSLOS05;langzeitarbeitslos;4546;Anzahl;ERWP06;Arbeitslose
13211;Arbeitsmarktstatistik der Bundesagentur für Arbeit;JAHR;Jahr;2022;KREISE;Kreise und kreisfreie Städte;06533;Limburg-Weilburg, Landkreis;ERWAQ7;Arbeitslose nach ausgewählten Personengruppen;ARBEITSLOS13;15 bis unter 25 Jahre;334;Anzahl;ERWP06;Arbeitslose
13211;Arbeitsmarktstatistik der Bundesagentur für Arbeit;JAHR;Jahr;2018;KREISE;Kreise und kreisfreie Städte;12063;Havelland, Landkreis;ERWAQ7;Arbeitslose nach ausgewählten Personengruppen;ARBEITSLOS13;15 bis unter 25 Jahre;445;Anzahl;ERWP06;Arbeitslose
13211;Arbeitsmarktstatistik der Bundesagentur für Arbeit;JAHR;Jahr;2017;KREISE;Kreise und kreisfreie Städte;06439;Rheingau-Taunus-Kreis;ERWAQ7;Arbeitslose nach ausgewählten Personengruppen;ARBEITSLOS06;schwerbehindert;208;Anzahl;ERWP06;Arbeitslose
13211;Arbeitsmarktstatistik der Bundesagentur für Arbeit;JAHR;Jahr;2010;KREISE;Kreise und kreisfreie Städte;06531;Gießen, Landkreis;ERWAQ7;Arbeitslose nach ausgewählten Personengruppen;ARBEITSLOS06;schwerbehindert;791;Anzahl;ERWP06;Arbeitslose
13211;Arbeitsmarktstatistik der Bundesagentur für Arbeit;JAHR;Jahr;2017;KREISE;Kreise und kreisfreie Städte;12064;Märkisch-Oderland, Landkreis;ERWAQ7;Arbeitslose nach ausgewählten Personengruppen;ARBEITSLOS14;55 bis unter 65 Jahre;1936;Anzahl;ERWP06;Arbeitslose
13211;Arbeitsmarktstatistik der Bundesagentur für Arbeit;JAHR;Jahr;2024;KREISE;Kreise und kreisfreie Städte;06534;Marburg-Biedenkopf, Landkreis;ERWAQ7;Arbeitslose nach ausgewählten Personengruppen;ARBEITSLOS12;15 bis unter 20 Jahre;148;Anzahl;ERWP06;Arbeitslose
13211;Arbeitsmarktstatistik der Bundesagentur für Arbeit;JAHR;Jahr;2015;KREISE;Kreise und kreisfreie Städte;12061;Dahme-Spreewald, Landkreis;ERWAQ7;Arbeitslose nach ausgewählten Personengruppen;ARBEITSLOS13;15 bis unter 25 Jahre;185;Anzahl;ERWP06;Arbeitslose
13211;Arbeitsmarktstatistik der Bundesagentur für Arbeit;JAHR;Jahr;2011;KREISE;Kreise und kreisfreie Städte;06535;Vogelsbergkreis;ERWAQ7;Arbeitslose nach ausgewählten Personengruppen;ARBEITSLOS08;ausländisch;222;Anzahl;ERWP06;Arbeitslose
13211;Arbeitsmarktstatistik der Bundesagentur für Arbeit;JAHR;Jahr;2020;KREISE;Kreise und kreisfreie Städte;06636;Werra-Meißner-Kreis;ERWAQ7;Arbeitslose nach ausgewählten Personengruppen;ARBEITSLOS14;55 bis unter 65 Jahre;689;Anzahl;ERWP06;Arbeitslose
13211;Arbeitsmarktstatistik der Bundesagentur für Arbeit;JAHR;Jahr;2010;KREISE;Kreise und kreisfreie Städte;12063;Havelland, Landkreis;ERWAQ7;Arbeitslose nach ausgewählten Personengruppen;ARBEITSLOS13;15 bis unter 25 Jahre;799;Anzahl;ERWP06;Arbeitslose
13211;Arbeitsmarktstatistik der Bundesagentur für Arbeit;JAHR;Jahr;2014;KREISE;Kreise und kreisfreie Städte;06535;Vogelsbergkreis;ERWAQ7;Arbeitslose nach ausgewählten Personengruppen;ARBEITSLOS06;schwerbehindert;215;Anzahl;ERWP06;Arbeitslose
13211;Arbeitsmarktstatistik der Bundesagentur für Arbeit;JAHR;Jahr;2019;KREISE;Kreise und kreisfreie Städte;06533;Limburg-Weilburg, Landkreis;ERWAQ7;Arbeitslose nach ausgewählten Personengruppen;ARBEITSLOS08;ausländisch;1182;Anzahl;ERWP06;Arbeitslose
13211;Arbeitsmarktstatistik der Bundesagentur für Arbeit;JAHR;Jahr;2018;KREISE;Kreise und kreisfreie Städte;06531;Gießen, Landkreis;ERWAQ7;Arbeitslose nach ausgewählten Personengruppen;ARBEITSLOS06;schwerbehindert;809;Anzahl;ERWP06;Arbeitslose
13211;Arbeitsmarktstatistik der Bundesagentur für Arbeit;JAHR;Jahr;2021;KREISE;Kreise und kreisfreie Städte;12063;Havelland, Landkreis;ERWAQ7;Arbeitslose nach ausgewählten Personengruppen;ARBEITSLOS08;ausländisch;710;Anzahl;ERWP06;Arbeitslose
13211;Arbeitsmarktstatistik der Bundesagentur für Arbeit;JAHR;Jahr;2023;KREISE;Kreise und kreisfreie Städte;12065;Oberhavel, Landkreis;ERWAQ7;Arbeitslose nach ausgewählten Personengruppen;ARBEITSLOS05;langzeitarbeitslos;2330;Anzahl;ERWP06;Arbeitslose
13211;Arbeitsmarktstatistik der Bundesagentur für Arbeit;JAHR;Jahr;2022;KREISE;Kreise und kreisfreie Städte;12066;Oberspreewald-Lausitz, Landkreis;ERWAQ7;Arbeitslose nach ausgewählten Personengruppen;ARBEITSLOS06;schwerbehindert;221;Anzahl;ERWP06;Arbeitslose
13211;Arbeitsmarktstatistik der Bundesagentur für Arbeit;JAHR;Jahr;2015;KREISE;Kreise und kreisfreie Städte;06439;Rheingau-Taunus-Kreis;ERWAQ7;Arbeitslose nach ausgewählten Personengruppen;ARBEITSLOS13;15 bis unter 25 Jahre;247;Anzahl;ERWP06;Arbeitslose
13211;Arbeitsmarktstatistik der Bundesagentur für Arbeit;JAHR;Jahr;2013;KREISE;Kreise und kreisfreie Städte;12067;Oder-Spree, Landkreis;ERWAQ7;Arbeitslose nach ausgewählten Personengruppen;ARBEITSLOS12;15 bis unter 20 Jahre;98;Anzahl;ERWP06;Arbeitslose
13211;Arbeitsmarktstatistik der Bundesagentur für Arbeit;JAHR;Jahr;2015;KREISE;Kreise und kreisfreie Städte;06531;Gießen, Landkreis;ERWAQ7;Arbeitslose nach ausgewählten Personengruppen;ARBEITSLOS08;ausländisch;1997;Anzahl;ERWP06;Arbeitslose
13211;Arbeitsmarktstatistik der Bundesagentur für Arbeit;JAHR;Jahr;2015;KREISE;Kreise und kreisfreie Städte;12065;Oberhavel, Landkreis;ERWAQ7;Arbeitslose nach ausgewählten Personengruppen;ARBEITSLOS14;55 bis unter 65 Jahre;1985;Anzahl;ERWP06;Arbeitslose
13211;Arbeitsmarktstatistik der Bundesagentur für Arbeit;JAHR;Jahr;2012;KREISE;Kreise und kreisfreie Städte;12064;Märkisch-Oderland, Landkreis;ERWAQ7;Arbeitslose nach ausgewählten Personengruppen;ARBEITSLOS12;15 bis unter 20 Jahre;107;Anzahl;ERWP06;Arbeitslose
13211;Arbeitsmarktstatistik der Bundesagentur für Arbeit;JAHR;Jahr;2016;KREISE;Kreise und kreisfreie Städte;12064;Märkisch-Oderland, Landkreis;ERWAQ7;Arbeitslose nach ausgewählten Personengruppen;ARBEITSLOS13;15 bis unter 25 Jahre;478;Anzahl;ERWP06;Arbeitslose
13211;Arbeitsmarktstatistik der Bundesagentur für Arbeit;JAHR;Jahr;2017;KREISE;Kreise und kreisfreie Städte;12061;Dahme-Spreewald, Landkreis;ERWAQ7;Arbeitslose nach ausgewählten Personengruppen;ARBEITSLOS06;schwerbehindert;255;Anzahl;ERWP06;Arbeitslose
13211;Arbeitsmarktstatistik der Bundesagentur für Arbeit;JAHR;Jahr;2021;KREISE;Kreise und kreisfreie Städte;06531;Gießen, Landkreis;ERWAQ7;Arbeitslose nach ausgewählten Personengruppen;ARBEITSLOS06;schwerbehindert;795;Anzahl;ERWP06;Arbeitslose
13211;Arbeitsmarktstatistik der Bundesagentur für Arbeit;JAHR;Jahr;2016;KREISE;Kreise und kreisfreie Städte;12066;Oberspreewald-Lausitz, Landkreis;ERWAQ7;Arbeitslose nach ausgewählten Personengruppen;ARBEITSLOS08;ausländisch;298;Anzahl;ERWP06;Arbeitslose
13211;Arbeitsmarktstatistik der Bundesagentur für Arbeit;JAHR;Jahr;2014;KREISE;Kreise und kreisfreie Städte;12064;Märkisch-Oderland, Landkreis;ERWAQ7;Arbeitslose nach ausgewählten Personengruppen;ARBEITSLOS05;langzeitarbeitslos;3250;Anzahl;ERWP06;Arbeitslose
13211;Arbeitsmarktstatistik der Bundesagentur für Arbeit;JAHR;Jahr;2011;KREISE;Kreise und kreisfreie Städte;06533;Limburg-Weilburg, Landkreis;ERWAQ7;Arbeitslose nach ausgewählten Personengruppen;ARBEITSLOS13;15 bis unter 25 Jahre;553;Anzahl;ERWP06;Arbeitslose
13211;Arbeitsmarktstatistik der Bundesagentur für Arbeit;JAHR;Jahr;2010;KREISE;Kreise und kreisfreie Städte;06534;Marburg-Biedenkopf, Landkreis;ERWAQ7;Arbeitslose nach ausgewählten Personengruppen;ARBEITSLOS14;55 bis unter 65 Jahre;1076;Anzahl;ERWP06;Arbeitslose
13211;Arbeitsmarktstatistik der Bundesagentur für Arbeit;JAHR;Jahr;2024;KREISE;Kreise und kreisfreie Städte;12066;Oberspreewald-Lausitz, Landkreis;ERWAQ7;Arbeitslose nach ausgewählten Personengruppen;ARBEITSLOS14;55 bis unter 65 Jahre;1260;Anzahl;ERWP06;Arbeitslose
13211;Arbeitsmarktstatistik der Bundesagentur für Arbeit;JAHR;Jahr;2025;KREISE;Kreise und kreisfreie Städte;06535;Vogelsbergkreis;ERWAQ7;Arbeitslose nach ausgewählten Personengruppen;ARBEITSLOS06;schwerbehindert;211;Anzahl;ERWP06;Arbeitslose
13211;Arbeitsmarktstatistik der Bundesagentur für Arbeit;JAHR;Jahr;2015;KREISE;Kreise und kreisfreie Städte;06533;Limburg-Weilburg, Landkreis;ERWAQ7;Arbeitslose nach ausgewählten Personengruppen;ARBEITSLOS12;15 bis unter 20 Jahre;94;Anzahl;ERWP06;Arbeitslose
13211;Arbeitsmarktstatistik der Bundesagentur für Arbeit;JAHR;Jahr;2018;KREISE;Kreise und kreisfreie Städte;06534;Marburg-Biedenkopf, Landkreis;ERWAQ7;Arbeitslose nach ausgewählten Personengruppen;ARBEITSLOS14;55 bis unter 65 Jahre;869;Anzahl;ERWP06;Arbeitslose
13211;Arbeitsmarktstatistik der Bundesagentur für Arbeit;JAHR;Jahr;2020;KREISE;Kreise und kreisfreie Städte;06534;Marburg-Biedenkopf, Landkreis;ERWAQ7;Arbeitslose nach ausgewählten Personengruppen;ARBEITSLOS13;15 bis unter 25 Jahre;731;Anzahl;ERWP06;Arbeitslose
13211;Arbeitsmarktstatistik der Bundesagentur für Arbeit;JAHR;Jahr;2025;KREISE;Kreise und kreisfreie Städte;12065;Oberhavel, Landkreis;ERWAQ7;Arbeitslose nach ausgewählten Personengruppen;ARBEITSLOS13;15 bis unter 25 Jahre;661;Anzahl;ERWP06;Arbeitslose
13211;Arbeitsmarktstatistik der Bundesagentur für Arbeit;JAHR;Jahr;2025;KREISE;Kreise und kreisfreie Städte;06633;Kassel, Landkreis;ERWAQ7;Arbeitslose nach ausgewählten Personengruppen;ARBEITSLOS06;schwerbehindert;421;Anzahl;ERWP06;Arbeitslose
13211;Arbeitsmarktstatistik der Bundesagentur für Arbeit;JAHR;Jahr;2024;KREISE;Kreise und kreisfreie Städte;06532;Lahn-Dill-Kreis;ERWAQ7;Arbeitslose nach ausgewählten Personengruppen;ARBEITSLOS08;ausländisch;3717;Anzahl;ERWP06;Arbeitslose
13211;Arbeitsmarktstatistik der Bundesagentur für Arbeit;JAHR;Jahr;2013;KREISE;Kreise und kreisfreie Städte;06439;Rheingau-Taunus-Kreis;ERWAQ7;Arbeitslose nach ausgewählten Personengruppen;ARBEITSLOS05;langzeitarbeitslos;1790;Anzahl;ERWP06;Arbeitslose
13211;Arbeitsmarktstatistik der Bundesagentur für Arbeit;JAHR;Jahr;2022;KREISE;Kreise und kreisfreie Städte;06636;Werra-Meißner-Kreis;ERWAQ7;Arbeitslose nach ausgewählten Personengruppen;ARBEITSLOS05;langzeitarbeitslos;818;Anzahl;ERWP06;Arbeitslose
13211;Arbeitsmarktstatistik der Bundesagentur für Arbeit;JAHR;Jahr;2013;KREISE;Kreise und kreisfreie Städte;12065;Oberhavel, Landkreis;ERWAQ7;Arbeitslose nach ausgewählten Personengruppen;ARBEITSLOS06;schwerbehindert;447;Anzahl;ERWP06;Arbeitslose
13211;Arbeitsmarktstatistik der Bundesagentur für Arbeit;JAHR;Jahr;2016;KREISE;Kreise und kreisfreie Städte;06633;Kassel, Landkreis;ERWAQ7;Arbeitslose nach ausgewählten Personengruppen;ARBEITSLOS14;55 bis unter 65 Jahre;1306;Anzahl;ERWP06;Arbeitslose
13211;Arbeitsmarktstatistik der Bundesagentur für Arbeit;JAHR;Jahr;2013;KREISE;Kreise und kreisfreie Städte;06636;Werra-Meißner-Kreis;ERWAQ7;Arbeitslose nach ausgewählten Personengruppen;ARBEITSLOS13;15 bis unter 25 Jahre;392;Anzahl;ERWP06;Arbeitslose
13211;Arbeitsmarktstatistik der Bundesagentur für Arbeit;JAHR;Jahr;2023;KREISE;Kreise und kreisfreie Städte;06531;Gießen, Landkreis;ERWAQ7;Arbeitslose nach ausgewählten Personengruppen;ARBEITSLOS14;55 bis unter 65 Jahre;1528;Anzahl;ERWP06;Arbeitslose
13211;Arbeitsmarktstatistik der Bundesagentur für Arbeit;JAHR;Jahr;2025;KREISE;Kreise und kreisfreie Städte;06439;Rheingau-Taunus-Kreis;ERWAQ7;Arbeitslose nach ausgewählten Personengruppen;ARBEITSLOS12;15 bis unter 20 Jahre;169;Anzahl;ERWP06;Arbeitslose
13211;Arbeitsmarktstatistik der Bundesagentur für Arbeit;JAHR;Jahr;2024;KREISE;Kreise und kreisfreie Städte;06636;Werra-Meißner-Kreis;ERWAQ7;Arbeitslose nach ausgewählten Personengruppen;ARBEITSLOS13;15 bis unter 25 Jahre;336;Anzahl;ERWP06;Arbeitslose
13211;Arbeitsmarktstatistik der Bundesagentur für Arbeit;JAHR;Jahr;2019;KREISE;Kreise und kreisfreie Städte;12061;Dahme-Spreewald, Landkreis;ERWAQ7;Arbeitslose nach ausgewählten Personengruppen;ARBEITSLOS14;55 bis unter 65 Jahre;991;Anzahl;ERWP06;Arbeitslose
13211;Arbeitsmarktstatistik der Bundesagentur für Arbeit;JAHR;Jahr;2025;KREISE;Kreise und kreisfreie Städte;12067;Oder-Spree, Landkreis;ERWAQ7;Arbeitslose nach ausgewählten Personengruppen;ARBEITSLOS08;ausländisch;1415;Anzahl;ERWP06;Arbeitslose
13211;Arbeitsmarktstatistik der Bundesagentur für Arbeit;JAHR;Jahr;2024;KREISE;Kreise und kreisfreie Städte;12061;Dahme-Spreewald, Landkreis;ERWAQ7;Arbeitslose nach ausgewählten Personengruppen;ARBEITSLOS06;schwerbehindert;216;Anzahl;ERWP06;Arbeitslose
13211;Arbeitsmarktstatistik der Bundesagentur für Arbeit;JAHR;Jahr;2017;KREISE;Kreise und kreisfreie Städte;06533;Limburg-Weilburg, Landkreis;ERWAQ7;Arbeitslose nach ausgewählten Personengruppen;ARBEITSLOS05;langzeitarbeitslos;1316;Anzahl;ERWP06;Arbeitslose
13211;Arbeitsmarktstatistik der Bundesagentur für Arbeit;JAHR;Jahr;2020;KREISE;Kreise und kreisfreie Städte;12061;Dahme-Spreewald, Landkreis;ERWAQ7;Arbeitslose nach ausgewählten Personengruppen;ARBEITSLOS06;schwerbehindert;217;Anzahl;ERWP06;Arbeitslose
13211;Arbeitsmarktstatistik der Bundesagentur für Arbeit;JAHR;Jahr;2016;KREISE;Kreise und kreisfreie Städte;06534;Marburg-Biedenkopf, Landkreis;ERWAQ7;Arbeitslose nach ausgewählten Personengruppen;ARBEITSLOS06;schwerbehindert;500;Anzahl;ERWP06;Arbeitslose
13211;Arbeitsmarktstatistik der Bundesagentur für Arbeit;JAHR;Jahr;2011;KREISE;Kreise und kreisfreie Städte;12061;Dahme-Spreewald, Landkreis;ERWAQ7;Arbeitslose nach ausgewählten Personengruppen;ARBEITSLOS14;55 bis unter 65 Jahre;1383;Anzahl;ERWP06;Arbeitslose
13211;Arbeitsmarktstatistik der Bundesagentur für Arbeit;JAHR;Jahr;2014;KREISE;Kreise und kreisfreie Städte;06439;Rheingau-Taunus-Kreis;ERWAQ7;Arbeitslose nach ausgewählten Personengruppen;ARBEITSLOS12;15 bis unter 20 Jahre;40;Anzahl;ERWP06;Arbeitslose
13211;Arbeitsmarktstatistik der Bundesagentur für Arbeit;JAHR;Jahr;2023;KREISE;Kreise und kreisfreie Städte;12066;Oberspreewald-Lausitz, Landkreis;ERWAQ7;Arbeitslose nach ausgewählten Personengruppen;ARBEITSLOS08;ausländisch;559;Anzahl;ERWP06;Arbeitslose
13211;Arbeitsmarktstatistik der Bundesagentur für Arbeit;JAHR;Jahr;2024;KREISE;Kreise und kreisfreie Städte;12065;Oberhavel, Landkreis;ERWAQ7;Arbeitslose nach ausgewählten Personengruppen;ARBEITSLOS06;schwerbehindert;341;Anzahl;ERWP06;Arbeitslose
13211;Arbeitsmarktstatistik der Bundesagentur für Arbeit;JAHR;Jahr;2014;KREISE;Kreise und kreisfreie Städte;12061;Dahme-Spreewald, Landkreis;ERWAQ7;Arbeitslose nach ausgewählten Personengruppen;ARBEITSLOS12;15 bis unter 20 Jahre;63;Anzahl;ERWP06;Arbeitslose
13211;Arbeitsmarktstatistik der Bundesagentur für Arbeit;JAHR;Jahr;2014;KREISE;Kreise und kreisfreie Städte;12065;Oberhavel, Landkreis;ERWAQ7;Arbeitslose nach ausgewählten Personengruppen;ARBEITSLOS13;15 bis unter 25 Jahre;635;Anzahl;ERWP06;Arbeitslose
13211;Arbeitsmarktstatistik der Bundesagentur für Arbeit;JAHR;Jahr;2020;KREISE;Kreise und kreisfreie Städte;06439;Rheingau-Taunus-Kreis;ERWAQ7;Arbeitslose nach ausgewählten Personengruppen;ARBEITSLOS05;langzeitarbeitslos;1572;Anzahl;ERWP06;Arbeitslose
13211;Arbeitsmarktstatistik der Bundesagentur für Arbeit;JAHR;Jahr;2018;KREISE;Kreise und kreisfreie Städte;12065;Oberhavel, Landkreis;ERWAQ7;Arbeitslose nach ausgewählten Personengruppen;ARBEITSLOS08;ausländisch;722;Anzahl;ERWP06;Arbeitslose
13211;Arbeitsmarktstatistik der Bundesagentur für Arbeit;JAHR;Jahr;2019;KREISE;Kreise und kreisfreie Städte;12064;Märkisch-Oderland, Landkreis;ERWAQ7;Arbeitslose nach ausgewählten Personengruppen;ARBEITSLOS06;schwerbehindert;322;Anzahl;ERWP06;Arbeitslose
13211;Arbeitsmarktstatistik der Bundesagentur für Arbeit;JAHR;Jahr;2010;KREISE;Kreise und kreisfreie Städte;06439;Rheingau-Taunus-Kreis;ERWAQ7;Arbeitslose nach ausgewählten Personengruppen;ARBEITSLOS12;15 bis unter 20 Jahre;55;Anzahl;ERWP06;Arbeitslose
13211;Arbeitsmarktstatistik der Bundesagentur für Arbeit;JAHR;Jahr;2024;KREISE;Kreise und kreisfreie Städte;06439;Rheingau-Taunus-Kreis;ERWAQ7;Arbeitslose nach ausgewählten Personengruppen;ARBEITSLOS05;langzeitarbeitslos;2156;Anzahl;ERWP06;Arbeitslose
13211;Arbeitsmarktstatistik der Bundesagentur für Arbeit;JAHR;Jahr;2013;KREISE;Kreise und kreisfreie Städte;06534;Marburg-Biedenkopf, Landkreis;ERWAQ7;Arbeitslose nach ausgewählten Personengruppen;ARBEITSLOS13;15 bis unter 25 Jahre;655;Anzahl;ERWP06;Arbeitslose
13211;Arbeitsmarktstatistik der Bundesagentur für Arbeit;JAHR;Jahr;2022;KREISE;Kreise und kreisfreie Städte;06535;Vogelsbergkreis;ERWAQ7;Arbeitslose nach ausgewählten Personengruppen;ARBEITSLOS08;ausländisch;673;Anzahl;ERWP06;Arbeitslose
13211;Arbeitsmarktstatistik der Bundesagentur für Arbeit;JAHR;Jahr;2015;KREISE;Kreise und kreisfreie Städte;12064;Märkisch-Oderland, Landkreis;ERWAQ7;Arbeitslose nach ausgewählten Personengruppen;ARBEITSLOS06;schwerbehindert;485;Anzahl;ERWP06;Arbeitslose
13211;Arbeitsmarktstatistik der Bundesagentur für Arbeit;JAHR;Jahr;2014;KREISE;Kreise und kreisfreie Städte;12065;Oberhavel, Landkreis;ERWAQ7;Arbeitslose nach ausgewählten Personengruppen;ARBEITSLOS08;ausländisch;310;Anzahl;ERWP06;Arbeitslose
13211;Arbeitsmarktstatistik der Bundesagentur für Arbeit;JAHR;Jahr;2023;KREISE;Kreise und kreisfreie Städte;06534;Marburg-Biedenkopf, Landkreis;ERWAQ7;Arbeitslose nach ausgewählten Personengruppen;ARBEITSLOS06;schwerbehindert;516;Anzahl;ERWP06;Arbeitslose
13211;Arbeitsmarktstatistik der Bundesagentur für Arbeit;JAHR;Jahr;2012;KREISE;Kreise und kreisfreie Städte;06531;Gießen, Landkreis;ERWAQ7;Arbeitslose nach ausgewählten Personengruppen;ARBEITSLOS14;55 bis unter 65 Jahre;1685;Anzahl;ERWP06;Arbeitslose
13211;Arbeitsmarktstatistik der Bundesagentur für Arbeit;JAHR;Jahr;2018;KREISE;Kreise und kreisfreie Städte;06439;Rheingau-Taunus-Kreis;ERWAQ7;Arbeitslose nach ausgewählten Personengruppen;ARBEITSLOS12;15 bis unter 20 Jahre;66;Anzahl;ERWP06;Arbeitslose
13211;Arbeitsmarktstatistik der Bundesagentur für Arbeit;JAHR;Jahr;2022;KREISE;Kreise und kreisfreie Städte;12063;Havelland, Landkreis;ERWAQ7;Arbeitslose nach ausgewählten Personengruppen;ARBEITSLOS14;55 bis unter 65 Jahre;1198;Anzahl;ERWP06;Arbeitslose
13211;Arbeitsmarktstatistik der Bundesagentur für Arbeit;JAHR;Jahr;2023;KREISE;Kreise und kreisfreie Städte;12066;Oberspreewald-Lausitz, Landkreis;ERWAQ7;Arbeitslose nach ausgewählten Personengruppen;ARBEITSLOS13;15 bis unter 25 Jahre;245;Anzahl;ERWP06;Arbeitslose
13211;Arbeitsmarktstatistik der Bundesagentur für Arbeit;JAHR;Jahr;2017;KREISE;Kreise und kreisfreie Städte;06534;Marburg-Biedenkopf, Landkreis;ERWAQ7;Arbeitslose nach ausgewählten Personengruppen;ARBEITSLOS13;15 bis unter 25 Jahre;568;Anzahl;ERWP06;Arbeitslose
13211;Arbeitsmarktstatistik der Bundesagentur für Arbeit;JAHR;Jahr;2019;KREISE;Kreise und kreisfreie Städte;06531;Gießen, Landkreis;ERWAQ7;Arbeitslose nach ausgewählten Personengruppen;ARBEITSLOS12;15 bis unter 20 Jahre;127;Anzahl;ERWP06;Arbeitslose
13211;Arbeitsmarktstatistik der Bundesagentur für Arbeit;JAHR;Jahr;2019;KREISE;Kreise und kreisfreie Städte;06535;Vogelsbergkreis;ERWAQ7;Arbeitslose nach ausgewählten Personengruppen;ARBEITSLOS13;15 bis unter 25 Jahre;223;Anzahl;ERWP06;Arbeitslose
13211;Arbeitsmarktstatistik der Bundesagentur für Arbeit;JAHR;Jahr;2020;KREISE;Kreise und kreisfreie Städte;06532;Lahn-Dill-Kreis;ERWAQ7;Arbeitslose nach ausgewählten Personengruppen;ARBEITSLOS12;15 bis unter 20 Jahre;136;Anzahl;ERWP06;Arbeitslose
13211;Arbeitsmarktstatistik der Bundesagentur für Arbeit;JAHR;Jahr;2025;KREISE;Kreise und kreisfreie Städte;12063;Havelland, Landkreis;ERWAQ7;Arbeitslose nach ausgewählten Personengruppen;ARBEITSLOS12;15 bis unter 20 Jahre;180;Anzahl;ERWP06;Arbeitslose
13211;Arbeitsmarktstatistik der Bundesagentur für Arbeit;JAHR;Jahr;2015;KREISE;Kreise und kreisfreie Städte;06633;Kassel, Landkreis;ERWAQ7;Arbeitslose nach ausgewählten Personengruppen;ARBEITSLOS13;15 bis unter 25 Jahre;624;Anzahl;ERWP06;Arbeitslose
13211;Arbeitsmarktstatistik der Bundesagentur für Arbeit;JAHR;Jahr;2022;KREISE;Kreise und kreisfreie Städte;06535;Vogelsbergkreis;ERWAQ7;Arbeitslose nach ausgewählten Personengruppen;ARBEITSLOS13;15 bis unter 25 Jahre;235;Anzahl;ERWP06;Arbeitslose
13211;Arbeitsmarktstatistik der Bundesagentur für Arbeit;JAHR;Jahr;2016;KREISE;Kreise und kreisfreie Städte;06531;Gießen, Landkreis;ERWAQ7;Arbeitslose nach ausgewählten Personengruppen;ARBEITSLOS14;55 bis unter 65 Jahre;1888;Anzahl;ERWP06;Arbeitslose
13211;Arbeitsmarktstatistik der Bundesagentur für Arbeit;JAHR;Jahr;2011;KREISE;Kreise und kreisfreie Städte;12064;Märkisch-Oderland, Landkreis;ERWAQ7;Arbeitslose nach ausgewählten Personengruppen;ARBEITSLOS06;schwerbehindert;622;Anzahl;ERWP06;Arbeitslose
13211;Arbeitsmarktstatistik der Bundesagentur für Arbeit;JAHR;Jahr;2025;KREISE;Kreise und kreisfreie Städte;06531;Gießen, Landkreis;ERWAQ7;Arbeitslose nach ausgewählten Personengruppen;ARBEITSLOS06;schwerbehindert;706;Anzahl;ERWP06;Arbeitslose
13211;Arbeitsmarktstatistik der Bundesagentur für Arbeit;JAHR;Jahr;2011;KREISE;Kreise und kreisfreie Städte;06633;Kassel, Landkreis;ERWAQ7;Arbeitslose nach ausgewählten Personengruppen;ARBEITSLOS13;15 bis unter 25 Jahre;665;Anzahl;ERWP06;Arbeitslose
13211;Arbeitsmarktstatistik der Bundesagentur für Arbeit;JAHR;Jahr;2012;KREISE;Kreise und kreisfreie Städte;06636;Werra-Meißner-Kreis;ERWAQ7;Arbeitslose nach ausgewählten Personengruppen;ARBEITSLOS12;15 bis unter 20 Jahre;63;Anzahl;ERWP06;Arbeitslose
13211;Arbeitsmarktstatistik der Bundesagentur für Arbeit;JAHR;Jahr;2012;KREISE;Kreise und kreisfreie Städte;12067;Oder-Spree, Landkreis;ERWAQ7;Arbeitslose nach ausgewählten Personengruppen;ARBEITSLOS05;langzeitarbeitslos;3241;Anzahl;ERWP06;Arbeitslose
13211;Arbeitsmarktstatistik der Bundesagentur für Arbeit;JAHR;Jahr;2021;KREISE;Kreise und kreisfreie Städte;06532;Lahn-Dill-Kreis;ERWAQ7;Arbeitslose nach ausgewählten Personengruppen;ARBEITSLOS14;55 bis unter 65 Jahre;1620;Anzahl;ERWP06;Arbeitslose
13211;Arbeitsmarktstatistik der Bundesagentur für Arbeit;JAHR;Jahr;2016;KREISE;Kreise und kreisfreie Städte;06636;Werra-Meißner-Kreis;ERWAQ7;Arbeitslose nach ausgewählten Personengruppen;ARBEITSLOS12;15 bis unter 20 Jahre;62;Anzahl;ERWP06;Arbeitslose
13211;Arbeitsmarktstatistik der Bundesagentur für Arbeit;JAHR;Jahr;2019;KREISE;Kreise und kreisfreie Städte;06633;Kassel, Landkreis;ERWAQ7;Arbeitslose nach ausgewählten Personengruppen;ARBEITSLOS13;15 bis unter 25 Jahre;516;Anzahl;ERWP06;Arbeitslose
13211;Arbeitsmarktstatistik der Bundesagentur für Arbeit;JAHR;Jahr;2019;KREISE;Kreise und kreisfreie Städte;06633;Kassel, Landkreis;ERWAQ7;Arbeitslose nach ausgewählten Personengruppen;ARBEITSLOS08;ausländisch;1023;Anzahl;ERWP06;Arbeitslose
13211;Arbeitsmarktstatistik der Bundesagentur für Arbeit;JAHR;Jahr;2016;KREISE;Kreise und kreisfreie Städte;12067;Oder-Spree, Landkreis;ERWAQ7;Arbeitslose nach ausgewählten Personengruppen;ARBEITSLOS05;langzeitarbeitslos;3782;Anzahl;ERWP06;Arbeitslose
13211;Arbeitsmarktstatistik der Bundesagentur für Arbeit;JAHR;Jahr;2025;KREISE;Kreise und kreisfreie Städte;06532;Lahn-Dill-Kreis;ERWAQ7;Arbeitslose nach ausgewählten Personengruppen;ARBEITSLOS14;55 bis unter 65 Jahre;1761;Anzahl;ERWP06;Arbeitslose
13211;Arbeitsmarktstatistik der Bundesagentur für Arbeit;JAHR;Jahr;2018;KREISE;Kreise und kreisfreie Städte;12065;Oberhavel, Landkreis;ERWAQ7;Arbeitslose nach ausgewählten Personengruppen;ARBEITSLOS13;15 bis unter 25 Jahre;509;Anzahl;ERWP06;Arbeitslose
13211;Arbeitsmarktstatistik der Bundesagentur für Arbeit;JAHR;Jahr;2010;KREISE;Kreise und kreisfreie Städte;06533;Limburg-Weilburg, Landkreis;ERWAQ7;Arbeitslose nach ausgewählten Personengruppen;ARBEITSLOS06;schwerbehindert;354;Anzahl;ERWP06;Arbeitslose
13211;Arbeitsmarktstatistik der Bundesagentur für Arbeit;JAHR;Jahr;2015;KREISE;Kreise und kreisfreie Städte;06633;Kassel, Landkreis;ERWAQ7;Arbeitslose nach ausgewählten Personengruppen;ARBEITSLOS08;ausländisch;801;Anzahl;ERWP06;Arbeitslose
13211;Arbeitsmarktstatistik der Bundesagentur für Arbeit;JAHR;Jahr;2022;KREISE;Kreise und kreisfreie Städte;06633;Kassel, Landkreis;ERWAQ7;Arbeitslose nach ausgewählten Personengruppen;ARBEITSLOS13;15 bis unter 25 Jahre;482;Anzahl;ERWP06;Arbeitslose
13211;Arbeitsmarktstatistik der Bundesagentur für Arbeit;JAHR;Jahr;2024;KREISE;Kreise und kreisfreie Städte;06532;Lahn-Dill-Kreis;ERWAQ7;Arbeitslose nach ausgewählten Personengruppen;ARBEITSLOS12;15 bis unter 20 Jahre;214;Anzahl;ERWP06;Arbeitslose
13211;Arbeitsmarktstatistik der Bundesagentur für Arbeit;JAHR;Jahr;2023;KREISE;Kreise und kreisfreie Städte;06636;Werra-Meißner-Kreis;ERWAQ7;Arbeitslose nach ausgewählten Personengruppen;ARBEITSLOS12;15 bis unter 20 Jahre;75;Anzahl;ERWP06;Arbeitslose
13211;Arbeitsmarktstatistik der Bundesagentur für Arbeit;JAHR;Jahr;2010;KREISE;Kreise und kreisfreie Städte;12065;Oberhavel, Landkreis;ERWAQ7;Arbeitslose nach ausgewählten Personengruppen;ARBEITSLOS13;15 bis unter 25 Jahre;1077;Anzahl;ERWP06;Arbeitslose
13211;Arbeitsmarktstatistik der Bundesagentur für Arbeit;JAHR;Jahr;2011;KREISE;Kreise und kreisfreie Städte;06533;Limburg-Weilburg, Landkreis;ERWAQ7;Arbeitslose nach ausgewählten Personengruppen;ARBEITSLOS08;ausländisch;1109;Anzahl;ERWP06;Arbeitslose
13211;Arbeitsmarktstatistik der Bundesagentur für Arbeit;JAHR;Jahr;2018;KREISE;Kreise und kreisfreie Städte;06533;Limburg-Weilburg, Landkreis;ERWAQ7;Arbeitslose nach ausgewählten Personengruppen;ARBEITSLOS06;schwerbehindert;310;Anzahl;ERWP06;Arbeitslose
13211;Arbeitsmarktstatistik der Bundesagentur für Arbeit;JAHR;Jahr;2019;KREISE;Kreise und kreisfreie Städte;06535;Vogelsbergkreis;ERWAQ7;Arbeitslose nach ausgewählten Personengruppen;ARBEITSLOS08;ausländisch;467;Anzahl;ERWP06;Arbeitslose
13211;Arbeitsmarktstatistik der Bundesagentur für Arbeit;JAHR;Jahr;2014;KREISE;Kreise und kreisfreie Städte;06533;Limburg-Weilburg, Landkreis;ERWAQ7;Arbeitslose nach ausgewählten Personengruppen;ARBEITSLOS06;schwerbehindert;413;Anzahl;ERWP06;Arbeitslose
13211;Arbeitsmarktstatistik der Bundesagentur für Arbeit;JAHR;Jahr;2022;KREISE;Kreise und kreisfreie Städte;12064;Märkisch-Oderland, Landkreis;ERWAQ7;Arbeitslose nach ausgewählten Personengruppen;ARBEITSLOS06;schwerbehindert;330;Anzahl;ERWP06;Arbeitslose
13211;Arbeitsmarktstatistik der Bundesagentur für Arbeit;JAHR;Jahr;2015;KREISE;Kreise und kreisfreie Städte;06533;Limburg-Weilburg, Landkreis;ERWAQ7;Arbeitslose nach ausgewählten Personengruppen;ARBEITSLOS08;ausländisch;1219;Anzahl;ERWP06;Arbeitslose
13211;Arbeitsmarktstatistik der Bundesagentur für Arbeit;JAHR;Jahr;2012;KREISE;Kreise und kreisfreie Städte;12066;Oberspreewald-Lausitz, Landkreis;ERWAQ7;Arbeitslose nach ausgewählten Personengruppen;ARBEITSLOS13;15 bis unter 25 Jahre;723;Anzahl;ERWP06;Arbeitslose
13211;Arbeitsmarktstatistik der Bundesagentur für Arbeit;JAHR;Jahr;2011;KREISE;Kreise und kreisfreie Städte;06633;Kassel, Landkreis;ERWAQ7;Arbeitslose nach ausgewählten Personengruppen;ARBEITSLOS08;ausländisch;626;Anzahl;ERWP06;Arbeitslose
13211;Arbeitsmarktstatistik der Bundesagentur für Arbeit;JAHR;Jahr;2017;KREISE;Kreise und kreisfreie Städte;06535;Vogelsbergkreis;ERWAQ7;Arbeitslose nach ausgewählten Personengruppen;ARBEITSLOS05;langzeitarbeitslos;697;Anzahl;ERWP06;Arbeitslose
13211;Arbeitsmarktstatistik der Bundesagentur für Arbeit;JAHR;Jahr;2023;KREISE;Kreise und kreisfreie Städte;12067;Oder-Spree, Landkreis;ERWAQ7;Arbeitslose nach ausgewählten Personengruppen;ARBEITSLOS05;langzeitarbeitslos;2863;Anzahl;ERWP06;Arbeitslose
13211;Arbeitsmarktstatistik der Bundesagentur für Arbeit;JAHR;Jahr;2013;KREISE;Kreise und kreisfreie Städte;06633;Kassel, Landkreis;ERWAQ7;Arbeitslose nach ausgewählten Personengruppen;ARBEITSLOS05;langzeitarbeitslos;2134;Anzahl;ERWP06;Arbeitslose
13211;Arbeitsmarktstatistik der Bundesagentur für Arbeit;JAHR;Jahr;2016;KREISE;Kreise und kreisfreie Städte;12066;Oberspreewald-Lausitz, Landkreis;ERWAQ7;Arbeitslose nach ausgewählten Personengruppen;ARBEITSLOS13;15 bis unter 25 Jahre;209;Anzahl;ERWP06;Arbeitslose
13211;Arbeitsmarktstatistik der Bundesagentur für Arbeit;JAHR;Jahr;2017;KREISE;Kreise und kreisfreie Städte;12063;Havelland, Landkreis;ERWAQ7;Arbeitslose nach ausgewählten Personengruppen;ARBEITSLOS06;schwerbehindert;349;Anzahl;ERWP06;Arbeitslose
13211;Arbeitsmarktstatistik der Bundesagentur für Arbeit;JAHR;Jahr;2020;KREISE;Kreise und kreisfreie Städte;06534;Marburg-Biedenkopf, Landkreis;ERWAQ7;Arbeitslose nach ausgewählten Personengruppen;ARBEITSLOS08;ausländisch;1742;Anzahl;ERWP06;Arbeitslose
13211;Arbeitsmarktstatistik der Bundesagentur für Arbeit;JAHR;Jahr;2018;KREISE;Kreise und kreisfreie Städte;12066;Oberspreewald-Lausitz, Landkreis;ERWAQ7;Arbeitslose nach ausgewählten Personengruppen;ARBEITSLOS05;langzeitarbeitslos;2093;Anzahl;ERWP06;Arbeitslose
13211;Arbeitsmarktstatistik der Bundesagentur für Arbeit;JAHR;Jahr;2021;KREISE;Kreise und kreisfreie Städte;12067;Oder-Spree, Landkreis;ERWAQ7;Arbeitslose nach ausgewählten Personengruppen;ARBEITSLOS13;15 bis unter 25 Jahre;511;Anzahl;ERWP06;Arbeitslose
13211;Arbeitsmarktstatistik der Bundesagentur für Arbeit;JAHR;Jahr;2020;KREISE;Kreise und kreisfreie Städte;12064;Märkisch-Oderland, Landkreis;ERWAQ7;Arbeitslose nach ausgewählten Personengruppen;ARBEITSLOS14;55 bis unter 65 Jahre;1809;Anzahl;ERWP06;Arbeitslose
13211;Arbeitsmarktstatistik der Bundesagentur für Arbeit;JAHR;Jahr;2011;KREISE;Kreise und kreisfreie Städte;06531;Gießen, Landkreis;ERWAQ7;Arbeitslose nach ausgewählten Personengruppen;ARBEITSLOS12;15 bis unter 20 Jahre;156;Anzahl;ERWP06;Arbeitslose
13211;Arbeitsmarktstatistik der Bundesagentur für Arbeit;JAHR;Jahr;2013;KREISE;Kreise und kreisfreie Städte;12063;Havelland, Landkreis;ERWAQ7;Arbeitslose nach ausgewählten Personengruppen;ARBEITSLOS06;schwerbehindert;413;Anzahl;ERWP06;Arbeitslose
13211;Arbeitsmarktstatistik der Bundesagentur für Arbeit;JAHR;Jahr;2014;KREISE;Kreise und kreisfreie Städte;06532;Lahn-Dill-Kreis;ERWAQ7;Arbeitslose nach ausgewählten Personengruppen;ARBEITSLOS14;55 bis unter 65 Jahre;1775;Anzahl;ERWP06;Arbeitslose
13211;Arbeitsmarktstatistik der Bundesagentur für Arbeit;JAHR;Jahr;2021;KREISE;Kreise und kreisfreie Städte;06533;Limburg-Weilburg, Landkreis;ERWAQ7;Arbeitslose nach ausgewählten Personengruppen;ARBEITSLOS06;schwerbehindert;340;Anzahl;ERWP06;Arbeitslose
13211;Arbeitsmarktstatistik der Bundesagentur für Arbeit;JAHR;Jahr;2016;KREISE;Kreise und kreisfreie Städte;12064;Märkisch-Oderland, Landkreis;ERWAQ7;Arbeitslose nach ausgewählten Personengruppen;ARBEITSLOS08;ausländisch;510;Anzahl;ERWP06;Arbeitslose
13211;Arbeitsmarktstatistik der Bundesagentur für Arbeit;JAHR;Jahr;2012;KREISE;Kreise und kreisfreie Städte;12064;Märkisch-Oderland, Landkreis;ERWAQ7;Arbeitslose nach ausgewählten Personengruppen;ARBEITSLOS08;ausländisch;273;Anzahl;ERWP06;Arbeitslose
13211;Arbeitsmarktstatistik der Bundesagentur für Arbeit;JAHR;Jahr;2010;KREISE;Kreise und kreisfreie Städte;06532;Lahn-Dill-Kreis;ERWAQ7;Arbeitslose nach ausgewählten Personengruppen;ARBEITSLOS14;55 bis unter 65 Jahre;1454;Anzahl;ERWP06;Arbeitslose
13211;Arbeitsmarktstatistik der Bundesagentur für Arbeit;JAHR;Jahr;2024;KREISE;Kreise und kreisfreie Städte;06534;Marburg-Biedenkopf, Landkreis;ERWAQ7;Arbeitslose nach ausgewählten Personengruppen;ARBEITSLOS08;ausländisch;2596;Anzahl;ERWP06;Arbeitslose
13211;Arbeitsmarktstatistik der Bundesagentur für Arbeit;JAHR;Jahr;2015;KREISE;Kreise und kreisfreie Städte;06531;Gießen, Landkreis;ERWAQ7;Arbeitslose nach ausgewählten Personengruppen;ARBEITSLOS12;15 bis unter 20 Jahre;132;Anzahl;ERWP06;Arbeitslose
13211;Arbeitsmarktstatistik der Bundesagentur für Arbeit;JAHR;Jahr;2025;KREISE;Kreise und kreisfreie Städte;06533;Limburg-Weilburg, Landkreis;ERWAQ7;Arbeitslose nach ausgewählten Personengruppen;ARBEITSLOS06;schwerbehindert;309;Anzahl;ERWP06;Arbeitslose
13211;Arbeitsmarktstatistik der Bundesagentur für Arbeit;JAHR;Jahr;2011;KREISE;Kreise und kreisfreie Städte;06535;Vogelsbergkreis;ERWAQ7;Arbeitslose nach ausgewählten Personengruppen;ARBEITSLOS13;15 bis unter 25 Jahre;283;Anzahl;ERWP06;Arbeitslose
13211;Arbeitsmarktstatistik der Bundesagentur für Arbeit;JAHR;Jahr;2024;KREISE;Kreise und kreisfreie Städte;12064;Märkisch-Oderland, Landkreis;ERWAQ7;Arbeitslose nach ausgewählten Personengruppen;ARBEITSLOS14;55 bis unter 65 Jahre;1702;Anzahl;ERWP06;Arbeitslose
13211;Arbeitsmarktstatistik der Bundesagentur für Arbeit;JAHR;Jahr;2015;KREISE;Kreise und kreisfreie Städte;06535;Vogelsbergkreis;ERWAQ7;Arbeitslose nach ausgewählten Personengruppen;ARBEITSLOS13;15 bis unter 25 Jahre;247;Anzahl;ERWP06;Arbeitslose
13211;Arbeitsmarktstatistik der Bundesagentur für Arbeit;JAHR;Jahr;2021;KREISE;Kreise und kreisfreie Städte;12061;Dahme-Spreewald, Landkreis;ERWAQ7;Arbeitslose nach ausgewählten Personengruppen;ARBEITSLOS12;15 bis unter 20 Jahre;38;Anzahl;ERWP06;Arbeitslose
13211;Arbeitsmarktstatistik der Bundesagentur für Arbeit;JAHR;Jahr;2010;KREISE;Kreise und kreisfreie Städte;12066;Oberspreewald-Lausitz, Landkreis;ERWAQ7;Arbeitslose nach ausgewählten Personengruppen;ARBEITSLOS05;langzeitarbeitslos;4645;Anzahl;ERWP06;Arbeitslose
13211;Arbeitsmarktstatistik der Bundesagentur für Arbeit;JAHR;Jahr;2018;KREISE;Kreise und kreisfreie Städte;06532;Lahn-Dill-Kreis;ERWAQ7;Arbeitslose nach ausgewählten Personengruppen;ARBEITSLOS14;55 bis unter 65 Jahre;1584;Anzahl;ERWP06;Arbeitslose
13211;Arbeitsmarktstatistik der Bundesagentur für Arbeit;JAHR;Jahr;2022;KREISE;Kreise und kreisfreie Städte;06633;Kassel, Landkreis;ERWAQ7;Arbeitslose nach ausgewählten Personengruppen;ARBEITSLOS08;ausländisch;1724;Anzahl;ERWP06;Arbeitslose
13211;Arbeitsmarktstatistik der Bundesagentur für Arbeit;JAHR;Jahr;2010;KREISE;Kreise und kreisfreie Städte;12065;Oberhavel, Landkreis;ERWAQ7;Arbeitslose nach ausgewählten Personengruppen;ARBEITSLOS08;ausländisch;258;Anzahl;ERWP06;Arbeitslose
13211;Arbeitsmarktstatistik der Bundesagentur für Arbeit;JAHR;Jahr;2025;KREISE;Kreise und kreisfreie Städte;12067;Oder-Spree, Landkreis;ERWAQ7;Arbeitslose nach ausgewählten Personengruppen;ARBEITSLOS13;15 bis unter 25 Jahre;560;Anzahl;ERWP06;Arbeitslose
13211;Arbeitsmarktstatistik der Bundesagentur für Arbeit;JAHR;Jahr;2023;KREISE;Kreise und kreisfreie Städte;06533;Limburg-Weilburg, Landkreis;ERWAQ7;Arbeitslose nach ausgewählten Personengruppen;ARBEITSLOS14;55 bis unter 65 Jahre;953;Anzahl;ERWP06;Arbeitslose
13211;Arbeitsmarktstatistik der Bundesagentur für Arbeit;JAHR;Jahr;2022;KREISE;Kreise und kreisfreie Städte;06531;Gießen, Landkreis;ERWAQ7;Arbeitslose nach ausgewählten Personengruppen;ARBEITSLOS12;15 bis unter 20 Jahre;149;Anzahl;ERWP06;Arbeitslose
13211;Arbeitsmarktstatistik der Bundesagentur für Arbeit;JAHR;Jahr;2014;KREISE;Kreise und kreisfreie Städte;12066;Oberspreewald-Lausitz, Landkreis;ERWAQ7;Arbeitslose nach ausgewählten Personengruppen;ARBEITSLOS05;langzeitarbeitslos;3792;Anzahl;ERWP06;Arbeitslose
13211;Arbeitsmarktstatistik der Bundesagentur für Arbeit;JAHR;Jahr;2017;KREISE;Kreise und kreisfreie Städte;06633;Kassel, Landkreis;ERWAQ7;Arbeitslose nach ausgewählten Personengruppen;ARBEITSLOS05;langzeitarbeitslos;1686;Anzahl;ERWP06;Arbeitslose
13211;Arbeitsmarktstatistik der Bundesagentur für Arbeit;JAHR;Jahr;2018;KREISE;Kreise und kreisfreie Städte;12061;Dahme-Spreewald, Landkreis;ERWAQ7;Arbeitslose nach ausgewählten Personengruppen;ARBEITSLOS12;15 bis unter 20 Jahre;19;Anzahl;ERWP06;Arbeitslose
13211;Arbeitsmarktstatistik der Bundesagentur für Arbeit;JAHR;Jahr;2019;KREISE;Kreise und kreisfreie Städte;12063;Havelland, Landkreis;ERWAQ7;Arbeitslose nach ausgewählten Personengruppen;ARBEITSLOS14;55 bis unter 65 Jahre;1193;Anzahl;ERWP06;Arbeitslose
13211;Arbeitsmarktstatistik der Bundesagentur für Arbeit;JAHR;Jahr;2013;KREISE;Kreise und kreisfreie Städte;06535;Vogelsbergkreis;ERWAQ7;Arbeitslose nach ausgewählten Personengruppen;ARBEITSLOS05;langzeitarbeitslos;735;Anzahl;ERWP06;Arbeitslose
13211;Arbeitsmarktstatistik der Bundesagentur für Arbeit;JAHR;Jahr;2015;KREISE;Kreise und kreisfreie Städte;12063;Havelland, Landkreis;ERWAQ7;Arbeitslose nach ausgewählten Personengruppen;ARBEITSLOS14;55 bis unter 65 Jahre;1753;Anzahl;ERWP06;Arbeitslose
13211;Arbeitsmarktstatistik der Bundesagentur für Arbeit;JAHR;Jahr;2010;KREISE;Kreise und kreisfreie Städte;12061;Dahme-Spreewald, Landkreis;ERWAQ7;Arbeitslose nach ausgewählten Personengruppen;ARBEITSLOS12;15 bis unter 20 Jahre;120;Anzahl;ERWP06;Arbeitslose
13211;Arbeitsmarktstatistik der Bundesagentur für Arbeit;JAHR;Jahr;2025;KREISE;Kreise und kreisfreie Städte;12065;Oberhavel, Landkreis;ERWAQ7;Arbeitslose nach ausgewählten Personengruppen;ARBEITSLOS08;ausländisch;1467;Anzahl;ERWP06;Arbeitslose
13211;Arbeitsmarktstatistik der Bundesagentur für Arbeit;JAHR;Jahr;2024;KREISE;Kreise und kreisfreie Städte;12063;Havelland, Landkreis;ERWAQ7;Arbeitslose nach ausgewählten Personengruppen;ARBEITSLOS06;schwerbehindert;273;Anzahl;ERWP06;Arbeitslose
13211;Arbeitsmarktstatistik der Bundesagentur für Arbeit;JAHR;Jahr;2012;KREISE;Kreise und kreisfreie Städte;06532;Lahn-Dill-Kreis;ERWAQ7;Arbeitslose nach ausgewählten Personengruppen;ARBEITSLOS06;schwerbehindert;579;Anzahl;ERWP06;Arbeitslose
13211;Arbeitsmarktstatistik der Bundesagentur für Arbeit;JAHR;Jahr;2013;KREISE;Kreise und kreisfreie Städte;06534;Marburg-Biedenkopf, Landkreis;ERWAQ7;Arbeitslose nach ausgewählten Personengruppen;ARBEITSLOS08;ausländisch;1030;Anzahl;ERWP06;Arbeitslose
13211;Arbeitsmarktstatistik der Bundesagentur für Arbeit;JAHR;Jahr;2011;KREISE;Kreise und kreisfreie Städte;12063;Havelland, Landkreis;ERWAQ7;Arbeitslose nach ausgewählten Personengruppen;ARBEITSLOS14;55 bis unter 65 Jahre;1659;Anzahl;ERWP06;Arbeitslose
13211;Arbeitsmarktstatistik der Bundesagentur für Arbeit;JAHR;Jahr;2021;KREISE;Kreise und kreisfreie Städte;12065;Oberhavel, Landkreis;ERWAQ7;Arbeitslose nach ausgewählten Personengruppen;ARBEITSLOS08;ausländisch;825;Anzahl;ERWP06;Arbeitslose
13211;Arbeitsmarktstatistik der Bundesagentur für Arbeit;JAHR;Jahr;2016;KREISE;Kreise und kreisfreie Städte;06532;Lahn-Dill-Kreis;ERWAQ7;Arbeitslose nach ausgewählten Personengruppen;ARBEITSLOS06;schwerbehindert;830;Anzahl;ERWP06;Arbeitslose
13211;Arbeitsmarktstatistik der Bundesagentur für Arbeit;JAHR;Jahr;2020;KREISE;Kreise und kreisfreie Städte;12063;Havelland, Landkreis;ERWAQ7;Arbeitslose nach ausgewählten Personengruppen;ARBEITSLOS06;schwerbehindert;281;Anzahl;ERWP06;Arbeitslose
13211;Arbeitsmarktstatistik der Bundesagentur für Arbeit;JAHR;Jahr;2017;KREISE;Kreise und kreisfreie Städte;06534;Marburg-Biedenkopf, Landkreis;ERWAQ7;Arbeitslose nach ausgewählten Personengruppen;ARBEITSLOS08;ausländisch;1290;Anzahl;ERWP06;Arbeitslose
13211;Arbeitsmarktstatistik der Bundesagentur für Arbeit;JAHR;Jahr;2015;KREISE;Kreise und kreisfreie Städte;06534;Marburg-Biedenkopf, Landkreis;ERWAQ7;Arbeitslose nach ausgewählten Personengruppen;ARBEITSLOS06;schwerbehindert;499;Anzahl;ERWP06;Arbeitslose
13211;Arbeitsmarktstatistik der Bundesagentur für Arbeit;JAHR;Jahr;2012;KREISE;Kreise und kreisfreie Städte;12061;Dahme-Spreewald, Landkreis;ERWAQ7;Arbeitslose nach ausgewählten Personengruppen;ARBEITSLOS12;15 bis unter 20 Jahre;57;Anzahl;ERWP06;Arbeitslose
13211;Arbeitsmarktstatistik der Bundesagentur für Arbeit;JAHR;Jahr;2013;KREISE;Kreise und kreisfreie Städte;12064;Märkisch-Oderland, Landkreis;ERWAQ7;Arbeitslose nach ausgewählten Personengruppen;ARBEITSLOS14;55 bis unter 65 Jahre;2393;Anzahl;ERWP06;Arbeitslose
13211;Arbeitsmarktstatistik der Bundesagentur für Arbeit;JAHR;Jahr;2010;KREISE;Kreise und kreisfreie Städte;06633;Kassel, Landkreis;ERWAQ7;Arbeitslose nach ausgewählten Personengruppen;ARBEITSLOS08;ausländisch;670;Anzahl;ERWP06;Arbeitslose
13211;Arbeitsmarktstatistik der Bundesagentur für Arbeit;JAHR;Jahr;2024;KREISE;Kreise und kreisfreie Städte;12067;Oder-Spree, Landkreis;ERWAQ7;Arbeitslose nach ausgewählten Personengruppen;ARBEITSLOS06;schwerbehindert;299;Anzahl;ERWP06;Arbeitslose
13211;Arbeitsmarktstatistik der Bundesagentur für Arbeit;JAHR;Jahr;2018;KREISE;Kreise und kreisfreie Städte;12067;Oder-Spree, Landkreis;ERWAQ7;Arbeitslose nach ausgewählten Personengruppen;ARBEITSLOS08;ausländisch;733;Anzahl;ERWP06;Arbeitslose
13211;Arbeitsmarktstatistik der Bundesagentur für Arbeit;JAHR;Jahr;2016;KREISE;Kreise und kreisfreie Städte;12065;Oberhavel, Landkreis;ERWAQ7;Arbeitslose nach ausgewählten Personengruppen;ARBEITSLOS14;55 bis unter 65 Jahre;1748;Anzahl;ERWP06;Arbeitslose
13211;Arbeitsmarktstatistik der Bundesagentur für Arbeit;JAHR;Jahr;2017;KREISE;Kreise und kreisfreie Städte;12064;Märkisch-Oderland, Landkreis;ERWAQ7;Arbeitslose nach ausgewählten Personengruppen;ARBEITSLOS06;schwerbehindert;337;Anzahl;ERWP06;Arbeitslose
13211;Arbeitsmarktstatistik der Bundesagentur für Arbeit;JAHR;Jahr;2015;KREISE;Kreise und kreisfreie Städte;06636;Werra-Meißner-Kreis;ERWAQ7;Arbeitslose nach ausgewählten Personengruppen;ARBEITSLOS05;langzeitarbeitslos;1217;Anzahl;ERWP06;Arbeitslose
13211;Arbeitsmarktstatistik der Bundesagentur für Arbeit;JAHR;Jahr;2022;KREISE;Kreise und kreisfreie Städte;06439;Rheingau-Taunus-Kreis;ERWAQ7;Arbeitslose nach ausgewählten Personengruppen;ARBEITSLOS06;schwerbehindert;175;Anzahl;ERWP06;Arbeitslose
13211;Arbeitsmarktstatistik der Bundesagentur für Arbeit;JAHR;Jahr;2015;KREISE;Kreise und kreisfreie Städte;12066;Oberspreewald-Lausitz, Landkreis;ERWAQ7;Arbeitslose nach ausgewählten Personengruppen;ARBEITSLOS08;ausländisch;214;Anzahl;ERWP06;Arbeitslose
13211;Arbeitsmarktstatistik der Bundesagentur für Arbeit;JAHR;Jahr;2014;KREISE;Kreise und kreisfreie Städte;12063;Havelland, Landkreis;ERWAQ7;Arbeitslose nach ausgewählten Personengruppen;ARBEITSLOS06;schwerbehindert;421;Anzahl;ERWP06;Arbeitslose
13211;Arbeitsmarktstatistik der Bundesagentur für Arbeit;JAHR;Jahr;2014;KREISE;Kreise und kreisfreie Städte;06535;Vogelsbergkreis;ERWAQ7;Arbeitslose nach ausgewählten Personengruppen;ARBEITSLOS14;55 bis unter 65 Jahre;563;Anzahl;ERWP06;Arbeitslose
13211;Arbeitsmarktstatistik der Bundesagentur für Arbeit;JAHR;Jahr;2013;KREISE;Kreise und kreisfreie Städte;06532;Lahn-Dill-Kreis;ERWAQ7;Arbeitslose nach ausgewählten Personengruppen;ARBEITSLOS12;15 bis unter 20 Jahre;155;Anzahl;ERWP06;Arbeitslose
13211;Arbeitsmarktstatistik der Bundesagentur für Arbeit;JAHR;Jahr;2011;KREISE;Kreise und kreisfreie Städte;06534;Marburg-Biedenkopf, Landkreis;ERWAQ7;Arbeitslose nach ausgewählten Personengruppen;ARBEITSLOS14;55 bis unter 65 Jahre;1022;Anzahl;ERWP06;Arbeitslose
13211;Arbeitsmarktstatistik der Bundesagentur für Arbeit;JAHR;Jahr;2010;KREISE;Kreise und kreisfreie Städte;06531;Gießen, Landkreis;ERWAQ7;Arbeitslose nach ausgewählten Personengruppen;ARBEITSLOS12;15 bis unter 20 Jahre;166;Anzahl;ERWP06;Arbeitslose
13211;Arbeitsmarktstatistik der Bundesagentur für Arbeit;JAHR;Jahr;2012;KREISE;Kreise und kreisfreie Städte;12065;Oberhavel, Landkreis;ERWAQ7;Arbeitslose nach ausgewählten Personengruppen;ARBEITSLOS08;ausländisch;290;Anzahl;ERWP06;Arbeitslose
13211;Arbeitsmarktstatistik der Bundesagentur für Arbeit;JAHR;Jahr;2024;KREISE;Kreise und kreisfreie Städte;06531;Gießen, Landkreis;ERWAQ7;Arbeitslose nach ausgewählten Personengruppen;ARBEITSLOS05;langzeitarbeitslos;3074;Anzahl;ERWP06;Arbeitslose
13211;Arbeitsmarktstatistik der Bundesagentur für Arbeit;JAHR;Jahr;2016;KREISE;Kreise und kreisfreie Städte;06533;Limburg-Weilburg, Landkreis;ERWAQ7;Arbeitslose nach ausgewählten Personengruppen;ARBEITSLOS12;15 bis unter 20 Jahre;86;Anzahl;ERWP06;Arbeitslose
13211;Arbeitsmarktstatistik der Bundesagentur für Arbeit;JAHR;Jahr;2022;KREISE;Kreise und kreisfreie Städte;12061;Dahme-Spreewald, Landkreis;ERWAQ7;Arbeitslose nach ausgewählten Personengruppen;ARBEITSLOS13;15 bis unter 25 Jahre;189;Anzahl;ERWP06;Arbeitslose
13211;Arbeitsmarktstatistik der Bundesagentur für Arbeit;JAHR;Jahr;2022;KREISE;Kreise und kreisfreie Städte;12065;Oberhavel, Landkreis;ERWAQ7;Arbeitslose nach ausgewählten Personengruppen;ARBEITSLOS12;15 bis unter 20 Jahre;132;Anzahl;ERWP06;Arbeitslose
13211;Arbeitsmarktstatistik der Bundesagentur für Arbeit;JAHR;Jahr;2020;KREISE;Kreise und kreisfreie Städte;12067;Oder-Spree, Landkreis;ERWAQ7;Arbeitslose nach ausgewählten Personengruppen;ARBEITSLOS14;55 bis unter 65 Jahre;1644;Anzahl;ERWP06;Arbeitslose
13211;Arbeitsmarktstatistik der Bundesagentur für Arbeit;JAHR;Jahr;2019;KREISE;Kreise und kreisfreie Städte;06534;Marburg-Biedenkopf, Landkreis;ERWAQ7;Arbeitslose nach ausgewählten Personengruppen;ARBEITSLOS12;15 bis unter 20 Jahre;117;Anzahl;ERWP06;Arbeitslose
13211;Arbeitsmarktstatistik der Bundesagentur für Arbeit;JAHR;Jahr;2025;KREISE;Kreise und kreisfreie Städte;06636;Werra-Meißner-Kreis;ERWAQ7;Arbeitslose nach ausgewählten Personengruppen;ARBEITSLOS06;schwerbehindert;238;Anzahl;ERWP06;Arbeitslose
13211;Arbeitsmarktstatistik der Bundesagentur für Arbeit;JAHR;Jahr;2023;KREISE;Kreise und kreisfreie Städte;06633;Kassel, Landkreis;ERWAQ7;Arbeitslose nach ausgewählten Personengruppen;ARBEITSLOS05;langzeitarbeitslos;1854;Anzahl;ERWP06;Arbeitslose
13211;Arbeitsmarktstatistik der Bundesagentur für Arbeit;JAHR;Jahr;2022;KREISE;Kreise und kreisfreie Städte;06532;Lahn-Dill-Kreis;ERWAQ7;Arbeitslose nach ausgewählten Personengruppen;ARBEITSLOS14;55 bis unter 65 Jahre;1449;Anzahl;ERWP06;Arbeitslose
13211;Arbeitsmarktstatistik der Bundesagentur für Arbeit;JAHR;Jahr;2018;KREISE;Kreise und kreisfreie Städte;06636;Werra-Meißner-Kreis;ERWAQ7;Arbeitslose nach ausgewählten Personengruppen;ARBEITSLOS12;15 bis unter 20 Jahre;51;Anzahl;ERWP06;Arbeitslose
13211;Arbeitsmarktstatistik der Bundesagentur für Arbeit;JAHR;Jahr;2025;KREISE;Kreise und kreisfreie Städte;06439;Rheingau-Taunus-Kreis;ERWAQ7;Arbeitslose nach ausgewählten Personengruppen;ARBEITSLOS13;15 bis unter 25 Jahre;554;Anzahl;ERWP06;Arbeitslose
13211;Arbeitsmarktstatistik der Bundesagentur für Arbeit;JAHR;Jahr;2020;KREISE;Kreise und kreisfreie Städte;06531;Gießen, Landkreis;ERWAQ7;Arbeitslose nach ausgewählten Personengruppen;ARBEITSLOS13;15 bis unter 25 Jahre;829;Anzahl;ERWP06;Arbeitslose
13211;Arbeitsmarktstatistik der Bundesagentur für Arbeit;JAHR;Jahr;2018;KREISE;Kreise und kreisfreie Städte;06633;Kassel, Landkreis;ERWAQ7;Arbeitslose nach ausgewählten Personengruppen;ARBEITSLOS06;schwerbehindert;418;Anzahl;ERWP06;Arbeitslose
13211;Arbeitsmarktstatistik der Bundesagentur für Arbeit;JAHR;Jahr;2014;KREISE;Kreise und kreisfreie Städte;12067;Oder-Spree, Landkreis;ERWAQ7;Arbeitslose nach ausgewählten Personengruppen;ARBEITSLOS05;langzeitarbeitslos;3998;Anzahl;ERWP06;Arbeitslose
13211;Arbeitsmarktstatistik der Bundesagentur für Arbeit;JAHR;Jahr;2019;KREISE;Kreise und kreisfreie Städte;12066;Oberspreewald-Lausitz, Landkreis;ERWAQ7;Arbeitslose nach ausgewählten Personengruppen;ARBEITSLOS14;55 bis unter 65 Jahre;1426;Anzahl;ERWP06;Arbeitslose
13211;Arbeitsmarktstatistik der Bundesagentur für Arbeit;JAHR;Jahr;2010;KREISE;Kreise und kreisfreie Städte;06535;Vogelsbergkreis;ERWAQ7;Arbeitslose nach ausgewählten Personengruppen;ARBEITSLOS08;ausländisch;280;Anzahl;ERWP06;Arbeitslose
13211;Arbeitsmarktstatistik der Bundesagentur für Arbeit;JAHR;Jahr;2016;KREISE;Kreise und kreisfreie Städte;06439;Rheingau-Taunus-Kreis;ERWAQ7;Arbeitslose nach ausgewählten Personengruppen;ARBEITSLOS08;ausländisch;1237;Anzahl;ERWP06;Arbeitslose
13211;Arbeitsmarktstatistik der Bundesagentur für Arbeit;JAHR;Jahr;2021;KREISE;Kreise und kreisfreie Städte;06636;Werra-Meißner-Kreis;ERWAQ7;Arbeitslose nach ausgewählten Personengruppen;ARBEITSLOS14;55 bis unter 65 Jahre;728;Anzahl;ERWP06;Arbeitslose
13211;Arbeitsmarktstatistik der Bundesagentur für Arbeit;JAHR;Jahr;2010;KREISE;Kreise und kreisfreie Städte;06532;Lahn-Dill-Kreis;ERWAQ7;Arbeitslose nach ausgewählten Personengruppen;ARBEITSLOS05;langzeitarbeitslos;3358;Anzahl;ERWP06;Arbeitslose
13211;Arbeitsmarktstatistik der Bundesagentur für Arbeit;JAHR;Jahr;2017;KREISE;Kreise und kreisfreie Städte;12063;Havelland, Landkreis;ERWAQ7;Arbeitslose nach ausgewählten Personengruppen;ARBEITSLOS13;15 bis unter 25 Jahre;476;Anzahl;ERWP06;Arbeitslose
13211;Arbeitsmarktstatistik der Bundesagentur für Arbeit;JAHR;Jahr;2010;KREISE;Kreise und kreisfreie Städte;12067;Oder-Spree, Landkreis;ERWAQ7;Arbeitslose nach ausgewählten Personengruppen;ARBEITSLOS13;15 bis unter 25 Jahre;1247;Anzahl;ERWP06;Arbeitslose
13211;Arbeitsmarktstatistik der Bundesagentur für Arbeit;JAHR;Jahr;2012;KREISE;Kreise und kreisfreie Städte;06533;Limburg-Weilburg, Landkreis;ERWAQ7;Arbeitslose nach ausgewählten Personengruppen;ARBEITSLOS06;schwerbehindert;378;Anzahl;ERWP06;Arbeitslose
13211;Arbeitsmarktstatistik der Bundesagentur für Arbeit;JAHR;Jahr;2017;KREISE;Kreise und kreisfreie Städte;06531;Gießen, Landkreis;ERWAQ7;Arbeitslose nach ausgewählten Personengruppen;ARBEITSLOS08;ausländisch;2161;Anzahl;ERWP06;Arbeitslose
13211;Arbeitsmarktstatistik der Bundesagentur für Arbeit;JAHR;Jahr;2021;KREISE;Kreise und kreisfreie Städte;12066;Oberspreewald-Lausitz, Landkreis;ERWAQ7;Arbeitslose nach ausgewählten Personengruppen;ARBEITSLOS06;schwerbehindert;233;Anzahl;ERWP06;Arbeitslose
13211;Arbeitsmarktstatistik der Bundesagentur für Arbeit;JAHR;Jahr;2018;KREISE;Kreise und kreisfreie Städte;06535;Vogelsbergkreis;ERWAQ7;Arbeitslose nach ausgewählten Personengruppen;ARBEITSLOS06;schwerbehindert;245;Anzahl;ERWP06;Arbeitslose
13211;Arbeitsmarktstatistik der Bundesagentur für Arbeit;JAHR;Jahr;2016;KREISE;Kreise und kreisfreie Städte;06532;Lahn-Dill-Kreis;ERWAQ7;Arbeitslose nach ausgewählten Personengruppen;ARBEITSLOS05;langzeitarbeitslos;3475;Anzahl;ERWP06;Arbeitslose
13211;Arbeitsmarktstatistik der Bundesagentur für Arbeit;JAHR;Jahr;2020;KREISE;Kreise und kreisfreie Städte;12064;Märkisch-Oderland, Landkreis;ERWAQ7;Arbeitslose nach ausgewählten Personengruppen;ARBEITSLOS08;ausländisch;509;Anzahl;ERWP06;Arbeitslose
13211;Arbeitsmarktstatistik der Bundesagentur für Arbeit;JAHR;Jahr;2019;KREISE;Kreise und kreisfreie Städte;12063;Havelland, Landkreis;ERWAQ7;Arbeitslose nach ausgewählten Personengruppen;ARBEITSLOS08;ausländisch;546;Anzahl;ERWP06;Arbeitslose
13211;Arbeitsmarktstatistik der Bundesagentur für Arbeit;JAHR;Jahr;2016;KREISE;Kreise und kreisfreie Städte;06534;Marburg-Biedenkopf, Landkreis;ERWAQ7;Arbeitslose nach ausgewählten Personengruppen;ARBEITSLOS05;langzeitarbeitslos;1568;Anzahl;ERWP06;Arbeitslose
13211;Arbeitsmarktstatistik der Bundesagentur für Arbeit;JAHR;Jahr;2011;KREISE;Kreise und kreisfreie Städte;12061;Dahme-Spreewald, Landkreis;ERWAQ7;Arbeitslose nach ausgewählten Personengruppen;ARBEITSLOS13;15 bis unter 25 Jahre;636;Anzahl;ERWP06;Arbeitslose
13211;Arbeitsmarktstatistik der Bundesagentur für Arbeit;JAHR;Jahr;2022;KREISE;Kreise und kreisfreie Städte;12064;Märkisch-Oderland, Landkreis;ERWAQ7;Arbeitslose nach ausgewählten Personengruppen;ARBEITSLOS05;langzeitarbeitslos;1940;Anzahl;ERWP06;Arbeitslose
13211;Arbeitsmarktstatistik der Bundesagentur für Arbeit;JAHR;Jahr;2014;KREISE;Kreise und kreisfreie Städte;06532;Lahn-Dill-Kreis;ERWAQ7;Arbeitslose nach ausgewählten Personengruppen;ARBEITSLOS08;ausländisch;1695;Anzahl;ERWP06;Arbeitslose
13211;Arbeitsmarktstatistik der Bundesagentur für Arbeit;JAHR;Jahr;2015;KREISE;Kreise und kreisfreie Städte;06439;Rheingau-Taunus-Kreis;ERWAQ7;Arbeitslose nach ausgewählten Personengruppen;ARBEITSLOS12;15 bis unter 20 Jahre;42;Anzahl;ERWP06;Arbeitslose
13211;Arbeitsmarktstatistik der Bundesagentur für Arbeit;JAHR;Jahr;2011;KREISE;Kreise und kreisfreie Städte;06531;Gießen, Landkreis;ERWAQ7;Arbeitslose nach ausgewählten Personengruppen;ARBEITSLOS08;ausländisch;1623;Anzahl;ERWP06;Arbeitslose
13211;Arbeitsmarktstatistik der Bundesagentur für Arbeit;JAHR;Jahr;2014;KREISE;Kreise und kreisfreie Städte;12064;Märkisch-Oderland, Landkreis;ERWAQ7;Arbeitslose nach ausgewählten Personengruppen;ARBEITSLOS13;15 bis unter 25 Jahre;606;Anzahl;ERWP06;Arbeitslose
13211;Arbeitsmarktstatistik der Bundesagentur für Arbeit;JAHR;Jahr;2025;KREISE;Kreise und kreisfreie Städte;12065;Oberhavel, Landkreis;ERWAQ7;Arbeitslose nach ausgewählten Personengruppen;ARBEITSLOS05;langzeitarbeitslos;2585;Anzahl;ERWP06;Arbeitslose
13211;Arbeitsmarktstatistik der Bundesagentur für Arbeit;JAHR;Jahr;2014;KREISE;Kreise und kreisfreie Städte;06636;Werra-Meißner-Kreis;ERWAQ7;Arbeitslose nach ausgewählten Personengruppen;ARBEITSLOS06;schwerbehindert;307;Anzahl;ERWP06;Arbeitslose
13211;Arbeitsmarktstatistik der Bundesagentur für Arbeit;JAHR;Jahr;2017;KREISE;Kreise und kreisfreie Städte;12067;Oder-Spree, Landkreis;ERWAQ7;Arbeitslose nach ausgewählten Personengruppen;ARBEITSLOS12;15 bis unter 20 Jahre;143;Anzahl;ERWP06;Arbeitslose
13211;Arbeitsmarktstatistik der Bundesagentur für Arbeit;JAHR;Jahr;2018;KREISE;Kreise und kreisfreie Städte;12064;Märkisch-Oderland, Landkreis;ERWAQ7;Arbeitslose nach ausgewählten Personengruppen;ARBEITSLOS05;langzeitarbeitslos;2308;Anzahl;ERWP06;Arbeitslose
13211;Arbeitsmarktstatistik der Bundesagentur für Arbeit;JAHR;Jahr;2011;KREISE;Kreise und kreisfreie Städte;12067;Oder-Spree, Landkreis;ERWAQ7;Arbeitslose nach ausgewählten Personengruppen;ARBEITSLOS12;15 bis unter 20 Jahre;122;Anzahl;ERWP06;Arbeitslose
13211;Arbeitsmarktstatistik der Bundesagentur für Arbeit;JAHR;Jahr;2017;KREISE;Kreise und kreisfreie Städte;12065;Oberhavel, Landkreis;ERWAQ7;Arbeitslose nach ausgewählten Personengruppen;ARBEITSLOS13;15 bis unter 25 Jahre;512;Anzahl;ERWP06;Arbeitslose
13211;Arbeitsmarktstatistik der Bundesagentur für Arbeit;JAHR;Jahr;2023;KREISE;Kreise und kreisfreie Städte;06439;Rheingau-Taunus-Kreis;ERWAQ7;Arbeitslose nach ausgewählten Personengruppen;ARBEITSLOS05;langzeitarbeitslos;1925;Anzahl;ERWP06;Arbeitslose
13211;Arbeitsmarktstatistik der Bundesagentur für Arbeit;JAHR;Jahr;2021;KREISE;Kreise und kreisfreie Städte;06533;Limburg-Weilburg, Landkreis;ERWAQ7;Arbeitslose nach ausgewählten Personengruppen;ARBEITSLOS08;ausländisch;1400;Anzahl;ERWP06;Arbeitslose
13211;Arbeitsmarktstatistik der Bundesagentur für Arbeit;JAHR;Jahr;2012;KREISE;Kreise und kreisfreie Städte;06534;Marburg-Biedenkopf, Landkreis;ERWAQ7;Arbeitslose nach ausgewählten Personengruppen;ARBEITSLOS13;15 bis unter 25 Jahre;664;Anzahl;ERWP06;Arbeitslose
13211;Arbeitsmarktstatistik der Bundesagentur für Arbeit;JAHR;Jahr;2015;KREISE;Kreise und kreisfreie Städte;12063;Havelland, Landkreis;ERWAQ7;Arbeitslose nach ausgewählten Personengruppen;ARBEITSLOS05;langzeitarbeitslos;2775;Anzahl;ERWP06;Arbeitslose
13211;Arbeitsmarktstatistik der Bundesagentur für Arbeit;JAHR;Jahr;2023;KREISE;Kreise und kreisfreie Städte;06531;Gießen, Landkreis;ERWAQ7;Arbeitslose nach ausgewählten Personengruppen;ARBEITSLOS06;schwerbehindert;694;Anzahl;ERWP06;Arbeitslose
13211;Arbeitsmarktstatistik der Bundesagentur für Arbeit;JAHR;Jahr;2010;KREISE;Kreise und kreisfreie Städte;06636;Werra-Meißner-Kreis;ERWAQ7;Arbeitslose nach ausgewählten Personengruppen;ARBEITSLOS14;55 bis unter 65 Jahre;717;Anzahl;ERWP06;Arbeitslose
13211;Arbeitsmarktstatistik der Bundesagentur für Arbeit;JAHR;Jahr;2020;KREISE;Kreise und kreisfreie Städte;06534;Marburg-Biedenkopf, Landkreis;ERWAQ7;Arbeitslose nach ausgewählten Personengruppen;ARBEITSLOS05;langzeitarbeitslos;1619;Anzahl;ERWP06;Arbeitslose
13211;Arbeitsmarktstatistik der Bundesagentur für Arbeit;JAHR;Jahr;2015;KREISE;Kreise und kreisfreie Städte;06531;Gießen, Landkreis;ERWAQ7;Arbeitslose nach ausgewählten Personengruppen;ARBEITSLOS14;55 bis unter 65 Jahre;1850;Anzahl;ERWP06;Arbeitslose
13211;Arbeitsmarktstatistik der Bundesagentur für Arbeit;JAHR;Jahr;2021;KREISE;Kreise und kreisfreie Städte;12061;Dahme-Spreewald, Landkreis;ERWAQ7;Arbeitslose nach ausgewählten Personengruppen;ARBEITSLOS14;55 bis unter 65 Jahre;1048;Anzahl;ERWP06;Arbeitslose
13211;Arbeitsmarktstatistik der Bundesagentur für Arbeit;JAHR;Jahr;2015;KREISE;Kreise und kreisfreie Städte;06533;Limburg-Weilburg, Landkreis;ERWAQ7;Arbeitslose nach ausgewählten Personengruppen;ARBEITSLOS13;15 bis unter 25 Jahre;483;Anzahl;ERWP06;Arbeitslose
13211;Arbeitsmarktstatistik der Bundesagentur für Arbeit;JAHR;Jahr;2019;KREISE;Kreise und kreisfreie Städte;06532;Lahn-Dill-Kreis;ERWAQ7;Arbeitslose nach ausgewählten Personengruppen;ARBEITSLOS12;15 bis unter 20 Jahre;128;Anzahl;ERWP06;Arbeitslose
13211;Arbeitsmarktstatistik der Bundesagentur für Arbeit;JAHR;Jahr;2021;KREISE;Kreise und kreisfreie Städte;12065;Oberhavel, Landkreis;ERWAQ7;Arbeitslose nach ausgewählten Personengruppen;ARBEITSLOS13;15 bis unter 25 Jahre;562;Anzahl;ERWP06;Arbeitslose
13211;Arbeitsmarktstatistik der Bundesagentur für Arbeit;JAHR;Jahr;2018;KREISE;Kreise und kreisfreie Städte;06534;Marburg-Biedenkopf, Landkreis;ERWAQ7;Arbeitslose nach ausgewählten Personengruppen;ARBEITSLOS13;15 bis unter 25 Jahre;607;Anzahl;ERWP06;Arbeitslose
13211;Arbeitsmarktstatistik der Bundesagentur für Arbeit;JAHR;Jahr;2014;KREISE;Kreise und kreisfreie Städte;06633;Kassel, Landkreis;ERWAQ7;Arbeitslose nach ausgewählten Personengruppen;ARBEITSLOS14;55 bis unter 65 Jahre;1578;Anzahl;ERWP06;Arbeitslose
13211;Arbeitsmarktstatistik der Bundesagentur für Arbeit;JAHR;Jahr;2025;KREISE;Kreise und kreisfreie Städte;12064;Märkisch-Oderland, Landkreis;ERWAQ7;Arbeitslose nach ausgewählten Personengruppen;ARBEITSLOS12;15 bis unter 20 Jahre;170;Anzahl;ERWP06;Arbeitslose
13211;Arbeitsmarktstatistik der Bundesagentur für Arbeit;JAHR;Jahr;2020;KREISE;Kreise und kreisfreie Städte;06533;Limburg-Weilburg, Landkreis;ERWAQ7;Arbeitslose nach ausgewählten Personengruppen;ARBEITSLOS12;15 bis unter 20 Jahre;80;Anzahl;ERWP06;Arbeitslose
13211;Arbeitsmarktstatistik der Bundesagentur für Arbeit;JAHR;Jahr;2012;KREISE;Kreise und kreisfreie Städte;06439;Rheingau-Taunus-Kreis;ERWAQ7;Arbeitslose nach ausgewählten Personengruppen;ARBEITSLOS05;langzeitarbeitslos;1803;Anzahl;ERWP06;Arbeitslose
13211;Arbeitsmarktstatistik der Bundesagentur für Arbeit;JAHR;Jahr;2022;KREISE;Kreise und kreisfreie Städte;06633;Kassel, Landkreis;ERWAQ7;Arbeitslose nach ausgewählten Personengruppen;ARBEITSLOS06;schwerbehindert;411;Anzahl;ERWP06;Arbeitslose
13211;Arbeitsmarktstatistik der Bundesagentur für Arbeit;JAHR;Jahr;2012;KREISE;Kreise und kreisfreie Städte;12067;Oder-Spree, Landkreis;ERWAQ7;Arbeitslose nach ausgewählten Personengruppen;ARBEITSLOS08;ausländisch;329;Anzahl;ERWP06;Arbeitslose
13211;Arbeitsmarktstatistik der Bundesagentur für Arbeit;JAHR;Jahr;2011;KREISE;Kreise und kreisfreie Städte;06636;Werra-Meißner-Kreis;ERWAQ7;Arbeitslose nach ausgewählten Personengruppen;ARBEITSLOS13;15 bis unter 25 Jahre;342;Anzahl;ERWP06;Arbeitslose
13211;Arbeitsmarktstatistik der Bundesagentur für Arbeit;JAHR;Jahr;2017;KREISE;Kreise und kreisfreie Städte;06636;Werra-Meißner-Kreis;ERWAQ7;Arbeitslose nach ausgewählten Personengruppen;ARBEITSLOS13;15 bis unter 25 Jahre;326;Anzahl;ERWP06;Arbeitslose
13211;Arbeitsmarktstatistik der Bundesagentur für Arbeit;JAHR;Jahr;2022;KREISE;Kreise und kreisfreie Städte;06636;Werra-Meißner-Kreis;ERWAQ7;Arbeitslose nach ausgewählten Personengruppen;ARBEITSLOS13;15 bis unter 25 Jahre;285;Anzahl;ERWP06;Arbeitslose
13211;Arbeitsmarktstatistik der Bundesagentur für Arbeit;JAHR;Jahr;2017;KREISE;Kreise und kreisfreie Städte;12061;Dahme-Spreewald, Landkreis;ERWAQ7;Arbeitslose nach ausgewählten Personengruppen;ARBEITSLOS14;55 bis unter 65 Jahre;1198;Anzahl;ERWP06;Arbeitslose
13211;Arbeitsmarktstatistik der Bundesagentur für Arbeit;JAHR;Jahr;2018;KREISE;Kreise und kreisfreie Städte;12063;Havelland, Landkreis;ERWAQ7;Arbeitslose nach ausgewählten Personengruppen;ARBEITSLOS12;15 bis unter 20 Jahre;100;Anzahl;ERWP06;Arbeitslose
13211;Arbeitsmarktstatistik der Bundesagentur für Arbeit;JAHR;Jahr;2025;KREISE;Kreise und kreisfreie Städte;06535;Vogelsbergkreis;ERWAQ7;Arbeitslose nach ausgewählten Personengruppen;ARBEITSLOS14;55 bis unter 65 Jahre;615;Anzahl;ERWP06;Arbeitslose
13211;Arbeitsmarktstatistik der Bundesagentur für Arbeit;JAHR;Jahr;2010;KREISE;Kreise und kreisfreie Städte;12065;Oberhavel, Landkreis;ERWAQ7;Arbeitslose nach ausgewählten Personengruppen;ARBEITSLOS14;55 bis unter 65 Jahre;2165;Anzahl;ERWP06;Arbeitslose
13211;Arbeitsmarktstatistik der Bundesagentur für Arbeit;JAHR;Jahr;2019;KREISE;Kreise und kreisfreie Städte;06533;Limburg-Weilburg, Landkreis;ERWAQ7;Arbeitslose nach ausgewählten Personengruppen;ARBEITSLOS05;langzeitarbeitslos;980;Anzahl;ERWP06;Arbeitslose
13211;Arbeitsmarktstatistik der Bundesagentur für Arbeit;JAHR;Jahr;2025;KREISE;Kreise und kreisfreie Städte;12061;Dahme-Spreewald, Landkreis;ERWAQ7;Arbeitslose nach ausgewählten Personengruppen;ARBEITSLOS06;schwerbehindert;216;Anzahl;ERWP06;Arbeitslose
13211;Arbeitsmarktstatistik der Bundesagentur für Arbeit;JAHR;Jahr;2013;KREISE;Kreise und kreisfreie Städte;06533;Limburg-Weilburg, Landkreis;ERWAQ7;Arbeitslose nach ausgewählten Personengruppen;ARBEITSLOS05;langzeitarbeitslos;1807;Anzahl;ERWP06;Arbeitslose
13211;Arbeitsmarktstatistik der Bundesagentur für Arbeit;JAHR;Jahr;2023;KREISE;Kreise und kreisfreie Städte;12063;Havelland, Landkreis;ERWAQ7;Arbeitslose nach ausgewählten Personengruppen;ARBEITSLOS08;ausländisch;1193;Anzahl;ERWP06;Arbeitslose
13211;Arbeitsmarktstatistik der Bundesagentur für Arbeit;JAHR;Jahr;2014;KREISE;Kreise und kreisfreie Städte;06439;Rheingau-Taunus-Kreis;ERWAQ7;Arbeitslose nach ausgewählten Personengruppen;ARBEITSLOS14;55 bis unter 65 Jahre;990;Anzahl;ERWP06;Arbeitslose
13211;Arbeitsmarktstatistik der Bundesagentur für Arbeit;JAHR;Jahr;2015;KREISE;Kreise und kreisfreie Städte;12064;Märkisch-Oderland, Landkreis;ERWAQ7;Arbeitslose nach ausgewählten Personengruppen;ARBEITSLOS12;15 bis unter 20 Jahre;113;Anzahl;ERWP06;Arbeitslose
13211;Arbeitsmarktstatistik der Bundesagentur für Arbeit;JAHR;Jahr;2013;KREISE;Kreise und kreisfreie Städte;12066;Oberspreewald-Lausitz, Landkreis;ERWAQ7;Arbeitslose nach ausgewählten Personengruppen;ARBEITSLOS14;55 bis unter 65 Jahre;1934;Anzahl;ERWP06;Arbeitslose
13211;Arbeitsmarktstatistik der Bundesagentur für Arbeit;JAHR;Jahr;2013;KREISE;Kreise und kreisfreie Städte;06636;Werra-Meißner-Kreis;ERWAQ7;Arbeitslose nach ausgewählten Personengruppen;ARBEITSLOS08;ausländisch;243;Anzahl;ERWP06;Arbeitslose
13211;Arbeitsmarktstatistik der Bundesagentur für Arbeit;JAHR;Jahr;2020;KREISE;Kreise und kreisfreie Städte;06439;Rheingau-Taunus-Kreis;ERWAQ7;Arbeitslose nach ausgewählten Personengruppen;ARBEITSLOS08;ausländisch;1730;Anzahl;ERWP06;Arbeitslose
13211;Arbeitsmarktstatistik der Bundesagentur für Arbeit;JAHR;Jahr;2012;KREISE;Kreise und kreisfreie Städte;06633;Kassel, Landkreis;ERWAQ7;Arbeitslose nach ausgewählten Personengruppen;ARBEITSLOS06;schwerbehindert;506;Anzahl;ERWP06;Arbeitslose
13211;Arbeitsmarktstatistik der Bundesagentur für Arbeit;JAHR;Jahr;2016;KREISE;Kreise und kreisfreie Städte;12067;Oder-Spree, Landkreis;ERWAQ7;Arbeitslose nach ausgewählten Personengruppen;ARBEITSLOS14;55 bis unter 65 Jahre;2097;Anzahl;ERWP06;Arbeitslose
13211;Arbeitsmarktstatistik der Bundesagentur für Arbeit;JAHR;Jahr;2017;KREISE;Kreise und kreisfreie Städte;12066;Oberspreewald-Lausitz, Landkreis;ERWAQ7;Arbeitslose nach ausgewählten Personengruppen;ARBEITSLOS06;schwerbehindert;290;Anzahl;ERWP06;Arbeitslose
13211;Arbeitsmarktstatistik der Bundesagentur für Arbeit;JAHR;Jahr;2018;KREISE;Kreise und kreisfreie Städte;12065;Oberhavel, Landkreis;ERWAQ7;Arbeitslose nach ausgewählten Personengruppen;ARBEITSLOS12;15 bis unter 20 Jahre;116;Anzahl;ERWP06;Arbeitslose
13211;Arbeitsmarktstatistik der Bundesagentur für Arbeit;JAHR;Jahr;2013;KREISE;Kreise und kreisfreie Städte;06534;Marburg-Biedenkopf, Landkreis;ERWAQ7;Arbeitslose nach ausgewählten Personengruppen;ARBEITSLOS12;15 bis unter 20 Jahre;88;Anzahl;ERWP06;Arbeitslose
13211;Arbeitsmarktstatistik der Bundesagentur für Arbeit;JAHR;Jahr;2022;KREISE;Kreise und kreisfreie Städte;12067;Oder-Spree, Landkreis;ERWAQ7;Arbeitslose nach ausgewählten Personengruppen;ARBEITSLOS12;15 bis unter 20 Jahre;115;Anzahl;ERWP06;Arbeitslose
13211;Arbeitsmarktstatistik der Bundesagentur für Arbeit;JAHR;Jahr;2014;KREISE;Kreise und kreisfreie Städte;12065;Oberhavel, Landkreis;ERWAQ7;Arbeitslose nach ausgewählten Personengruppen;ARBEITSLOS06;schwerbehindert;448;Anzahl;ERWP06;Arbeitslose
13211;Arbeitsmarktstatistik der Bundesagentur für Arbeit;JAHR;Jahr;2024;KREISE;Kreise und kreisfreie Städte;06533;Limburg-Weilburg, Landkreis;ERWAQ7;Arbeitslose nach ausgewählten Personengruppen;ARBEITSLOS05;langzeitarbeitslos;1370;Anzahl;ERWP06;Arbeitslose
13211;Arbeitsmarktstatistik der Bundesagentur für Arbeit;JAHR;Jahr;2021;KREISE;Kreise und kreisfreie Städte;06532;Lahn-Dill-Kreis;ERWAQ7;Arbeitslose nach ausgewählten Personengruppen;ARBEITSLOS05;langzeitarbeitslos;3008;Anzahl;ERWP06;Arbeitslose
13211;Arbeitsmarktstatistik der Bundesagentur für Arbeit;JAHR;Jahr;2022;KREISE;Kreise und kreisfreie Städte;06535;Vogelsbergkreis;ERWAQ7;Arbeitslose nach ausgewählten Personengruppen;ARBEITSLOS06;schwerbehindert;216;Anzahl;ERWP06;Arbeitslose
13211;Arbeitsmarktstatistik der Bundesagentur für Arbeit;JAHR;Jahr;2023;KREISE;Kreise und kreisfreie Städte;12066;Oberspreewald-Lausitz, Landkreis;ERWAQ7;Arbeitslose nach ausgewählten Personengruppen;ARBEITSLOS14;55 bis unter 65 Jahre;1315;Anzahl;ERWP06;Arbeitslose
13211;Arbeitsmarktstatistik der Bundesagentur für Arbeit;JAHR;Jahr;2010;KREISE;Kreise und kreisfreie Städte;06533;Limburg-Weilburg, Landkreis;ERWAQ7;Arbeitslose nach ausgewählten Personengruppen;ARBEITSLOS12;15 bis unter 20 Jahre;105;Anzahl;ERWP06;Arbeitslose
13211;Arbeitsmarktstatistik der Bundesagentur für Arbeit;JAHR;Jahr;2016;KREISE;Kreise und kreisfreie Städte;06531;Gießen, Landkreis;ERWAQ7;Arbeitslose nach ausgewählten Personengruppen;ARBEITSLOS13;15 bis unter 25 Jahre;878;Anzahl;ERWP06;Arbeitslose
13211;Arbeitsmarktstatistik der Bundesagentur für Arbeit;JAHR;Jahr;2016;KREISE;Kreise und kreisfreie Städte;06535;Vogelsbergkreis;ERWAQ7;Arbeitslose nach ausgewählten Personengruppen;ARBEITSLOS12;15 bis unter 20 Jahre;54;Anzahl;ERWP06;Arbeitslose
13211;Arbeitsmarktstatistik der Bundesagentur für Arbeit;JAHR;Jahr;2022;KREISE;Kreise und kreisfreie Städte;12063;Havelland, Landkreis;ERWAQ7;Arbeitslose nach ausgewählten Personengruppen;ARBEITSLOS13;15 bis unter 25 Jahre;481;Anzahl;ERWP06;Arbeitslose
13211;Arbeitsmarktstatistik der Bundesagentur für Arbeit;JAHR;Jahr;2010;KREISE;Kreise und kreisfreie Städte;12066;Oberspreewald-Lausitz, Landkreis;ERWAQ7;Arbeitslose nach ausgewählten Personengruppen;ARBEITSLOS06;schwerbehindert;478;Anzahl;ERWP06;Arbeitslose
13211;Arbeitsmarktstatistik der Bundesagentur für Arbeit;JAHR;Jahr;2018;KREISE;Kreise und kreisfreie Städte;06532;Lahn-Dill-Kreis;ERWAQ7;Arbeitslose nach ausgewählten Personengruppen;ARBEITSLOS13;15 bis unter 25 Jahre;678;Anzahl;ERWP06;Arbeitslose
13211;Arbeitsmarktstatistik der Bundesagentur für Arbeit;JAHR;Jahr;2020;KREISE;Kreise und kreisfreie Städte;06533;Limburg-Weilburg, Landkreis;ERWAQ7;Arbeitslose nach ausgewählten Personengruppen;ARBEITSLOS13;15 bis unter 25 Jahre;463;Anzahl;ERWP06;Arbeitslose
13211;Arbeitsmarktstatistik der Bundesagentur für Arbeit;JAHR;Jahr;2025;KREISE;Kreise und kreisfreie Städte;12064;Märkisch-Oderland, Landkreis;ERWAQ7;Arbeitslose nach ausgewählten Personengruppen;ARBEITSLOS13;15 bis unter 25 Jahre;654;Anzahl;ERWP06;Arbeitslose
13211;Arbeitsmarktstatistik der Bundesagentur für Arbeit;JAHR;Jahr;2011;KREISE;Kreise und kreisfreie Städte;06439;Rheingau-Taunus-Kreis;ERWAQ7;Arbeitslose nach ausgewählten Personengruppen;ARBEITSLOS06;schwerbehindert;227;Anzahl;ERWP06;Arbeitslose
13211;Arbeitsmarktstatistik der Bundesagentur für Arbeit;JAHR;Jahr;2023;KREISE;Kreise und kreisfreie Städte;06636;Werra-Meißner-Kreis;ERWAQ7;Arbeitslose nach ausgewählten Personengruppen;ARBEITSLOS08;ausländisch;703;Anzahl;ERWP06;Arbeitslose
13211;Arbeitsmarktstatistik der Bundesagentur für Arbeit;JAHR;Jahr;2023;KREISE;Kreise und kreisfreie Städte;06534;Marburg-Biedenkopf, Landkreis;ERWAQ7;Arbeitslose nach ausgewählten Personengruppen;ARBEITSLOS12;15 bis unter 20 Jahre;131;Anzahl;ERWP06;Arbeitslose
13211;Arbeitsmarktstatistik der Bundesagentur für Arbeit;JAHR;Jahr;2022;KREISE;Kreise und kreisfreie Städte;06531;Gießen, Landkreis;ERWAQ7;Arbeitslose nach ausgewählten Personengruppen;ARBEITSLOS08;ausländisch;2855;Anzahl;ERWP06;Arbeitslose
13211;Arbeitsmarktstatistik der Bundesagentur für Arbeit;JAHR;Jahr;2016;KREISE;Kreise und kreisfreie Städte;06636;Werra-Meißner-Kreis;ERWAQ7;Arbeitslose nach ausgewählten Personengruppen;ARBEITSLOS14;55 bis unter 65 Jahre;758;Anzahl;ERWP06;Arbeitslose
13211;Arbeitsmarktstatistik der Bundesagentur für Arbeit;JAHR;Jahr;2017;KREISE;Kreise und kreisfreie Städte;06636;Werra-Meißner-Kreis;ERWAQ7;Arbeitslose nach ausgewählten Personengruppen;ARBEITSLOS14;55 bis unter 65 Jahre;700;Anzahl;ERWP06;Arbeitslose
13211;Arbeitsmarktstatistik der Bundesagentur für Arbeit;JAHR;Jahr;2010;KREISE;Kreise und kreisfreie Städte;06439;Rheingau-Taunus-Kreis;ERWAQ7;Arbeitslose nach ausgewählten Personengruppen;ARBEITSLOS08;ausländisch;922;Anzahl;ERWP06;Arbeitslose
13211;Arbeitsmarktstatistik der Bundesagentur für Arbeit;JAHR;Jahr;2018;KREISE;Kreise und kreisfreie Städte;06439;Rheingau-Taunus-Kreis;ERWAQ7;Arbeitslose nach ausgewählten Personengruppen;ARBEITSLOS06;schwerbehindert;197;Anzahl;ERWP06;Arbeitslose
13211;Arbeitsmarktstatistik der Bundesagentur für Arbeit;JAHR;Jahr;2018;KREISE;Kreise und kreisfreie Städte;12061;Dahme-Spreewald, Landkreis;ERWAQ7;Arbeitslose nach ausgewählten Personengruppen;ARBEITSLOS13;15 bis unter 25 Jahre;100;Anzahl;ERWP06;Arbeitslose
13211;Arbeitsmarktstatistik der Bundesagentur für Arbeit;JAHR;Jahr;2017;KREISE;Kreise und kreisfreie Städte;12061;Dahme-Spreewald, Landkreis;ERWAQ7;Arbeitslose nach ausgewählten Personengruppen;ARBEITSLOS13;15 bis unter 25 Jahre;125;Anzahl;ERWP06;Arbeitslose
13211;Arbeitsmarktstatistik der Bundesagentur für Arbeit;JAHR;Jahr;2025;KREISE;Kreise und kreisfreie Städte;12063;Havelland, Landkreis;ERWAQ7;Arbeitslose nach ausgewählten Personengruppen;ARBEITSLOS05;langzeitarbeitslos;2298;Anzahl;ERWP06;Arbeitslose
13211;Arbeitsmarktstatistik der Bundesagentur für Arbeit;JAHR;Jahr;2012;KREISE;Kreise und kreisfreie Städte;06535;Vogelsbergkreis;ERWAQ7;Arbeitslose nach ausgewählten Personengruppen;ARBEITSLOS06;schwerbehindert;255;Anzahl;ERWP06;Arbeitslose
13211;Arbeitsmarktstatistik der Bundesagentur für Arbeit;JAHR;Jahr;2020;KREISE;Kreise und kreisfreie Städte;12061;Dahme-Spreewald, Landkreis;ERWAQ7;Arbeitslose nach ausgewählten Personengruppen;ARBEITSLOS05;langzeitarbeitslos;1079;Anzahl;ERWP06;Arbeitslose
13211;Arbeitsmarktstatistik der Bundesagentur für Arbeit;JAHR;Jahr;2019;KREISE;Kreise und kreisfreie Städte;12061;Dahme-Spreewald, Landkreis;ERWAQ7;Arbeitslose nach ausgewählten Personengruppen;ARBEITSLOS08;ausländisch;358;Anzahl;ERWP06;Arbeitslose
13211;Arbeitsmarktstatistik der Bundesagentur für Arbeit;JAHR;Jahr;2014;KREISE;Kreise und kreisfreie Städte;12066;Oberspreewald-Lausitz, Landkreis;ERWAQ7;Arbeitslose nach ausgewählten Personengruppen;ARBEITSLOS12;15 bis unter 20 Jahre;80;Anzahl;ERWP06;Arbeitslose
13211;Arbeitsmarktstatistik der Bundesagentur für Arbeit;JAHR;Jahr;2011;KREISE;Kreise und kreisfreie Städte;12063;Havelland, Landkreis;ERWAQ7;Arbeitslose nach ausgewählten Personengruppen;ARBEITSLOS13;15 bis unter 25 Jahre;673;Anzahl;ERWP06;Arbeitslose
13211;Arbeitsmarktstatistik der Bundesagentur für Arbeit;JAHR;Jahr;2015;KREISE;Kreise und kreisfreie Städte;12067;Oder-Spree, Landkreis;ERWAQ7;Arbeitslose nach ausgewählten Personengruppen;ARBEITSLOS14;55 bis unter 65 Jahre;2202;Anzahl;ERWP06;Arbeitslose
13211;Arbeitsmarktstatistik der Bundesagentur für Arbeit;JAHR;Jahr;2011;KREISE;Kreise und kreisfreie Städte;12065;Oberhavel, Landkreis;ERWAQ7;Arbeitslose nach ausgewählten Personengruppen;ARBEITSLOS12;15 bis unter 20 Jahre;67;Anzahl;ERWP06;Arbeitslose
13211;Arbeitsmarktstatistik der Bundesagentur für Arbeit;JAHR;Jahr;2019;KREISE;Kreise und kreisfreie Städte;12067;Oder-Spree, Landkreis;ERWAQ7;Arbeitslose nach ausgewählten Personengruppen;ARBEITSLOS06;schwerbehindert;120;Anzahl;ERWP06;Arbeitslose
13211;Arbeitsmarktstatistik der Bundesagentur für Arbeit;JAHR;Jahr;2017;KREISE;Kreise und kreisfreie Städte;12065;Oberhavel, Landkreis;ERWAQ7;Arbeitslose nach ausgewählten Personengruppen;ARBEITSLOS12;15 bis unter 20 Jahre;103;Anzahl;ERWP06;Arbeitslose
13211;Arbeitsmarktstatistik der Bundesagentur für Arbeit;JAHR;Jahr;2012;KREISE;Kreise und kreisfreie Städte;06636;Werra-Meißner-Kreis;ERWAQ7;Arbeitslose nach ausgewählten Personengruppen;ARBEITSLOS08;ausländisch;226;Anzahl;ERWP06;Arbeitslose
13211;Arbeitsmarktstatistik der Bundesagentur für Arbeit;JAHR;Jahr;2013;KREISE;Kreise und kreisfreie Städte;06439;Rheingau-Taunus-Kreis;ERWAQ7;Arbeitslose nach ausgewählten Personengruppen;ARBEITSLOS14;55 bis unter 65 Jahre;875;Anzahl;ERWP06;Arbeitslose
13211;Arbeitsmarktstatistik der Bundesagentur für Arbeit;JAHR;Jahr;2016;KREISE;Kreise und kreisfreie Städte;12066;Oberspreewald-Lausitz, Landkreis;ERWAQ7;Arbeitslose nach ausgewählten Personengruppen;ARBEITSLOS06;schwerbehindert;339;Anzahl;ERWP06;Arbeitslose
13211;Arbeitsmarktstatistik der Bundesagentur für Arbeit;JAHR;Jahr;2021;KREISE;Kreise und kreisfreie Städte;06531;Gießen, Landkreis;ERWAQ7;Arbeitslose nach ausgewählten Personengruppen;ARBEITSLOS08;ausländisch;2768;Anzahl;ERWP06;Arbeitslose
13211;Arbeitsmarktstatistik der Bundesagentur für Arbeit;JAHR;Jahr;2012;KREISE;Kreise und kreisfreie Städte;06532;Lahn-Dill-Kreis;ERWAQ7;Arbeitslose nach ausgewählten Personengruppen;ARBEITSLOS13;15 bis unter 25 Jahre;827;Anzahl;ERWP06;Arbeitslose
13211;Arbeitsmarktstatistik der Bundesagentur für Arbeit;JAHR;Jahr;2013;KREISE;Kreise und kreisfreie Städte;12061;Dahme-Spreewald, Landkreis;ERWAQ7;Arbeitslose nach ausgewählten Personengruppen;ARBEITSLOS08;ausländisch;226;Anzahl;ERWP06;Arbeitslose
13211;Arbeitsmarktstatistik der Bundesagentur für Arbeit;JAHR;Jahr;2020;KREISE;Kreise und kreisfreie Städte;06532;Lahn-Dill-Kreis;ERWAQ7;Arbeitslose nach ausgewählten Personengruppen;ARBEITSLOS05;langzeitarbeitslos;2554;Anzahl;ERWP06;Arbeitslose
13211;Arbeitsmarktstatistik der Bundesagentur für Arbeit;JAHR;Jahr;2015;KREISE;Kreise und kreisfreie Städte;12061;Dahme-Spreewald, Landkreis;ERWAQ7;Arbeitslose nach ausgewählten Personengruppen;ARBEITSLOS05;langzeitarbeitslos;1862;Anzahl;ERWP06;Arbeitslose
13211;Arbeitsmarktstatistik der Bundesagentur für Arbeit;JAHR;Jahr;2015;KREISE;Kreise und kreisfreie Städte;06531;Gießen, Landkreis;ERWAQ7;Arbeitslose nach ausgewählten Personengruppen;ARBEITSLOS13;15 bis unter 25 Jahre;843;Anzahl;ERWP06;Arbeitslose
13211;Arbeitsmarktstatistik der Bundesagentur für Arbeit;JAHR;Jahr;2015;KREISE;Kreise und kreisfreie Städte;06535;Vogelsbergkreis;ERWAQ7;Arbeitslose nach ausgewählten Personengruppen;ARBEITSLOS12;15 bis unter 20 Jahre;40;Anzahl;ERWP06;Arbeitslose
13211;Arbeitsmarktstatistik der Bundesagentur für Arbeit;JAHR;Jahr;2012;KREISE;Kreise und kreisfreie Städte;06534;Marburg-Biedenkopf, Landkreis;ERWAQ7;Arbeitslose nach ausgewählten Personengruppen;ARBEITSLOS12;15 bis unter 20 Jahre;92;Anzahl;ERWP06;Arbeitslose
13211;Arbeitsmarktstatistik der Bundesagentur für Arbeit;JAHR;Jahr;2021;KREISE;Kreise und kreisfreie Städte;12063;Havelland, Landkreis;ERWAQ7;Arbeitslose nach ausgewählten Personengruppen;ARBEITSLOS13;15 bis unter 25 Jahre;498;Anzahl;ERWP06;Arbeitslose
13211;Arbeitsmarktstatistik der Bundesagentur für Arbeit;JAHR;Jahr;2019;KREISE;Kreise und kreisfreie Städte;06532;Lahn-Dill-Kreis;ERWAQ7;Arbeitslose nach ausgewählten Personengruppen;ARBEITSLOS13;15 bis unter 25 Jahre;620;Anzahl;ERWP06;Arbeitslose
13211;Arbeitsmarktstatistik der Bundesagentur für Arbeit;JAHR;Jahr;2020;KREISE;Kreise und kreisfreie Städte;06535;Vogelsbergkreis;ERWAQ7;Arbeitslose nach ausgewählten Personengruppen;ARBEITSLOS12;15 bis unter 20 Jahre;44;Anzahl;ERWP06;Arbeitslose
13211;Arbeitsmarktstatistik der Bundesagentur für Arbeit;JAHR;Jahr;2025;KREISE;Kreise und kreisfreie Städte;12066;Oberspreewald-Lausitz, Landkreis;ERWAQ7;Arbeitslose nach ausgewählten Personengruppen;ARBEITSLOS12;15 bis unter 20 Jahre;67;Anzahl;ERWP06;Arbeitslose
13211;Arbeitsmarktstatistik der Bundesagentur für Arbeit;JAHR;Jahr;2019;KREISE;Kreise und kreisfreie Städte;06636;Werra-Meißner-Kreis;ERWAQ7;Arbeitslose nach ausgewählten Personengruppen;ARBEITSLOS08;ausländisch;495;Anzahl;ERWP06;Arbeitslose
13211;Arbeitsmarktstatistik der Bundesagentur für Arbeit;JAHR;Jahr;2013;KREISE;Kreise und kreisfreie Städte;12067;Oder-Spree, Landkreis;ERWAQ7;Arbeitslose nach ausgewählten Personengruppen;ARBEITSLOS06;schwerbehindert;224;Anzahl;ERWP06;Arbeitslose
13211;Arbeitsmarktstatistik der Bundesagentur für Arbeit;JAHR;Jahr;2023;KREISE;Kreise und kreisfreie Städte;06532;Lahn-Dill-Kreis;ERWAQ7;Arbeitslose nach ausgewählten Personengruppen;ARBEITSLOS13;15 bis unter 25 Jahre;748;Anzahl;ERWP06;Arbeitslose
13211;Arbeitsmarktstatistik der Bundesagentur für Arbeit;JAHR;Jahr;2024;KREISE;Kreise und kreisfreie Städte;06439;Rheingau-Taunus-Kreis;ERWAQ7;Arbeitslose nach ausgewählten Personengruppen;ARBEITSLOS14;55 bis unter 65 Jahre;1113;Anzahl;ERWP06;Arbeitslose
13211;Arbeitsmarktstatistik der Bundesagentur für Arbeit;JAHR;Jahr;2025;KREISE;Kreise und kreisfreie Städte;06439;Rheingau-Taunus-Kreis;ERWAQ7;Arbeitslose nach ausgewählten Personengruppen;ARBEITSLOS14;55 bis unter 65 Jahre;1201;Anzahl;ERWP06;Arbeitslose
13211;Arbeitsmarktstatistik der Bundesagentur für Arbeit;JAHR;Jahr;2016;KREISE;Kreise und kreisfreie Städte;06633;Kassel, Landkreis;ERWAQ7;Arbeitslose nach ausgewählten Personengruppen;ARBEITSLOS12;15 bis unter 20 Jahre;113;Anzahl;ERWP06;Arbeitslose
13211;Arbeitsmarktstatistik der Bundesagentur für Arbeit;JAHR;Jahr;2015;KREISE;Kreise und kreisfreie Städte;06633;Kassel, Landkreis;ERWAQ7;Arbeitslose nach ausgewählten Personengruppen;ARBEITSLOS12;15 bis unter 20 Jahre;124;Anzahl;ERWP06;Arbeitslose
13211;Arbeitsmarktstatistik der Bundesagentur für Arbeit;JAHR;Jahr;2014;KREISE;Kreise und kreisfreie Städte;12067;Oder-Spree, Landkreis;ERWAQ7;Arbeitslose nach ausgewählten Personengruppen;ARBEITSLOS06;schwerbehindert;206;Anzahl;ERWP06;Arbeitslose
13211;Arbeitsmarktstatistik der Bundesagentur für Arbeit;JAHR;Jahr;2010;KREISE;Kreise und kreisfreie Städte;12067;Oder-Spree, Landkreis;ERWAQ7;Arbeitslose nach ausgewählten Personengruppen;ARBEITSLOS14;55 bis unter 65 Jahre;2092;Anzahl;ERWP06;Arbeitslose
13211;Arbeitsmarktstatistik der Bundesagentur für Arbeit;JAHR;Jahr;2023;KREISE;Kreise und kreisfreie Städte;12061;Dahme-Spreewald, Landkreis;ERWAQ7;Arbeitslose nach ausgewählten Personengruppen;ARBEITSLOS08;ausländisch;770;Anzahl;ERWP06;Arbeitslose
13211;Arbeitsmarktstatistik der Bundesagentur für Arbeit;JAHR;Jahr;2020;KREISE;Kreise und kreisfreie Städte;06633;Kassel, Landkreis;ERWAQ7;Arbeitslose nach ausgewählten Personengruppen;ARBEITSLOS12;15 bis unter 20 Jahre;117;Anzahl;ERWP06;Arbeitslose
13211;Arbeitsmarktstatistik der Bundesagentur für Arbeit;JAHR;Jahr;2013;KREISE;Kreise und kreisfreie Städte;06531;Gießen, Landkreis;ERWAQ7;Arbeitslose nach ausgewählten Personengruppen;ARBEITSLOS05;langzeitarbeitslos;4162;Anzahl;ERWP06;Arbeitslose
13211;Arbeitsmarktstatistik der Bundesagentur für Arbeit;JAHR;Jahr;2019;KREISE;Kreise und kreisfreie Städte;06531;Gießen, Landkreis;ERWAQ7;Arbeitslose nach ausgewählten Personengruppen;ARBEITSLOS05;langzeitarbeitslos;2789;Anzahl;ERWP06;Arbeitslose
13211;Arbeitsmarktstatistik der Bundesagentur für Arbeit;JAHR;Jahr;2024;KREISE;Kreise und kreisfreie Städte;12061;Dahme-Spreewald, Landkreis;ERWAQ7;Arbeitslose nach ausgewählten Personengruppen;ARBEITSLOS08;ausländisch;790;Anzahl;ERWP06;Arbeitslose
13211;Arbeitsmarktstatistik der Bundesagentur für Arbeit;JAHR;Jahr;2013;KREISE;Kreise und kreisfreie Städte;12064;Märkisch-Oderland, Landkreis;ERWAQ7;Arbeitslose nach ausgewählten Personengruppen;ARBEITSLOS13;15 bis unter 25 Jahre;797;Anzahl;ERWP06;Arbeitslose
13211;Arbeitsmarktstatistik der Bundesagentur für Arbeit;JAHR;Jahr;2014;KREISE;Kreise und kreisfreie Städte;06531;Gießen, Landkreis;ERWAQ7;Arbeitslose nach ausgewählten Personengruppen;ARBEITSLOS05;langzeitarbeitslos;4162;Anzahl;ERWP06;Arbeitslose
13211;Arbeitsmarktstatistik der Bundesagentur für Arbeit;JAHR;Jahr;2022;KREISE;Kreise und kreisfreie Städte;12065;Oberhavel, Landkreis;ERWAQ7;Arbeitslose nach ausgewählten Personengruppen;ARBEITSLOS08;ausländisch;1031;Anzahl;ERWP06;Arbeitslose
13211;Arbeitsmarktstatistik der Bundesagentur für Arbeit;JAHR;Jahr;2012;KREISE;Kreise und kreisfreie Städte;12061;Dahme-Spreewald, Landkreis;ERWAQ7;Arbeitslose nach ausgewählten Personengruppen;ARBEITSLOS13;15 bis unter 25 Jahre;504;Anzahl;ERWP06;Arbeitslose
13211;Arbeitsmarktstatistik der Bundesagentur für Arbeit;JAHR;Jahr;2024;KREISE;Kreise und kreisfreie Städte;12067;Oder-Spree, Landkreis;ERWAQ7;Arbeitslose nach ausgewählten Personengruppen;ARBEITSLOS05;langzeitarbeitslos;2929;Anzahl;ERWP06;Arbeitslose
13211;Arbeitsmarktstatistik der Bundesagentur für Arbeit;JAHR;Jahr;2016;KREISE;Kreise und kreisfreie Städte;12061;Dahme-Spreewald, Landkreis;ERWAQ7;Arbeitslose nach ausgewählten Personengruppen;ARBEITSLOS05;langzeitarbeitslos;1827;Anzahl;ERWP06;Arbeitslose
13211;Arbeitsmarktstatistik der Bundesagentur für Arbeit;JAHR;Jahr;2017;KREISE;Kreise und kreisfreie Städte;12064;Märkisch-Oderland, Landkreis;ERWAQ7;Arbeitslose nach ausgewählten Personengruppen;ARBEITSLOS05;langzeitarbeitslos;2165;Anzahl;ERWP06;Arbeitslose
13211;Arbeitsmarktstatistik der Bundesagentur für Arbeit;JAHR;Jahr;2018;KREISE;Kreise und kreisfreie Städte;12067;Oder-Spree, Landkreis;ERWAQ7;Arbeitslose nach ausgewählten Personengruppen;ARBEITSLOS12;15 bis unter 20 Jahre;125;Anzahl;ERWP06;Arbeitslose
13211;Arbeitsmarktstatistik der Bundesagentur für Arbeit;JAHR;Jahr;2022;KREISE;Kreise und kreisfreie Städte;06533;Limburg-Weilburg, Landkreis;ERWAQ7;Arbeitslose nach ausgewählten Personengruppen;ARBEITSLOS06;schwerbehindert;302;Anzahl;ERWP06;Arbeitslose
13211;Arbeitsmarktstatistik der Bundesagentur für Arbeit;JAHR;Jahr;2021;KREISE;Kreise und kreisfreie Städte;06534;Marburg-Biedenkopf, Landkreis;ERWAQ7;Arbeitslose nach ausgewählten Personengruppen;ARBEITSLOS05;langzeitarbeitslos;1837;Anzahl;ERWP06;Arbeitslose
13211;Arbeitsmarktstatistik der Bundesagentur für Arbeit;JAHR;Jahr;2022;KREISE;Kreise und kreisfreie Städte;12061;Dahme-Spreewald, Landkreis;ERWAQ7;Arbeitslose nach ausgewählten Personengruppen;ARBEITSLOS12;15 bis unter 20 Jahre;50;Anzahl;ERWP06;Arbeitslose
13211;Arbeitsmarktstatistik der Bundesagentur für Arbeit;JAHR;Jahr;2016;KREISE;Kreise und kreisfreie Städte;06533;Limburg-Weilburg, Landkreis;ERWAQ7;Arbeitslose nach ausgewählten Personengruppen;ARBEITSLOS13;15 bis unter 25 Jahre;424;Anzahl;ERWP06;Arbeitslose
13211;Arbeitsmarktstatistik der Bundesagentur für Arbeit;JAHR;Jahr;2020;KREISE;Kreise und kreisfreie Städte;12067;Oder-Spree, Landkreis;ERWAQ7;Arbeitslose nach ausgewählten Personengruppen;ARBEITSLOS13;15 bis unter 25 Jahre;567;Anzahl;ERWP06;Arbeitslose
13211;Arbeitsmarktstatistik der Bundesagentur für Arbeit;JAHR;Jahr;2022;KREISE;Kreise und kreisfreie Städte;12065;Oberhavel, Landkreis;ERWAQ7;Arbeitslose nach ausgewählten Personengruppen;ARBEITSLOS13;15 bis unter 25 Jahre;494;Anzahl;ERWP06;Arbeitslose
13211;Arbeitsmarktstatistik der Bundesagentur für Arbeit;JAHR;Jahr;2014;KREISE;Kreise und kreisfreie Städte;06535;Vogelsbergkreis;ERWAQ7;Arbeitslose nach ausgewählten Personengruppen;ARBEITSLOS13;15 bis unter 25 Jahre;282;Anzahl;ERWP06;Arbeitslose
13211;Arbeitsmarktstatistik der Bundesagentur für Arbeit;JAHR;Jahr;2023;KREISE;Kreise und kreisfreie Städte;12064;Märkisch-Oderland, Landkreis;ERWAQ7;Arbeitslose nach ausgewählten Personengruppen;ARBEITSLOS14;55 bis unter 65 Jahre;1694;Anzahl;ERWP06;Arbeitslose
13211;Arbeitsmarktstatistik der Bundesagentur für Arbeit;JAHR;Jahr;2014;KREISE;Kreise und kreisfreie Städte;06633;Kassel, Landkreis;ERWAQ7;Arbeitslose nach ausgewählten Personengruppen;ARBEITSLOS13;15 bis unter 25 Jahre;662;Anzahl;ERWP06;Arbeitslose
13211;Arbeitsmarktstatistik der Bundesagentur für Arbeit;JAHR;Jahr;2010;KREISE;Kreise und kreisfreie Städte;12064;Märkisch-Oderland, Landkreis;ERWAQ7;Arbeitslose nach ausgewählten Personengruppen;ARBEITSLOS06;schwerbehindert;651;Anzahl;ERWP06;Arbeitslose
13211;Arbeitsmarktstatistik der Bundesagentur für Arbeit;JAHR;Jahr;2024;KREISE;Kreise und kreisfreie Städte;06531;Gießen, Landkreis;ERWAQ7;Arbeitslose nach ausgewählten Personengruppen;ARBEITSLOS06;schwerbehindert;731;Anzahl;ERWP06;Arbeitslose
13211;Arbeitsmarktstatistik der Bundesagentur für Arbeit;JAHR;Jahr;2023;KREISE;Kreise und kreisfreie Städte;06532;Lahn-Dill-Kreis;ERWAQ7;Arbeitslose nach ausgewählten Personengruppen;ARBEITSLOS12;15 bis unter 20 Jahre;197;Anzahl;ERWP06;Arbeitslose
13211;Arbeitsmarktstatistik der Bundesagentur für Arbeit;JAHR;Jahr;2012;KREISE;Kreise und kreisfreie Städte;06439;Rheingau-Taunus-Kreis;ERWAQ7;Arbeitslose nach ausgewählten Personengruppen;ARBEITSLOS06;schwerbehindert;224;Anzahl;ERWP06;Arbeitslose
13211;Arbeitsmarktstatistik der Bundesagentur für Arbeit;JAHR;Jahr;2019;KREISE;Kreise und kreisfreie Städte;06636;Werra-Meißner-Kreis;ERWAQ7;Arbeitslose nach ausgewählten Personengruppen;ARBEITSLOS12;15 bis unter 20 Jahre;42;Anzahl;ERWP06;Arbeitslose
13211;Arbeitsmarktstatistik der Bundesagentur für Arbeit;JAHR;Jahr;2017;KREISE;Kreise und kreisfreie Städte;06633;Kassel, Landkreis;ERWAQ7;Arbeitslose nach ausgewählten Personengruppen;ARBEITSLOS06;schwerbehindert;426;Anzahl;ERWP06;Arbeitslose
13211;Arbeitsmarktstatistik der Bundesagentur für Arbeit;JAHR;Jahr;2011;KREISE;Kreise und kreisfreie Städte;06636;Werra-Meißner-Kreis;ERWAQ7;Arbeitslose nach ausgewählten Personengruppen;ARBEITSLOS12;15 bis unter 20 Jahre;64;Anzahl;ERWP06;Arbeitslose
13211;Arbeitsmarktstatistik der Bundesagentur für Arbeit;JAHR;Jahr;2015;KREISE;Kreise und kreisfreie Städte;12067;Oder-Spree, Landkreis;ERWAQ7;Arbeitslose nach ausgewählten Personengruppen;ARBEITSLOS05;langzeitarbeitslos;3883;Anzahl;ERWP06;Arbeitslose
13211;Arbeitsmarktstatistik der Bundesagentur für Arbeit;JAHR;Jahr;2018;KREISE;Kreise und kreisfreie Städte;12066;Oberspreewald-Lausitz, Landkreis;ERWAQ7;Arbeitslose nach ausgewählten Personengruppen;ARBEITSLOS14;55 bis unter 65 Jahre;1452;Anzahl;ERWP06;Arbeitslose
13211;Arbeitsmarktstatistik der Bundesagentur für Arbeit;JAHR;Jahr;2010;KREISE;Kreise und kreisfreie Städte;06531;Gießen, Landkreis;ERWAQ7;Arbeitslose nach ausgewählten Personengruppen;ARBEITSLOS08;ausländisch;1730;Anzahl;ERWP06;Arbeitslose
13211;Arbeitsmarktstatistik der Bundesagentur für Arbeit;JAHR;Jahr;2025;KREISE;Kreise und kreisfreie Städte;06533;Limburg-Weilburg, Landkreis;ERWAQ7;Arbeitslose nach ausgewählten Personengruppen;ARBEITSLOS13;15 bis unter 25 Jahre;562;Anzahl;ERWP06;Arbeitslose
13211;Arbeitsmarktstatistik der Bundesagentur für Arbeit;JAHR;Jahr;2025;KREISE;Kreise und kreisfreie Städte;12061;Dahme-Spreewald, Landkreis;ERWAQ7;Arbeitslose nach ausgewählten Personengruppen;ARBEITSLOS05;langzeitarbeitslos;1073;Anzahl;ERWP06;Arbeitslose
13211;Arbeitsmarktstatistik der Bundesagentur für Arbeit;JAHR;Jahr;2017;KREISE;Kreise und kreisfreie Städte;06535;Vogelsbergkreis;ERWAQ7;Arbeitslose nach ausgewählten Personengruppen;ARBEITSLOS06;schwerbehindert;236;Anzahl;ERWP06;Arbeitslose
13211;Arbeitsmarktstatistik der Bundesagentur für Arbeit;JAHR;Jahr;2019;KREISE;Kreise und kreisfreie Städte;06533;Limburg-Weilburg, Landkreis;ERWAQ7;Arbeitslose nach ausgewählten Personengruppen;ARBEITSLOS06;schwerbehindert;299;Anzahl;ERWP06;Arbeitslose
13211;Arbeitsmarktstatistik der Bundesagentur für Arbeit;JAHR;Jahr;2011;KREISE;Kreise und kreisfreie Städte;06535;Vogelsbergkreis;ERWAQ7;Arbeitslose nach ausgewählten Personengruppen;ARBEITSLOS06;schwerbehindert;306;Anzahl;ERWP06;Arbeitslose
13211;Arbeitsmarktstatistik der Bundesagentur für Arbeit;JAHR;Jahr;2020;KREISE;Kreise und kreisfreie Städte;12063;Havelland, Landkreis;ERWAQ7;Arbeitslose nach ausgewählten Personengruppen;ARBEITSLOS05;langzeitarbeitslos;1804;Anzahl;ERWP06;Arbeitslose
13211;Arbeitsmarktstatistik der Bundesagentur für Arbeit;JAHR;Jahr;2013;KREISE;Kreise und kreisfreie Städte;06533;Limburg-Weilburg, Landkreis;ERWAQ7;Arbeitslose nach ausgewählten Personengruppen;ARBEITSLOS06;schwerbehindert;427;Anzahl;ERWP06;Arbeitslose
13211;Arbeitsmarktstatistik der Bundesagentur für Arbeit;JAHR;Jahr;2018;KREISE;Kreise und kreisfreie Städte;06531;Gießen, Landkreis;ERWAQ7;Arbeitslose nach ausgewählten Personengruppen;ARBEITSLOS08;ausländisch;2086;Anzahl;ERWP06;Arbeitslose
13211;Arbeitsmarktstatistik der Bundesagentur für Arbeit;JAHR;Jahr;2016;KREISE;Kreise und kreisfreie Städte;06533;Limburg-Weilburg, Landkreis;ERWAQ7;Arbeitslose nach ausgewählten Personengruppen;ARBEITSLOS08;ausländisch;1140;Anzahl;ERWP06;Arbeitslose
13211;Arbeitsmarktstatistik der Bundesagentur für Arbeit;JAHR;Jahr;2011;KREISE;Kreise und kreisfreie Städte;06633;Kassel, Landkreis;ERWAQ7;Arbeitslose nach ausgewählten Personengruppen;ARBEITSLOS06;schwerbehindert;512;Anzahl;ERWP06;Arbeitslose
13211;Arbeitsmarktstatistik der Bundesagentur für Arbeit;JAHR;Jahr;2012;KREISE;Kreise und kreisfreie Städte;12066;Oberspreewald-Lausitz, Landkreis;ERWAQ7;Arbeitslose nach ausgewählten Personengruppen;ARBEITSLOS14;55 bis unter 65 Jahre;1892;Anzahl;ERWP06;Arbeitslose
13211;Arbeitsmarktstatistik der Bundesagentur für Arbeit;JAHR;Jahr;2021;KREISE;Kreise und kreisfreie Städte;06439;Rheingau-Taunus-Kreis;ERWAQ7;Arbeitslose nach ausgewählten Personengruppen;ARBEITSLOS08;ausländisch;1635;Anzahl;ERWP06;Arbeitslose
13211;Arbeitsmarktstatistik der Bundesagentur für Arbeit;JAHR;Jahr;2011;KREISE;Kreise und kreisfreie Städte;12063;Havelland, Landkreis;ERWAQ7;Arbeitslose nach ausgewählten Personengruppen;ARBEITSLOS12;15 bis unter 20 Jahre;77;Anzahl;ERWP06;Arbeitslose
13211;Arbeitsmarktstatistik der Bundesagentur für Arbeit;JAHR;Jahr;2011;KREISE;Kreise und kreisfreie Städte;12065;Oberhavel, Landkreis;ERWAQ7;Arbeitslose nach ausgewählten Personengruppen;ARBEITSLOS13;15 bis unter 25 Jahre;907;Anzahl;ERWP06;Arbeitslose
13211;Arbeitsmarktstatistik der Bundesagentur für Arbeit;JAHR;Jahr;2014;KREISE;Kreise und kreisfreie Städte;06636;Werra-Meißner-Kreis;ERWAQ7;Arbeitslose nach ausgewählten Personengruppen;ARBEITSLOS05;langzeitarbeitslos;1225;Anzahl;ERWP06;Arbeitslose
13211;Arbeitsmarktstatistik der Bundesagentur für Arbeit;JAHR;Jahr;2018;KREISE;Kreise und kreisfreie Städte;12064;Märkisch-Oderland, Landkreis;ERWAQ7;Arbeitslose nach ausgewählten Personengruppen;ARBEITSLOS06;schwerbehindert;337;Anzahl;ERWP06;Arbeitslose
13211;Arbeitsmarktstatistik der Bundesagentur für Arbeit;JAHR;Jahr;2017;KREISE;Kreise und kreisfreie Städte;12067;Oder-Spree, Landkreis;ERWAQ7;Arbeitslose nach ausgewählten Personengruppen;ARBEITSLOS08;ausländisch;724;Anzahl;ERWP06;Arbeitslose
13211;Arbeitsmarktstatistik der Bundesagentur für Arbeit;JAHR;Jahr;2019;KREISE;Kreise und kreisfreie Städte;12067;Oder-Spree, Landkreis;ERWAQ7;Arbeitslose nach ausgewählten Personengruppen;ARBEITSLOS08;ausländisch;742;Anzahl;ERWP06;Arbeitslose
13211;Arbeitsmarktstatistik der Bundesagentur für Arbeit;JAHR;Jahr;2012;KREISE;Kreise und kreisfreie Städte;06532;Lahn-Dill-Kreis;ERWAQ7;Arbeitslose nach ausgewählten Personengruppen;ARBEITSLOS12;15 bis unter 20 Jahre;136;Anzahl;ERWP06;Arbeitslose
13211;Arbeitsmarktstatistik der Bundesagentur für Arbeit;JAHR;Jahr;2010;KREISE;Kreise und kreisfreie Städte;06636;Werra-Meißner-Kreis;ERWAQ7;Arbeitslose nach ausgewählten Personengruppen;ARBEITSLOS13;15 bis unter 25 Jahre;373;Anzahl;ERWP06;Arbeitslose
13211;Arbeitsmarktstatistik der Bundesagentur für Arbeit;JAHR;Jahr;2021;KREISE;Kreise und kreisfreie Städte;12067;Oder-Spree, Landkreis;ERWAQ7;Arbeitslose nach ausgewählten Personengruppen;ARBEITSLOS12;15 bis unter 20 Jahre;119;Anzahl;ERWP06;Arbeitslose
13211;Arbeitsmarktstatistik der Bundesagentur für Arbeit;JAHR;Jahr;2013;KREISE;Kreise und kreisfreie Städte;06535;Vogelsbergkreis;ERWAQ7;Arbeitslose nach ausgewählten Personengruppen;ARBEITSLOS14;55 bis unter 65 Jahre;615;Anzahl;ERWP06;Arbeitslose
13211;Arbeitsmarktstatistik der Bundesagentur für Arbeit;JAHR;Jahr;2016;KREISE;Kreise und kreisfreie Städte;12064;Märkisch-Oderland, Landkreis;ERWAQ7;Arbeitslose nach ausgewählten Personengruppen;ARBEITSLOS06;schwerbehindert;458;Anzahl;ERWP06;Arbeitslose
13211;Arbeitsmarktstatistik der Bundesagentur für Arbeit;JAHR;Jahr;2016;KREISE;Kreise und kreisfreie Städte;06636;Werra-Meißner-Kreis;ERWAQ7;Arbeitslose nach ausgewählten Personengruppen;ARBEITSLOS05;langzeitarbeitslos;1067;Anzahl;ERWP06;Arbeitslose
13211;Arbeitsmarktstatistik der Bundesagentur für Arbeit;JAHR;Jahr;2013;KREISE;Kreise und kreisfreie Städte;12063;Havelland, Landkreis;ERWAQ7;Arbeitslose nach ausgewählten Personengruppen;ARBEITSLOS08;ausländisch;197;Anzahl;ERWP06;Arbeitslose
13211;Arbeitsmarktstatistik der Bundesagentur für Arbeit;JAHR;Jahr;2023;KREISE;Kreise und kreisfreie Städte;06533;Limburg-Weilburg, Landkreis;ERWAQ7;Arbeitslose nach ausgewählten Personengruppen;ARBEITSLOS05;langzeitarbeitslos;1176;Anzahl;ERWP06;Arbeitslose
13211;Arbeitsmarktstatistik der Bundesagentur für Arbeit;JAHR;Jahr;2020;KREISE;Kreise und kreisfreie Städte;06534;Marburg-Biedenkopf, Landkreis;ERWAQ7;Arbeitslose nach ausgewählten Personengruppen;ARBEITSLOS06;schwerbehindert;526;Anzahl;ERWP06;Arbeitslose
13211;Arbeitsmarktstatistik der Bundesagentur für Arbeit;JAHR;Jahr;2021;KREISE;Kreise und kreisfreie Städte;12061;Dahme-Spreewald, Landkreis;ERWAQ7;Arbeitslose nach ausgewählten Personengruppen;ARBEITSLOS13;15 bis unter 25 Jahre;194;Anzahl;ERWP06;Arbeitslose
13211;Arbeitsmarktstatistik der Bundesagentur für Arbeit;JAHR;Jahr;2014;KREISE;Kreise und kreisfreie Städte;06532;Lahn-Dill-Kreis;ERWAQ7;Arbeitslose nach ausgewählten Personengruppen;ARBEITSLOS12;15 bis unter 20 Jahre;157;Anzahl;ERWP06;Arbeitslose
13211;Arbeitsmarktstatistik der Bundesagentur für Arbeit;JAHR;Jahr;2024;KREISE;Kreise und kreisfreie Städte;12064;Märkisch-Oderland, Landkreis;ERWAQ7;Arbeitslose nach ausgewählten Personengruppen;ARBEITSLOS13;15 bis unter 25 Jahre;625;Anzahl;ERWP06;Arbeitslose
13211;Arbeitsmarktstatistik der Bundesagentur für Arbeit;JAHR;Jahr;2015;KREISE;Kreise und kreisfreie Städte;06535;Vogelsbergkreis;ERWAQ7;Arbeitslose nach ausgewählten Personengruppen;ARBEITSLOS14;55 bis unter 65 Jahre;570;Anzahl;ERWP06;Arbeitslose
13211;Arbeitsmarktstatistik der Bundesagentur für Arbeit;JAHR;Jahr;2023;KREISE;Kreise und kreisfreie Städte;12061;Dahme-Spreewald, Landkreis;ERWAQ7;Arbeitslose nach ausgewählten Personengruppen;ARBEITSLOS13;15 bis unter 25 Jahre;199;Anzahl;ERWP06;Arbeitslose
13211;Arbeitsmarktstatistik der Bundesagentur für Arbeit;JAHR;Jahr;2021;KREISE;Kreise und kreisfreie Städte;12065;Oberhavel, Landkreis;ERWAQ7;Arbeitslose nach ausgewählten Personengruppen;ARBEITSLOS14;55 bis unter 65 Jahre;1467;Anzahl;ERWP06;Arbeitslose
13211;Arbeitsmarktstatistik der Bundesagentur für Arbeit;JAHR;Jahr;2020;KREISE;Kreise und kreisfreie Städte;12064;Märkisch-Oderland, Landkreis;ERWAQ7;Arbeitslose nach ausgewählten Personengruppen;ARBEITSLOS12;15 bis unter 20 Jahre;140;Anzahl;ERWP06;Arbeitslose
13211;Arbeitsmarktstatistik der Bundesagentur für Arbeit;JAHR;Jahr;2025;KREISE;Kreise und kreisfreie Städte;06636;Werra-Meißner-Kreis;ERWAQ7;Arbeitslose nach ausgewählten Personengruppen;ARBEITSLOS05;langzeitarbeitslos;822;Anzahl;ERWP06;Arbeitslose
13211;Arbeitsmarktstatistik der Bundesagentur für Arbeit;JAHR;Jahr;2021;KREISE;Kreise und kreisfreie Städte;06533;Limburg-Weilburg, Landkreis;ERWAQ7;Arbeitslose nach ausgewählten Personengruppen;ARBEITSLOS12;15 bis unter 20 Jahre;80;Anzahl;ERWP06;Arbeitslose
13211;Arbeitsmarktstatistik der Bundesagentur für Arbeit;JAHR;Jahr;2011;KREISE;Kreise und kreisfreie Städte;12067;Oder-Spree, Landkreis;ERWAQ7;Arbeitslose nach ausgewählten Personengruppen;ARBEITSLOS08;ausländisch;361;Anzahl;ERWP06;Arbeitslose
13211;Arbeitsmarktstatistik der Bundesagentur für Arbeit;JAHR;Jahr;2015;KREISE;Kreise und kreisfreie Städte;06633;Kassel, Landkreis;ERWAQ7;Arbeitslose nach ausgewählten Personengruppen;ARBEITSLOS14;55 bis unter 65 Jahre;1452;Anzahl;ERWP06;Arbeitslose
13211;Arbeitsmarktstatistik der Bundesagentur für Arbeit;JAHR;Jahr;2011;KREISE;Kreise und kreisfreie Städte;12064;Märkisch-Oderland, Landkreis;ERWAQ7;Arbeitslose nach ausgewählten Personengruppen;ARBEITSLOS05;langzeitarbeitslos;3655;Anzahl;ERWP06;Arbeitslose
13211;Arbeitsmarktstatistik der Bundesagentur für Arbeit;JAHR;Jahr;2025;KREISE;Kreise und kreisfreie Städte;06532;Lahn-Dill-Kreis;ERWAQ7;Arbeitslose nach ausgewählten Personengruppen;ARBEITSLOS08;ausländisch;3777;Anzahl;ERWP06;Arbeitslose
13211;Arbeitsmarktstatistik der Bundesagentur für Arbeit;JAHR;Jahr;2013;KREISE;Kreise und kreisfreie Städte;06633;Kassel, Landkreis;ERWAQ7;Arbeitslose nach ausgewählten Personengruppen;ARBEITSLOS14;55 bis unter 65 Jahre;1473;Anzahl;ERWP06;Arbeitslose
13211;Arbeitsmarktstatistik der Bundesagentur für Arbeit;JAHR;Jahr;2023;KREISE;Kreise und kreisfreie Städte;06534;Marburg-Biedenkopf, Landkreis;ERWAQ7;Arbeitslose nach ausgewählten Personengruppen;ARBEITSLOS13;15 bis unter 25 Jahre;646;Anzahl;ERWP06;Arbeitslose
13211;Arbeitsmarktstatistik der Bundesagentur für Arbeit;JAHR;Jahr;2012;KREISE;Kreise und kreisfreie Städte;06636;Werra-Meißner-Kreis;ERWAQ7;Arbeitslose nach ausgewählten Personengruppen;ARBEITSLOS13;15 bis unter 25 Jahre;382;Anzahl;ERWP06;Arbeitslose
13211;Arbeitsmarktstatistik der Bundesagentur für Arbeit;JAHR;Jahr;2018;KREISE;Kreise und kreisfreie Städte;06636;Werra-Meißner-Kreis;ERWAQ7;Arbeitslose nach ausgewählten Personengruppen;ARBEITSLOS13;15 bis unter 25 Jahre;268;Anzahl;ERWP06;Arbeitslose
13211;Arbeitsmarktstatistik der Bundesagentur für Arbeit;JAHR;Jahr;2020;KREISE;Kreise und kreisfreie Städte;06531;Gießen, Landkreis;ERWAQ7;Arbeitslose nach ausgewählten Personengruppen;ARBEITSLOS14;55 bis unter 65 Jahre;1522;Anzahl;ERWP06;Arbeitslose
13211;Arbeitsmarktstatistik der Bundesagentur für Arbeit;JAHR;Jahr;2019;KREISE;Kreise und kreisfreie Städte;12063;Havelland, Landkreis;ERWAQ7;Arbeitslose nach ausgewählten Personengruppen;ARBEITSLOS12;15 bis unter 20 Jahre;109;Anzahl;ERWP06;Arbeitslose
13211;Arbeitsmarktstatistik der Bundesagentur für Arbeit;JAHR;Jahr;2019;KREISE;Kreise und kreisfreie Städte;12064;Märkisch-Oderland, Landkreis;ERWAQ7;Arbeitslose nach ausgewählten Personengruppen;ARBEITSLOS13;15 bis unter 25 Jahre;432;Anzahl;ERWP06;Arbeitslose
13211;Arbeitsmarktstatistik der Bundesagentur für Arbeit;JAHR;Jahr;2010;KREISE;Kreise und kreisfreie Städte;12067;Oder-Spree, Landkreis;ERWAQ7;Arbeitslose nach ausgewählten Personengruppen;ARBEITSLOS12;15 bis unter 20 Jahre;147;Anzahl;ERWP06;Arbeitslose
13211;Arbeitsmarktstatistik der Bundesagentur für Arbeit;JAHR;Jahr;2017;KREISE;Kreise und kreisfreie Städte;12063;Havelland, Landkreis;ERWAQ7;Arbeitslose nach ausgewählten Personengruppen;ARBEITSLOS12;15 bis unter 20 Jahre;115;Anzahl;ERWP06;Arbeitslose
13211;Arbeitsmarktstatistik der Bundesagentur für Arbeit;JAHR;Jahr;2016;KREISE;Kreise und kreisfreie Städte;12061;Dahme-Spreewald, Landkreis;ERWAQ7;Arbeitslose nach ausgewählten Personengruppen;ARBEITSLOS14;55 bis unter 65 Jahre;1336;Anzahl;ERWP06;Arbeitslose
13211;Arbeitsmarktstatistik der Bundesagentur für Arbeit;JAHR;Jahr;2021;KREISE;Kreise und kreisfreie Städte;06636;Werra-Meißner-Kreis;ERWAQ7;Arbeitslose nach ausgewählten Personengruppen;ARBEITSLOS13;15 bis unter 25 Jahre;314;Anzahl;ERWP06;Arbeitslose
13211;Arbeitsmarktstatistik der Bundesagentur für Arbeit;JAHR;Jahr;2024;KREISE;Kreise und kreisfreie Städte;06535;Vogelsbergkreis;ERWAQ7;Arbeitslose nach ausgewählten Personengruppen;ARBEITSLOS14;55 bis unter 65 Jahre;611;Anzahl;ERWP06;Arbeitslose
13211;Arbeitsmarktstatistik der Bundesagentur für Arbeit;JAHR;Jahr;2024;KREISE;Kreise und kreisfreie Städte;12063;Havelland, Landkreis;ERWAQ7;Arbeitslose nach ausgewählten Personengruppen;ARBEITSLOS08;ausländisch;1425;Anzahl;ERWP06;Arbeitslose
13211;Arbeitsmarktstatistik der Bundesagentur für Arbeit;JAHR;Jahr;2025;KREISE;Kreise und kreisfreie Städte;12065;Oberhavel, Landkreis;ERWAQ7;Arbeitslose nach ausgewählten Personengruppen;ARBEITSLOS06;schwerbehindert;376;Anzahl;ERWP06;Arbeitslose
13211;Arbeitsmarktstatistik der Bundesagentur für Arbeit;JAHR;Jahr;2012;KREISE;Kreise und kreisfreie Städte;06533;Limburg-Weilburg, Landkreis;ERWAQ7;Arbeitslose nach ausgewählten Personengruppen;ARBEITSLOS05;langzeitarbeitslos;1728;Anzahl;ERWP06;Arbeitslose
13211;Arbeitsmarktstatistik der Bundesagentur für Arbeit;JAHR;Jahr;2018;KREISE;Kreise und kreisfreie Städte;06439;Rheingau-Taunus-Kreis;ERWAQ7;Arbeitslose nach ausgewählten Personengruppen;ARBEITSLOS05;langzeitarbeitslos;1626;Anzahl;ERWP06;Arbeitslose
13211;Arbeitsmarktstatistik der Bundesagentur für Arbeit;JAHR;Jahr;2018;KREISE;Kreise und kreisfreie Städte;06533;Limburg-Weilburg, Landkreis;ERWAQ7;Arbeitslose nach ausgewählten Personengruppen;ARBEITSLOS05;langzeitarbeitslos;1108;Anzahl;ERWP06;Arbeitslose
13211;Arbeitsmarktstatistik der Bundesagentur für Arbeit;JAHR;Jahr;2024;KREISE;Kreise und kreisfreie Städte;06633;Kassel, Landkreis;ERWAQ7;Arbeitslose nach ausgewählten Personengruppen;ARBEITSLOS14;55 bis unter 65 Jahre;1302;Anzahl;ERWP06;Arbeitslose
13211;Arbeitsmarktstatistik der Bundesagentur für Arbeit;JAHR;Jahr;2010;KREISE;Kreise und kreisfreie Städte;12061;Dahme-Spreewald, Landkreis;ERWAQ7;Arbeitslose nach ausgewählten Personengruppen;ARBEITSLOS14;55 bis unter 65 Jahre;1318;Anzahl;ERWP06;Arbeitslose
13211;Arbeitsmarktstatistik der Bundesagentur für Arbeit;JAHR;Jahr;2022;KREISE;Kreise und kreisfreie Städte;12063;Havelland, Landkreis;ERWAQ7;Arbeitslose nach ausgewählten Personengruppen;ARBEITSLOS08;ausländisch;816;Anzahl;ERWP06;Arbeitslose
13211;Arbeitsmarktstatistik der Bundesagentur für Arbeit;JAHR;Jahr;2014;KREISE;Kreise und kreisfreie Städte;06533;Limburg-Weilburg, Landkreis;ERWAQ7;Arbeitslose nach ausgewählten Personengruppen;ARBEITSLOS05;langzeitarbeitslos;1728;Anzahl;ERWP06;Arbeitslose
13211;Arbeitsmarktstatistik der Bundesagentur für Arbeit;JAHR;Jahr;2014;KREISE;Kreise und kreisfreie Städte;06439;Rheingau-Taunus-Kreis;ERWAQ7;Arbeitslose nach ausgewählten Personengruppen;ARBEITSLOS13;15 bis unter 25 Jahre;268;Anzahl;ERWP06;Arbeitslose
13211;Arbeitsmarktstatistik der Bundesagentur für Arbeit;JAHR;Jahr;2022;KREISE;Kreise und kreisfreie Städte;12067;Oder-Spree, Landkreis;ERWAQ7;Arbeitslose nach ausgewählten Personengruppen;ARBEITSLOS08;ausländisch;946;Anzahl;ERWP06;Arbeitslose
13211;Arbeitsmarktstatistik der Bundesagentur für Arbeit;JAHR;Jahr;2024;KREISE;Kreise und kreisfreie Städte;12065;Oberhavel, Landkreis;ERWAQ7;Arbeitslose nach ausgewählten Personengruppen;ARBEITSLOS05;langzeitarbeitslos;2430;Anzahl;ERWP06;Arbeitslose
13211;Arbeitsmarktstatistik der Bundesagentur für Arbeit;JAHR;Jahr;2025;KREISE;Kreise und kreisfreie Städte;06633;Kassel, Landkreis;ERWAQ7;Arbeitslose nach ausgewählten Personengruppen;ARBEITSLOS13;15 bis unter 25 Jahre;697;Anzahl;ERWP06;Arbeitslose
13211;Arbeitsmarktstatistik der Bundesagentur für Arbeit;JAHR;Jahr;2013;KREISE;Kreise und kreisfreie Städte;12066;Oberspreewald-Lausitz, Landkreis;ERWAQ7;Arbeitslose nach ausgewählten Personengruppen;ARBEITSLOS13;15 bis unter 25 Jahre;656;Anzahl;ERWP06;Arbeitslose
13211;Arbeitsmarktstatistik der Bundesagentur für Arbeit;JAHR;Jahr;2017;KREISE;Kreise und kreisfreie Städte;12066;Oberspreewald-Lausitz, Landkreis;ERWAQ7;Arbeitslose nach ausgewählten Personengruppen;ARBEITSLOS05;langzeitarbeitslos;2476;Anzahl;ERWP06;Arbeitslose
13211;Arbeitsmarktstatistik der Bundesagentur für Arbeit;JAHR;Jahr;2012;KREISE;Kreise und kreisfreie Städte;06633;Kassel, Landkreis;ERWAQ7;Arbeitslose nach ausgewählten Personengruppen;ARBEITSLOS05;langzeitarbeitslos;2020;Anzahl;ERWP06;Arbeitslose
13211;Arbeitsmarktstatistik der Bundesagentur für Arbeit;JAHR;Jahr;2019;KREISE;Kreise und kreisfreie Städte;12064;Märkisch-Oderland, Landkreis;ERWAQ7;Arbeitslose nach ausgewählten Personengruppen;ARBEITSLOS05;langzeitarbeitslos;1991;Anzahl;ERWP06;Arbeitslose
13211;Arbeitsmarktstatistik der Bundesagentur für Arbeit;JAHR;Jahr;2022;KREISE;Kreise und kreisfreie Städte;06531;Gießen, Landkreis;ERWAQ7;Arbeitslose nach ausgewählten Personengruppen;ARBEITSLOS06;schwerbehindert;687;Anzahl;ERWP06;Arbeitslose
13211;Arbeitsmarktstatistik der Bundesagentur für Arbeit;JAHR;Jahr;2022;KREISE;Kreise und kreisfreie Städte;12067;Oder-Spree, Landkreis;ERWAQ7;Arbeitslose nach ausgewählten Personengruppen;ARBEITSLOS13;15 bis unter 25 Jahre;469;Anzahl;ERWP06;Arbeitslose
13211;Arbeitsmarktstatistik der Bundesagentur für Arbeit;JAHR;Jahr;2020;KREISE;Kreise und kreisfreie Städte;06439;Rheingau-Taunus-Kreis;ERWAQ7;Arbeitslose nach ausgewählten Personengruppen;ARBEITSLOS12;15 bis unter 20 Jahre;92;Anzahl;ERWP06;Arbeitslose
13211;Arbeitsmarktstatistik der Bundesagentur für Arbeit;JAHR;Jahr;2023;KREISE;Kreise und kreisfreie Städte;06534;Marburg-Biedenkopf, Landkreis;ERWAQ7;Arbeitslose nach ausgewählten Personengruppen;ARBEITSLOS08;ausländisch;2529;Anzahl;ERWP06;Arbeitslose
13211;Arbeitsmarktstatistik der Bundesagentur für Arbeit;JAHR;Jahr;2024;KREISE;Kreise und kreisfreie Städte;06533;Limburg-Weilburg, Landkreis;ERWAQ7;Arbeitslose nach ausgewählten Personengruppen;ARBEITSLOS06;schwerbehindert;301;Anzahl;ERWP06;Arbeitslose
13211;Arbeitsmarktstatistik der Bundesagentur für Arbeit;JAHR;Jahr;2015;KREISE;Kreise und kreisfreie Städte;12064;Märkisch-Oderland, Landkreis;ERWAQ7;Arbeitslose nach ausgewählten Personengruppen;ARBEITSLOS08;ausländisch;355;Anzahl;ERWP06;Arbeitslose
13211;Arbeitsmarktstatistik der Bundesagentur für Arbeit;JAHR;Jahr;2011;KREISE;Kreise und kreisfreie Städte;06532;Lahn-Dill-Kreis;ERWAQ7;Arbeitslose nach ausgewählten Personengruppen;ARBEITSLOS14;55 bis unter 65 Jahre;1547;Anzahl;ERWP06;Arbeitslose
13211;Arbeitsmarktstatistik der Bundesagentur für Arbeit;JAHR;Jahr;2014;KREISE;Kreise und kreisfreie Städte;12061;Dahme-Spreewald, Landkreis;ERWAQ7;Arbeitslose nach ausgewählten Personengruppen;ARBEITSLOS06;schwerbehindert;325;Anzahl;ERWP06;Arbeitslose
13211;Arbeitsmarktstatistik der Bundesagentur für Arbeit;JAHR;Jahr;2016;KREISE;Kreise und kreisfreie Städte;06531;Gießen, Landkreis;ERWAQ7;Arbeitslose nach ausgewählten Personengruppen;ARBEITSLOS12;15 bis unter 20 Jahre;154;Anzahl;ERWP06;Arbeitslose
13211;Arbeitsmarktstatistik der Bundesagentur für Arbeit;JAHR;Jahr;2017;KREISE;Kreise und kreisfreie Städte;06534;Marburg-Biedenkopf, Landkreis;ERWAQ7;Arbeitslose nach ausgewählten Personengruppen;ARBEITSLOS14;55 bis unter 65 Jahre;899;Anzahl;ERWP06;Arbeitslose
13211;Arbeitsmarktstatistik der Bundesagentur für Arbeit;JAHR;Jahr;2022;KREISE;Kreise und kreisfreie Städte;12063;Havelland, Landkreis;ERWAQ7;Arbeitslose nach ausgewählten Personengruppen;ARBEITSLOS12;15 bis unter 20 Jahre;106;Anzahl;ERWP06;Arbeitslose
13211;Arbeitsmarktstatistik der Bundesagentur für Arbeit;JAHR;Jahr;2016;KREISE;Kreise und kreisfreie Städte;06535;Vogelsbergkreis;ERWAQ7;Arbeitslose nach ausgewählten Personengruppen;ARBEITSLOS13;15 bis unter 25 Jahre;268;Anzahl;ERWP06;Arbeitslose
13211;Arbeitsmarktstatistik der Bundesagentur für Arbeit;JAHR;Jahr;2020;KREISE;Kreise und kreisfreie Städte;12065;Oberhavel, Landkreis;ERWAQ7;Arbeitslose nach ausgewählten Personengruppen;ARBEITSLOS13;15 bis unter 25 Jahre;595;Anzahl;ERWP06;Arbeitslose
13211;Arbeitsmarktstatistik der Bundesagentur für Arbeit;JAHR;Jahr;2024;KREISE;Kreise und kreisfreie Städte;12061;Dahme-Spreewald, Landkreis;ERWAQ7;Arbeitslose nach ausgewählten Personengruppen;ARBEITSLOS12;15 bis unter 20 Jahre;49;Anzahl;ERWP06;Arbeitslose
13211;Arbeitsmarktstatistik der Bundesagentur für Arbeit;JAHR;Jahr;2012;KREISE;Kreise und kreisfreie Städte;12064;Märkisch-Oderland, Landkreis;ERWAQ7;Arbeitslose nach ausgewählten Personengruppen;ARBEITSLOS06;schwerbehindert;571;Anzahl;ERWP06;Arbeitslose
13211;Arbeitsmarktstatistik der Bundesagentur für Arbeit;JAHR;Jahr;2013;KREISE;Kreise und kreisfreie Städte;12067;Oder-Spree, Landkreis;ERWAQ7;Arbeitslose nach ausgewählten Personengruppen;ARBEITSLOS05;langzeitarbeitslos;3998;Anzahl;ERWP06;Arbeitslose
13211;Arbeitsmarktstatistik der Bundesagentur für Arbeit;JAHR;Jahr;2016;KREISE;Kreise und kreisfreie Städte;06633;Kassel, Landkreis;ERWAQ7;Arbeitslose nach ausgewählten Personengruppen;ARBEITSLOS13;15 bis unter 25 Jahre;551;Anzahl;ERWP06;Arbeitslose
13211;Arbeitsmarktstatistik der Bundesagentur für Arbeit;JAHR;Jahr;2022;KREISE;Kreise und kreisfreie Städte;06534;Marburg-Biedenkopf, Landkreis;ERWAQ7;Arbeitslose nach ausgewählten Personengruppen;ARBEITSLOS14;55 bis unter 65 Jahre;1055;Anzahl;ERWP06;Arbeitslose
13211;Arbeitsmarktstatistik der Bundesagentur für Arbeit;JAHR;Jahr;2017;KREISE;Kreise und kreisfreie Städte;06636;Werra-Meißner-Kreis;ERWAQ7;Arbeitslose nach ausgewählten Personengruppen;ARBEITSLOS12;15 bis unter 20 Jahre;64;Anzahl;ERWP06;Arbeitslose
13211;Arbeitsmarktstatistik der Bundesagentur für Arbeit;JAHR;Jahr;2013;KREISE;Kreise und kreisfreie Städte;06636;Werra-Meißner-Kreis;ERWAQ7;Arbeitslose nach ausgewählten Personengruppen;ARBEITSLOS12;15 bis unter 20 Jahre;65;Anzahl;ERWP06;Arbeitslose
13211;Arbeitsmarktstatistik der Bundesagentur für Arbeit;JAHR;Jahr;2010;KREISE;Kreise und kreisfreie Städte;06534;Marburg-Biedenkopf, Landkreis;ERWAQ7;Arbeitslose nach ausgewählten Personengruppen;ARBEITSLOS05;langzeitarbeitslos;2511;Anzahl;ERWP06;Arbeitslose
13211;Arbeitsmarktstatistik der Bundesagentur für Arbeit;JAHR;Jahr;2018;KREISE;Kreise und kreisfreie Städte;12064;Märkisch-Oderland, Landkreis;ERWAQ7;Arbeitslose nach ausgewählten Personengruppen;ARBEITSLOS14;55 bis unter 65 Jahre;1918;Anzahl;ERWP06;Arbeitslose
13211;Arbeitsmarktstatistik der Bundesagentur für Arbeit;JAHR;Jahr;2016;KREISE;Kreise und kreisfreie Städte;06633;Kassel, Landkreis;ERWAQ7;Arbeitslose nach ausgewählten Personengruppen;ARBEITSLOS08;ausländisch;848;Anzahl;ERWP06;Arbeitslose
13211;Arbeitsmarktstatistik der Bundesagentur für Arbeit;JAHR;Jahr;2010;KREISE;Kreise und kreisfreie Städte;06533;Limburg-Weilburg, Landkreis;ERWAQ7;Arbeitslose nach ausgewählten Personengruppen;ARBEITSLOS08;ausländisch;1104;Anzahl;ERWP06;Arbeitslose
13211;Arbeitsmarktstatistik der Bundesagentur für Arbeit;JAHR;Jahr;2025;KREISE;Kreise und kreisfreie Städte;06535;Vogelsbergkreis;ERWAQ7;Arbeitslose nach ausgewählten Personengruppen;ARBEITSLOS13;15 bis unter 25 Jahre;325;Anzahl;ERWP06;Arbeitslose
13211;Arbeitsmarktstatistik der Bundesagentur für Arbeit;JAHR;Jahr;2025;KREISE;Kreise und kreisfreie Städte;06532;Lahn-Dill-Kreis;ERWAQ7;Arbeitslose nach ausgewählten Personengruppen;ARBEITSLOS12;15 bis unter 20 Jahre;269;Anzahl;ERWP06;Arbeitslose
13211;Arbeitsmarktstatistik der Bundesagentur für Arbeit;JAHR;Jahr;2022;KREISE;Kreise und kreisfreie Städte;06636;Werra-Meißner-Kreis;ERWAQ7;Arbeitslose nach ausgewählten Personengruppen;ARBEITSLOS12;15 bis unter 20 Jahre;66;Anzahl;ERWP06;Arbeitslose
13211;Arbeitsmarktstatistik der Bundesagentur für Arbeit;JAHR;Jahr;2017;KREISE;Kreise und kreisfreie Städte;06533;Limburg-Weilburg, Landkreis;ERWAQ7;Arbeitslose nach ausgewählten Personengruppen;ARBEITSLOS06;schwerbehindert;346;Anzahl;ERWP06;Arbeitslose
13211;Arbeitsmarktstatistik der Bundesagentur für Arbeit;JAHR;Jahr;2011;KREISE;Kreise und kreisfreie Städte;06533;Limburg-Weilburg, Landkreis;ERWAQ7;Arbeitslose nach ausgewählten Personengruppen;ARBEITSLOS06;schwerbehindert;368;Anzahl;ERWP06;Arbeitslose
13211;Arbeitsmarktstatistik der Bundesagentur für Arbeit;JAHR;Jahr;2020;KREISE;Kreise und kreisfreie Städte;12065;Oberhavel, Landkreis;ERWAQ7;Arbeitslose nach ausgewählten Personengruppen;ARBEITSLOS05;langzeitarbeitslos;2118;Anzahl;ERWP06;Arbeitslose
13211;Arbeitsmarktstatistik der Bundesagentur für Arbeit;JAHR;Jahr;2021;KREISE;Kreise und kreisfreie Städte;12064;Märkisch-Oderland, Landkreis;ERWAQ7;Arbeitslose nach ausgewählten Personengruppen;ARBEITSLOS06;schwerbehindert;359;Anzahl;ERWP06;Arbeitslose
13211;Arbeitsmarktstatistik der Bundesagentur für Arbeit;JAHR;Jahr;2020;KREISE;Kreise und kreisfreie Städte;12066;Oberspreewald-Lausitz, Landkreis;ERWAQ7;Arbeitslose nach ausgewählten Personengruppen;ARBEITSLOS08;ausländisch;298;Anzahl;ERWP06;Arbeitslose
13211;Arbeitsmarktstatistik der Bundesagentur für Arbeit;JAHR;Jahr;2019;KREISE;Kreise und kreisfreie Städte;06531;Gießen, Landkreis;ERWAQ7;Arbeitslose nach ausgewählten Personengruppen;ARBEITSLOS06;schwerbehindert;801;Anzahl;ERWP06;Arbeitslose
13211;Arbeitsmarktstatistik der Bundesagentur für Arbeit;JAHR;Jahr;2016;KREISE;Kreise und kreisfreie Städte;06535;Vogelsbergkreis;ERWAQ7;Arbeitslose nach ausgewählten Personengruppen;ARBEITSLOS08;ausländisch;321;Anzahl;ERWP06;Arbeitslose
13211;Arbeitsmarktstatistik der Bundesagentur für Arbeit;JAHR;Jahr;2018;KREISE;Kreise und kreisfreie Städte;06533;Limburg-Weilburg, Landkreis;ERWAQ7;Arbeitslose nach ausgewählten Personengruppen;ARBEITSLOS08;ausländisch;1161;Anzahl;ERWP06;Arbeitslose
13211;Arbeitsmarktstatistik der Bundesagentur für Arbeit;JAHR;Jahr;2014;KREISE;Kreise und kreisfreie Städte;06534;Marburg-Biedenkopf, Landkreis;ERWAQ7;Arbeitslose nach ausgewählten Personengruppen;ARBEITSLOS08;ausländisch;944;Anzahl;ERWP06;Arbeitslose
13211;Arbeitsmarktstatistik der Bundesagentur für Arbeit;JAHR;Jahr;2012;KREISE;Kreise und kreisfreie Städte;12064;Märkisch-Oderland, Landkreis;ERWAQ7;Arbeitslose nach ausgewählten Personengruppen;ARBEITSLOS14;55 bis unter 65 Jahre;2350;Anzahl;ERWP06;Arbeitslose
13211;Arbeitsmarktstatistik der Bundesagentur für Arbeit;JAHR;Jahr;2015;KREISE;Kreise und kreisfreie Städte;12067;Oder-Spree, Landkreis;ERWAQ7;Arbeitslose nach ausgewählten Personengruppen;ARBEITSLOS13;15 bis unter 25 Jahre;590;Anzahl;ERWP06;Arbeitslose
13211;Arbeitsmarktstatistik der Bundesagentur für Arbeit;JAHR;Jahr;2013;KREISE;Kreise und kreisfreie Städte;06531;Gießen, Landkreis;ERWAQ7;Arbeitslose nach ausgewählten Personengruppen;ARBEITSLOS06;schwerbehindert;940;Anzahl;ERWP06;Arbeitslose
13211;Arbeitsmarktstatistik der Bundesagentur für Arbeit;JAHR;Jahr;2011;KREISE;Kreise und kreisfreie Städte;12061;Dahme-Spreewald, Landkreis;ERWAQ7;Arbeitslose nach ausgewählten Personengruppen;ARBEITSLOS12;15 bis unter 20 Jahre;87;Anzahl;ERWP06;Arbeitslose
13211;Arbeitsmarktstatistik der Bundesagentur für Arbeit;JAHR;Jahr;2014;KREISE;Kreise und kreisfreie Städte;12064;Märkisch-Oderland, Landkreis;ERWAQ7;Arbeitslose nach ausgewählten Personengruppen;ARBEITSLOS14;55 bis unter 65 Jahre;2451;Anzahl;ERWP06;Arbeitslose
13211;Arbeitsmarktstatistik der Bundesagentur für Arbeit;JAHR;Jahr;2022;KREISE;Kreise und kreisfreie Städte;12066;Oberspreewald-Lausitz, Landkreis;ERWAQ7;Arbeitslose nach ausgewählten Personengruppen;ARBEITSLOS05;langzeitarbeitslos;1729;Anzahl;ERWP06;Arbeitslose
13211;Arbeitsmarktstatistik der Bundesagentur für Arbeit;JAHR;Jahr;2013;KREISE;Kreise und kreisfreie Städte;12061;Dahme-Spreewald, Landkreis;ERWAQ7;Arbeitslose nach ausgewählten Personengruppen;ARBEITSLOS12;15 bis unter 20 Jahre;59;Anzahl;ERWP06;Arbeitslose
13211;Arbeitsmarktstatistik der Bundesagentur für Arbeit;JAHR;Jahr;2011;KREISE;Kreise und kreisfreie Städte;12067;Oder-Spree, Landkreis;ERWAQ7;Arbeitslose nach ausgewählten Personengruppen;ARBEITSLOS13;15 bis unter 25 Jahre;1019;Anzahl;ERWP06;Arbeitslose
13211;Arbeitsmarktstatistik der Bundesagentur für Arbeit;JAHR;Jahr;2017;KREISE;Kreise und kreisfreie Städte;12067;Oder-Spree, Landkreis;ERWAQ7;Arbeitslose nach ausgewählten Personengruppen;ARBEITSLOS13;15 bis unter 25 Jahre;545;Anzahl;ERWP06;Arbeitslose
13211;Arbeitsmarktstatistik der Bundesagentur für Arbeit;JAHR;Jahr;2017;KREISE;Kreise und kreisfreie Städte;12065;Oberhavel, Landkreis;ERWAQ7;Arbeitslose nach ausgewählten Personengruppen;ARBEITSLOS08;ausländisch;682;Anzahl;ERWP06;Arbeitslose
13211;Arbeitsmarktstatistik der Bundesagentur für Arbeit;JAHR;Jahr;2019;KREISE;Kreise und kreisfreie Städte;12065;Oberhavel, Landkreis;ERWAQ7;Arbeitslose nach ausgewählten Personengruppen;ARBEITSLOS08;ausländisch;720;Anzahl;ERWP06;Arbeitslose
13211;Arbeitsmarktstatistik der Bundesagentur für Arbeit;JAHR;Jahr;2023;KREISE;Kreise und kreisfreie Städte;06535;Vogelsbergkreis;ERWAQ7;Arbeitslose nach ausgewählten Personengruppen;ARBEITSLOS05;langzeitarbeitslos;714;Anzahl;ERWP06;Arbeitslose
13211;Arbeitsmarktstatistik der Bundesagentur für Arbeit;JAHR;Jahr;2013;KREISE;Kreise und kreisfreie Städte;06533;Limburg-Weilburg, Landkreis;ERWAQ7;Arbeitslose nach ausgewählten Personengruppen;ARBEITSLOS14;55 bis unter 65 Jahre;884;Anzahl;ERWP06;Arbeitslose
13211;Arbeitsmarktstatistik der Bundesagentur für Arbeit;JAHR;Jahr;2015;KREISE;Kreise und kreisfreie Städte;12065;Oberhavel, Landkreis;ERWAQ7;Arbeitslose nach ausgewählten Personengruppen;ARBEITSLOS05;langzeitarbeitslos;4118;Anzahl;ERWP06;Arbeitslose
13211;Arbeitsmarktstatistik der Bundesagentur für Arbeit;JAHR;Jahr;2020;KREISE;Kreise und kreisfreie Städte;06532;Lahn-Dill-Kreis;ERWAQ7;Arbeitslose nach ausgewählten Personengruppen;ARBEITSLOS06;schwerbehindert;708;Anzahl;ERWP06;Arbeitslose
13211;Arbeitsmarktstatistik der Bundesagentur für Arbeit;JAHR;Jahr;2013;KREISE;Kreise und kreisfreie Städte;12065;Oberhavel, Landkreis;ERWAQ7;Arbeitslose nach ausgewählten Personengruppen;ARBEITSLOS08;ausländisch;301;Anzahl;ERWP06;Arbeitslose
13211;Arbeitsmarktstatistik der Bundesagentur für Arbeit;JAHR;Jahr;2021;KREISE;Kreise und kreisfreie Städte;06535;Vogelsbergkreis;ERWAQ7;Arbeitslose nach ausgewählten Personengruppen;ARBEITSLOS08;ausländisch;399;Anzahl;ERWP06;Arbeitslose
13211;Arbeitsmarktstatistik der Bundesagentur für Arbeit;JAHR;Jahr;2015;KREISE;Kreise und kreisfreie Städte;06533;Limburg-Weilburg, Landkreis;ERWAQ7;Arbeitslose nach ausgewählten Personengruppen;ARBEITSLOS14;55 bis unter 65 Jahre;853;Anzahl;ERWP06;Arbeitslose
13211;Arbeitsmarktstatistik der Bundesagentur für Arbeit;JAHR;Jahr;2024;KREISE;Kreise und kreisfreie Städte;12066;Oberspreewald-Lausitz, Landkreis;ERWAQ7;Arbeitslose nach ausgewählten Personengruppen;ARBEITSLOS13;15 bis unter 25 Jahre;264;Anzahl;ERWP06;Arbeitslose
13211;Arbeitsmarktstatistik der Bundesagentur für Arbeit;JAHR;Jahr;2021;KREISE;Kreise und kreisfreie Städte;06633;Kassel, Landkreis;ERWAQ7;Arbeitslose nach ausgewählten Personengruppen;ARBEITSLOS08;ausländisch;1192;Anzahl;ERWP06;Arbeitslose
13211;Arbeitsmarktstatistik der Bundesagentur für Arbeit;JAHR;Jahr;2021;KREISE;Kreise und kreisfreie Städte;12063;Havelland, Landkreis;ERWAQ7;Arbeitslose nach ausgewählten Personengruppen;ARBEITSLOS14;55 bis unter 65 Jahre;1264;Anzahl;ERWP06;Arbeitslose
13211;Arbeitsmarktstatistik der Bundesagentur für Arbeit;JAHR;Jahr;2019;KREISE;Kreise und kreisfreie Städte;06532;Lahn-Dill-Kreis;ERWAQ7;Arbeitslose nach ausgewählten Personengruppen;ARBEITSLOS14;55 bis unter 65 Jahre;1455;Anzahl;ERWP06;Arbeitslose
13211;Arbeitsmarktstatistik der Bundesagentur für Arbeit;JAHR;Jahr;2025;KREISE;Kreise und kreisfreie Städte;12064;Märkisch-Oderland, Landkreis;ERWAQ7;Arbeitslose nach ausgewählten Personengruppen;ARBEITSLOS14;55 bis unter 65 Jahre;1724;Anzahl;ERWP06;Arbeitslose
13211;Arbeitsmarktstatistik der Bundesagentur für Arbeit;JAHR;Jahr;2020;KREISE;Kreise und kreisfreie Städte;06533;Limburg-Weilburg, Landkreis;ERWAQ7;Arbeitslose nach ausgewählten Personengruppen;ARBEITSLOS14;55 bis unter 65 Jahre;838;Anzahl;ERWP06;Arbeitslose
13211;Arbeitsmarktstatistik der Bundesagentur für Arbeit;JAHR;Jahr;2017;KREISE;Kreise und kreisfreie Städte;06532;Lahn-Dill-Kreis;ERWAQ7;Arbeitslose nach ausgewählten Personengruppen;ARBEITSLOS14;55 bis unter 65 Jahre;1672;Anzahl;ERWP06;Arbeitslose
13211;Arbeitsmarktstatistik der Bundesagentur für Arbeit;JAHR;Jahr;2011;KREISE;Kreise und kreisfreie Städte;12066;Oberspreewald-Lausitz, Landkreis;ERWAQ7;Arbeitslose nach ausgewählten Personengruppen;ARBEITSLOS05;langzeitarbeitslos;4291;Anzahl;ERWP06;Arbeitslose
13211;Arbeitsmarktstatistik der Bundesagentur für Arbeit;JAHR;Jahr;2011;KREISE;Kreise und kreisfreie Städte;12065;Oberhavel, Landkreis;ERWAQ7;Arbeitslose nach ausgewählten Personengruppen;ARBEITSLOS08;ausländisch;260;Anzahl;ERWP06;Arbeitslose
13211;Arbeitsmarktstatistik der Bundesagentur für Arbeit;JAHR;Jahr;2025;KREISE;Kreise und kreisfreie Städte;06534;Marburg-Biedenkopf, Landkreis;ERWAQ7;Arbeitslose nach ausgewählten Personengruppen;ARBEITSLOS08;ausländisch;2518;Anzahl;ERWP06;Arbeitslose
13211;Arbeitsmarktstatistik der Bundesagentur für Arbeit;JAHR;Jahr;2018;KREISE;Kreise und kreisfreie Städte;06633;Kassel, Landkreis;ERWAQ7;Arbeitslose nach ausgewählten Personengruppen;ARBEITSLOS05;langzeitarbeitslos;1471;Anzahl;ERWP06;Arbeitslose
13211;Arbeitsmarktstatistik der Bundesagentur für Arbeit;JAHR;Jahr;2021;KREISE;Kreise und kreisfreie Städte;06531;Gießen, Landkreis;ERWAQ7;Arbeitslose nach ausgewählten Personengruppen;ARBEITSLOS12;15 bis unter 20 Jahre;121;Anzahl;ERWP06;Arbeitslose
13211;Arbeitsmarktstatistik der Bundesagentur für Arbeit;JAHR;Jahr;2019;KREISE;Kreise und kreisfreie Städte;12066;Oberspreewald-Lausitz, Landkreis;ERWAQ7;Arbeitslose nach ausgewählten Personengruppen;ARBEITSLOS13;15 bis unter 25 Jahre;195;Anzahl;ERWP06;Arbeitslose
13211;Arbeitsmarktstatistik der Bundesagentur für Arbeit;JAHR;Jahr;2024;KREISE;Kreise und kreisfreie Städte;06533;Limburg-Weilburg, Landkreis;ERWAQ7;Arbeitslose nach ausgewählten Personengruppen;ARBEITSLOS14;55 bis unter 65 Jahre;1066;Anzahl;ERWP06;Arbeitslose
13211;Arbeitsmarktstatistik der Bundesagentur für Arbeit;JAHR;Jahr;2019;KREISE;Kreise und kreisfreie Städte;12061;Dahme-Spreewald, Landkreis;ERWAQ7;Arbeitslose nach ausgewählten Personengruppen;ARBEITSLOS12;15 bis unter 20 Jahre;25;Anzahl;ERWP06;Arbeitslose
13211;Arbeitsmarktstatistik der Bundesagentur für Arbeit;JAHR;Jahr;2017;KREISE;Kreise und kreisfreie Städte;12061;Dahme-Spreewald, Landkreis;ERWAQ7;Arbeitslose nach ausgewählten Personengruppen;ARBEITSLOS12;15 bis unter 20 Jahre;30;Anzahl;ERWP06;Arbeitslose
13211;Arbeitsmarktstatistik der Bundesagentur für Arbeit;JAHR;Jahr;2016;KREISE;Kreise und kreisfreie Städte;12063;Havelland, Landkreis;ERWAQ7;Arbeitslose nach ausgewählten Personengruppen;ARBEITSLOS14;55 bis unter 65 Jahre;1653;Anzahl;ERWP06;Arbeitslose
13211;Arbeitsmarktstatistik der Bundesagentur für Arbeit;JAHR;Jahr;2018;KREISE;Kreise und kreisfreie Städte;06535;Vogelsbergkreis;ERWAQ7;Arbeitslose nach ausgewählten Personengruppen;ARBEITSLOS05;langzeitarbeitslos;611;Anzahl;ERWP06;Arbeitslose
13211;Arbeitsmarktstatistik der Bundesagentur für Arbeit;JAHR;Jahr;2024;KREISE;Kreise und kreisfreie Städte;12065;Oberhavel, Landkreis;ERWAQ7;Arbeitslose nach ausgewählten Personengruppen;ARBEITSLOS08;ausländisch;1403;Anzahl;ERWP06;Arbeitslose
13211;Arbeitsmarktstatistik der Bundesagentur für Arbeit;JAHR;Jahr;2025;KREISE;Kreise und kreisfreie Städte;12063;Havelland, Landkreis;ERWAQ7;Arbeitslose nach ausgewählten Personengruppen;ARBEITSLOS06;schwerbehindert;289;Anzahl;ERWP06;Arbeitslose
13211;Arbeitsmarktstatistik der Bundesagentur für Arbeit;JAHR;Jahr;2010;KREISE;Kreise und kreisfreie Städte;12063;Havelland, Landkreis;ERWAQ7;Arbeitslose nach ausgewählten Personengruppen;ARBEITSLOS14;55 bis unter 65 Jahre;1647;Anzahl;ERWP06;Arbeitslose
13211;Arbeitsmarktstatistik der Bundesagentur für Arbeit;JAHR;Jahr;2012;KREISE;Kreise und kreisfreie Städte;06534;Marburg-Biedenkopf, Landkreis;ERWAQ7;Arbeitslose nach ausgewählten Personengruppen;ARBEITSLOS08;ausländisch;1030;Anzahl;ERWP06;Arbeitslose
13211;Arbeitsmarktstatistik der Bundesagentur für Arbeit;JAHR;Jahr;2014;KREISE;Kreise und kreisfreie Städte;06535;Vogelsbergkreis;ERWAQ7;Arbeitslose nach ausgewählten Personengruppen;ARBEITSLOS05;langzeitarbeitslos;647;Anzahl;ERWP06;Arbeitslose
13211;Arbeitsmarktstatistik der Bundesagentur für Arbeit;JAHR;Jahr;2012;KREISE;Kreise und kreisfreie Städte;06535;Vogelsbergkreis;ERWAQ7;Arbeitslose nach ausgewählten Personengruppen;ARBEITSLOS05;langzeitarbeitslos;824;Anzahl;ERWP06;Arbeitslose
13211;Arbeitsmarktstatistik der Bundesagentur für Arbeit;JAHR;Jahr;2015;KREISE;Kreise und kreisfreie Städte;06532;Lahn-Dill-Kreis;ERWAQ7;Arbeitslose nach ausgewählten Personengruppen;ARBEITSLOS06;schwerbehindert;873;Anzahl;ERWP06;Arbeitslose
13211;Arbeitsmarktstatistik der Bundesagentur für Arbeit;JAHR;Jahr;2013;KREISE;Kreise und kreisfreie Städte;12064;Märkisch-Oderland, Landkreis;ERWAQ7;Arbeitslose nach ausgewählten Personengruppen;ARBEITSLOS12;15 bis unter 20 Jahre;114;Anzahl;ERWP06;Arbeitslose
13211;Arbeitsmarktstatistik der Bundesagentur für Arbeit;JAHR;Jahr;2015;KREISE;Kreise und kreisfreie Städte;06534;Marburg-Biedenkopf, Landkreis;ERWAQ7;Arbeitslose nach ausgewählten Personengruppen;ARBEITSLOS08;ausländisch;1005;Anzahl;ERWP06;Arbeitslose
13211;Arbeitsmarktstatistik der Bundesagentur für Arbeit;JAHR;Jahr;2023;KREISE;Kreise und kreisfreie Städte;12064;Märkisch-Oderland, Landkreis;ERWAQ7;Arbeitslose nach ausgewählten Personengruppen;ARBEITSLOS06;schwerbehindert;324;Anzahl;ERWP06;Arbeitslose
13211;Arbeitsmarktstatistik der Bundesagentur für Arbeit;JAHR;Jahr;2011;KREISE;Kreise und kreisfreie Städte;06636;Werra-Meißner-Kreis;ERWAQ7;Arbeitslose nach ausgewählten Personengruppen;ARBEITSLOS08;ausländisch;224;Anzahl;ERWP06;Arbeitslose
13211;Arbeitsmarktstatistik der Bundesagentur für Arbeit;JAHR;Jahr;2015;KREISE;Kreise und kreisfreie Städte;12066;Oberspreewald-Lausitz, Landkreis;ERWAQ7;Arbeitslose nach ausgewählten Personengruppen;ARBEITSLOS13;15 bis unter 25 Jahre;254;Anzahl;ERWP06;Arbeitslose
13211;Arbeitsmarktstatistik der Bundesagentur für Arbeit;JAHR;Jahr;2011;KREISE;Kreise und kreisfreie Städte;12066;Oberspreewald-Lausitz, Landkreis;ERWAQ7;Arbeitslose nach ausgewählten Personengruppen;ARBEITSLOS14;55 bis unter 65 Jahre;2066;Anzahl;ERWP06;Arbeitslose
13211;Arbeitsmarktstatistik der Bundesagentur für Arbeit;JAHR;Jahr;2012;KREISE;Kreise und kreisfreie Städte;12065;Oberhavel, Landkreis;ERWAQ7;Arbeitslose nach ausgewählten Personengruppen;ARBEITSLOS13;15 bis unter 25 Jahre;736;Anzahl;ERWP06;Arbeitslose
13211;Arbeitsmarktstatistik der Bundesagentur für Arbeit;JAHR;Jahr;2019;KREISE;Kreise und kreisfreie Städte;12066;Oberspreewald-Lausitz, Landkreis;ERWAQ7;Arbeitslose nach ausgewählten Personengruppen;ARBEITSLOS05;langzeitarbeitslos;1747;Anzahl;ERWP06;Arbeitslose
13211;Arbeitsmarktstatistik der Bundesagentur für Arbeit;JAHR;Jahr;2016;KREISE;Kreise und kreisfreie Städte;06439;Rheingau-Taunus-Kreis;ERWAQ7;Arbeitslose nach ausgewählten Personengruppen;ARBEITSLOS13;15 bis unter 25 Jahre;326;Anzahl;ERWP06;Arbeitslose
13211;Arbeitsmarktstatistik der Bundesagentur für Arbeit;JAHR;Jahr;2016;KREISE;Kreise und kreisfreie Städte;12065;Oberhavel, Landkreis;ERWAQ7;Arbeitslose nach ausgewählten Personengruppen;ARBEITSLOS12;15 bis unter 20 Jahre;106;Anzahl;ERWP06;Arbeitslose
13211;Arbeitsmarktstatistik der Bundesagentur für Arbeit;JAHR;Jahr;2018;KREISE;Kreise und kreisfreie Städte;12067;Oder-Spree, Landkreis;ERWAQ7;Arbeitslose nach ausgewählten Personengruppen;ARBEITSLOS06;schwerbehindert;143;Anzahl;ERWP06;Arbeitslose
13211;Arbeitsmarktstatistik der Bundesagentur für Arbeit;JAHR;Jahr;2020;KREISE;Kreise und kreisfreie Städte;06531;Gießen, Landkreis;ERWAQ7;Arbeitslose nach ausgewählten Personengruppen;ARBEITSLOS08;ausländisch;2784;Anzahl;ERWP06;Arbeitslose
13211;Arbeitsmarktstatistik der Bundesagentur für Arbeit;JAHR;Jahr;2022;KREISE;Kreise und kreisfreie Städte;06533;Limburg-Weilburg, Landkreis;ERWAQ7;Arbeitslose nach ausgewählten Personengruppen;ARBEITSLOS05;langzeitarbeitslos;1154;Anzahl;ERWP06;Arbeitslose
13211;Arbeitsmarktstatistik der Bundesagentur für Arbeit;JAHR;Jahr;2020;KREISE;Kreise und kreisfreie Städte;12063;Havelland, Landkreis;ERWAQ7;Arbeitslose nach ausgewählten Personengruppen;ARBEITSLOS13;15 bis unter 25 Jahre;533;Anzahl;ERWP06;Arbeitslose
13211;Arbeitsmarktstatistik der Bundesagentur für Arbeit;JAHR;Jahr;2021;KREISE;Kreise und kreisfreie Städte;06534;Marburg-Biedenkopf, Landkreis;ERWAQ7;Arbeitslose nach ausgewählten Personengruppen;ARBEITSLOS06;schwerbehindert;496;Anzahl;ERWP06;Arbeitslose
13211;Arbeitsmarktstatistik der Bundesagentur für Arbeit;JAHR;Jahr;2010;KREISE;Kreise und kreisfreie Städte;06531;Gießen, Landkreis;ERWAQ7;Arbeitslose nach ausgewählten Personengruppen;ARBEITSLOS14;55 bis unter 65 Jahre;1445;Anzahl;ERWP06;Arbeitslose
13211;Arbeitsmarktstatistik der Bundesagentur für Arbeit;JAHR;Jahr;2014;KREISE;Kreise und kreisfreie Städte;06531;Gießen, Landkreis;ERWAQ7;Arbeitslose nach ausgewählten Personengruppen;ARBEITSLOS13;15 bis unter 25 Jahre;925;Anzahl;ERWP06;Arbeitslose
13211;Arbeitsmarktstatistik der Bundesagentur für Arbeit;JAHR;Jahr;2013;KREISE;Kreise und kreisfreie Städte;06532;Lahn-Dill-Kreis;ERWAQ7;Arbeitslose nach ausgewählten Personengruppen;ARBEITSLOS14;55 bis unter 65 Jahre;1737;Anzahl;ERWP06;Arbeitslose
13211;Arbeitsmarktstatistik der Bundesagentur für Arbeit;JAHR;Jahr;2016;KREISE;Kreise und kreisfreie Städte;12061;Dahme-Spreewald, Landkreis;ERWAQ7;Arbeitslose nach ausgewählten Personengruppen;ARBEITSLOS06;schwerbehindert;282;Anzahl;ERWP06;Arbeitslose
13211;Arbeitsmarktstatistik der Bundesagentur für Arbeit;JAHR;Jahr;2010;KREISE;Kreise und kreisfreie Städte;06633;Kassel, Landkreis;ERWAQ7;Arbeitslose nach ausgewählten Personengruppen;ARBEITSLOS13;15 bis unter 25 Jahre;715;Anzahl;ERWP06;Arbeitslose
13211;Arbeitsmarktstatistik der Bundesagentur für Arbeit;JAHR;Jahr;2010;KREISE;Kreise und kreisfreie Städte;06535;Vogelsbergkreis;ERWAQ7;Arbeitslose nach ausgewählten Personengruppen;ARBEITSLOS13;15 bis unter 25 Jahre;333;Anzahl;ERWP06;Arbeitslose
13211;Arbeitsmarktstatistik der Bundesagentur für Arbeit;JAHR;Jahr;2025;KREISE;Kreise und kreisfreie Städte;06534;Marburg-Biedenkopf, Landkreis;ERWAQ7;Arbeitslose nach ausgewählten Personengruppen;ARBEITSLOS05;langzeitarbeitslos;2476;Anzahl;ERWP06;Arbeitslose
13211;Arbeitsmarktstatistik der Bundesagentur für Arbeit;JAHR;Jahr;2011;KREISE;Kreise und kreisfreie Städte;06534;Marburg-Biedenkopf, Landkreis;ERWAQ7;Arbeitslose nach ausgewählten Personengruppen;ARBEITSLOS12;15 bis unter 20 Jahre;126;Anzahl;ERWP06;Arbeitslose
13211;Arbeitsmarktstatistik der Bundesagentur für Arbeit;JAHR;Jahr;2015;KREISE;Kreise und kreisfreie Städte;06636;Werra-Meißner-Kreis;ERWAQ7;Arbeitslose nach ausgewählten Personengruppen;ARBEITSLOS14;55 bis unter 65 Jahre;762;Anzahl;ERWP06;Arbeitslose
13211;Arbeitsmarktstatistik der Bundesagentur für Arbeit;JAHR;Jahr;2013;KREISE;Kreise und kreisfreie Städte;06633;Kassel, Landkreis;ERWAQ7;Arbeitslose nach ausgewählten Personengruppen;ARBEITSLOS13;15 bis unter 25 Jahre;697;Anzahl;ERWP06;Arbeitslose
13211;Arbeitsmarktstatistik der Bundesagentur für Arbeit;JAHR;Jahr;2021;KREISE;Kreise und kreisfreie Städte;06533;Limburg-Weilburg, Landkreis;ERWAQ7;Arbeitslose nach ausgewählten Personengruppen;ARBEITSLOS13;15 bis unter 25 Jahre;409;Anzahl;ERWP06;Arbeitslose
13211;Arbeitsmarktstatistik der Bundesagentur für Arbeit;JAHR;Jahr;2025;KREISE;Kreise und kreisfreie Städte;06636;Werra-Meißner-Kreis;ERWAQ7;Arbeitslose nach ausgewählten Personengruppen;ARBEITSLOS08;ausländisch;729;Anzahl;ERWP06;Arbeitslose
13211;Arbeitsmarktstatistik der Bundesagentur für Arbeit;JAHR;Jahr;2010;KREISE;Kreise und kreisfreie Städte;12063;Havelland, Landkreis;ERWAQ7;Arbeitslose nach ausgewählten Personengruppen;ARBEITSLOS05;langzeitarbeitslos;3018;Anzahl;ERWP06;Arbeitslose
13211;Arbeitsmarktstatistik der Bundesagentur für Arbeit;JAHR;Jahr;2022;KREISE;Kreise und kreisfreie Städte;06532;Lahn-Dill-Kreis;ERWAQ7;Arbeitslose nach ausgewählten Personengruppen;ARBEITSLOS12;15 bis unter 20 Jahre;127;Anzahl;ERWP06;Arbeitslose
13211;Arbeitsmarktstatistik der Bundesagentur für Arbeit;JAHR;Jahr;2012;KREISE;Kreise und kreisfreie Städte;12066;Oberspreewald-Lausitz, Landkreis;ERWAQ7;Arbeitslose nach ausgewählten Personengruppen;ARBEITSLOS06;schwerbehindert;455;Anzahl;ERWP06;Arbeitslose
13211;Arbeitsmarktstatistik der Bundesagentur für Arbeit;JAHR;Jahr;2016;KREISE;Kreise und kreisfreie Städte;12061;Dahme-Spreewald, Landkreis;ERWAQ7;Arbeitslose nach ausgewählten Personengruppen;ARBEITSLOS13;15 bis unter 25 Jahre;176;Anzahl;ERWP06;Arbeitslose
13211;Arbeitsmarktstatistik der Bundesagentur für Arbeit;JAHR;Jahr;2021;KREISE;Kreise und kreisfreie Städte;06636;Werra-Meißner-Kreis;ERWAQ7;Arbeitslose nach ausgewählten Personengruppen;ARBEITSLOS12;15 bis unter 20 Jahre;56;Anzahl;ERWP06;Arbeitslose
13211;Arbeitsmarktstatistik der Bundesagentur für Arbeit;JAHR;Jahr;2025;KREISE;Kreise und kreisfreie Städte;06534;Marburg-Biedenkopf, Landkreis;ERWAQ7;Arbeitslose nach ausgewählten Personengruppen;ARBEITSLOS12;15 bis unter 20 Jahre;149;Anzahl;ERWP06;Arbeitslose
13211;Arbeitsmarktstatistik der Bundesagentur für Arbeit;JAHR;Jahr;2024;KREISE;Kreise und kreisfreie Städte;06535;Vogelsbergkreis;ERWAQ7;Arbeitslose nach ausgewählten Personengruppen;ARBEITSLOS13;15 bis unter 25 Jahre;288;Anzahl;ERWP06;Arbeitslose
13211;Arbeitsmarktstatistik der Bundesagentur für Arbeit;JAHR;Jahr;2016;KREISE;Kreise und kreisfreie Städte;06439;Rheingau-Taunus-Kreis;ERWAQ7;Arbeitslose nach ausgewählten Personengruppen;ARBEITSLOS06;schwerbehindert;208;Anzahl;ERWP06;Arbeitslose
13211;Arbeitsmarktstatistik der Bundesagentur für Arbeit;JAHR;Jahr;2020;KREISE;Kreise und kreisfreie Städte;12067;Oder-Spree, Landkreis;ERWAQ7;Arbeitslose nach ausgewählten Personengruppen;ARBEITSLOS05;langzeitarbeitslos;2699;Anzahl;ERWP06;Arbeitslose
13211;Arbeitsmarktstatistik der Bundesagentur für Arbeit;JAHR;Jahr;2010;KREISE;Kreise und kreisfreie Städte;12064;Märkisch-Oderland, Landkreis;ERWAQ7;Arbeitslose nach ausgewählten Personengruppen;ARBEITSLOS12;15 bis unter 20 Jahre;159;Anzahl;ERWP06;Arbeitslose
13211;Arbeitsmarktstatistik der Bundesagentur für Arbeit;JAHR;Jahr;2024;KREISE;Kreise und kreisfreie Städte;06633;Kassel, Landkreis;ERWAQ7;Arbeitslose nach ausgewählten Personengruppen;ARBEITSLOS13;15 bis unter 25 Jahre;589;Anzahl;ERWP06;Arbeitslose
13211;Arbeitsmarktstatistik der Bundesagentur für Arbeit;JAHR;Jahr;2024;KREISE;Kreise und kreisfreie Städte;12066;Oberspreewald-Lausitz, Landkreis;ERWAQ7;Arbeitslose nach ausgewählten Personengruppen;ARBEITSLOS08;ausländisch;606;Anzahl;ERWP06;Arbeitslose
13211;Arbeitsmarktstatistik der Bundesagentur für Arbeit;JAHR;Jahr;2021;KREISE;Kreise und kreisfreie Städte;12066;Oberspreewald-Lausitz, Landkreis;ERWAQ7;Arbeitslose nach ausgewählten Personengruppen;ARBEITSLOS08;ausländisch;275;Anzahl;ERWP06;Arbeitslose
13211;Arbeitsmarktstatistik der Bundesagentur für Arbeit;JAHR;Jahr;2021;KREISE;Kreise und kreisfreie Städte;12063;Havelland, Landkreis;ERWAQ7;Arbeitslose nach ausgewählten Personengruppen;ARBEITSLOS05;langzeitarbeitslos;2053;Anzahl;ERWP06;Arbeitslose
13211;Arbeitsmarktstatistik der Bundesagentur für Arbeit;JAHR;Jahr;2020;KREISE;Kreise und kreisfreie Städte;12064;Märkisch-Oderland, Landkreis;ERWAQ7;Arbeitslose nach ausgewählten Personengruppen;ARBEITSLOS06;schwerbehindert;346;Anzahl;ERWP06;Arbeitslose
13211;Arbeitsmarktstatistik der Bundesagentur für Arbeit;JAHR;Jahr;2017;KREISE;Kreise und kreisfreie Städte;06531;Gießen, Landkreis;ERWAQ7;Arbeitslose nach ausgewählten Personengruppen;ARBEITSLOS06;schwerbehindert;869;Anzahl;ERWP06;Arbeitslose
13211;Arbeitsmarktstatistik der Bundesagentur für Arbeit;JAHR;Jahr;2013;KREISE;Kreise und kreisfreie Städte;06439;Rheingau-Taunus-Kreis;ERWAQ7;Arbeitslose nach ausgewählten Personengruppen;ARBEITSLOS13;15 bis unter 25 Jahre;303;Anzahl;ERWP06;Arbeitslose
13211;Arbeitsmarktstatistik der Bundesagentur für Arbeit;JAHR;Jahr;2013;KREISE;Kreise und kreisfreie Städte;12061;Dahme-Spreewald, Landkreis;ERWAQ7;Arbeitslose nach ausgewählten Personengruppen;ARBEITSLOS13;15 bis unter 25 Jahre;450;Anzahl;ERWP06;Arbeitslose
13211;Arbeitsmarktstatistik der Bundesagentur für Arbeit;JAHR;Jahr;2019;KREISE;Kreise und kreisfreie Städte;12061;Dahme-Spreewald, Landkreis;ERWAQ7;Arbeitslose nach ausgewählten Personengruppen;ARBEITSLOS06;schwerbehindert;199;Anzahl;ERWP06;Arbeitslose
13211;Arbeitsmarktstatistik der Bundesagentur für Arbeit;JAHR;Jahr;2012;KREISE;Kreise und kreisfreie Städte;06532;Lahn-Dill-Kreis;ERWAQ7;Arbeitslose nach ausgewählten Personengruppen;ARBEITSLOS08;ausländisch;1628;Anzahl;ERWP06;Arbeitslose
13211;Arbeitsmarktstatistik der Bundesagentur für Arbeit;JAHR;Jahr;2024;KREISE;Kreise und kreisfreie Städte;12064;Märkisch-Oderland, Landkreis;ERWAQ7;Arbeitslose nach ausgewählten Personengruppen;ARBEITSLOS05;langzeitarbeitslos;2008;Anzahl;ERWP06;Arbeitslose
13211;Arbeitsmarktstatistik der Bundesagentur für Arbeit;JAHR;Jahr;2014;KREISE;Kreise und kreisfreie Städte;12066;Oberspreewald-Lausitz, Landkreis;ERWAQ7;Arbeitslose nach ausgewählten Personengruppen;ARBEITSLOS14;55 bis unter 65 Jahre;1891;Anzahl;ERWP06;Arbeitslose
13211;Arbeitsmarktstatistik der Bundesagentur für Arbeit;JAHR;Jahr;2017;KREISE;Kreise und kreisfreie Städte;06439;Rheingau-Taunus-Kreis;ERWAQ7;Arbeitslose nach ausgewählten Personengruppen;ARBEITSLOS12;15 bis unter 20 Jahre;81;Anzahl;ERWP06;Arbeitslose
13211;Arbeitsmarktstatistik der Bundesagentur für Arbeit;JAHR;Jahr;2017;KREISE;Kreise und kreisfreie Städte;12063;Havelland, Landkreis;ERWAQ7;Arbeitslose nach ausgewählten Personengruppen;ARBEITSLOS08;ausländisch;476;Anzahl;ERWP06;Arbeitslose
13211;Arbeitsmarktstatistik der Bundesagentur für Arbeit;JAHR;Jahr;2016;KREISE;Kreise und kreisfreie Städte;12064;Märkisch-Oderland, Landkreis;ERWAQ7;Arbeitslose nach ausgewählten Personengruppen;ARBEITSLOS05;langzeitarbeitslos;3156;Anzahl;ERWP06;Arbeitslose
13211;Arbeitsmarktstatistik der Bundesagentur für Arbeit;JAHR;Jahr;2021;KREISE;Kreise und kreisfreie Städte;06439;Rheingau-Taunus-Kreis;ERWAQ7;Arbeitslose nach ausgewählten Personengruppen;ARBEITSLOS05;langzeitarbeitslos;1818;Anzahl;ERWP06;Arbeitslose
13211;Arbeitsmarktstatistik der Bundesagentur für Arbeit;JAHR;Jahr;2019;KREISE;Kreise und kreisfreie Städte;12067;Oder-Spree, Landkreis;ERWAQ7;Arbeitslose nach ausgewählten Personengruppen;ARBEITSLOS12;15 bis unter 20 Jahre;121;Anzahl;ERWP06;Arbeitslose
13211;Arbeitsmarktstatistik der Bundesagentur für Arbeit;JAHR;Jahr;2015;KREISE;Kreise und kreisfreie Städte;12065;Oberhavel, Landkreis;ERWAQ7;Arbeitslose nach ausgewählten Personengruppen;ARBEITSLOS06;schwerbehindert;436;Anzahl;ERWP06;Arbeitslose
13211;Arbeitsmarktstatistik der Bundesagentur für Arbeit;JAHR;Jahr;2024;KREISE;Kreise und kreisfreie Städte;06534;Marburg-Biedenkopf, Landkreis;ERWAQ7;Arbeitslose nach ausgewählten Personengruppen;ARBEITSLOS06;schwerbehindert;558;Anzahl;ERWP06;Arbeitslose
13211;Arbeitsmarktstatistik der Bundesagentur für Arbeit;JAHR;Jahr;2023;KREISE;Kreise und kreisfreie Städte;12067;Oder-Spree, Landkreis;ERWAQ7;Arbeitslose nach ausgewählten Personengruppen;ARBEITSLOS12;15 bis unter 20 Jahre;131;Anzahl;ERWP06;Arbeitslose
13211;Arbeitsmarktstatistik der Bundesagentur für Arbeit;JAHR;Jahr;2020;KREISE;Kreise und kreisfreie Städte;06636;Werra-Meißner-Kreis;ERWAQ7;Arbeitslose nach ausgewählten Personengruppen;ARBEITSLOS06;schwerbehindert;280;Anzahl;ERWP06;Arbeitslose
13211;Arbeitsmarktstatistik der Bundesagentur für Arbeit;JAHR;Jahr;2016;KREISE;Kreise und kreisfreie Städte;06534;Marburg-Biedenkopf, Landkreis;ERWAQ7;Arbeitslose nach ausgewählten Personengruppen;ARBEITSLOS14;55 bis unter 65 Jahre;864;Anzahl;ERWP06;Arbeitslose
13211;Arbeitsmarktstatistik der Bundesagentur für Arbeit;JAHR;Jahr;2023;KREISE;Kreise und kreisfreie Städte;12065;Oberhavel, Landkreis;ERWAQ7;Arbeitslose nach ausgewählten Personengruppen;ARBEITSLOS13;15 bis unter 25 Jahre;536;Anzahl;ERWP06;Arbeitslose
13211;Arbeitsmarktstatistik der Bundesagentur für Arbeit;JAHR;Jahr;2024;KREISE;Kreise und kreisfreie Städte;12064;Märkisch-Oderland, Landkreis;ERWAQ7;Arbeitslose nach ausgewählten Personengruppen;ARBEITSLOS12;15 bis unter 20 Jahre;163;Anzahl;ERWP06;Arbeitslose
13211;Arbeitsmarktstatistik der Bundesagentur für Arbeit;JAHR;Jahr;2022;KREISE;Kreise und kreisfreie Städte;12066;Oberspreewald-Lausitz, Landkreis;ERWAQ7;Arbeitslose nach ausgewählten Personengruppen;ARBEITSLOS14;55 bis unter 65 Jahre;1339;Anzahl;ERWP06;Arbeitslose
13211;Arbeitsmarktstatistik der Bundesagentur für Arbeit;JAHR;Jahr;2017;KREISE;Kreise und kreisfreie Städte;06533;Limburg-Weilburg, Landkreis;ERWAQ7;Arbeitslose nach ausgewählten Personengruppen;ARBEITSLOS13;15 bis unter 25 Jahre;412;Anzahl;ERWP06;Arbeitslose
13211;Arbeitsmarktstatistik der Bundesagentur für Arbeit;JAHR;Jahr;2018;KREISE;Kreise und kreisfreie Städte;06532;Lahn-Dill-Kreis;ERWAQ7;Arbeitslose nach ausgewählten Personengruppen;ARBEITSLOS12;15 bis unter 20 Jahre;141;Anzahl;ERWP06;Arbeitslose
13211;Arbeitsmarktstatistik der Bundesagentur für Arbeit;JAHR;Jahr;2019;KREISE;Kreise und kreisfreie Städte;06534;Marburg-Biedenkopf, Landkreis;ERWAQ7;Arbeitslose nach ausgewählten Personengruppen;ARBEITSLOS14;55 bis unter 65 Jahre;882;Anzahl;ERWP06;Arbeitslose
13211;Arbeitsmarktstatistik der Bundesagentur für Arbeit;JAHR;Jahr;2024;KREISE;Kreise und kreisfreie Städte;06636;Werra-Meißner-Kreis;ERWAQ7;Arbeitslose nach ausgewählten Personengruppen;ARBEITSLOS05;langzeitarbeitslos;790;Anzahl;ERWP06;Arbeitslose
13211;Arbeitsmarktstatistik der Bundesagentur für Arbeit;JAHR;Jahr;2020;KREISE;Kreise und kreisfreie Städte;06535;Vogelsbergkreis;ERWAQ7;Arbeitslose nach ausgewählten Personengruppen;ARBEITSLOS14;55 bis unter 65 Jahre;582;Anzahl;ERWP06;Arbeitslose
13211;Arbeitsmarktstatistik der Bundesagentur für Arbeit;JAHR;Jahr;2025;KREISE;Kreise und kreisfreie Städte;12066;Oberspreewald-Lausitz, Landkreis;ERWAQ7;Arbeitslose nach ausgewählten Personengruppen;ARBEITSLOS14;55 bis unter 65 Jahre;1171;Anzahl;ERWP06;Arbeitslose
13211;Arbeitsmarktstatistik der Bundesagentur für Arbeit;JAHR;Jahr;2024;KREISE;Kreise und kreisfreie Städte;06439;Rheingau-Taunus-Kreis;ERWAQ7;Arbeitslose nach ausgewählten Personengruppen;ARBEITSLOS12;15 bis unter 20 Jahre;130;Anzahl;ERWP06;Arbeitslose
13211;Arbeitsmarktstatistik der Bundesagentur für Arbeit;JAHR;Jahr;2023;KREISE;Kreise und kreisfreie Städte;06532;Lahn-Dill-Kreis;ERWAQ7;Arbeitslose nach ausgewählten Personengruppen;ARBEITSLOS08;ausländisch;3519;Anzahl;ERWP06;Arbeitslose
13211;Arbeitsmarktstatistik der Bundesagentur für Arbeit;JAHR;Jahr;2013;KREISE;Kreise und kreisfreie Städte;12064;Märkisch-Oderland, Landkreis;ERWAQ7;Arbeitslose nach ausgewählten Personengruppen;ARBEITSLOS05;langzeitarbeitslos;3564;Anzahl;ERWP06;Arbeitslose
13211;Arbeitsmarktstatistik der Bundesagentur für Arbeit;JAHR;Jahr;2019;KREISE;Kreise und kreisfreie Städte;06636;Werra-Meißner-Kreis;ERWAQ7;Arbeitslose nach ausgewählten Personengruppen;ARBEITSLOS13;15 bis unter 25 Jahre;268;Anzahl;ERWP06;Arbeitslose
13211;Arbeitsmarktstatistik der Bundesagentur für Arbeit;JAHR;Jahr;2021;KREISE;Kreise und kreisfreie Städte;06531;Gießen, Landkreis;ERWAQ7;Arbeitslose nach ausgewählten Personengruppen;ARBEITSLOS14;55 bis unter 65 Jahre;1517;Anzahl;ERWP06;Arbeitslose
13211;Arbeitsmarktstatistik der Bundesagentur für Arbeit;JAHR;Jahr;2010;KREISE;Kreise und kreisfreie Städte;06534;Marburg-Biedenkopf, Landkreis;ERWAQ7;Arbeitslose nach ausgewählten Personengruppen;ARBEITSLOS06;schwerbehindert;556;Anzahl;ERWP06;Arbeitslose
13211;Arbeitsmarktstatistik der Bundesagentur für Arbeit;JAHR;Jahr;2018;KREISE;Kreise und kreisfreie Städte;12061;Dahme-Spreewald, Landkreis;ERWAQ7;Arbeitslose nach ausgewählten Personengruppen;ARBEITSLOS14;55 bis unter 65 Jahre;1137;Anzahl;ERWP06;Arbeitslose
13211;Arbeitsmarktstatistik der Bundesagentur für Arbeit;JAHR;Jahr;2014;KREISE;Kreise und kreisfreie Städte;06439;Rheingau-Taunus-Kreis;ERWAQ7;Arbeitslose nach ausgewählten Personengruppen;ARBEITSLOS05;langzeitarbeitslos;1936;Anzahl;ERWP06;Arbeitslose
13211;Arbeitsmarktstatistik der Bundesagentur für Arbeit;JAHR;Jahr;2011;KREISE;Kreise und kreisfreie Städte;06533;Limburg-Weilburg, Landkreis;ERWAQ7;Arbeitslose nach ausgewählten Personengruppen;ARBEITSLOS05;langzeitarbeitslos;1688;Anzahl;ERWP06;Arbeitslose
13211;Arbeitsmarktstatistik der Bundesagentur für Arbeit;JAHR;Jahr;2020;KREISE;Kreise und kreisfreie Städte;06633;Kassel, Landkreis;ERWAQ7;Arbeitslose nach ausgewählten Personengruppen;ARBEITSLOS14;55 bis unter 65 Jahre;1200;Anzahl;ERWP06;Arbeitslose
13211;Arbeitsmarktstatistik der Bundesagentur für Arbeit;JAHR;Jahr;2012;KREISE;Kreise und kreisfreie Städte;12063;Havelland, Landkreis;ERWAQ7;Arbeitslose nach ausgewählten Personengruppen;ARBEITSLOS13;15 bis unter 25 Jahre;695;Anzahl;ERWP06;Arbeitslose
13211;Arbeitsmarktstatistik der Bundesagentur für Arbeit;JAHR;Jahr;2023;KREISE;Kreise und kreisfreie Städte;12066;Oberspreewald-Lausitz, Landkreis;ERWAQ7;Arbeitslose nach ausgewählten Personengruppen;ARBEITSLOS06;schwerbehindert;225;Anzahl;ERWP06;Arbeitslose
13211;Arbeitsmarktstatistik der Bundesagentur für Arbeit;JAHR;Jahr;2016;KREISE;Kreise und kreisfreie Städte;06535;Vogelsbergkreis;ERWAQ7;Arbeitslose nach ausgewählten Personengruppen;ARBEITSLOS06;schwerbehindert;224;Anzahl;ERWP06;Arbeitslose
13211;Arbeitsmarktstatistik der Bundesagentur für Arbeit;JAHR;Jahr;2013;KREISE;Kreise und kreisfreie Städte;12066;Oberspreewald-Lausitz, Landkreis;ERWAQ7;Arbeitslose nach ausgewählten Personengruppen;ARBEITSLOS12;15 bis unter 20 Jahre;85;Anzahl;ERWP06;Arbeitslose
13211;Arbeitsmarktstatistik der Bundesagentur für Arbeit;JAHR;Jahr;2022;KREISE;Kreise und kreisfreie Städte;12067;Oder-Spree, Landkreis;ERWAQ7;Arbeitslose nach ausgewählten Personengruppen;ARBEITSLOS06;schwerbehindert;293;Anzahl;ERWP06;Arbeitslose
13211;Arbeitsmarktstatistik der Bundesagentur für Arbeit;JAHR;Jahr;2015;KREISE;Kreise und kreisfreie Städte;12064;Märkisch-Oderland, Landkreis;ERWAQ7;Arbeitslose nach ausgewählten Personengruppen;ARBEITSLOS13;15 bis unter 25 Jahre;529;Anzahl;ERWP06;Arbeitslose
13211;Arbeitsmarktstatistik der Bundesagentur für Arbeit;JAHR;Jahr;2018;KREISE;Kreise und kreisfreie Städte;12065;Oberhavel, Landkreis;ERWAQ7;Arbeitslose nach ausgewählten Personengruppen;ARBEITSLOS06;schwerbehindert;405;Anzahl;ERWP06;Arbeitslose
13211;Arbeitsmarktstatistik der Bundesagentur für Arbeit;JAHR;Jahr;2012;KREISE;Kreise und kreisfreie Städte;12067;Oder-Spree, Landkreis;ERWAQ7;Arbeitslose nach ausgewählten Personengruppen;ARBEITSLOS12;15 bis unter 20 Jahre;94;Anzahl;ERWP06;Arbeitslose
13211;Arbeitsmarktstatistik der Bundesagentur für Arbeit;JAHR;Jahr;2013;KREISE;Kreise und kreisfreie Städte;06636;Werra-Meißner-Kreis;ERWAQ7;Arbeitslose nach ausgewählten Personengruppen;ARBEITSLOS05;langzeitarbeitslos;1139;Anzahl;ERWP06;Arbeitslose
13211;Arbeitsmarktstatistik der Bundesagentur für Arbeit;JAHR;Jahr;2016;KREISE;Kreise und kreisfreie Städte;12067;Oder-Spree, Landkreis;ERWAQ7;Arbeitslose nach ausgewählten Personengruppen;ARBEITSLOS12;15 bis unter 20 Jahre;150;Anzahl;ERWP06;Arbeitslose
13211;Arbeitsmarktstatistik der Bundesagentur für Arbeit;JAHR;Jahr;2013;KREISE;Kreise und kreisfreie Städte;06636;Werra-Meißner-Kreis;ERWAQ7;Arbeitslose nach ausgewählten Personengruppen;ARBEITSLOS06;schwerbehindert;328;Anzahl;ERWP06;Arbeitslose
13211;Arbeitsmarktstatistik der Bundesagentur für Arbeit;JAHR;Jahr;2014;KREISE;Kreise und kreisfreie Städte;12061;Dahme-Spreewald, Landkreis;ERWAQ7;Arbeitslose nach ausgewählten Personengruppen;ARBEITSLOS05;langzeitarbeitslos;2016;Anzahl;ERWP06;Arbeitslose
13211;Arbeitsmarktstatistik der Bundesagentur für Arbeit;JAHR;Jahr;2017;KREISE;Kreise und kreisfreie Städte;06636;Werra-Meißner-Kreis;ERWAQ7;Arbeitslose nach ausgewählten Personengruppen;ARBEITSLOS05;langzeitarbeitslos;989;Anzahl;ERWP06;Arbeitslose
13211;Arbeitsmarktstatistik der Bundesagentur für Arbeit;JAHR;Jahr;2016;KREISE;Kreise und kreisfreie Städte;12067;Oder-Spree, Landkreis;ERWAQ7;Arbeitslose nach ausgewählten Personengruppen;ARBEITSLOS08;ausländisch;595;Anzahl;ERWP06;Arbeitslose
13211;Arbeitsmarktstatistik der Bundesagentur für Arbeit;JAHR;Jahr;2014;KREISE;Kreise und kreisfreie Städte;06533;Limburg-Weilburg, Landkreis;ERWAQ7;Arbeitslose nach ausgewählten Personengruppen;ARBEITSLOS13;15 bis unter 25 Jahre;556;Anzahl;ERWP06;Arbeitslose
13211;Arbeitsmarktstatistik der Bundesagentur für Arbeit;JAHR;Jahr;2020;KREISE;Kreise und kreisfreie Städte;12061;Dahme-Spreewald, Landkreis;ERWAQ7;Arbeitslose nach ausgewählten Personengruppen;ARBEITSLOS13;15 bis unter 25 Jahre;198;Anzahl;ERWP06;Arbeitslose
13211;Arbeitsmarktstatistik der Bundesagentur für Arbeit;JAHR;Jahr;2020;KREISE;Kreise und kreisfreie Städte;12061;Dahme-Spreewald, Landkreis;ERWAQ7;Arbeitslose nach ausgewählten Personengruppen;ARBEITSLOS14;55 bis unter 65 Jahre;1093;Anzahl;ERWP06;Arbeitslose
13211;Arbeitsmarktstatistik der Bundesagentur für Arbeit;JAHR;Jahr;2011;KREISE;Kreise und kreisfreie Städte;06532;Lahn-Dill-Kreis;ERWAQ7;Arbeitslose nach ausgewählten Personengruppen;ARBEITSLOS13;15 bis unter 25 Jahre;835;Anzahl;ERWP06;Arbeitslose
13211;Arbeitsmarktstatistik der Bundesagentur für Arbeit;JAHR;Jahr;2018;KREISE;Kreise und kreisfreie Städte;06439;Rheingau-Taunus-Kreis;ERWAQ7;Arbeitslose nach ausgewählten Personengruppen;ARBEITSLOS14;55 bis unter 65 Jahre;869;Anzahl;ERWP06;Arbeitslose
13211;Arbeitsmarktstatistik der Bundesagentur für Arbeit;JAHR;Jahr;2020;KREISE;Kreise und kreisfreie Städte;06439;Rheingau-Taunus-Kreis;ERWAQ7;Arbeitslose nach ausgewählten Personengruppen;ARBEITSLOS14;55 bis unter 65 Jahre;941;Anzahl;ERWP06;Arbeitslose
13211;Arbeitsmarktstatistik der Bundesagentur für Arbeit;JAHR;Jahr;2022;KREISE;Kreise und kreisfreie Städte;06531;Gießen, Landkreis;ERWAQ7;Arbeitslose nach ausgewählten Personengruppen;ARBEITSLOS05;langzeitarbeitslos;2873;Anzahl;ERWP06;Arbeitslose
13211;Arbeitsmarktstatistik der Bundesagentur für Arbeit;JAHR;Jahr;2010;KREISE;Kreise und kreisfreie Städte;06533;Limburg-Weilburg, Landkreis;ERWAQ7;Arbeitslose nach ausgewählten Personengruppen;ARBEITSLOS13;15 bis unter 25 Jahre;613;Anzahl;ERWP06;Arbeitslose
13211;Arbeitsmarktstatistik der Bundesagentur für Arbeit;JAHR;Jahr;2025;KREISE;Kreise und kreisfreie Städte;06532;Lahn-Dill-Kreis;ERWAQ7;Arbeitslose nach ausgewählten Personengruppen;ARBEITSLOS05;langzeitarbeitslos;3756;Anzahl;ERWP06;Arbeitslose
13211;Arbeitsmarktstatistik der Bundesagentur für Arbeit;JAHR;Jahr;2021;KREISE;Kreise und kreisfreie Städte;12064;Märkisch-Oderland, Landkreis;ERWAQ7;Arbeitslose nach ausgewählten Personengruppen;ARBEITSLOS12;15 bis unter 20 Jahre;140;Anzahl;ERWP06;Arbeitslose
13211;Arbeitsmarktstatistik der Bundesagentur für Arbeit;JAHR;Jahr;2024;KREISE;Kreise und kreisfreie Städte;12061;Dahme-Spreewald, Landkreis;ERWAQ7;Arbeitslose nach ausgewählten Personengruppen;ARBEITSLOS13;15 bis unter 25 Jahre;228;Anzahl;ERWP06;Arbeitslose
13211;Arbeitsmarktstatistik der Bundesagentur für Arbeit;JAHR;Jahr;2022;KREISE;Kreise und kreisfreie Städte;06636;Werra-Meißner-Kreis;ERWAQ7;Arbeitslose nach ausgewählten Personengruppen;ARBEITSLOS08;ausländisch;597;Anzahl;ERWP06;Arbeitslose
13211;Arbeitsmarktstatistik der Bundesagentur für Arbeit;JAHR;Jahr;2022;KREISE;Kreise und kreisfreie Städte;06534;Marburg-Biedenkopf, Landkreis;ERWAQ7;Arbeitslose nach ausgewählten Personengruppen;ARBEITSLOS12;15 bis unter 20 Jahre;102;Anzahl;ERWP06;Arbeitslose
13211;Arbeitsmarktstatistik der Bundesagentur für Arbeit;JAHR;Jahr;2010;KREISE;Kreise und kreisfreie Städte;12061;Dahme-Spreewald, Landkreis;ERWAQ7;Arbeitslose nach ausgewählten Personengruppen;ARBEITSLOS05;langzeitarbeitslos;1453;Anzahl;ERWP06;Arbeitslose
13211;Arbeitsmarktstatistik der Bundesagentur für Arbeit;JAHR;Jahr;2019;KREISE;Kreise und kreisfreie Städte;06633;Kassel, Landkreis;ERWAQ7;Arbeitslose nach ausgewählten Personengruppen;ARBEITSLOS06;schwerbehindert;386;Anzahl;ERWP06;Arbeitslose
13211;Arbeitsmarktstatistik der Bundesagentur für Arbeit;JAHR;Jahr;2012;KREISE;Kreise und kreisfreie Städte;06636;Werra-Meißner-Kreis;ERWAQ7;Arbeitslose nach ausgewählten Personengruppen;ARBEITSLOS14;55 bis unter 65 Jahre;682;Anzahl;ERWP06;Arbeitslose
13211;Arbeitsmarktstatistik der Bundesagentur für Arbeit;JAHR;Jahr;2021;KREISE;Kreise und kreisfreie Städte;06531;Gießen, Landkreis;ERWAQ7;Arbeitslose nach ausgewählten Personengruppen;ARBEITSLOS13;15 bis unter 25 Jahre;732;Anzahl;ERWP06;Arbeitslose
13211;Arbeitsmarktstatistik der Bundesagentur für Arbeit;JAHR;Jahr;2016;KREISE;Kreise und kreisfreie Städte;06633;Kassel, Landkreis;ERWAQ7;Arbeitslose nach ausgewählten Personengruppen;ARBEITSLOS06;schwerbehindert;447;Anzahl;ERWP06;Arbeitslose
13211;Arbeitsmarktstatistik der Bundesagentur für Arbeit;JAHR;Jahr;2025;KREISE;Kreise und kreisfreie Städte;06531;Gießen, Landkreis;ERWAQ7;Arbeitslose nach ausgewählten Personengruppen;ARBEITSLOS13;15 bis unter 25 Jahre;851;Anzahl;ERWP06;Arbeitslose
13211;Arbeitsmarktstatistik der Bundesagentur für Arbeit;JAHR;Jahr;2022;KREISE;Kreise und kreisfreie Städte;06636;Werra-Meißner-Kreis;ERWAQ7;Arbeitslose nach ausgewählten Personengruppen;ARBEITSLOS14;55 bis unter 65 Jahre;644;Anzahl;ERWP06;Arbeitslose
13211;Arbeitsmarktstatistik der Bundesagentur für Arbeit;JAHR;Jahr;2023;KREISE;Kreise und kreisfreie Städte;06636;Werra-Meißner-Kreis;ERWAQ7;Arbeitslose nach ausgewählten Personengruppen;ARBEITSLOS14;55 bis unter 65 Jahre;659;Anzahl;ERWP06;Arbeitslose
13211;Arbeitsmarktstatistik der Bundesagentur für Arbeit;JAHR;Jahr;2024;KREISE;Kreise und kreisfreie Städte;06533;Limburg-Weilburg, Landkreis;ERWAQ7;Arbeitslose nach ausgewählten Personengruppen;ARBEITSLOS13;15 bis unter 25 Jahre;477;Anzahl;ERWP06;Arbeitslose
13211;Arbeitsmarktstatistik der Bundesagentur für Arbeit;JAHR;Jahr;2016;KREISE;Kreise und kreisfreie Städte;12063;Havelland, Landkreis;ERWAQ7;Arbeitslose nach ausgewählten Personengruppen;ARBEITSLOS13;15 bis unter 25 Jahre;521;Anzahl;ERWP06;Arbeitslose
13211;Arbeitsmarktstatistik der Bundesagentur für Arbeit;JAHR;Jahr;2010;KREISE;Kreise und kreisfreie Städte;12066;Oberspreewald-Lausitz, Landkreis;ERWAQ7;Arbeitslose nach ausgewählten Personengruppen;ARBEITSLOS12;15 bis unter 20 Jahre;124;Anzahl;ERWP06;Arbeitslose
13211;Arbeitsmarktstatistik der Bundesagentur für Arbeit;JAHR;Jahr;2020;KREISE;Kreise und kreisfreie Städte;12066;Oberspreewald-Lausitz, Landkreis;ERWAQ7;Arbeitslose nach ausgewählten Personengruppen;ARBEITSLOS06;schwerbehindert;231;Anzahl;ERWP06;Arbeitslose
13211;Arbeitsmarktstatistik der Bundesagentur für Arbeit;JAHR;Jahr;2019;KREISE;Kreise und kreisfreie Städte;06439;Rheingau-Taunus-Kreis;ERWAQ7;Arbeitslose nach ausgewählten Personengruppen;ARBEITSLOS06;schwerbehindert;191;Anzahl;ERWP06;Arbeitslose
13211;Arbeitsmarktstatistik der Bundesagentur für Arbeit;JAHR;Jahr;2018;KREISE;Kreise und kreisfreie Städte;06532;Lahn-Dill-Kreis;ERWAQ7;Arbeitslose nach ausgewählten Personengruppen;ARBEITSLOS05;langzeitarbeitslos;2873;Anzahl;ERWP06;Arbeitslose
13211;Arbeitsmarktstatistik der Bundesagentur für Arbeit;JAHR;Jahr;2019;KREISE;Kreise und kreisfreie Städte;06535;Vogelsbergkreis;ERWAQ7;Arbeitslose nach ausgewählten Personengruppen;ARBEITSLOS06;schwerbehindert;241;Anzahl;ERWP06;Arbeitslose
13211;Arbeitsmarktstatistik der Bundesagentur für Arbeit;JAHR;Jahr;2021;KREISE;Kreise und kreisfreie Städte;12061;Dahme-Spreewald, Landkreis;ERWAQ7;Arbeitslose nach ausgewählten Personengruppen;ARBEITSLOS05;langzeitarbeitslos;1248;Anzahl;ERWP06;Arbeitslose
13211;Arbeitsmarktstatistik der Bundesagentur für Arbeit;JAHR;Jahr;2023;KREISE;Kreise und kreisfreie Städte;06439;Rheingau-Taunus-Kreis;ERWAQ7;Arbeitslose nach ausgewählten Personengruppen;ARBEITSLOS06;schwerbehindert;176;Anzahl;ERWP06;Arbeitslose
13211;Arbeitsmarktstatistik der Bundesagentur für Arbeit;JAHR;Jahr;2013;KREISE;Kreise und kreisfreie Städte;12063;Havelland, Landkreis;ERWAQ7;Arbeitslose nach ausgewählten Personengruppen;ARBEITSLOS13;15 bis unter 25 Jahre;687;Anzahl;ERWP06;Arbeitslose
13211;Arbeitsmarktstatistik der Bundesagentur für Arbeit;JAHR;Jahr;2025;KREISE;Kreise und kreisfreie Städte;12067;Oder-Spree, Landkreis;ERWAQ7;Arbeitslose nach ausgewählten Personengruppen;ARBEITSLOS06;schwerbehindert;309;Anzahl;ERWP06;Arbeitslose
13211;Arbeitsmarktstatistik der Bundesagentur für Arbeit;JAHR;Jahr;2017;KREISE;Kreise und kreisfreie Städte;12061;Dahme-Spreewald, Landkreis;ERWAQ7;Arbeitslose nach ausgewählten Personengruppen;ARBEITSLOS08;ausländisch;363;Anzahl;ERWP06;Arbeitslose
13211;Arbeitsmarktstatistik der Bundesagentur für Arbeit;JAHR;Jahr;2017;KREISE;Kreise und kreisfreie Städte;12067;Oder-Spree, Landkreis;ERWAQ7;Arbeitslose nach ausgewählten Personengruppen;ARBEITSLOS14;55 bis unter 65 Jahre;1922;Anzahl;ERWP06;Arbeitslose
13211;Arbeitsmarktstatistik der Bundesagentur für Arbeit;JAHR;Jahr;2014;KREISE;Kreise und kreisfreie Städte;06636;Werra-Meißner-Kreis;ERWAQ7;Arbeitslose nach ausgewählten Personengruppen;ARBEITSLOS08;ausländisch;279;Anzahl;ERWP06;Arbeitslose
13211;Arbeitsmarktstatistik der Bundesagentur für Arbeit;JAHR;Jahr;2023;KREISE;Kreise und kreisfreie Städte;06531;Gießen, Landkreis;ERWAQ7;Arbeitslose nach ausgewählten Personengruppen;ARBEITSLOS05;langzeitarbeitslos;2800;Anzahl;ERWP06;Arbeitslose
13211;Arbeitsmarktstatistik der Bundesagentur für Arbeit;JAHR;Jahr;2024;KREISE;Kreise und kreisfreie Städte;12066;Oberspreewald-Lausitz, Landkreis;ERWAQ7;Arbeitslose nach ausgewählten Personengruppen;ARBEITSLOS12;15 bis unter 20 Jahre;61;Anzahl;ERWP06;Arbeitslose
13211;Arbeitsmarktstatistik der Bundesagentur für Arbeit;JAHR;Jahr;2017;KREISE;Kreise und kreisfreie Städte;06535;Vogelsbergkreis;ERWAQ7;Arbeitslose nach ausgewählten Personengruppen;ARBEITSLOS12;15 bis unter 20 Jahre;58;Anzahl;ERWP06;Arbeitslose
13211;Arbeitsmarktstatistik der Bundesagentur für Arbeit;JAHR;Jahr;2011;KREISE;Kreise und kreisfreie Städte;12061;Dahme-Spreewald, Landkreis;ERWAQ7;Arbeitslose nach ausgewählten Personengruppen;ARBEITSLOS05;langzeitarbeitslos;1425;Anzahl;ERWP06;Arbeitslose
13211;Arbeitsmarktstatistik der Bundesagentur für Arbeit;JAHR;Jahr;2023;KREISE;Kreise und kreisfreie Städte;12065;Oberhavel, Landkreis;ERWAQ7;Arbeitslose nach ausgewählten Personengruppen;ARBEITSLOS12;15 bis unter 20 Jahre;141;Anzahl;ERWP06;Arbeitslose
13211;Arbeitsmarktstatistik der Bundesagentur für Arbeit;JAHR;Jahr;2020;KREISE;Kreise und kreisfreie Städte;12066;Oberspreewald-Lausitz, Landkreis;ERWAQ7;Arbeitslose nach ausgewählten Personengruppen;ARBEITSLOS12;15 bis unter 20 Jahre;49;Anzahl;ERWP06;Arbeitslose
13211;Arbeitsmarktstatistik der Bundesagentur für Arbeit;JAHR;Jahr;2018;KREISE;Kreise und kreisfreie Städte;06534;Marburg-Biedenkopf, Landkreis;ERWAQ7;Arbeitslose nach ausgewählten Personengruppen;ARBEITSLOS12;15 bis unter 20 Jahre;115;Anzahl;ERWP06;Arbeitslose
13211;Arbeitsmarktstatistik der Bundesagentur für Arbeit;JAHR;Jahr;2014;KREISE;Kreise und kreisfreie Städte;06534;Marburg-Biedenkopf, Landkreis;ERWAQ7;Arbeitslose nach ausgewählten Personengruppen;ARBEITSLOS12;15 bis unter 20 Jahre;71;Anzahl;ERWP06;Arbeitslose
13211;Arbeitsmarktstatistik der Bundesagentur für Arbeit;JAHR;Jahr;2023;KREISE;Kreise und kreisfreie Städte;12063;Havelland, Landkreis;ERWAQ7;Arbeitslose nach ausgewählten Personengruppen;ARBEITSLOS13;15 bis unter 25 Jahre;526;Anzahl;ERWP06;Arbeitslose
13211;Arbeitsmarktstatistik der Bundesagentur für Arbeit;JAHR;Jahr;2011;KREISE;Kreise und kreisfreie Städte;12067;Oder-Spree, Landkreis;ERWAQ7;Arbeitslose nach ausgewählten Personengruppen;ARBEITSLOS06;schwerbehindert;675;Anzahl;ERWP06;Arbeitslose
13211;Arbeitsmarktstatistik der Bundesagentur für Arbeit;JAHR;Jahr;2017;KREISE;Kreise und kreisfreie Städte;06531;Gießen, Landkreis;ERWAQ7;Arbeitslose nach ausgewählten Personengruppen;ARBEITSLOS13;15 bis unter 25 Jahre;801;Anzahl;ERWP06;Arbeitslose
13211;Arbeitsmarktstatistik der Bundesagentur für Arbeit;JAHR;Jahr;2017;KREISE;Kreise und kreisfreie Städte;06633;Kassel, Landkreis;ERWAQ7;Arbeitslose nach ausgewählten Personengruppen;ARBEITSLOS12;15 bis unter 20 Jahre;117;Anzahl;ERWP06;Arbeitslose
13211;Arbeitsmarktstatistik der Bundesagentur für Arbeit;JAHR;Jahr;2022;KREISE;Kreise und kreisfreie Städte;06532;Lahn-Dill-Kreis;ERWAQ7;Arbeitslose nach ausgewählten Personengruppen;ARBEITSLOS13;15 bis unter 25 Jahre;569;Anzahl;ERWP06;Arbeitslose
13211;Arbeitsmarktstatistik der Bundesagentur für Arbeit;JAHR;Jahr;2018;KREISE;Kreise und kreisfreie Städte;06636;Werra-Meißner-Kreis;ERWAQ7;Arbeitslose nach ausgewählten Personengruppen;ARBEITSLOS08;ausländisch;424;Anzahl;ERWP06;Arbeitslose
13211;Arbeitsmarktstatistik der Bundesagentur für Arbeit;JAHR;Jahr;2015;KREISE;Kreise und kreisfreie Städte;12067;Oder-Spree, Landkreis;ERWAQ7;Arbeitslose nach ausgewählten Personengruppen;ARBEITSLOS06;schwerbehindert;173;Anzahl;ERWP06;Arbeitslose
13211;Arbeitsmarktstatistik der Bundesagentur für Arbeit;JAHR;Jahr;2019;KREISE;Kreise und kreisfreie Städte;12065;Oberhavel, Landkreis;ERWAQ7;Arbeitslose nach ausgewählten Personengruppen;ARBEITSLOS12;15 bis unter 20 Jahre;112;Anzahl;ERWP06;Arbeitslose
13211;Arbeitsmarktstatistik der Bundesagentur für Arbeit;JAHR;Jahr;2024;KREISE;Kreise und kreisfreie Städte;06633;Kassel, Landkreis;ERWAQ7;Arbeitslose nach ausgewählten Personengruppen;ARBEITSLOS12;15 bis unter 20 Jahre;151;Anzahl;ERWP06;Arbeitslose
13211;Arbeitsmarktstatistik der Bundesagentur für Arbeit;JAHR;Jahr;2024;KREISE;Kreise und kreisfreie Städte;06535;Vogelsbergkreis;ERWAQ7;Arbeitslose nach ausgewählten Personengruppen;ARBEITSLOS12;15 bis unter 20 Jahre;82;Anzahl;ERWP06;Arbeitslose
13211;Arbeitsmarktstatistik der Bundesagentur für Arbeit;JAHR;Jahr;2012;KREISE;Kreise und kreisfreie Städte;06531;Gießen, Landkreis;ERWAQ7;Arbeitslose nach ausgewählten Personengruppen;ARBEITSLOS05;langzeitarbeitslos;4133;Anzahl;ERWP06;Arbeitslose
13211;Arbeitsmarktstatistik der Bundesagentur für Arbeit;JAHR;Jahr;2011;KREISE;Kreise und kreisfreie Städte;06531;Gießen, Landkreis;ERWAQ7;Arbeitslose nach ausgewählten Personengruppen;ARBEITSLOS05;langzeitarbeitslos;4129;Anzahl;ERWP06;Arbeitslose
13211;Arbeitsmarktstatistik der Bundesagentur für Arbeit;JAHR;Jahr;2015;KREISE;Kreise und kreisfreie Städte;06531;Gießen, Landkreis;ERWAQ7;Arbeitslose nach ausgewählten Personengruppen;ARBEITSLOS05;langzeitarbeitslos;4271;Anzahl;ERWP06;Arbeitslose
13211;Arbeitsmarktstatistik der Bundesagentur für Arbeit;JAHR;Jahr;2023;KREISE;Kreise und kreisfreie Städte;12064;Märkisch-Oderland, Landkreis;ERWAQ7;Arbeitslose nach ausgewählten Personengruppen;ARBEITSLOS05;langzeitarbeitslos;1843;Anzahl;ERWP06;Arbeitslose
13211;Arbeitsmarktstatistik der Bundesagentur für Arbeit;JAHR;Jahr;2022;KREISE;Kreise und kreisfreie Städte;12065;Oberhavel, Landkreis;ERWAQ7;Arbeitslose nach ausgewählten Personengruppen;ARBEITSLOS06;schwerbehindert;347;Anzahl;ERWP06;Arbeitslose
13211;Arbeitsmarktstatistik der Bundesagentur für Arbeit;JAHR;Jahr;2012;KREISE;Kreise und kreisfreie Städte;12065;Oberhavel, Landkreis;ERWAQ7;Arbeitslose nach ausgewählten Personengruppen;ARBEITSLOS12;15 bis unter 20 Jahre;56;Anzahl;ERWP06;Arbeitslose
13211;Arbeitsmarktstatistik der Bundesagentur für Arbeit;JAHR;Jahr;2016;KREISE;Kreise und kreisfreie Städte;06439;Rheingau-Taunus-Kreis;ERWAQ7;Arbeitslose nach ausgewählten Personengruppen;ARBEITSLOS12;15 bis unter 20 Jahre;69;Anzahl;ERWP06;Arbeitslose
13211;Arbeitsmarktstatistik der Bundesagentur für Arbeit;JAHR;Jahr;2015;KREISE;Kreise und kreisfreie Städte;12066;Oberspreewald-Lausitz, Landkreis;ERWAQ7;Arbeitslose nach ausgewählten Personengruppen;ARBEITSLOS14;55 bis unter 65 Jahre;1839;Anzahl;ERWP06;Arbeitslose
13211;Arbeitsmarktstatistik der Bundesagentur für Arbeit;JAHR;Jahr;2016;KREISE;Kreise und kreisfreie Städte;12065;Oberhavel, Landkreis;ERWAQ7;Arbeitslose nach ausgewählten Personengruppen;ARBEITSLOS13;15 bis unter 25 Jahre;530;Anzahl;ERWP06;Arbeitslose
13211;Arbeitsmarktstatistik der Bundesagentur für Arbeit;JAHR;Jahr;2020;KREISE;Kreise und kreisfreie Städte;06535;Vogelsbergkreis;ERWAQ7;Arbeitslose nach ausgewählten Personengruppen;ARBEITSLOS08;ausländisch;489;Anzahl;ERWP06;Arbeitslose
13211;Arbeitsmarktstatistik der Bundesagentur für Arbeit;JAHR;Jahr;2018;KREISE;Kreise und kreisfreie Städte;12067;Oder-Spree, Landkreis;ERWAQ7;Arbeitslose nach ausgewählten Personengruppen;ARBEITSLOS05;langzeitarbeitslos;2903;Anzahl;ERWP06;Arbeitslose
13211;Arbeitsmarktstatistik der Bundesagentur für Arbeit;JAHR;Jahr;2022;KREISE;Kreise und kreisfreie Städte;06439;Rheingau-Taunus-Kreis;ERWAQ7;Arbeitslose nach ausgewählten Personengruppen;ARBEITSLOS05;langzeitarbeitslos;1614;Anzahl;ERWP06;Arbeitslose
13211;Arbeitsmarktstatistik der Bundesagentur für Arbeit;JAHR;Jahr;2015;KREISE;Kreise und kreisfreie Städte;06636;Werra-Meißner-Kreis;ERWAQ7;Arbeitslose nach ausgewählten Personengruppen;ARBEITSLOS08;ausländisch;327;Anzahl;ERWP06;Arbeitslose
13211;Arbeitsmarktstatistik der Bundesagentur für Arbeit;JAHR;Jahr;2020;KREISE;Kreise und kreisfreie Städte;12063;Havelland, Landkreis;ERWAQ7;Arbeitslose nach ausgewählten Personengruppen;ARBEITSLOS14;55 bis unter 65 Jahre;1243;Anzahl;ERWP06;Arbeitslose
13211;Arbeitsmarktstatistik der Bundesagentur für Arbeit;JAHR;Jahr;2014;KREISE;Kreise und kreisfreie Städte;12063;Havelland, Landkreis;ERWAQ7;Arbeitslose nach ausgewählten Personengruppen;ARBEITSLOS05;langzeitarbeitslos;3097;Anzahl;ERWP06;Arbeitslose
13211;Arbeitsmarktstatistik der Bundesagentur für Arbeit;JAHR;Jahr;2012;KREISE;Kreise und kreisfreie Städte;12061;Dahme-Spreewald, Landkreis;ERWAQ7;Arbeitslose nach ausgewählten Personengruppen;ARBEITSLOS08;ausländisch;229;Anzahl;ERWP06;Arbeitslose
13211;Arbeitsmarktstatistik der Bundesagentur für Arbeit;JAHR;Jahr;2016;KREISE;Kreise und kreisfreie Städte;12065;Oberhavel, Landkreis;ERWAQ7;Arbeitslose nach ausgewählten Personengruppen;ARBEITSLOS08;ausländisch;578;Anzahl;ERWP06;Arbeitslose
13211;Arbeitsmarktstatistik der Bundesagentur für Arbeit;JAHR;Jahr;2013;KREISE;Kreise und kreisfreie Städte;12064;Märkisch-Oderland, Landkreis;ERWAQ7;Arbeitslose nach ausgewählten Personengruppen;ARBEITSLOS06;schwerbehindert;523;Anzahl;ERWP06;Arbeitslose
13211;Arbeitsmarktstatistik der Bundesagentur für Arbeit;JAHR;Jahr;2010;KREISE;Kreise und kreisfreie Städte;06633;Kassel, Landkreis;ERWAQ7;Arbeitslose nach ausgewählten Personengruppen;ARBEITSLOS14;55 bis unter 65 Jahre;1265;Anzahl;ERWP06;Arbeitslose
13211;Arbeitsmarktstatistik der Bundesagentur für Arbeit;JAHR;Jahr;2010;KREISE;Kreise und kreisfreie Städte;06531;Gießen, Landkreis;ERWAQ7;Arbeitslose nach ausgewählten Personengruppen;ARBEITSLOS13;15 bis unter 25 Jahre;957;Anzahl;ERWP06;Arbeitslose
13211;Arbeitsmarktstatistik der Bundesagentur für Arbeit;JAHR;Jahr;2014;KREISE;Kreise und kreisfreie Städte;06531;Gießen, Landkreis;ERWAQ7;Arbeitslose nach ausgewählten Personengruppen;ARBEITSLOS14;55 bis unter 65 Jahre;1773;Anzahl;ERWP06;Arbeitslose
13211;Arbeitsmarktstatistik der Bundesagentur für Arbeit;JAHR;Jahr;2025;KREISE;Kreise und kreisfreie Städte;06534;Marburg-Biedenkopf, Landkreis;ERWAQ7;Arbeitslose nach ausgewählten Personengruppen;ARBEITSLOS06;schwerbehindert;591;Anzahl;ERWP06;Arbeitslose
13211;Arbeitsmarktstatistik der Bundesagentur für Arbeit;JAHR;Jahr;2020;KREISE;Kreise und kreisfreie Städte;06633;Kassel, Landkreis;ERWAQ7;Arbeitslose nach ausgewählten Personengruppen;ARBEITSLOS08;ausländisch;1312;Anzahl;ERWP06;Arbeitslose
13211;Arbeitsmarktstatistik der Bundesagentur für Arbeit;JAHR;Jahr;2010;KREISE;Kreise und kreisfreie Städte;06535;Vogelsbergkreis;ERWAQ7;Arbeitslose nach ausgewählten Personengruppen;ARBEITSLOS14;55 bis unter 65 Jahre;694;Anzahl;ERWP06;Arbeitslose
13211;Arbeitsmarktstatistik der Bundesagentur für Arbeit;JAHR;Jahr;2011;KREISE;Kreise und kreisfreie Städte;06534;Marburg-Biedenkopf, Landkreis;ERWAQ7;Arbeitslose nach ausgewählten Personengruppen;ARBEITSLOS13;15 bis unter 25 Jahre;702;Anzahl;ERWP06;Arbeitslose
13211;Arbeitsmarktstatistik der Bundesagentur für Arbeit;JAHR;Jahr;2024;KREISE;Kreise und kreisfreie Städte;12067;Oder-Spree, Landkreis;ERWAQ7;Arbeitslose nach ausgewählten Personengruppen;ARBEITSLOS14;55 bis unter 65 Jahre;1691;Anzahl;ERWP06;Arbeitslose
13211;Arbeitsmarktstatistik der Bundesagentur für Arbeit;JAHR;Jahr;2018;KREISE;Kreise und kreisfreie Städte;06535;Vogelsbergkreis;ERWAQ7;Arbeitslose nach ausgewählten Personengruppen;ARBEITSLOS14;55 bis unter 65 Jahre;564;Anzahl;ERWP06;Arbeitslose
13211;Arbeitsmarktstatistik der Bundesagentur für Arbeit;JAHR;Jahr;2015;KREISE;Kreise und kreisfreie Städte;06534;Marburg-Biedenkopf, Landkreis;ERWAQ7;Arbeitslose nach ausgewählten Personengruppen;ARBEITSLOS12;15 bis unter 20 Jahre;77;Anzahl;ERWP06;Arbeitslose
13211;Arbeitsmarktstatistik der Bundesagentur für Arbeit;JAHR;Jahr;2024;KREISE;Kreise und kreisfreie Städte;06636;Werra-Meißner-Kreis;ERWAQ7;Arbeitslose nach ausgewählten Personengruppen;ARBEITSLOS06;schwerbehindert;249;Anzahl;ERWP06;Arbeitslose
13211;Arbeitsmarktstatistik der Bundesagentur für Arbeit;JAHR;Jahr;2020;KREISE;Kreise und kreisfreie Städte;06535;Vogelsbergkreis;ERWAQ7;Arbeitslose nach ausgewählten Personengruppen;ARBEITSLOS13;15 bis unter 25 Jahre;252;Anzahl;ERWP06;Arbeitslose
13211;Arbeitsmarktstatistik der Bundesagentur für Arbeit;JAHR;Jahr;2010;KREISE;Kreise und kreisfreie Städte;12067;Oder-Spree, Landkreis;ERWAQ7;Arbeitslose nach ausgewählten Personengruppen;ARBEITSLOS05;langzeitarbeitslos;3489;Anzahl;ERWP06;Arbeitslose
13211;Arbeitsmarktstatistik der Bundesagentur für Arbeit;JAHR;Jahr;2010;KREISE;Kreise und kreisfreie Städte;12064;Märkisch-Oderland, Landkreis;ERWAQ7;Arbeitslose nach ausgewählten Personengruppen;ARBEITSLOS08;ausländisch;284;Anzahl;ERWP06;Arbeitslose
13211;Arbeitsmarktstatistik der Bundesagentur für Arbeit;JAHR;Jahr;2025;KREISE;Kreise und kreisfreie Städte;12066;Oberspreewald-Lausitz, Landkreis;ERWAQ7;Arbeitslose nach ausgewählten Personengruppen;ARBEITSLOS13;15 bis unter 25 Jahre;297;Anzahl;ERWP06;Arbeitslose
13211;Arbeitsmarktstatistik der Bundesagentur für Arbeit;JAHR;Jahr;2017;KREISE;Kreise und kreisfreie Städte;06633;Kassel, Landkreis;ERWAQ7;Arbeitslose nach ausgewählten Personengruppen;ARBEITSLOS13;15 bis unter 25 Jahre;572;Anzahl;ERWP06;Arbeitslose
13211;Arbeitsmarktstatistik der Bundesagentur für Arbeit;JAHR;Jahr;2023;KREISE;Kreise und kreisfreie Städte;06532;Lahn-Dill-Kreis;ERWAQ7;Arbeitslose nach ausgewählten Personengruppen;ARBEITSLOS14;55 bis unter 65 Jahre;1581;Anzahl;ERWP06;Arbeitslose
13211;Arbeitsmarktstatistik der Bundesagentur für Arbeit;JAHR;Jahr;2011;KREISE;Kreise und kreisfreie Städte;06636;Werra-Meißner-Kreis;ERWAQ7;Arbeitslose nach ausgewählten Personengruppen;ARBEITSLOS14;55 bis unter 65 Jahre;690;Anzahl;ERWP06;Arbeitslose
13211;Arbeitsmarktstatistik der Bundesagentur für Arbeit;JAHR;Jahr;2024;KREISE;Kreise und kreisfreie Städte;06531;Gießen, Landkreis;ERWAQ7;Arbeitslose nach ausgewählten Personengruppen;ARBEITSLOS08;ausländisch;3708;Anzahl;ERWP06;Arbeitslose
13211;Arbeitsmarktstatistik der Bundesagentur für Arbeit;JAHR;Jahr;2017;KREISE;Kreise und kreisfreie Städte;06633;Kassel, Landkreis;ERWAQ7;Arbeitslose nach ausgewählten Personengruppen;ARBEITSLOS08;ausländisch;1102;Anzahl;ERWP06;Arbeitslose
13211;Arbeitsmarktstatistik der Bundesagentur für Arbeit;JAHR;Jahr;2019;KREISE;Kreise und kreisfreie Städte;06636;Werra-Meißner-Kreis;ERWAQ7;Arbeitslose nach ausgewählten Personengruppen;ARBEITSLOS14;55 bis unter 65 Jahre;574;Anzahl;ERWP06;Arbeitslose
13211;Arbeitsmarktstatistik der Bundesagentur für Arbeit;JAHR;Jahr;2014;KREISE;Kreise und kreisfreie Städte;06636;Werra-Meißner-Kreis;ERWAQ7;Arbeitslose nach ausgewählten Personengruppen;ARBEITSLOS12;15 bis unter 20 Jahre;70;Anzahl;ERWP06;Arbeitslose
13211;Arbeitsmarktstatistik der Bundesagentur für Arbeit;JAHR;Jahr;2017;KREISE;Kreise und kreisfreie Städte;06439;Rheingau-Taunus-Kreis;ERWAQ7;Arbeitslose nach ausgewählten Personengruppen;ARBEITSLOS08;ausländisch;1556;Anzahl;ERWP06;Arbeitslose
13211;Arbeitsmarktstatistik der Bundesagentur für Arbeit;JAHR;Jahr;2025;KREISE;Kreise und kreisfreie Städte;12066;Oberspreewald-Lausitz, Landkreis;ERWAQ7;Arbeitslose nach ausgewählten Personengruppen;ARBEITSLOS08;ausländisch;588;Anzahl;ERWP06;Arbeitslose
13211;Arbeitsmarktstatistik der Bundesagentur für Arbeit;JAHR;Jahr;2017;KREISE;Kreise und kreisfreie Städte;06532;Lahn-Dill-Kreis;ERWAQ7;Arbeitslose nach ausgewählten Personengruppen;ARBEITSLOS05;langzeitarbeitslos;3262;Anzahl;ERWP06;Arbeitslose
13211;Arbeitsmarktstatistik der Bundesagentur für Arbeit;JAHR;Jahr;2016;KREISE;Kreise und kreisfreie Städte;06533;Limburg-Weilburg, Landkreis;ERWAQ7;Arbeitslose nach ausgewählten Personengruppen;ARBEITSLOS06;schwerbehindert;367;Anzahl;ERWP06;Arbeitslose
13211;Arbeitsmarktstatistik der Bundesagentur für Arbeit;JAHR;Jahr;2020;KREISE;Kreise und kreisfreie Städte;06633;Kassel, Landkreis;ERWAQ7;Arbeitslose nach ausgewählten Personengruppen;ARBEITSLOS13;15 bis unter 25 Jahre;648;Anzahl;ERWP06;Arbeitslose
13211;Arbeitsmarktstatistik der Bundesagentur für Arbeit;JAHR;Jahr;2017;KREISE;Kreise und kreisfreie Städte;06535;Vogelsbergkreis;ERWAQ7;Arbeitslose nach ausgewählten Personengruppen;ARBEITSLOS08;ausländisch;500;Anzahl;ERWP06;Arbeitslose
13211;Arbeitsmarktstatistik der Bundesagentur für Arbeit;JAHR;Jahr;2022;KREISE;Kreise und kreisfreie Städte;12061;Dahme-Spreewald, Landkreis;ERWAQ7;Arbeitslose nach ausgewählten Personengruppen;ARBEITSLOS05;langzeitarbeitslos;1000;Anzahl;ERWP06;Arbeitslose
13211;Arbeitsmarktstatistik der Bundesagentur für Arbeit;JAHR;Jahr;2015;KREISE;Kreise und kreisfreie Städte;06533;Limburg-Weilburg, Landkreis;ERWAQ7;Arbeitslose nach ausgewählten Personengruppen;ARBEITSLOS05;langzeitarbeitslos;1669;Anzahl;ERWP06;Arbeitslose
13211;Arbeitsmarktstatistik der Bundesagentur für Arbeit;JAHR;Jahr;2013;KREISE;Kreise und kreisfreie Städte;06531;Gießen, Landkreis;ERWAQ7;Arbeitslose nach ausgewählten Personengruppen;ARBEITSLOS08;ausländisch;1737;Anzahl;ERWP06;Arbeitslose
13211;Arbeitsmarktstatistik der Bundesagentur für Arbeit;JAHR;Jahr;2015;KREISE;Kreise und kreisfreie Städte;12067;Oder-Spree, Landkreis;ERWAQ7;Arbeitslose nach ausgewählten Personengruppen;ARBEITSLOS12;15 bis unter 20 Jahre;125;Anzahl;ERWP06;Arbeitslose
13211;Arbeitsmarktstatistik der Bundesagentur für Arbeit;JAHR;Jahr;2023;KREISE;Kreise und kreisfreie Städte;12067;Oder-Spree, Landkreis;ERWAQ7;Arbeitslose nach ausgewählten Personengruppen;ARBEITSLOS08;ausländisch;1213;Anzahl;ERWP06;Arbeitslose
13211;Arbeitsmarktstatistik der Bundesagentur für Arbeit;JAHR;Jahr;2014;KREISE;Kreise und kreisfreie Städte;12064;Märkisch-Oderland, Landkreis;ERWAQ7;Arbeitslose nach ausgewählten Personengruppen;ARBEITSLOS12;15 bis unter 20 Jahre;110;Anzahl;ERWP06;Arbeitslose
13211;Arbeitsmarktstatistik der Bundesagentur für Arbeit;JAHR;Jahr;2025;KREISE;Kreise und kreisfreie Städte;06636;Werra-Meißner-Kreis;ERWAQ7;Arbeitslose nach ausgewählten Personengruppen;ARBEITSLOS12;15 bis unter 20 Jahre;94;Anzahl;ERWP06;Arbeitslose
13211;Arbeitsmarktstatistik der Bundesagentur für Arbeit;JAHR;Jahr;2017;KREISE;Kreise und kreisfreie Städte;06439;Rheingau-Taunus-Kreis;ERWAQ7;Arbeitslose nach ausgewählten Personengruppen;ARBEITSLOS13;15 bis unter 25 Jahre;442;Anzahl;ERWP06;Arbeitslose
13211;Arbeitsmarktstatistik der Bundesagentur für Arbeit;JAHR;Jahr;2019;KREISE;Kreise und kreisfreie Städte;12065;Oberhavel, Landkreis;ERWAQ7;Arbeitslose nach ausgewählten Personengruppen;ARBEITSLOS06;schwerbehindert;391;Anzahl;ERWP06;Arbeitslose
13211;Arbeitsmarktstatistik der Bundesagentur für Arbeit;JAHR;Jahr;2023;KREISE;Kreise und kreisfreie Städte;06535;Vogelsbergkreis;ERWAQ7;Arbeitslose nach ausgewählten Personengruppen;ARBEITSLOS06;schwerbehindert;222;Anzahl;ERWP06;Arbeitslose
13211;Arbeitsmarktstatistik der Bundesagentur für Arbeit;JAHR;Jahr;2012;KREISE;Kreise und kreisfreie Städte;06534;Marburg-Biedenkopf, Landkreis;ERWAQ7;Arbeitslose nach ausgewählten Personengruppen;ARBEITSLOS14;55 bis unter 65 Jahre;960;Anzahl;ERWP06;Arbeitslose
13211;Arbeitsmarktstatistik der Bundesagentur für Arbeit;JAHR;Jahr;2022;KREISE;Kreise und kreisfreie Städte;06532;Lahn-Dill-Kreis;ERWAQ7;Arbeitslose nach ausgewählten Personengruppen;ARBEITSLOS08;ausländisch;2508;Anzahl;ERWP06;Arbeitslose
13211;Arbeitsmarktstatistik der Bundesagentur für Arbeit;JAHR;Jahr;2013;KREISE;Kreise und kreisfreie Städte;06533;Limburg-Weilburg, Landkreis;ERWAQ7;Arbeitslose nach ausgewählten Personengruppen;ARBEITSLOS13;15 bis unter 25 Jahre;557;Anzahl;ERWP06;Arbeitslose
13211;Arbeitsmarktstatistik der Bundesagentur für Arbeit;JAHR;Jahr;2015;KREISE;Kreise und kreisfreie Städte;12061;Dahme-Spreewald, Landkreis;ERWAQ7;Arbeitslose nach ausgewählten Personengruppen;ARBEITSLOS06;schwerbehindert;291;Anzahl;ERWP06;Arbeitslose
13211;Arbeitsmarktstatistik der Bundesagentur für Arbeit;JAHR;Jahr;2024;KREISE;Kreise und kreisfreie Städte;06534;Marburg-Biedenkopf, Landkreis;ERWAQ7;Arbeitslose nach ausgewählten Personengruppen;ARBEITSLOS05;langzeitarbeitslos;2389;Anzahl;ERWP06;Arbeitslose
13211;Arbeitsmarktstatistik der Bundesagentur für Arbeit;JAHR;Jahr;2020;KREISE;Kreise und kreisfreie Städte;06636;Werra-Meißner-Kreis;ERWAQ7;Arbeitslose nach ausgewählten Personengruppen;ARBEITSLOS05;langzeitarbeitslos;721;Anzahl;ERWP06;Arbeitslose
13211;Arbeitsmarktstatistik der Bundesagentur für Arbeit;JAHR;Jahr;2014;KREISE;Kreise und kreisfreie Städte;12066;Oberspreewald-Lausitz, Landkreis;ERWAQ7;Arbeitslose nach ausgewählten Personengruppen;ARBEITSLOS08;ausländisch;176;Anzahl;ERWP06;Arbeitslose
13211;Arbeitsmarktstatistik der Bundesagentur für Arbeit;JAHR;Jahr;2023;KREISE;Kreise und kreisfreie Städte;12063;Havelland, Landkreis;ERWAQ7;Arbeitslose nach ausgewählten Personengruppen;ARBEITSLOS12;15 bis unter 20 Jahre;118;Anzahl;ERWP06;Arbeitslose
13211;Arbeitsmarktstatistik der Bundesagentur für Arbeit;JAHR;Jahr;2017;KREISE;Kreise und kreisfreie Städte;06533;Limburg-Weilburg, Landkreis;ERWAQ7;Arbeitslose nach ausgewählten Personengruppen;ARBEITSLOS12;15 bis unter 20 Jahre;78;Anzahl;ERWP06;Arbeitslose
13211;Arbeitsmarktstatistik der Bundesagentur für Arbeit;JAHR;Jahr;2015;KREISE;Kreise und kreisfreie Städte;06636;Werra-Meißner-Kreis;ERWAQ7;Arbeitslose nach ausgewählten Personengruppen;ARBEITSLOS13;15 bis unter 25 Jahre;339;Anzahl;ERWP06;Arbeitslose
13211;Arbeitsmarktstatistik der Bundesagentur für Arbeit;JAHR;Jahr;2023;KREISE;Kreise und kreisfreie Städte;06633;Kassel, Landkreis;ERWAQ7;Arbeitslose nach ausgewählten Personengruppen;ARBEITSLOS06;schwerbehindert;415;Anzahl;ERWP06;Arbeitslose
13211;Arbeitsmarktstatistik der Bundesagentur für Arbeit;JAHR;Jahr;2019;KREISE;Kreise und kreisfreie Städte;06534;Marburg-Biedenkopf, Landkreis;ERWAQ7;Arbeitslose nach ausgewählten Personengruppen;ARBEITSLOS13;15 bis unter 25 Jahre;621;Anzahl;ERWP06;Arbeitslose
13211;Arbeitsmarktstatistik der Bundesagentur für Arbeit;JAHR;Jahr;2011;KREISE;Kreise und kreisfreie Städte;06439;Rheingau-Taunus-Kreis;ERWAQ7;Arbeitslose nach ausgewählten Personengruppen;ARBEITSLOS05;langzeitarbeitslos;2121;Anzahl;ERWP06;Arbeitslose
13211;Arbeitsmarktstatistik der Bundesagentur für Arbeit;JAHR;Jahr;2021;KREISE;Kreise und kreisfreie Städte;06535;Vogelsbergkreis;ERWAQ7;Arbeitslose nach ausgewählten Personengruppen;ARBEITSLOS14;55 bis unter 65 Jahre;589;Anzahl;ERWP06;Arbeitslose
13211;Arbeitsmarktstatistik der Bundesagentur für Arbeit;JAHR;Jahr;2011;KREISE;Kreise und kreisfreie Städte;12065;Oberhavel, Landkreis;ERWAQ7;Arbeitslose nach ausgewählten Personengruppen;ARBEITSLOS06;schwerbehindert;408;Anzahl;ERWP06;Arbeitslose
13211;Arbeitsmarktstatistik der Bundesagentur für Arbeit;JAHR;Jahr;2022;KREISE;Kreise und kreisfreie Städte;06534;Marburg-Biedenkopf, Landkreis;ERWAQ7;Arbeitslose nach ausgewählten Personengruppen;ARBEITSLOS13;15 bis unter 25 Jahre;547;Anzahl;ERWP06;Arbeitslose
13211;Arbeitsmarktstatistik der Bundesagentur für Arbeit;JAHR;Jahr;2012;KREISE;Kreise und kreisfreie Städte;12064;Märkisch-Oderland, Landkreis;ERWAQ7;Arbeitslose nach ausgewählten Personengruppen;ARBEITSLOS05;langzeitarbeitslos;3836;Anzahl;ERWP06;Arbeitslose
13211;Arbeitsmarktstatistik der Bundesagentur für Arbeit;JAHR;Jahr;2018;KREISE;Kreise und kreisfreie Städte;06633;Kassel, Landkreis;ERWAQ7;Arbeitslose nach ausgewählten Personengruppen;ARBEITSLOS14;55 bis unter 65 Jahre;1137;Anzahl;ERWP06;Arbeitslose
13211;Arbeitsmarktstatistik der Bundesagentur für Arbeit;JAHR;Jahr;2021;KREISE;Kreise und kreisfreie Städte;06633;Kassel, Landkreis;ERWAQ7;Arbeitslose nach ausgewählten Personengruppen;ARBEITSLOS14;55 bis unter 65 Jahre;1205;Anzahl;ERWP06;Arbeitslose
13211;Arbeitsmarktstatistik der Bundesagentur für Arbeit;JAHR;Jahr;2018;KREISE;Kreise und kreisfreie Städte;12064;Märkisch-Oderland, Landkreis;ERWAQ7;Arbeitslose nach ausgewählten Personengruppen;ARBEITSLOS13;15 bis unter 25 Jahre;456;Anzahl;ERWP06;Arbeitslose
13211;Arbeitsmarktstatistik der Bundesagentur für Arbeit;JAHR;Jahr;2025;KREISE;Kreise und kreisfreie Städte;06531;Gießen, Landkreis;ERWAQ7;Arbeitslose nach ausgewählten Personengruppen;ARBEITSLOS14;55 bis unter 65 Jahre;1888;Anzahl;ERWP06;Arbeitslose
13211;Arbeitsmarktstatistik der Bundesagentur für Arbeit;JAHR;Jahr;2017;KREISE;Kreise und kreisfreie Städte;12065;Oberhavel, Landkreis;ERWAQ7;Arbeitslose nach ausgewählten Personengruppen;ARBEITSLOS14;55 bis unter 65 Jahre;1586;Anzahl;ERWP06;Arbeitslose
13211;Arbeitsmarktstatistik der Bundesagentur für Arbeit;JAHR;Jahr;2024;KREISE;Kreise und kreisfreie Städte;06533;Limburg-Weilburg, Landkreis;ERWAQ7;Arbeitslose nach ausgewählten Personengruppen;ARBEITSLOS12;15 bis unter 20 Jahre;115;Anzahl;ERWP06;Arbeitslose
13211;Arbeitsmarktstatistik der Bundesagentur für Arbeit;JAHR;Jahr;2019;KREISE;Kreise und kreisfreie Städte;06439;Rheingau-Taunus-Kreis;ERWAQ7;Arbeitslose nach ausgewählten Personengruppen;ARBEITSLOS05;langzeitarbeitslos;1450;Anzahl;ERWP06;Arbeitslose
13211;Arbeitsmarktstatistik der Bundesagentur für Arbeit;JAHR;Jahr;2010;KREISE;Kreise und kreisfreie Städte;12064;Märkisch-Oderland, Landkreis;ERWAQ7;Arbeitslose nach ausgewählten Personengruppen;ARBEITSLOS13;15 bis unter 25 Jahre;1201;Anzahl;ERWP06;Arbeitslose
13211;Arbeitsmarktstatistik der Bundesagentur für Arbeit;JAHR;Jahr;2013;KREISE;Kreise und kreisfreie Städte;12061;Dahme-Spreewald, Landkreis;ERWAQ7;Arbeitslose nach ausgewählten Personengruppen;ARBEITSLOS14;55 bis unter 65 Jahre;1464;Anzahl;ERWP06;Arbeitslose
13211;Arbeitsmarktstatistik der Bundesagentur für Arbeit;JAHR;Jahr;2019;KREISE;Kreise und kreisfreie Städte;06532;Lahn-Dill-Kreis;ERWAQ7;Arbeitslose nach ausgewählten Personengruppen;ARBEITSLOS08;ausländisch;2209;Anzahl;ERWP06;Arbeitslose
13211;Arbeitsmarktstatistik der Bundesagentur für Arbeit;JAHR;Jahr;2014;KREISE;Kreise und kreisfreie Städte;06534;Marburg-Biedenkopf, Landkreis;ERWAQ7;Arbeitslose nach ausgewählten Personengruppen;ARBEITSLOS06;schwerbehindert;497;Anzahl;ERWP06;Arbeitslose
13211;Arbeitsmarktstatistik der Bundesagentur für Arbeit;JAHR;Jahr;2023;KREISE;Kreise und kreisfreie Städte;12066;Oberspreewald-Lausitz, Landkreis;ERWAQ7;Arbeitslose nach ausgewählten Personengruppen;ARBEITSLOS05;langzeitarbeitslos;1595;Anzahl;ERWP06;Arbeitslose
13211;Arbeitsmarktstatistik der Bundesagentur für Arbeit;JAHR;Jahr;2022;KREISE;Kreise und kreisfreie Städte;12063;Havelland, Landkreis;ERWAQ7;Arbeitslose nach ausgewählten Personengruppen;ARBEITSLOS06;schwerbehindert;254;Anzahl;ERWP06;Arbeitslose
13211;Arbeitsmarktstatistik der Bundesagentur für Arbeit;JAHR;Jahr;2015;KREISE;Kreise und kreisfreie Städte;06532;Lahn-Dill-Kreis;ERWAQ7;Arbeitslose nach ausgewählten Personengruppen;ARBEITSLOS08;ausländisch;1779;Anzahl;ERWP06;Arbeitslose
13211;Arbeitsmarktstatistik der Bundesagentur für Arbeit;JAHR;Jahr;2025;KREISE;Kreise und kreisfreie Städte;06633;Kassel, Landkreis;ERWAQ7;Arbeitslose nach ausgewählten Personengruppen;ARBEITSLOS14;55 bis unter 65 Jahre;1371;Anzahl;ERWP06;Arbeitslose
13211;Arbeitsmarktstatistik der Bundesagentur für Arbeit;JAHR;Jahr;2012;KREISE;Kreise und kreisfreie Städte;12067;Oder-Spree, Landkreis;ERWAQ7;Arbeitslose nach ausgewählten Personengruppen;ARBEITSLOS13;15 bis unter 25 Jahre;861;Anzahl;ERWP06;Arbeitslose
13211;Arbeitsmarktstatistik der Bundesagentur für Arbeit;JAHR;Jahr;2012;KREISE;Kreise und kreisfreie Städte;12063;Havelland, Landkreis;ERWAQ7;Arbeitslose nach ausgewählten Personengruppen;ARBEITSLOS12;15 bis unter 20 Jahre;93;Anzahl;ERWP06;Arbeitslose
13211;Arbeitsmarktstatistik der Bundesagentur für Arbeit;JAHR;Jahr;2015;KREISE;Kreise und kreisfreie Städte;12064;Märkisch-Oderland, Landkreis;ERWAQ7;Arbeitslose nach ausgewählten Personengruppen;ARBEITSLOS14;55 bis unter 65 Jahre;2453;Anzahl;ERWP06;Arbeitslose
13211;Arbeitsmarktstatistik der Bundesagentur für Arbeit;JAHR;Jahr;2016;KREISE;Kreise und kreisfreie Städte;12063;Havelland, Landkreis;ERWAQ7;Arbeitslose nach ausgewählten Personengruppen;ARBEITSLOS12;15 bis unter 20 Jahre;122;Anzahl;ERWP06;Arbeitslose
13211;Arbeitsmarktstatistik der Bundesagentur für Arbeit;JAHR;Jahr;2016;KREISE;Kreise und kreisfreie Städte;12067;Oder-Spree, Landkreis;ERWAQ7;Arbeitslose nach ausgewählten Personengruppen;ARBEITSLOS13;15 bis unter 25 Jahre;586;Anzahl;ERWP06;Arbeitslose
13211;Arbeitsmarktstatistik der Bundesagentur für Arbeit;JAHR;Jahr;2020;KREISE;Kreise und kreisfreie Städte;06533;Limburg-Weilburg, Landkreis;ERWAQ7;Arbeitslose nach ausgewählten Personengruppen;ARBEITSLOS08;ausländisch;1450;Anzahl;ERWP06;Arbeitslose
13211;Arbeitsmarktstatistik der Bundesagentur für Arbeit;JAHR;Jahr;2018;KREISE;Kreise und kreisfreie Städte;12065;Oberhavel, Landkreis;ERWAQ7;Arbeitslose nach ausgewählten Personengruppen;ARBEITSLOS05;langzeitarbeitslos;2734;Anzahl;ERWP06;Arbeitslose
13211;Arbeitsmarktstatistik der Bundesagentur für Arbeit;JAHR;Jahr;2020;KREISE;Kreise und kreisfreie Städte;12065;Oberhavel, Landkreis;ERWAQ7;Arbeitslose nach ausgewählten Personengruppen;ARBEITSLOS14;55 bis unter 65 Jahre;1402;Anzahl;ERWP06;Arbeitslose
13211;Arbeitsmarktstatistik der Bundesagentur für Arbeit;JAHR;Jahr;2021;KREISE;Kreise und kreisfreie Städte;06532;Lahn-Dill-Kreis;ERWAQ7;Arbeitslose nach ausgewählten Personengruppen;ARBEITSLOS06;schwerbehindert;727;Anzahl;ERWP06;Arbeitslose
13211;Arbeitsmarktstatistik der Bundesagentur für Arbeit;JAHR;Jahr;2022;KREISE;Kreise und kreisfreie Städte;06535;Vogelsbergkreis;ERWAQ7;Arbeitslose nach ausgewählten Personengruppen;ARBEITSLOS05;langzeitarbeitslos;619;Anzahl;ERWP06;Arbeitslose
13211;Arbeitsmarktstatistik der Bundesagentur für Arbeit;JAHR;Jahr;2014;KREISE;Kreise und kreisfreie Städte;06533;Limburg-Weilburg, Landkreis;ERWAQ7;Arbeitslose nach ausgewählten Personengruppen;ARBEITSLOS14;55 bis unter 65 Jahre;880;Anzahl;ERWP06;Arbeitslose
13211;Arbeitsmarktstatistik der Bundesagentur für Arbeit;JAHR;Jahr;2011;KREISE;Kreise und kreisfreie Städte;06532;Lahn-Dill-Kreis;ERWAQ7;Arbeitslose nach ausgewählten Personengruppen;ARBEITSLOS12;15 bis unter 20 Jahre;154;Anzahl;ERWP06;Arbeitslose
13211;Arbeitsmarktstatistik der Bundesagentur für Arbeit;JAHR;Jahr;2012;KREISE;Kreise und kreisfreie Städte;12063;Havelland, Landkreis;ERWAQ7;Arbeitslose nach ausgewählten Personengruppen;ARBEITSLOS08;ausländisch;189;Anzahl;ERWP06;Arbeitslose
13211;Arbeitsmarktstatistik der Bundesagentur für Arbeit;JAHR;Jahr;2020;KREISE;Kreise und kreisfreie Städte;06439;Rheingau-Taunus-Kreis;ERWAQ7;Arbeitslose nach ausgewählten Personengruppen;ARBEITSLOS13;15 bis unter 25 Jahre;429;Anzahl;ERWP06;Arbeitslose
13211;Arbeitsmarktstatistik der Bundesagentur für Arbeit;JAHR;Jahr;2016;KREISE;Kreise und kreisfreie Städte;12063;Havelland, Landkreis;ERWAQ7;Arbeitslose nach ausgewählten Personengruppen;ARBEITSLOS08;ausländisch;484;Anzahl;ERWP06;Arbeitslose
13211;Arbeitsmarktstatistik der Bundesagentur für Arbeit;JAHR;Jahr;2010;KREISE;Kreise und kreisfreie Städte;06533;Limburg-Weilburg, Landkreis;ERWAQ7;Arbeitslose nach ausgewählten Personengruppen;ARBEITSLOS14;55 bis unter 65 Jahre;703;Anzahl;ERWP06;Arbeitslose
13211;Arbeitsmarktstatistik der Bundesagentur für Arbeit;JAHR;Jahr;2015;KREISE;Kreise und kreisfreie Städte;06532;Lahn-Dill-Kreis;ERWAQ7;Arbeitslose nach ausgewählten Personengruppen;ARBEITSLOS12;15 bis unter 20 Jahre;158;Anzahl;ERWP06;Arbeitslose
13211;Arbeitsmarktstatistik der Bundesagentur für Arbeit;JAHR;Jahr;2024;KREISE;Kreise und kreisfreie Städte;12065;Oberhavel, Landkreis;ERWAQ7;Arbeitslose nach ausgewählten Personengruppen;ARBEITSLOS14;55 bis unter 65 Jahre;1562;Anzahl;ERWP06;Arbeitslose
13211;Arbeitsmarktstatistik der Bundesagentur für Arbeit;JAHR;Jahr;2018;KREISE;Kreise und kreisfreie Städte;06533;Limburg-Weilburg, Landkreis;ERWAQ7;Arbeitslose nach ausgewählten Personengruppen;ARBEITSLOS14;55 bis unter 65 Jahre;760;Anzahl;ERWP06;Arbeitslose
13211;Arbeitsmarktstatistik der Bundesagentur für Arbeit;JAHR;Jahr;2010;KREISE;Kreise und kreisfreie Städte;12065;Oberhavel, Landkreis;ERWAQ7;Arbeitslose nach ausgewählten Personengruppen;ARBEITSLOS05;langzeitarbeitslos;5072;Anzahl;ERWP06;Arbeitslose
13211;Arbeitsmarktstatistik der Bundesagentur für Arbeit;JAHR;Jahr;2010;KREISE;Kreise und kreisfreie Städte;12066;Oberspreewald-Lausitz, Landkreis;ERWAQ7;Arbeitslose nach ausgewählten Personengruppen;ARBEITSLOS08;ausländisch;152;Anzahl;ERWP06;Arbeitslose
13211;Arbeitsmarktstatistik der Bundesagentur für Arbeit;JAHR;Jahr;2022;KREISE;Kreise und kreisfreie Städte;06633;Kassel, Landkreis;ERWAQ7;Arbeitslose nach ausgewählten Personengruppen;ARBEITSLOS05;langzeitarbeitslos;1586;Anzahl;ERWP06;Arbeitslose
13211;Arbeitsmarktstatistik der Bundesagentur für Arbeit;JAHR;Jahr;2024;KREISE;Kreise und kreisfreie Städte;06533;Limburg-Weilburg, Landkreis;ERWAQ7;Arbeitslose nach ausgewählten Personengruppen;ARBEITSLOS08;ausländisch;2081;Anzahl;ERWP06;Arbeitslose
13211;Arbeitsmarktstatistik der Bundesagentur für Arbeit;JAHR;Jahr;2024;KREISE;Kreise und kreisfreie Städte;06439;Rheingau-Taunus-Kreis;ERWAQ7;Arbeitslose nach ausgewählten Personengruppen;ARBEITSLOS13;15 bis unter 25 Jahre;471;Anzahl;ERWP06;Arbeitslose
13211;Arbeitsmarktstatistik der Bundesagentur für Arbeit;JAHR;Jahr;2023;KREISE;Kreise und kreisfreie Städte;06534;Marburg-Biedenkopf, Landkreis;ERWAQ7;Arbeitslose nach ausgewählten Personengruppen;ARBEITSLOS14;55 bis unter 65 Jahre;1171;Anzahl;ERWP06;Arbeitslose
13211;Arbeitsmarktstatistik der Bundesagentur für Arbeit;JAHR;Jahr;2014;KREISE;Kreise und kreisfreie Städte;12065;Oberhavel, Landkreis;ERWAQ7;Arbeitslose nach ausgewählten Personengruppen;ARBEITSLOS05;langzeitarbeitslos;4535;Anzahl;ERWP06;Arbeitslose
13211;Arbeitsmarktstatistik der Bundesagentur für Arbeit;JAHR;Jahr;2019;KREISE;Kreise und kreisfreie Städte;12064;Märkisch-Oderland, Landkreis;ERWAQ7;Arbeitslose nach ausgewählten Personengruppen;ARBEITSLOS14;55 bis unter 65 Jahre;1734;Anzahl;ERWP06;Arbeitslose
13211;Arbeitsmarktstatistik der Bundesagentur für Arbeit;JAHR;Jahr;2017;KREISE;Kreise und kreisfreie Städte;06533;Limburg-Weilburg, Landkreis;ERWAQ7;Arbeitslose nach ausgewählten Personengruppen;ARBEITSLOS08;ausländisch;1133;Anzahl;ERWP06;Arbeitslose
13211;Arbeitsmarktstatistik der Bundesagentur für Arbeit;JAHR;Jahr;2025;KREISE;Kreise und kreisfreie Städte;12064;Märkisch-Oderland, Landkreis;ERWAQ7;Arbeitslose nach ausgewählten Personengruppen;ARBEITSLOS08;ausländisch;986;Anzahl;ERWP06;Arbeitslose
13211;Arbeitsmarktstatistik der Bundesagentur für Arbeit;JAHR;Jahr;2024;KREISE;Kreise und kreisfreie Städte;12064;Märkisch-Oderland, Landkreis;ERWAQ7;Arbeitslose nach ausgewählten Personengruppen;ARBEITSLOS06;schwerbehindert;338;Anzahl;ERWP06;Arbeitslose
13211;Arbeitsmarktstatistik der Bundesagentur für Arbeit;JAHR;Jahr;2012;KREISE;Kreise und kreisfreie Städte;06531;Gießen, Landkreis;ERWAQ7;Arbeitslose nach ausgewählten Personengruppen;ARBEITSLOS06;schwerbehindert;911;Anzahl;ERWP06;Arbeitslose
13211;Arbeitsmarktstatistik der Bundesagentur für Arbeit;JAHR;Jahr;2017;KREISE;Kreise und kreisfreie Städte;06534;Marburg-Biedenkopf, Landkreis;ERWAQ7;Arbeitslose nach ausgewählten Personengruppen;ARBEITSLOS05;langzeitarbeitslos;1627;Anzahl;ERWP06;Arbeitslose
13211;Arbeitsmarktstatistik der Bundesagentur für Arbeit;JAHR;Jahr;2021;KREISE;Kreise und kreisfreie Städte;12065;Oberhavel, Landkreis;ERWAQ7;Arbeitslose nach ausgewählten Personengruppen;ARBEITSLOS05;langzeitarbeitslos;2460;Anzahl;ERWP06;Arbeitslose
13211;Arbeitsmarktstatistik der Bundesagentur für Arbeit;JAHR;Jahr;2011;KREISE;Kreise und kreisfreie Städte;12064;Märkisch-Oderland, Landkreis;ERWAQ7;Arbeitslose nach ausgewählten Personengruppen;ARBEITSLOS14;55 bis unter 65 Jahre;2374;Anzahl;ERWP06;Arbeitslose
13211;Arbeitsmarktstatistik der Bundesagentur für Arbeit;JAHR;Jahr;2013;KREISE;Kreise und kreisfreie Städte;06535;Vogelsbergkreis;ERWAQ7;Arbeitslose nach ausgewählten Personengruppen;ARBEITSLOS08;ausländisch;208;Anzahl;ERWP06;Arbeitslose
13211;Arbeitsmarktstatistik der Bundesagentur für Arbeit;JAHR;Jahr;2016;KREISE;Kreise und kreisfreie Städte;06531;Gießen, Landkreis;ERWAQ7;Arbeitslose nach ausgewählten Personengruppen;ARBEITSLOS06;schwerbehindert;982;Anzahl;ERWP06;Arbeitslose
13211;Arbeitsmarktstatistik der Bundesagentur für Arbeit;JAHR;Jahr;2013;KREISE;Kreise und kreisfreie Städte;06534;Marburg-Biedenkopf, Landkreis;ERWAQ7;Arbeitslose nach ausgewählten Personengruppen;ARBEITSLOS05;langzeitarbeitslos;1963;Anzahl;ERWP06;Arbeitslose
13211;Arbeitsmarktstatistik der Bundesagentur für Arbeit;JAHR;Jahr;2021;KREISE;Kreise und kreisfreie Städte;12064;Märkisch-Oderland, Landkreis;ERWAQ7;Arbeitslose nach ausgewählten Personengruppen;ARBEITSLOS08;ausländisch;548;Anzahl;ERWP06;Arbeitslose
13211;Arbeitsmarktstatistik der Bundesagentur für Arbeit;JAHR;Jahr;2014;KREISE;Kreise und kreisfreie Städte;12066;Oberspreewald-Lausitz, Landkreis;ERWAQ7;Arbeitslose nach ausgewählten Personengruppen;ARBEITSLOS13;15 bis unter 25 Jahre;473;Anzahl;ERWP06;Arbeitslose
13211;Arbeitsmarktstatistik der Bundesagentur für Arbeit;JAHR;Jahr;2014;KREISE;Kreise und kreisfreie Städte;06532;Lahn-Dill-Kreis;ERWAQ7;Arbeitslose nach ausgewählten Personengruppen;ARBEITSLOS06;schwerbehindert;831;Anzahl;ERWP06;Arbeitslose
13211;Arbeitsmarktstatistik der Bundesagentur für Arbeit;JAHR;Jahr;2015;KREISE;Kreise und kreisfreie Städte;06535;Vogelsbergkreis;ERWAQ7;Arbeitslose nach ausgewählten Personengruppen;ARBEITSLOS05;langzeitarbeitslos;610;Anzahl;ERWP06;Arbeitslose
13211;Arbeitsmarktstatistik der Bundesagentur für Arbeit;JAHR;Jahr;2013;KREISE;Kreise und kreisfreie Städte;12063;Havelland, Landkreis;ERWAQ7;Arbeitslose nach ausgewählten Personengruppen;ARBEITSLOS14;55 bis unter 65 Jahre;1802;Anzahl;ERWP06;Arbeitslose
13211;Arbeitsmarktstatistik der Bundesagentur für Arbeit;JAHR;Jahr;2011;KREISE;Kreise und kreisfreie Städte;06633;Kassel, Landkreis;ERWAQ7;Arbeitslose nach ausgewählten Personengruppen;ARBEITSLOS05;langzeitarbeitslos;2134;Anzahl;ERWP06;Arbeitslose
13211;Arbeitsmarktstatistik der Bundesagentur für Arbeit;JAHR;Jahr;2013;KREISE;Kreise und kreisfreie Städte;06533;Limburg-Weilburg, Landkreis;ERWAQ7;Arbeitslose nach ausgewählten Personengruppen;ARBEITSLOS08;ausländisch;1144;Anzahl;ERWP06;Arbeitslose
13211;Arbeitsmarktstatistik der Bundesagentur für Arbeit;JAHR;Jahr;2025;KREISE;Kreise und kreisfreie Städte;12067;Oder-Spree, Landkreis;ERWAQ7;Arbeitslose nach ausgewählten Personengruppen;ARBEITSLOS05;langzeitarbeitslos;3031;Anzahl;ERWP06;Arbeitslose
13211;Arbeitsmarktstatistik der Bundesagentur für Arbeit;JAHR;Jahr;2021;KREISE;Kreise und kreisfreie Städte;12067;Oder-Spree, Landkreis;ERWAQ7;Arbeitslose nach ausgewählten Personengruppen;ARBEITSLOS05;langzeitarbeitslos;3035;Anzahl;ERWP06;Arbeitslose
13211;Arbeitsmarktstatistik der Bundesagentur für Arbeit;JAHR;Jahr;2013;KREISE;Kreise und kreisfreie Städte;06633;Kassel, Landkreis;ERWAQ7;Arbeitslose nach ausgewählten Personengruppen;ARBEITSLOS08;ausländisch;724;Anzahl;ERWP06;Arbeitslose
13211;Arbeitsmarktstatistik der Bundesagentur für Arbeit;JAHR;Jahr;2018;KREISE;Kreise und kreisfreie Städte;12064;Märkisch-Oderland, Landkreis;ERWAQ7;Arbeitslose nach ausgewählten Personengruppen;ARBEITSLOS08;ausländisch;390;Anzahl;ERWP06;Arbeitslose
13211;Arbeitsmarktstatistik der Bundesagentur für Arbeit;JAHR;Jahr;2018;KREISE;Kreise und kreisfreie Städte;12066;Oberspreewald-Lausitz, Landkreis;ERWAQ7;Arbeitslose nach ausgewählten Personengruppen;ARBEITSLOS13;15 bis unter 25 Jahre;209;Anzahl;ERWP06;Arbeitslose
13211;Arbeitsmarktstatistik der Bundesagentur für Arbeit;JAHR;Jahr;2019;KREISE;Kreise und kreisfreie Städte;12063;Havelland, Landkreis;ERWAQ7;Arbeitslose nach ausgewählten Personengruppen;ARBEITSLOS06;schwerbehindert;285;Anzahl;ERWP06;Arbeitslose
13211;Arbeitsmarktstatistik der Bundesagentur für Arbeit;JAHR;Jahr;2016;KREISE;Kreise und kreisfreie Städte;12066;Oberspreewald-Lausitz, Landkreis;ERWAQ7;Arbeitslose nach ausgewählten Personengruppen;ARBEITSLOS05;langzeitarbeitslos;3182;Anzahl;ERWP06;Arbeitslose
13211;Arbeitsmarktstatistik der Bundesagentur für Arbeit;JAHR;Jahr;2015;KREISE;Kreise und kreisfreie Städte;06633;Kassel, Landkreis;ERWAQ7;Arbeitslose nach ausgewählten Personengruppen;ARBEITSLOS05;langzeitarbeitslos;2201;Anzahl;ERWP06;Arbeitslose
13211;Arbeitsmarktstatistik der Bundesagentur für Arbeit;JAHR;Jahr;2012;KREISE;Kreise und kreisfreie Städte;06532;Lahn-Dill-Kreis;ERWAQ7;Arbeitslose nach ausgewählten Personengruppen;ARBEITSLOS14;55 bis unter 65 Jahre;1520;Anzahl;ERWP06;Arbeitslose
13211;Arbeitsmarktstatistik der Bundesagentur für Arbeit;JAHR;Jahr;2022;KREISE;Kreise und kreisfreie Städte;06534;Marburg-Biedenkopf, Landkreis;ERWAQ7;Arbeitslose nach ausgewählten Personengruppen;ARBEITSLOS08;ausländisch;1932;Anzahl;ERWP06;Arbeitslose
13211;Arbeitsmarktstatistik der Bundesagentur für Arbeit;JAHR;Jahr;2013;KREISE;Kreise und kreisfreie Städte;06535;Vogelsbergkreis;ERWAQ7;Arbeitslose nach ausgewählten Personengruppen;ARBEITSLOS13;15 bis unter 25 Jahre;310;Anzahl;ERWP06;Arbeitslose
13211;Arbeitsmarktstatistik der Bundesagentur für Arbeit;JAHR;Jahr;2013;KREISE;Kreise und kreisfreie Städte;06531;Gießen, Landkreis;ERWAQ7;Arbeitslose nach ausgewählten Personengruppen;ARBEITSLOS12;15 bis unter 20 Jahre;156;Anzahl;ERWP06;Arbeitslose
13211;Arbeitsmarktstatistik der Bundesagentur für Arbeit;JAHR;Jahr;2015;KREISE;Kreise und kreisfreie Städte;12063;Havelland, Landkreis;ERWAQ7;Arbeitslose nach ausgewählten Personengruppen;ARBEITSLOS06;schwerbehindert;425;Anzahl;ERWP06;Arbeitslose
13211;Arbeitsmarktstatistik der Bundesagentur für Arbeit;JAHR;Jahr;2010;KREISE;Kreise und kreisfreie Städte;06636;Werra-Meißner-Kreis;ERWAQ7;Arbeitslose nach ausgewählten Personengruppen;ARBEITSLOS12;15 bis unter 20 Jahre;72;Anzahl;ERWP06;Arbeitslose
13211;Arbeitsmarktstatistik der Bundesagentur für Arbeit;JAHR;Jahr;2014;KREISE;Kreise und kreisfreie Städte;12064;Märkisch-Oderland, Landkreis;ERWAQ7;Arbeitslose nach ausgewählten Personengruppen;ARBEITSLOS08;ausländisch;298;Anzahl;ERWP06;Arbeitslose
13211;Arbeitsmarktstatistik der Bundesagentur für Arbeit;JAHR;Jahr;2023;KREISE;Kreise und kreisfreie Städte;06533;Limburg-Weilburg, Landkreis;ERWAQ7;Arbeitslose nach ausgewählten Personengruppen;ARBEITSLOS06;schwerbehindert;297;Anzahl;ERWP06;Arbeitslose
13211;Arbeitsmarktstatistik der Bundesagentur für Arbeit;JAHR;Jahr;2023;KREISE;Kreise und kreisfreie Städte;12067;Oder-Spree, Landkreis;ERWAQ7;Arbeitslose nach ausgewählten Personengruppen;ARBEITSLOS13;15 bis unter 25 Jahre;509;Anzahl;ERWP06;Arbeitslose
13211;Arbeitsmarktstatistik der Bundesagentur für Arbeit;JAHR;Jahr;2016;KREISE;Kreise und kreisfreie Städte;06532;Lahn-Dill-Kreis;ERWAQ7;Arbeitslose nach ausgewählten Personengruppen;ARBEITSLOS14;55 bis unter 65 Jahre;1728;Anzahl;ERWP06;Arbeitslose
13211;Arbeitsmarktstatistik der Bundesagentur für Arbeit;JAHR;Jahr;2017;KREISE;Kreise und kreisfreie Städte;06531;Gießen, Landkreis;ERWAQ7;Arbeitslose nach ausgewählten Personengruppen;ARBEITSLOS12;15 bis unter 20 Jahre;138;Anzahl;ERWP06;Arbeitslose
13211;Arbeitsmarktstatistik der Bundesagentur für Arbeit;JAHR;Jahr;2017;KREISE;Kreise und kreisfreie Städte;06535;Vogelsbergkreis;ERWAQ7;Arbeitslose nach ausgewählten Personengruppen;ARBEITSLOS13;15 bis unter 25 Jahre;289;Anzahl;ERWP06;Arbeitslose
13211;Arbeitsmarktstatistik der Bundesagentur für Arbeit;JAHR;Jahr;2022;KREISE;Kreise und kreisfreie Städte;12064;Märkisch-Oderland, Landkreis;ERWAQ7;Arbeitslose nach ausgewählten Personengruppen;ARBEITSLOS14;55 bis unter 65 Jahre;1668;Anzahl;ERWP06;Arbeitslose
13211;Arbeitsmarktstatistik der Bundesagentur für Arbeit;JAHR;Jahr;2023;KREISE;Kreise und kreisfreie Städte;12061;Dahme-Spreewald, Landkreis;ERWAQ7;Arbeitslose nach ausgewählten Personengruppen;ARBEITSLOS12;15 bis unter 20 Jahre;46;Anzahl;ERWP06;Arbeitslose
13211;Arbeitsmarktstatistik der Bundesagentur für Arbeit;JAHR;Jahr;2020;KREISE;Kreise und kreisfreie Städte;06531;Gießen, Landkreis;ERWAQ7;Arbeitslose nach ausgewählten Personengruppen;ARBEITSLOS12;15 bis unter 20 Jahre;138;Anzahl;ERWP06;Arbeitslose
13211;Arbeitsmarktstatistik der Bundesagentur für Arbeit;JAHR;Jahr;2024;KREISE;Kreise und kreisfreie Städte;06633;Kassel, Landkreis;ERWAQ7;Arbeitslose nach ausgewählten Personengruppen;ARBEITSLOS08;ausländisch;2008;Anzahl;ERWP06;Arbeitslose
13211;Arbeitsmarktstatistik der Bundesagentur für Arbeit;JAHR;Jahr;2011;KREISE;Kreise und kreisfreie Städte;12063;Havelland, Landkreis;ERWAQ7;Arbeitslose nach ausgewählten Personengruppen;ARBEITSLOS06;schwerbehindert;369;Anzahl;ERWP06;Arbeitslose
13211;Arbeitsmarktstatistik der Bundesagentur für Arbeit;JAHR;Jahr;2025;KREISE;Kreise und kreisfreie Städte;06532;Lahn-Dill-Kreis;ERWAQ7;Arbeitslose nach ausgewählten Personengruppen;ARBEITSLOS06;schwerbehindert;748;Anzahl;ERWP06;Arbeitslose
13211;Arbeitsmarktstatistik der Bundesagentur für Arbeit;JAHR;Jahr;2012;KREISE;Kreise und kreisfreie Städte;12066;Oberspreewald-Lausitz, Landkreis;ERWAQ7;Arbeitslose nach ausgewählten Personengruppen;ARBEITSLOS05;langzeitarbeitslos;4528;Anzahl;ERWP06;Arbeitslose
13211;Arbeitsmarktstatistik der Bundesagentur für Arbeit;JAHR;Jahr;2019;KREISE;Kreise und kreisfreie Städte;06633;Kassel, Landkreis;ERWAQ7;Arbeitslose nach ausgewählten Personengruppen;ARBEITSLOS05;langzeitarbeitslos;1232;Anzahl;ERWP06;Arbeitslose
13211;Arbeitsmarktstatistik der Bundesagentur für Arbeit;JAHR;Jahr;2021;KREISE;Kreise und kreisfreie Städte;06533;Limburg-Weilburg, Landkreis;ERWAQ7;Arbeitslose nach ausgewählten Personengruppen;ARBEITSLOS14;55 bis unter 65 Jahre;893;Anzahl;ERWP06;Arbeitslose
13211;Arbeitsmarktstatistik der Bundesagentur für Arbeit;JAHR;Jahr;2025;KREISE;Kreise und kreisfreie Städte;06533;Limburg-Weilburg, Landkreis;ERWAQ7;Arbeitslose nach ausgewählten Personengruppen;ARBEITSLOS14;55 bis unter 65 Jahre;1125;Anzahl;ERWP06;Arbeitslose
13211;Arbeitsmarktstatistik der Bundesagentur für Arbeit;JAHR;Jahr;2010;KREISE;Kreise und kreisfreie Städte;06532;Lahn-Dill-Kreis;ERWAQ7;Arbeitslose nach ausgewählten Personengruppen;ARBEITSLOS06;schwerbehindert;667;Anzahl;ERWP06;Arbeitslose
13211;Arbeitsmarktstatistik der Bundesagentur für Arbeit;JAHR;Jahr;2024;KREISE;Kreise und kreisfreie Städte;06531;Gießen, Landkreis;ERWAQ7;Arbeitslose nach ausgewählten Personengruppen;ARBEITSLOS12;15 bis unter 20 Jahre;175;Anzahl;ERWP06;Arbeitslose
13211;Arbeitsmarktstatistik der Bundesagentur für Arbeit;JAHR;Jahr;2010;KREISE;Kreise und kreisfreie Städte;12066;Oberspreewald-Lausitz, Landkreis;ERWAQ7;Arbeitslose nach ausgewählten Personengruppen;ARBEITSLOS13;15 bis unter 25 Jahre;970;Anzahl;ERWP06;Arbeitslose
13211;Arbeitsmarktstatistik der Bundesagentur für Arbeit;JAHR;Jahr;2017;KREISE;Kreise und kreisfreie Städte;12063;Havelland, Landkreis;ERWAQ7;Arbeitslose nach ausgewählten Personengruppen;ARBEITSLOS14;55 bis unter 65 Jahre;1444;Anzahl;ERWP06;Arbeitslose
13211;Arbeitsmarktstatistik der Bundesagentur für Arbeit;JAHR;Jahr;2016;KREISE;Kreise und kreisfreie Städte;12061;Dahme-Spreewald, Landkreis;ERWAQ7;Arbeitslose nach ausgewählten Personengruppen;ARBEITSLOS12;15 bis unter 20 Jahre;42;Anzahl;ERWP06;Arbeitslose
13211;Arbeitsmarktstatistik der Bundesagentur für Arbeit;JAHR;Jahr;2019;KREISE;Kreise und kreisfreie Städte;06535;Vogelsbergkreis;ERWAQ7;Arbeitslose nach ausgewählten Personengruppen;ARBEITSLOS05;langzeitarbeitslos;573;Anzahl;ERWP06;Arbeitslose
13211;Arbeitsmarktstatistik der Bundesagentur für Arbeit;JAHR;Jahr;2011;KREISE;Kreise und kreisfreie Städte;06534;Marburg-Biedenkopf, Landkreis;ERWAQ7;Arbeitslose nach ausgewählten Personengruppen;ARBEITSLOS08;ausländisch;1044;Anzahl;ERWP06;Arbeitslose
13211;Arbeitsmarktstatistik der Bundesagentur für Arbeit;JAHR;Jahr;2023;KREISE;Kreise und kreisfreie Städte;12065;Oberhavel, Landkreis;ERWAQ7;Arbeitslose nach ausgewählten Personengruppen;ARBEITSLOS08;ausländisch;1320;Anzahl;ERWP06;Arbeitslose
13211;Arbeitsmarktstatistik der Bundesagentur für Arbeit;JAHR;Jahr;2019;KREISE;Kreise und kreisfreie Städte;06534;Marburg-Biedenkopf, Landkreis;ERWAQ7;Arbeitslose nach ausgewählten Personengruppen;ARBEITSLOS08;ausländisch;1572;Anzahl;ERWP06;Arbeitslose
13211;Arbeitsmarktstatistik der Bundesagentur für Arbeit;JAHR;Jahr;2018;KREISE;Kreise und kreisfreie Städte;06532;Lahn-Dill-Kreis;ERWAQ7;Arbeitslose nach ausgewählten Personengruppen;ARBEITSLOS06;schwerbehindert;714;Anzahl;ERWP06;Arbeitslose
13211;Arbeitsmarktstatistik der Bundesagentur für Arbeit;JAHR;Jahr;2011;KREISE;Kreise und kreisfreie Städte;06535;Vogelsbergkreis;ERWAQ7;Arbeitslose nach ausgewählten Personengruppen;ARBEITSLOS05;langzeitarbeitslos;1022;Anzahl;ERWP06;Arbeitslose
13211;Arbeitsmarktstatistik der Bundesagentur für Arbeit;JAHR;Jahr;2017;KREISE;Kreise und kreisfreie Städte;06633;Kassel, Landkreis;;;;;5243;Anzahl;ERWP06;Arbeitslose
13211;Arbeitsmarktstatistik der Bundesagentur für Arbeit;JAHR;Jahr;2017;KREISE;Kreise und kreisfreie Städte;06633;Kassel, Landkreis;;;;;4,2;Prozent;ERWP10;Arbeitslosenquote bez. auf alle zivile Erwerbsp.
13211;Arbeitsmarktstatistik der Bundesagentur für Arbeit;JAHR;Jahr;2017;KREISE;Kreise und kreisfreie Städte;06633;Kassel, Landkreis;;;;;4,7;Prozent;ERWP09;Arbeitslosenquote bez. abh. zivile Erwerbspers.
13211;Arbeitsmarktstatistik der Bundesagentur für Arbeit;JAHR;Jahr;2018;KREISE;Kreise und kreisfreie Städte;06636;Werra-Meißner-Kreis;;;;;2484;Anzahl;ERWP06;Arbeitslose
13211;Arbeitsmarktstatistik der Bundesagentur für Arbeit;JAHR;Jahr;2018;KREISE;Kreise und kreisfreie Städte;06636;Werra-Meißner-Kreis;;;;;4,8;Prozent;ERWP10;Arbeitslosenquote bez. auf alle zivile Erwerbsp.
13211;Arbeitsmarktstatistik der Bundesagentur für Arbeit;JAHR;Jahr;2018;KREISE;Kreise und kreisfreie Städte;06636;Werra-Meißner-Kreis;;;;;5,3;Prozent;ERWP09;Arbeitslosenquote bez. abh. zivile Erwerbspers.
13211;Arbeitsmarktstatistik der Bundesagentur für Arbeit;JAHR;Jahr;2023;KREISE;Kreise und kreisfreie Städte;06535;Vogelsbergkreis;;;;;2515;Anzahl;ERWP06;Arbeitslose
13211;Arbeitsmarktstatistik der Bundesagentur für Arbeit;JAHR;Jahr;2023;KREISE;Kreise und kreisfreie Städte;06535;Vogelsbergkreis;;;;;4,4;Prozent;ERWP10;Arbeitslosenquote bez. auf alle zivile Erwerbsp.
13211;Arbeitsmarktstatistik der Bundesagentur für Arbeit;JAHR;Jahr;2023;KREISE;Kreise und kreisfreie Städte;06535;Vogelsbergkreis;;;;;4,8;Prozent;ERWP09;Arbeitslosenquote bez. abh. zivile Erwerbspers.
13211;Arbeitsmarktstatistik der Bundesagentur für Arbeit;JAHR;Jahr;2022;KREISE;Kreise und kreisfreie Städte;06532;Lahn-Dill-Kreis;;;;;6467;Anzahl;ERWP06;Arbeitslose
13211;Arbeitsmarktstatistik der Bundesagentur für Arbeit;JAHR;Jahr;2022;KREISE;Kreise und kreisfreie Städte;06532;Lahn-Dill-Kreis;;;;;4,7;Prozent;ERWP10;Arbeitslosenquote bez. auf alle zivile Erwerbsp.
13211;Arbeitsmarktstatistik der Bundesagentur für Arbeit;JAHR;Jahr;2022;KREISE;Kreise und kreisfreie Städte;06532;Lahn-Dill-Kreis;;;;;5,2;Prozent;ERWP09;Arbeitslosenquote bez. abh. zivile Erwerbspers.
13211;Arbeitsmarktstatistik der Bundesagentur für Arbeit;JAHR;Jahr;2019;KREISE;Kreise und kreisfreie Städte;06533;Limburg-Weilburg, Landkreis;;;;;3735;Anzahl;ERWP06;Arbeitslose
13211;Arbeitsmarktstatistik der Bundesagentur für Arbeit;JAHR;Jahr;2019;KREISE;Kreise und kreisfreie Städte;06533;Limburg-Weilburg, Landkreis;;;;;4,0;Prozent;ERWP10;Arbeitslosenquote bez. auf alle zivile Erwerbsp.
13211;Arbeitsmarktstatistik der Bundesagentur für Arbeit;JAHR;Jahr;2019;KREISE;Kreise und kreisfreie Städte;06533;Limburg-Weilburg, Landkreis;;;;;4,5;Prozent;ERWP09;Arbeitslosenquote bez. abh. zivile Erwerbspers.
13211;Arbeitsmarktstatistik der Bundesagentur für Arbeit;JAHR;Jahr;2025;KREISE;Kreise und kreisfreie Städte;06533;Limburg-Weilburg, Landkreis;;;;;5233;Anzahl;ERWP06;Arbeitslose
13211;Arbeitsmarktstatistik der Bundesagentur für Arbeit;JAHR;Jahr;2025;KREISE;Kreise und kreisfreie Städte;06533;Limburg-Weilburg, Landkreis;;;;;5,5;Prozent;ERWP10;Arbeitslosenquote bez. auf alle zivile Erwerbsp.
13211;Arbeitsmarktstatistik der Bundesagentur für Arbeit;JAHR;Jahr;2025;KREISE;Kreise und kreisfreie Städte;06533;Limburg-Weilburg, Landkreis;;;;;6,0;Prozent;ERWP09;Arbeitslosenquote bez. abh. zivile Erwerbspers.
13211;Arbeitsmarktstatistik der Bundesagentur für Arbeit;JAHR;Jahr;2012;KREISE;Kreise und kreisfreie Städte;06439;Rheingau-Taunus-Kreis;;;;;4074;Anzahl;ERWP06;Arbeitslose
13211;Arbeitsmarktstatistik der Bundesagentur für Arbeit;JAHR;Jahr;2012;KREISE;Kreise und kreisfreie Städte;06439;Rheingau-Taunus-Kreis;;;;;4,3;Prozent;ERWP10;Arbeitslosenquote bez. auf alle zivile Erwerbsp.
13211;Arbeitsmarktstatistik der Bundesagentur für Arbeit;JAHR;Jahr;2012;KREISE;Kreise und kreisfreie Städte;06439;Rheingau-Taunus-Kreis;;;;;4,8;Prozent;ERWP09;Arbeitslosenquote bez. abh. zivile Erwerbspers.
13211;Arbeitsmarktstatistik der Bundesagentur für Arbeit;JAHR;Jahr;2011;KREISE;Kreise und kreisfreie Städte;12066;Oberspreewald-Lausitz, Landkreis;;;;;9745;Anzahl;ERWP06;Arbeitslose
13211;Arbeitsmarktstatistik der Bundesagentur für Arbeit;JAHR;Jahr;2011;KREISE;Kreise und kreisfreie Städte;12066;Oberspreewald-Lausitz, Landkreis;;;;;15,1;Prozent;ERWP10;Arbeitslosenquote bez. auf alle zivile Erwerbsp.
13211;Arbeitsmarktstatistik der Bundesagentur für Arbeit;JAHR;Jahr;2011;KREISE;Kreise und kreisfreie Städte;12066;Oberspreewald-Lausitz, Landkreis;;;;;16,9;Prozent;ERWP09;Arbeitslosenquote bez. abh. zivile Erwerbspers.
13211;Arbeitsmarktstatistik der Bundesagentur für Arbeit;JAHR;Jahr;2023;KREISE;Kreise und kreisfreie Städte;06633;Kassel, Landkreis;;;;;5687;Anzahl;ERWP06;Arbeitslose
13211;Arbeitsmarktstatistik der Bundesagentur für Arbeit;JAHR;Jahr;2023;KREISE;Kreise und kreisfreie Städte;06633;Kassel, Landkreis;;;;;4,4;Prozent;ERWP10;Arbeitslosenquote bez. auf alle zivile Erwerbsp.
13211;Arbeitsmarktstatistik der Bundesagentur für Arbeit;JAHR;Jahr;2023;KREISE;Kreise und kreisfreie Städte;06633;Kassel, Landkreis;;;;;4,9;Prozent;ERWP09;Arbeitslosenquote bez. abh. zivile Erwerbspers.
13211;Arbeitsmarktstatistik der Bundesagentur für Arbeit;JAHR;Jahr;2012;KREISE;Kreise und kreisfreie Städte;12061;Dahme-Spreewald, Landkreis;;;;;6196;Anzahl;ERWP06;Arbeitslose
13211;Arbeitsmarktstatistik der Bundesagentur für Arbeit;JAHR;Jahr;2012;KREISE;Kreise und kreisfreie Städte;12061;Dahme-Spreewald, Landkreis;;;;;7,1;Prozent;ERWP10;Arbeitslosenquote bez. auf alle zivile Erwerbsp.
13211;Arbeitsmarktstatistik der Bundesagentur für Arbeit;JAHR;Jahr;2012;KREISE;Kreise und kreisfreie Städte;12061;Dahme-Spreewald, Landkreis;;;;;8,0;Prozent;ERWP09;Arbeitslosenquote bez. abh. zivile Erwerbspers.
13211;Arbeitsmarktstatistik der Bundesagentur für Arbeit;JAHR;Jahr;2010;KREISE;Kreise und kreisfreie Städte;12063;Havelland, Landkreis;;;;;8101;Anzahl;ERWP06;Arbeitslose
13211;Arbeitsmarktstatistik der Bundesagentur für Arbeit;JAHR;Jahr;2010;KREISE;Kreise und kreisfreie Städte;12063;Havelland, Landkreis;;;;;9,8;Prozent;ERWP10;Arbeitslosenquote bez. auf alle zivile Erwerbsp.
13211;Arbeitsmarktstatistik der Bundesagentur für Arbeit;JAHR;Jahr;2010;KREISE;Kreise und kreisfreie Städte;12063;Havelland, Landkreis;;;;;10,9;Prozent;ERWP09;Arbeitslosenquote bez. abh. zivile Erwerbspers.
13211;Arbeitsmarktstatistik der Bundesagentur für Arbeit;JAHR;Jahr;2019;KREISE;Kreise und kreisfreie Städte;12065;Oberhavel, Landkreis;;;;;5596;Anzahl;ERWP06;Arbeitslose
13211;Arbeitsmarktstatistik der Bundesagentur für Arbeit;JAHR;Jahr;2019;KREISE;Kreise und kreisfreie Städte;12065;Oberhavel, Landkreis;;;;;4,9;Prozent;ERWP10;Arbeitslosenquote bez. auf alle zivile Erwerbsp.
13211;Arbeitsmarktstatistik der Bundesagentur für Arbeit;JAHR;Jahr;2019;KREISE;Kreise und kreisfreie Städte;12065;Oberhavel, Landkreis;;;;;5,4;Prozent;ERWP09;Arbeitslosenquote bez. abh. zivile Erwerbspers.
13211;Arbeitsmarktstatistik der Bundesagentur für Arbeit;JAHR;Jahr;2013;KREISE;Kreise und kreisfreie Städte;12064;Märkisch-Oderland, Landkreis;;;;;9910;Anzahl;ERWP06;Arbeitslose
13211;Arbeitsmarktstatistik der Bundesagentur für Arbeit;JAHR;Jahr;2013;KREISE;Kreise und kreisfreie Städte;12064;Märkisch-Oderland, Landkreis;;;;;9,8;Prozent;ERWP10;Arbeitslosenquote bez. auf alle zivile Erwerbsp.
13211;Arbeitsmarktstatistik der Bundesagentur für Arbeit;JAHR;Jahr;2013;KREISE;Kreise und kreisfreie Städte;12064;Märkisch-Oderland, Landkreis;;;;;10,9;Prozent;ERWP09;Arbeitslosenquote bez. abh. zivile Erwerbspers.
13211;Arbeitsmarktstatistik der Bundesagentur für Arbeit;JAHR;Jahr;2024;KREISE;Kreise und kreisfreie Städte;06636;Werra-Meißner-Kreis;;;;;2813;Anzahl;ERWP06;Arbeitslose
13211;Arbeitsmarktstatistik der Bundesagentur für Arbeit;JAHR;Jahr;2024;KREISE;Kreise und kreisfreie Städte;06636;Werra-Meißner-Kreis;;;;;5,4;Prozent;ERWP10;Arbeitslosenquote bez. auf alle zivile Erwerbsp.
13211;Arbeitsmarktstatistik der Bundesagentur für Arbeit;JAHR;Jahr;2024;KREISE;Kreise und kreisfreie Städte;06636;Werra-Meißner-Kreis;;;;;5,9;Prozent;ERWP09;Arbeitslosenquote bez. abh. zivile Erwerbspers.
13211;Arbeitsmarktstatistik der Bundesagentur für Arbeit;JAHR;Jahr;2016;KREISE;Kreise und kreisfreie Städte;12065;Oberhavel, Landkreis;;;;;7608;Anzahl;ERWP06;Arbeitslose
13211;Arbeitsmarktstatistik der Bundesagentur für Arbeit;JAHR;Jahr;2016;KREISE;Kreise und kreisfreie Städte;12065;Oberhavel, Landkreis;;;;;6,8;Prozent;ERWP10;Arbeitslosenquote bez. auf alle zivile Erwerbsp.
13211;Arbeitsmarktstatistik der Bundesagentur für Arbeit;JAHR;Jahr;2016;KREISE;Kreise und kreisfreie Städte;12065;Oberhavel, Landkreis;;;;;7,5;Prozent;ERWP09;Arbeitslosenquote bez. abh. zivile Erwerbspers.
13211;Arbeitsmarktstatistik der Bundesagentur für Arbeit;JAHR;Jahr;2014;KREISE;Kreise und kreisfreie Städte;12067;Oder-Spree, Landkreis;;;;;8616;Anzahl;ERWP06;Arbeitslose
13211;Arbeitsmarktstatistik der Bundesagentur für Arbeit;JAHR;Jahr;2014;KREISE;Kreise und kreisfreie Städte;12067;Oder-Spree, Landkreis;;;;;9,0;Prozent;ERWP10;Arbeitslosenquote bez. auf alle zivile Erwerbsp.
13211;Arbeitsmarktstatistik der Bundesagentur für Arbeit;JAHR;Jahr;2014;KREISE;Kreise und kreisfreie Städte;12067;Oder-Spree, Landkreis;;;;;10,1;Prozent;ERWP09;Arbeitslosenquote bez. abh. zivile Erwerbspers.
13211;Arbeitsmarktstatistik der Bundesagentur für Arbeit;JAHR;Jahr;2015;KREISE;Kreise und kreisfreie Städte;12061;Dahme-Spreewald, Landkreis;;;;;5295;Anzahl;ERWP06;Arbeitslose
13211;Arbeitsmarktstatistik der Bundesagentur für Arbeit;JAHR;Jahr;2015;KREISE;Kreise und kreisfreie Städte;12061;Dahme-Spreewald, Landkreis;;;;;6,0;Prozent;ERWP10;Arbeitslosenquote bez. auf alle zivile Erwerbsp.
13211;Arbeitsmarktstatistik der Bundesagentur für Arbeit;JAHR;Jahr;2015;KREISE;Kreise und kreisfreie Städte;12061;Dahme-Spreewald, Landkreis;;;;;6,7;Prozent;ERWP09;Arbeitslosenquote bez. abh. zivile Erwerbspers.
13211;Arbeitsmarktstatistik der Bundesagentur für Arbeit;JAHR;Jahr;2011;KREISE;Kreise und kreisfreie Städte;06533;Limburg-Weilburg, Landkreis;;;;;5100;Anzahl;ERWP06;Arbeitslose
13211;Arbeitsmarktstatistik der Bundesagentur für Arbeit;JAHR;Jahr;2011;KREISE;Kreise und kreisfreie Städte;06533;Limburg-Weilburg, Landkreis;;;;;5,8;Prozent;ERWP10;Arbeitslosenquote bez. auf alle zivile Erwerbsp.
13211;Arbeitsmarktstatistik der Bundesagentur für Arbeit;JAHR;Jahr;2011;KREISE;Kreise und kreisfreie Städte;06533;Limburg-Weilburg, Landkreis;;;;;6,5;Prozent;ERWP09;Arbeitslosenquote bez. abh. zivile Erwerbspers.
13211;Arbeitsmarktstatistik der Bundesagentur für Arbeit;JAHR;Jahr;2010;KREISE;Kreise und kreisfreie Städte;06531;Gießen, Landkreis;;;;;9980;Anzahl;ERWP06;Arbeitslose
13211;Arbeitsmarktstatistik der Bundesagentur für Arbeit;JAHR;Jahr;2010;KREISE;Kreise und kreisfreie Städte;06531;Gießen, Landkreis;;;;;7,6;Prozent;ERWP10;Arbeitslosenquote bez. auf alle zivile Erwerbsp.
13211;Arbeitsmarktstatistik der Bundesagentur für Arbeit;JAHR;Jahr;2010;KREISE;Kreise und kreisfreie Städte;06531;Gießen, Landkreis;;;;;8,4;Prozent;ERWP09;Arbeitslosenquote bez. abh. zivile Erwerbspers.
13211;Arbeitsmarktstatistik der Bundesagentur für Arbeit;JAHR;Jahr;2020;KREISE;Kreise und kreisfreie Städte;12066;Oberspreewald-Lausitz, Landkreis;;;;;4386;Anzahl;ERWP06;Arbeitslose
13211;Arbeitsmarktstatistik der Bundesagentur für Arbeit;JAHR;Jahr;2020;KREISE;Kreise und kreisfreie Städte;12066;Oberspreewald-Lausitz, Landkreis;;;;;7,6;Prozent;ERWP10;Arbeitslosenquote bez. auf alle zivile Erwerbsp.
13211;Arbeitsmarktstatistik der Bundesagentur für Arbeit;JAHR;Jahr;2020;KREISE;Kreise und kreisfreie Städte;12066;Oberspreewald-Lausitz, Landkreis;;;;;8,5;Prozent;ERWP09;Arbeitslosenquote bez. abh. zivile Erwerbspers.
13211;Arbeitsmarktstatistik der Bundesagentur für Arbeit;JAHR;Jahr;2015;KREISE;Kreise und kreisfreie Städte;06439;Rheingau-Taunus-Kreis;;;;;4170;Anzahl;ERWP06;Arbeitslose
13211;Arbeitsmarktstatistik der Bundesagentur für Arbeit;JAHR;Jahr;2015;KREISE;Kreise und kreisfreie Städte;06439;Rheingau-Taunus-Kreis;;;;;4,3;Prozent;ERWP10;Arbeitslosenquote bez. auf alle zivile Erwerbsp.
13211;Arbeitsmarktstatistik der Bundesagentur für Arbeit;JAHR;Jahr;2015;KREISE;Kreise und kreisfreie Städte;06439;Rheingau-Taunus-Kreis;;;;;4,9;Prozent;ERWP09;Arbeitslosenquote bez. abh. zivile Erwerbspers.
13211;Arbeitsmarktstatistik der Bundesagentur für Arbeit;JAHR;Jahr;2014;KREISE;Kreise und kreisfreie Städte;06535;Vogelsbergkreis;;;;;2457;Anzahl;ERWP06;Arbeitslose
13211;Arbeitsmarktstatistik der Bundesagentur für Arbeit;JAHR;Jahr;2014;KREISE;Kreise und kreisfreie Städte;06535;Vogelsbergkreis;;;;;4,3;Prozent;ERWP10;Arbeitslosenquote bez. auf alle zivile Erwerbsp.
13211;Arbeitsmarktstatistik der Bundesagentur für Arbeit;JAHR;Jahr;2014;KREISE;Kreise und kreisfreie Städte;06535;Vogelsbergkreis;;;;;4,9;Prozent;ERWP09;Arbeitslosenquote bez. abh. zivile Erwerbspers.
13211;Arbeitsmarktstatistik der Bundesagentur für Arbeit;JAHR;Jahr;2013;KREISE;Kreise und kreisfreie Städte;06531;Gießen, Landkreis;;;;;9457;Anzahl;ERWP06;Arbeitslose
13211;Arbeitsmarktstatistik der Bundesagentur für Arbeit;JAHR;Jahr;2013;KREISE;Kreise und kreisfreie Städte;06531;Gießen, Landkreis;;;;;7,0;Prozent;ERWP10;Arbeitslosenquote bez. auf alle zivile Erwerbsp.
13211;Arbeitsmarktstatistik der Bundesagentur für Arbeit;JAHR;Jahr;2013;KREISE;Kreise und kreisfreie Städte;06531;Gießen, Landkreis;;;;;7,9;Prozent;ERWP09;Arbeitslosenquote bez. abh. zivile Erwerbspers.
13211;Arbeitsmarktstatistik der Bundesagentur für Arbeit;JAHR;Jahr;2016;KREISE;Kreise und kreisfreie Städte;06533;Limburg-Weilburg, Landkreis;;;;;4392;Anzahl;ERWP06;Arbeitslose
13211;Arbeitsmarktstatistik der Bundesagentur für Arbeit;JAHR;Jahr;2016;KREISE;Kreise und kreisfreie Städte;06533;Limburg-Weilburg, Landkreis;;;;;4,8;Prozent;ERWP10;Arbeitslosenquote bez. auf alle zivile Erwerbsp.
13211;Arbeitsmarktstatistik der Bundesagentur für Arbeit;JAHR;Jahr;2016;KREISE;Kreise und kreisfreie Städte;06533;Limburg-Weilburg, Landkreis;;;;;5,4;Prozent;ERWP09;Arbeitslosenquote bez. abh. zivile Erwerbspers.
13211;Arbeitsmarktstatistik der Bundesagentur für Arbeit;JAHR;Jahr;2017;KREISE;Kreise und kreisfreie Städte;06535;Vogelsbergkreis;;;;;2379;Anzahl;ERWP06;Arbeitslose
13211;Arbeitsmarktstatistik der Bundesagentur für Arbeit;JAHR;Jahr;2017;KREISE;Kreise und kreisfreie Städte;06535;Vogelsbergkreis;;;;;4,1;Prozent;ERWP10;Arbeitslosenquote bez. auf alle zivile Erwerbsp.
13211;Arbeitsmarktstatistik der Bundesagentur für Arbeit;JAHR;Jahr;2017;KREISE;Kreise und kreisfreie Städte;06535;Vogelsbergkreis;;;;;4,6;Prozent;ERWP09;Arbeitslosenquote bez. abh. zivile Erwerbspers.
13211;Arbeitsmarktstatistik der Bundesagentur für Arbeit;JAHR;Jahr;2022;KREISE;Kreise und kreisfreie Städte;12064;Märkisch-Oderland, Landkreis;;;;;5383;Anzahl;ERWP06;Arbeitslose
13211;Arbeitsmarktstatistik der Bundesagentur für Arbeit;JAHR;Jahr;2022;KREISE;Kreise und kreisfreie Städte;12064;Märkisch-Oderland, Landkreis;;;;;5,2;Prozent;ERWP10;Arbeitslosenquote bez. auf alle zivile Erwerbsp.
13211;Arbeitsmarktstatistik der Bundesagentur für Arbeit;JAHR;Jahr;2022;KREISE;Kreise und kreisfreie Städte;12064;Märkisch-Oderland, Landkreis;;;;;5,7;Prozent;ERWP09;Arbeitslosenquote bez. abh. zivile Erwerbspers.
13211;Arbeitsmarktstatistik der Bundesagentur für Arbeit;JAHR;Jahr;2025;KREISE;Kreise und kreisfreie Städte;12066;Oberspreewald-Lausitz, Landkreis;;;;;3971;Anzahl;ERWP06;Arbeitslose
13211;Arbeitsmarktstatistik der Bundesagentur für Arbeit;JAHR;Jahr;2025;KREISE;Kreise und kreisfreie Städte;12066;Oberspreewald-Lausitz, Landkreis;;;;;7,2;Prozent;ERWP10;Arbeitslosenquote bez. auf alle zivile Erwerbsp.
13211;Arbeitsmarktstatistik der Bundesagentur für Arbeit;JAHR;Jahr;2025;KREISE;Kreise und kreisfreie Städte;12066;Oberspreewald-Lausitz, Landkreis;;;;;7,9;Prozent;ERWP09;Arbeitslosenquote bez. abh. zivile Erwerbspers.
13211;Arbeitsmarktstatistik der Bundesagentur für Arbeit;JAHR;Jahr;2020;KREISE;Kreise und kreisfreie Städte;06535;Vogelsbergkreis;;;;;2329;Anzahl;ERWP06;Arbeitslose
13211;Arbeitsmarktstatistik der Bundesagentur für Arbeit;JAHR;Jahr;2020;KREISE;Kreise und kreisfreie Städte;06535;Vogelsbergkreis;;;;;4,0;Prozent;ERWP10;Arbeitslosenquote bez. auf alle zivile Erwerbsp.
13211;Arbeitsmarktstatistik der Bundesagentur für Arbeit;JAHR;Jahr;2020;KREISE;Kreise und kreisfreie Städte;06535;Vogelsbergkreis;;;;;4,5;Prozent;ERWP09;Arbeitslosenquote bez. abh. zivile Erwerbspers.
13211;Arbeitsmarktstatistik der Bundesagentur für Arbeit;JAHR;Jahr;2021;KREISE;Kreise und kreisfreie Städte;06439;Rheingau-Taunus-Kreis;;;;;4396;Anzahl;ERWP06;Arbeitslose
13211;Arbeitsmarktstatistik der Bundesagentur für Arbeit;JAHR;Jahr;2021;KREISE;Kreise und kreisfreie Städte;06439;Rheingau-Taunus-Kreis;;;;;4,4;Prozent;ERWP10;Arbeitslosenquote bez. auf alle zivile Erwerbsp.
13211;Arbeitsmarktstatistik der Bundesagentur für Arbeit;JAHR;Jahr;2021;KREISE;Kreise und kreisfreie Städte;06439;Rheingau-Taunus-Kreis;;;;;4,8;Prozent;ERWP09;Arbeitslosenquote bez. abh. zivile Erwerbspers.
13211;Arbeitsmarktstatistik der Bundesagentur für Arbeit;JAHR;Jahr;2014;KREISE;Kreise und kreisfreie Städte;06633;Kassel, Landkreis;;;;;6393;Anzahl;ERWP06;Arbeitslose
13211;Arbeitsmarktstatistik der Bundesagentur für Arbeit;JAHR;Jahr;2014;KREISE;Kreise und kreisfreie Städte;06633;Kassel, Landkreis;;;;;5,1;Prozent;ERWP10;Arbeitslosenquote bez. auf alle zivile Erwerbsp.
13211;Arbeitsmarktstatistik der Bundesagentur für Arbeit;JAHR;Jahr;2014;KREISE;Kreise und kreisfreie Städte;06633;Kassel, Landkreis;;;;;5,8;Prozent;ERWP09;Arbeitslosenquote bez. abh. zivile Erwerbspers.
13211;Arbeitsmarktstatistik der Bundesagentur für Arbeit;JAHR;Jahr;2022;KREISE;Kreise und kreisfreie Städte;06533;Limburg-Weilburg, Landkreis;;;;;3955;Anzahl;ERWP06;Arbeitslose
13211;Arbeitsmarktstatistik der Bundesagentur für Arbeit;JAHR;Jahr;2022;KREISE;Kreise und kreisfreie Städte;06533;Limburg-Weilburg, Landkreis;;;;;4,2;Prozent;ERWP10;Arbeitslosenquote bez. auf alle zivile Erwerbsp.
13211;Arbeitsmarktstatistik der Bundesagentur für Arbeit;JAHR;Jahr;2022;KREISE;Kreise und kreisfreie Städte;06533;Limburg-Weilburg, Landkreis;;;;;4,6;Prozent;ERWP09;Arbeitslosenquote bez. abh. zivile Erwerbspers.
13211;Arbeitsmarktstatistik der Bundesagentur für Arbeit;JAHR;Jahr;2018;KREISE;Kreise und kreisfreie Städte;06531;Gießen, Landkreis;;;;;7450;Anzahl;ERWP06;Arbeitslose
13211;Arbeitsmarktstatistik der Bundesagentur für Arbeit;JAHR;Jahr;2018;KREISE;Kreise und kreisfreie Städte;06531;Gießen, Landkreis;;;;;5,2;Prozent;ERWP10;Arbeitslosenquote bez. auf alle zivile Erwerbsp.
13211;Arbeitsmarktstatistik der Bundesagentur für Arbeit;JAHR;Jahr;2018;KREISE;Kreise und kreisfreie Städte;06531;Gießen, Landkreis;;;;;5,8;Prozent;ERWP09;Arbeitslosenquote bez. abh. zivile Erwerbspers.
13211;Arbeitsmarktstatistik der Bundesagentur für Arbeit;JAHR;Jahr;2025;KREISE;Kreise und kreisfreie Städte;06532;Lahn-Dill-Kreis;;;;;8444;Anzahl;ERWP06;Arbeitslose
13211;Arbeitsmarktstatistik der Bundesagentur für Arbeit;JAHR;Jahr;2025;KREISE;Kreise und kreisfreie Städte;06532;Lahn-Dill-Kreis;;;;;6,0;Prozent;ERWP10;Arbeitslosenquote bez. auf alle zivile Erwerbsp.
13211;Arbeitsmarktstatistik der Bundesagentur für Arbeit;JAHR;Jahr;2025;KREISE;Kreise und kreisfreie Städte;06532;Lahn-Dill-Kreis;;;;;6,6;Prozent;ERWP09;Arbeitslosenquote bez. abh. zivile Erwerbspers.
13211;Arbeitsmarktstatistik der Bundesagentur für Arbeit;JAHR;Jahr;2019;KREISE;Kreise und kreisfreie Städte;06532;Lahn-Dill-Kreis;;;;;6640;Anzahl;ERWP06;Arbeitslose
13211;Arbeitsmarktstatistik der Bundesagentur für Arbeit;JAHR;Jahr;2019;KREISE;Kreise und kreisfreie Städte;06532;Lahn-Dill-Kreis;;;;;4,8;Prozent;ERWP10;Arbeitslosenquote bez. auf alle zivile Erwerbsp.
13211;Arbeitsmarktstatistik der Bundesagentur für Arbeit;JAHR;Jahr;2019;KREISE;Kreise und kreisfreie Städte;06532;Lahn-Dill-Kreis;;;;;5,3;Prozent;ERWP09;Arbeitslosenquote bez. abh. zivile Erwerbspers.
13211;Arbeitsmarktstatistik der Bundesagentur für Arbeit;JAHR;Jahr;2016;KREISE;Kreise und kreisfreie Städte;06531;Gießen, Landkreis;;;;;8946;Anzahl;ERWP06;Arbeitslose
13211;Arbeitsmarktstatistik der Bundesagentur für Arbeit;JAHR;Jahr;2016;KREISE;Kreise und kreisfreie Städte;06531;Gießen, Landkreis;;;;;6,4;Prozent;ERWP10;Arbeitslosenquote bez. auf alle zivile Erwerbsp.
13211;Arbeitsmarktstatistik der Bundesagentur für Arbeit;JAHR;Jahr;2016;KREISE;Kreise und kreisfreie Städte;06531;Gießen, Landkreis;;;;;7,1;Prozent;ERWP09;Arbeitslosenquote bez. abh. zivile Erwerbspers.
13211;Arbeitsmarktstatistik der Bundesagentur für Arbeit;JAHR;Jahr;2011;KREISE;Kreise und kreisfreie Städte;12067;Oder-Spree, Landkreis;;;;;9858;Anzahl;ERWP06;Arbeitslose
13211;Arbeitsmarktstatistik der Bundesagentur für Arbeit;JAHR;Jahr;2011;KREISE;Kreise und kreisfreie Städte;12067;Oder-Spree, Landkreis;;;;;10,1;Prozent;ERWP10;Arbeitslosenquote bez. auf alle zivile Erwerbsp.
13211;Arbeitsmarktstatistik der Bundesagentur für Arbeit;JAHR;Jahr;2011;KREISE;Kreise und kreisfreie Städte;12067;Oder-Spree, Landkreis;;;;;11,1;Prozent;ERWP09;Arbeitslosenquote bez. abh. zivile Erwerbspers.
13211;Arbeitsmarktstatistik der Bundesagentur für Arbeit;JAHR;Jahr;2014;KREISE;Kreise und kreisfreie Städte;12066;Oberspreewald-Lausitz, Landkreis;;;;;7752;Anzahl;ERWP06;Arbeitslose
13211;Arbeitsmarktstatistik der Bundesagentur für Arbeit;JAHR;Jahr;2014;KREISE;Kreise und kreisfreie Städte;12066;Oberspreewald-Lausitz, Landkreis;;;;;12,5;Prozent;ERWP10;Arbeitslosenquote bez. auf alle zivile Erwerbsp.
13211;Arbeitsmarktstatistik der Bundesagentur für Arbeit;JAHR;Jahr;2014;KREISE;Kreise und kreisfreie Städte;12066;Oberspreewald-Lausitz, Landkreis;;;;;14,1;Prozent;ERWP09;Arbeitslosenquote bez. abh. zivile Erwerbspers.
13211;Arbeitsmarktstatistik der Bundesagentur für Arbeit;JAHR;Jahr;2013;KREISE;Kreise und kreisfreie Städte;12063;Havelland, Landkreis;;;;;7815;Anzahl;ERWP06;Arbeitslose
13211;Arbeitsmarktstatistik der Bundesagentur für Arbeit;JAHR;Jahr;2013;KREISE;Kreise und kreisfreie Städte;12063;Havelland, Landkreis;;;;;9,3;Prozent;ERWP10;Arbeitslosenquote bez. auf alle zivile Erwerbsp.
13211;Arbeitsmarktstatistik der Bundesagentur für Arbeit;JAHR;Jahr;2013;KREISE;Kreise und kreisfreie Städte;12063;Havelland, Landkreis;;;;;10,4;Prozent;ERWP09;Arbeitslosenquote bez. abh. zivile Erwerbspers.
13211;Arbeitsmarktstatistik der Bundesagentur für Arbeit;JAHR;Jahr;2019;KREISE;Kreise und kreisfreie Städte;12066;Oberspreewald-Lausitz, Landkreis;;;;;4333;Anzahl;ERWP06;Arbeitslose
13211;Arbeitsmarktstatistik der Bundesagentur für Arbeit;JAHR;Jahr;2019;KREISE;Kreise und kreisfreie Städte;12066;Oberspreewald-Lausitz, Landkreis;;;;;7,5;Prozent;ERWP10;Arbeitslosenquote bez. auf alle zivile Erwerbsp.
13211;Arbeitsmarktstatistik der Bundesagentur für Arbeit;JAHR;Jahr;2019;KREISE;Kreise und kreisfreie Städte;12066;Oberspreewald-Lausitz, Landkreis;;;;;8,3;Prozent;ERWP09;Arbeitslosenquote bez. abh. zivile Erwerbspers.
13211;Arbeitsmarktstatistik der Bundesagentur für Arbeit;JAHR;Jahr;2018;KREISE;Kreise und kreisfreie Städte;12063;Havelland, Landkreis;;;;;4790;Anzahl;ERWP06;Arbeitslose
13211;Arbeitsmarktstatistik der Bundesagentur für Arbeit;JAHR;Jahr;2018;KREISE;Kreise und kreisfreie Städte;12063;Havelland, Landkreis;;;;;5,5;Prozent;ERWP10;Arbeitslosenquote bez. auf alle zivile Erwerbsp.
13211;Arbeitsmarktstatistik der Bundesagentur für Arbeit;JAHR;Jahr;2018;KREISE;Kreise und kreisfreie Städte;12063;Havelland, Landkreis;;;;;6,1;Prozent;ERWP09;Arbeitslosenquote bez. abh. zivile Erwerbspers.
13211;Arbeitsmarktstatistik der Bundesagentur für Arbeit;JAHR;Jahr;2016;KREISE;Kreise und kreisfreie Städte;12066;Oberspreewald-Lausitz, Landkreis;;;;;6347;Anzahl;ERWP06;Arbeitslose
13211;Arbeitsmarktstatistik der Bundesagentur für Arbeit;JAHR;Jahr;2016;KREISE;Kreise und kreisfreie Städte;12066;Oberspreewald-Lausitz, Landkreis;;;;;10,5;Prozent;ERWP10;Arbeitslosenquote bez. auf alle zivile Erwerbsp.
13211;Arbeitsmarktstatistik der Bundesagentur für Arbeit;JAHR;Jahr;2016;KREISE;Kreise und kreisfreie Städte;12066;Oberspreewald-Lausitz, Landkreis;;;;;11,8;Prozent;ERWP09;Arbeitslosenquote bez. abh. zivile Erwerbspers.
13211;Arbeitsmarktstatistik der Bundesagentur für Arbeit;JAHR;Jahr;2010;KREISE;Kreise und kreisfreie Städte;06532;Lahn-Dill-Kreis;;;;;9238;Anzahl;ERWP06;Arbeitslose
13211;Arbeitsmarktstatistik der Bundesagentur für Arbeit;JAHR;Jahr;2010;KREISE;Kreise und kreisfreie Städte;06532;Lahn-Dill-Kreis;;;;;6,9;Prozent;ERWP10;Arbeitslosenquote bez. auf alle zivile Erwerbsp.
13211;Arbeitsmarktstatistik der Bundesagentur für Arbeit;JAHR;Jahr;2010;KREISE;Kreise und kreisfreie Städte;06532;Lahn-Dill-Kreis;;;;;7,8;Prozent;ERWP09;Arbeitslosenquote bez. abh. zivile Erwerbspers.
13211;Arbeitsmarktstatistik der Bundesagentur für Arbeit;JAHR;Jahr;2017;KREISE;Kreise und kreisfreie Städte;12067;Oder-Spree, Landkreis;;;;;6822;Anzahl;ERWP06;Arbeitslose
13211;Arbeitsmarktstatistik der Bundesagentur für Arbeit;JAHR;Jahr;2017;KREISE;Kreise und kreisfreie Städte;12067;Oder-Spree, Landkreis;;;;;7,3;Prozent;ERWP10;Arbeitslosenquote bez. auf alle zivile Erwerbsp.
13211;Arbeitsmarktstatistik der Bundesagentur für Arbeit;JAHR;Jahr;2017;KREISE;Kreise und kreisfreie Städte;12067;Oder-Spree, Landkreis;;;;;8,1;Prozent;ERWP09;Arbeitslosenquote bez. abh. zivile Erwerbspers.
13211;Arbeitsmarktstatistik der Bundesagentur für Arbeit;JAHR;Jahr;2011;KREISE;Kreise und kreisfreie Städte;06532;Lahn-Dill-Kreis;;;;;8012;Anzahl;ERWP06;Arbeitslose
13211;Arbeitsmarktstatistik der Bundesagentur für Arbeit;JAHR;Jahr;2011;KREISE;Kreise und kreisfreie Städte;06532;Lahn-Dill-Kreis;;;;;6,0;Prozent;ERWP10;Arbeitslosenquote bez. auf alle zivile Erwerbsp.
13211;Arbeitsmarktstatistik der Bundesagentur für Arbeit;JAHR;Jahr;2011;KREISE;Kreise und kreisfreie Städte;06532;Lahn-Dill-Kreis;;;;;6,7;Prozent;ERWP09;Arbeitslosenquote bez. abh. zivile Erwerbspers.
13211;Arbeitsmarktstatistik der Bundesagentur für Arbeit;JAHR;Jahr;2020;KREISE;Kreise und kreisfreie Städte;12067;Oder-Spree, Landkreis;;;;;6072;Anzahl;ERWP06;Arbeitslose
13211;Arbeitsmarktstatistik der Bundesagentur für Arbeit;JAHR;Jahr;2020;KREISE;Kreise und kreisfreie Städte;12067;Oder-Spree, Landkreis;;;;;6,5;Prozent;ERWP10;Arbeitslosenquote bez. auf alle zivile Erwerbsp.
13211;Arbeitsmarktstatistik der Bundesagentur für Arbeit;JAHR;Jahr;2020;KREISE;Kreise und kreisfreie Städte;12067;Oder-Spree, Landkreis;;;;;7,1;Prozent;ERWP09;Arbeitslosenquote bez. abh. zivile Erwerbspers.
13211;Arbeitsmarktstatistik der Bundesagentur für Arbeit;JAHR;Jahr;2013;KREISE;Kreise und kreisfreie Städte;06532;Lahn-Dill-Kreis;;;;;8330;Anzahl;ERWP06;Arbeitslose
13211;Arbeitsmarktstatistik der Bundesagentur für Arbeit;JAHR;Jahr;2013;KREISE;Kreise und kreisfreie Städte;06532;Lahn-Dill-Kreis;;;;;6,1;Prozent;ERWP10;Arbeitslosenquote bez. auf alle zivile Erwerbsp.
13211;Arbeitsmarktstatistik der Bundesagentur für Arbeit;JAHR;Jahr;2013;KREISE;Kreise und kreisfreie Städte;06532;Lahn-Dill-Kreis;;;;;6,9;Prozent;ERWP09;Arbeitslosenquote bez. abh. zivile Erwerbspers.
13211;Arbeitsmarktstatistik der Bundesagentur für Arbeit;JAHR;Jahr;2021;KREISE;Kreise und kreisfreie Städte;12063;Havelland, Landkreis;;;;;4838;Anzahl;ERWP06;Arbeitslose
13211;Arbeitsmarktstatistik der Bundesagentur für Arbeit;JAHR;Jahr;2021;KREISE;Kreise und kreisfreie Städte;12063;Havelland, Landkreis;;;;;5,4;Prozent;ERWP10;Arbeitslosenquote bez. auf alle zivile Erwerbsp.
13211;Arbeitsmarktstatistik der Bundesagentur für Arbeit;JAHR;Jahr;2021;KREISE;Kreise und kreisfreie Städte;12063;Havelland, Landkreis;;;;;6,0;Prozent;ERWP09;Arbeitslosenquote bez. abh. zivile Erwerbspers.
13211;Arbeitsmarktstatistik der Bundesagentur für Arbeit;JAHR;Jahr;2016;KREISE;Kreise und kreisfreie Städte;06532;Lahn-Dill-Kreis;;;;;7521;Anzahl;ERWP06;Arbeitslose
13211;Arbeitsmarktstatistik der Bundesagentur für Arbeit;JAHR;Jahr;2016;KREISE;Kreise und kreisfreie Städte;06532;Lahn-Dill-Kreis;;;;;5,5;Prozent;ERWP10;Arbeitslosenquote bez. auf alle zivile Erwerbsp.
13211;Arbeitsmarktstatistik der Bundesagentur für Arbeit;JAHR;Jahr;2016;KREISE;Kreise und kreisfreie Städte;06532;Lahn-Dill-Kreis;;;;;6,2;Prozent;ERWP09;Arbeitslosenquote bez. abh. zivile Erwerbspers.
13211;Arbeitsmarktstatistik der Bundesagentur für Arbeit;JAHR;Jahr;2025;KREISE;Kreise und kreisfreie Städte;12067;Oder-Spree, Landkreis;;;;;6185;Anzahl;ERWP06;Arbeitslose
13211;Arbeitsmarktstatistik der Bundesagentur für Arbeit;JAHR;Jahr;2025;KREISE;Kreise und kreisfreie Städte;12067;Oder-Spree, Landkreis;;;;;6,6;Prozent;ERWP10;Arbeitslosenquote bez. auf alle zivile Erwerbsp.
13211;Arbeitsmarktstatistik der Bundesagentur für Arbeit;JAHR;Jahr;2025;KREISE;Kreise und kreisfreie Städte;12067;Oder-Spree, Landkreis;;;;;7,2;Prozent;ERWP09;Arbeitslosenquote bez. abh. zivile Erwerbspers.
13211;Arbeitsmarktstatistik der Bundesagentur für Arbeit;JAHR;Jahr;2022;KREISE;Kreise und kreisfreie Städte;12063;Havelland, Landkreis;;;;;4617;Anzahl;ERWP06;Arbeitslose
13211;Arbeitsmarktstatistik der Bundesagentur für Arbeit;JAHR;Jahr;2022;KREISE;Kreise und kreisfreie Städte;12063;Havelland, Landkreis;;;;;5,2;Prozent;ERWP10;Arbeitslosenquote bez. auf alle zivile Erwerbsp.
13211;Arbeitsmarktstatistik der Bundesagentur für Arbeit;JAHR;Jahr;2022;KREISE;Kreise und kreisfreie Städte;12063;Havelland, Landkreis;;;;;5,7;Prozent;ERWP09;Arbeitslosenquote bez. abh. zivile Erwerbspers.
13211;Arbeitsmarktstatistik der Bundesagentur für Arbeit;JAHR;Jahr;2023;KREISE;Kreise und kreisfreie Städte;12067;Oder-Spree, Landkreis;;;;;5722;Anzahl;ERWP06;Arbeitslose
13211;Arbeitsmarktstatistik der Bundesagentur für Arbeit;JAHR;Jahr;2023;KREISE;Kreise und kreisfreie Städte;12067;Oder-Spree, Landkreis;;;;;6,2;Prozent;ERWP10;Arbeitslosenquote bez. auf alle zivile Erwerbsp.
13211;Arbeitsmarktstatistik der Bundesagentur für Arbeit;JAHR;Jahr;2023;KREISE;Kreise und kreisfreie Städte;12067;Oder-Spree, Landkreis;;;;;6,7;Prozent;ERWP09;Arbeitslosenquote bez. abh. zivile Erwerbspers.
13211;Arbeitsmarktstatistik der Bundesagentur für Arbeit;JAHR;Jahr;2024;KREISE;Kreise und kreisfreie Städte;12063;Havelland, Landkreis;;;;;5624;Anzahl;ERWP06;Arbeitslose
13211;Arbeitsmarktstatistik der Bundesagentur für Arbeit;JAHR;Jahr;2024;KREISE;Kreise und kreisfreie Städte;12063;Havelland, Landkreis;;;;;6,1;Prozent;ERWP10;Arbeitslosenquote bez. auf alle zivile Erwerbsp.
13211;Arbeitsmarktstatistik der Bundesagentur für Arbeit;JAHR;Jahr;2024;KREISE;Kreise und kreisfreie Städte;12063;Havelland, Landkreis;;;;;6,7;Prozent;ERWP09;Arbeitslosenquote bez. abh. zivile Erwerbspers.
13211;Arbeitsmarktstatistik der Bundesagentur für Arbeit;JAHR;Jahr;2023;KREISE;Kreise und kreisfreie Städte;06533;Limburg-Weilburg, Landkreis;;;;;4466;Anzahl;ERWP06;Arbeitslose
13211;Arbeitsmarktstatistik der Bundesagentur für Arbeit;JAHR;Jahr;2023;KREISE;Kreise und kreisfreie Städte;06533;Limburg-Weilburg, Landkreis;;;;;4,7;Prozent;ERWP10;Arbeitslosenquote bez. auf alle zivile Erwerbsp.
13211;Arbeitsmarktstatistik der Bundesagentur für Arbeit;JAHR;Jahr;2023;KREISE;Kreise und kreisfreie Städte;06533;Limburg-Weilburg, Landkreis;;;;;5,2;Prozent;ERWP09;Arbeitslosenquote bez. abh. zivile Erwerbspers.
13211;Arbeitsmarktstatistik der Bundesagentur für Arbeit;JAHR;Jahr;2022;KREISE;Kreise und kreisfreie Städte;06534;Marburg-Biedenkopf, Landkreis;;;;;5371;Anzahl;ERWP06;Arbeitslose
13211;Arbeitsmarktstatistik der Bundesagentur für Arbeit;JAHR;Jahr;2022;KREISE;Kreise und kreisfreie Städte;06534;Marburg-Biedenkopf, Landkreis;;;;;4,0;Prozent;ERWP10;Arbeitslosenquote bez. auf alle zivile Erwerbsp.
13211;Arbeitsmarktstatistik der Bundesagentur für Arbeit;JAHR;Jahr;2022;KREISE;Kreise und kreisfreie Städte;06534;Marburg-Biedenkopf, Landkreis;;;;;4,4;Prozent;ERWP09;Arbeitslosenquote bez. abh. zivile Erwerbspers.
13211;Arbeitsmarktstatistik der Bundesagentur für Arbeit;JAHR;Jahr;2021;KREISE;Kreise und kreisfreie Städte;06633;Kassel, Landkreis;;;;;4983;Anzahl;ERWP06;Arbeitslose
13211;Arbeitsmarktstatistik der Bundesagentur für Arbeit;JAHR;Jahr;2021;KREISE;Kreise und kreisfreie Städte;06633;Kassel, Landkreis;;;;;3,9;Prozent;ERWP10;Arbeitslosenquote bez. auf alle zivile Erwerbsp.
13211;Arbeitsmarktstatistik der Bundesagentur für Arbeit;JAHR;Jahr;2021;KREISE;Kreise und kreisfreie Städte;06633;Kassel, Landkreis;;;;;4,3;Prozent;ERWP09;Arbeitslosenquote bez. abh. zivile Erwerbspers.
13211;Arbeitsmarktstatistik der Bundesagentur für Arbeit;JAHR;Jahr;2021;KREISE;Kreise und kreisfreie Städte;06535;Vogelsbergkreis;;;;;2135;Anzahl;ERWP06;Arbeitslose
13211;Arbeitsmarktstatistik der Bundesagentur für Arbeit;JAHR;Jahr;2021;KREISE;Kreise und kreisfreie Städte;06535;Vogelsbergkreis;;;;;3,7;Prozent;ERWP10;Arbeitslosenquote bez. auf alle zivile Erwerbsp.
13211;Arbeitsmarktstatistik der Bundesagentur für Arbeit;JAHR;Jahr;2021;KREISE;Kreise und kreisfreie Städte;06535;Vogelsbergkreis;;;;;4,1;Prozent;ERWP09;Arbeitslosenquote bez. abh. zivile Erwerbspers.
13211;Arbeitsmarktstatistik der Bundesagentur für Arbeit;JAHR;Jahr;2018;KREISE;Kreise und kreisfreie Städte;06532;Lahn-Dill-Kreis;;;;;6975;Anzahl;ERWP06;Arbeitslose
13211;Arbeitsmarktstatistik der Bundesagentur für Arbeit;JAHR;Jahr;2018;KREISE;Kreise und kreisfreie Städte;06532;Lahn-Dill-Kreis;;;;;5,1;Prozent;ERWP10;Arbeitslosenquote bez. auf alle zivile Erwerbsp.
13211;Arbeitsmarktstatistik der Bundesagentur für Arbeit;JAHR;Jahr;2018;KREISE;Kreise und kreisfreie Städte;06532;Lahn-Dill-Kreis;;;;;5,6;Prozent;ERWP09;Arbeitslosenquote bez. abh. zivile Erwerbspers.
13211;Arbeitsmarktstatistik der Bundesagentur für Arbeit;JAHR;Jahr;2025;KREISE;Kreise und kreisfreie Städte;06535;Vogelsbergkreis;;;;;2506;Anzahl;ERWP06;Arbeitslose
13211;Arbeitsmarktstatistik der Bundesagentur für Arbeit;JAHR;Jahr;2025;KREISE;Kreise und kreisfreie Städte;06535;Vogelsbergkreis;;;;;4,3;Prozent;ERWP10;Arbeitslosenquote bez. auf alle zivile Erwerbsp.
13211;Arbeitsmarktstatistik der Bundesagentur für Arbeit;JAHR;Jahr;2025;KREISE;Kreise und kreisfreie Städte;06535;Vogelsbergkreis;;;;;4,8;Prozent;ERWP09;Arbeitslosenquote bez. abh. zivile Erwerbspers.
13211;Arbeitsmarktstatistik der Bundesagentur für Arbeit;JAHR;Jahr;2011;KREISE;Kreise und kreisfreie Städte;12064;Märkisch-Oderland, Landkreis;;;;;11357;Anzahl;ERWP06;Arbeitslose
13211;Arbeitsmarktstatistik der Bundesagentur für Arbeit;JAHR;Jahr;2011;KREISE;Kreise und kreisfreie Städte;12064;Märkisch-Oderland, Landkreis;;;;;11,0;Prozent;ERWP10;Arbeitslosenquote bez. auf alle zivile Erwerbsp.
13211;Arbeitsmarktstatistik der Bundesagentur für Arbeit;JAHR;Jahr;2011;KREISE;Kreise und kreisfreie Städte;12064;Märkisch-Oderland, Landkreis;;;;;12,3;Prozent;ERWP09;Arbeitslosenquote bez. abh. zivile Erwerbspers.
13211;Arbeitsmarktstatistik der Bundesagentur für Arbeit;JAHR;Jahr;2025;KREISE;Kreise und kreisfreie Städte;06633;Kassel, Landkreis;;;;;6084;Anzahl;ERWP06;Arbeitslose
13211;Arbeitsmarktstatistik der Bundesagentur für Arbeit;JAHR;Jahr;2025;KREISE;Kreise und kreisfreie Städte;06633;Kassel, Landkreis;;;;;4,7;Prozent;ERWP10;Arbeitslosenquote bez. auf alle zivile Erwerbsp.
13211;Arbeitsmarktstatistik der Bundesagentur für Arbeit;JAHR;Jahr;2025;KREISE;Kreise und kreisfreie Städte;06633;Kassel, Landkreis;;;;;5,1;Prozent;ERWP09;Arbeitslosenquote bez. abh. zivile Erwerbspers.
13211;Arbeitsmarktstatistik der Bundesagentur für Arbeit;JAHR;Jahr;2012;KREISE;Kreise und kreisfreie Städte;12063;Havelland, Landkreis;;;;;7487;Anzahl;ERWP06;Arbeitslose
13211;Arbeitsmarktstatistik der Bundesagentur für Arbeit;JAHR;Jahr;2012;KREISE;Kreise und kreisfreie Städte;12063;Havelland, Landkreis;;;;;9,0;Prozent;ERWP10;Arbeitslosenquote bez. auf alle zivile Erwerbsp.
13211;Arbeitsmarktstatistik der Bundesagentur für Arbeit;JAHR;Jahr;2012;KREISE;Kreise und kreisfreie Städte;12063;Havelland, Landkreis;;;;;10,1;Prozent;ERWP09;Arbeitslosenquote bez. abh. zivile Erwerbspers.
13211;Arbeitsmarktstatistik der Bundesagentur für Arbeit;JAHR;Jahr;2010;KREISE;Kreise und kreisfreie Städte;12065;Oberhavel, Landkreis;;;;;10982;Anzahl;ERWP06;Arbeitslose
13211;Arbeitsmarktstatistik der Bundesagentur für Arbeit;JAHR;Jahr;2010;KREISE;Kreise und kreisfreie Städte;12065;Oberhavel, Landkreis;;;;;10,1;Prozent;ERWP10;Arbeitslosenquote bez. auf alle zivile Erwerbsp.
13211;Arbeitsmarktstatistik der Bundesagentur für Arbeit;JAHR;Jahr;2010;KREISE;Kreise und kreisfreie Städte;12065;Oberhavel, Landkreis;;;;;11,2;Prozent;ERWP09;Arbeitslosenquote bez. abh. zivile Erwerbspers.
13211;Arbeitsmarktstatistik der Bundesagentur für Arbeit;JAHR;Jahr;2014;KREISE;Kreise und kreisfreie Städte;12065;Oberhavel, Landkreis;;;;;9294;Anzahl;ERWP06;Arbeitslose
13211;Arbeitsmarktstatistik der Bundesagentur für Arbeit;JAHR;Jahr;2014;KREISE;Kreise und kreisfreie Städte;12065;Oberhavel, Landkreis;;;;;8,3;Prozent;ERWP10;Arbeitslosenquote bez. auf alle zivile Erwerbsp.
13211;Arbeitsmarktstatistik der Bundesagentur für Arbeit;JAHR;Jahr;2014;KREISE;Kreise und kreisfreie Städte;12065;Oberhavel, Landkreis;;;;;9,3;Prozent;ERWP09;Arbeitslosenquote bez. abh. zivile Erwerbspers.
13211;Arbeitsmarktstatistik der Bundesagentur für Arbeit;JAHR;Jahr;2015;KREISE;Kreise und kreisfreie Städte;12064;Märkisch-Oderland, Landkreis;;;;;8758;Anzahl;ERWP06;Arbeitslose
13211;Arbeitsmarktstatistik der Bundesagentur für Arbeit;JAHR;Jahr;2015;KREISE;Kreise und kreisfreie Städte;12064;Märkisch-Oderland, Landkreis;;;;;8,6;Prozent;ERWP10;Arbeitslosenquote bez. auf alle zivile Erwerbsp.
13211;Arbeitsmarktstatistik der Bundesagentur für Arbeit;JAHR;Jahr;2015;KREISE;Kreise und kreisfreie Städte;12064;Märkisch-Oderland, Landkreis;;;;;9,7;Prozent;ERWP09;Arbeitslosenquote bez. abh. zivile Erwerbspers.
13211;Arbeitsmarktstatistik der Bundesagentur für Arbeit;JAHR;Jahr;2013;KREISE;Kreise und kreisfreie Städte;12066;Oberspreewald-Lausitz, Landkreis;;;;;8623;Anzahl;ERWP06;Arbeitslose
13211;Arbeitsmarktstatistik der Bundesagentur für Arbeit;JAHR;Jahr;2013;KREISE;Kreise und kreisfreie Städte;12066;Oberspreewald-Lausitz, Landkreis;;;;;13,8;Prozent;ERWP10;Arbeitslosenquote bez. auf alle zivile Erwerbsp.
13211;Arbeitsmarktstatistik der Bundesagentur für Arbeit;JAHR;Jahr;2013;KREISE;Kreise und kreisfreie Städte;12066;Oberspreewald-Lausitz, Landkreis;;;;;15,5;Prozent;ERWP09;Arbeitslosenquote bez. abh. zivile Erwerbspers.
13211;Arbeitsmarktstatistik der Bundesagentur für Arbeit;JAHR;Jahr;2019;KREISE;Kreise und kreisfreie Städte;12063;Havelland, Landkreis;;;;;4525;Anzahl;ERWP06;Arbeitslose
13211;Arbeitsmarktstatistik der Bundesagentur für Arbeit;JAHR;Jahr;2019;KREISE;Kreise und kreisfreie Städte;12063;Havelland, Landkreis;;;;;5,2;Prozent;ERWP10;Arbeitslosenquote bez. auf alle zivile Erwerbsp.
13211;Arbeitsmarktstatistik der Bundesagentur für Arbeit;JAHR;Jahr;2019;KREISE;Kreise und kreisfreie Städte;12063;Havelland, Landkreis;;;;;5,7;Prozent;ERWP09;Arbeitslosenquote bez. abh. zivile Erwerbspers.
13211;Arbeitsmarktstatistik der Bundesagentur für Arbeit;JAHR;Jahr;2018;KREISE;Kreise und kreisfreie Städte;12064;Märkisch-Oderland, Landkreis;;;;;6246;Anzahl;ERWP06;Arbeitslose
13211;Arbeitsmarktstatistik der Bundesagentur für Arbeit;JAHR;Jahr;2018;KREISE;Kreise und kreisfreie Städte;12064;Märkisch-Oderland, Landkreis;;;;;6,1;Prozent;ERWP10;Arbeitslosenquote bez. auf alle zivile Erwerbsp.
13211;Arbeitsmarktstatistik der Bundesagentur für Arbeit;JAHR;Jahr;2018;KREISE;Kreise und kreisfreie Städte;12064;Märkisch-Oderland, Landkreis;;;;;6,8;Prozent;ERWP09;Arbeitslosenquote bez. abh. zivile Erwerbspers.
13211;Arbeitsmarktstatistik der Bundesagentur für Arbeit;JAHR;Jahr;2017;KREISE;Kreise und kreisfreie Städte;12065;Oberhavel, Landkreis;;;;;6968;Anzahl;ERWP06;Arbeitslose
13211;Arbeitsmarktstatistik der Bundesagentur für Arbeit;JAHR;Jahr;2017;KREISE;Kreise und kreisfreie Städte;12065;Oberhavel, Landkreis;;;;;6,2;Prozent;ERWP10;Arbeitslosenquote bez. auf alle zivile Erwerbsp.
13211;Arbeitsmarktstatistik der Bundesagentur für Arbeit;JAHR;Jahr;2017;KREISE;Kreise und kreisfreie Städte;12065;Oberhavel, Landkreis;;;;;6,9;Prozent;ERWP09;Arbeitslosenquote bez. abh. zivile Erwerbspers.
13211;Arbeitsmarktstatistik der Bundesagentur für Arbeit;JAHR;Jahr;2016;KREISE;Kreise und kreisfreie Städte;12063;Havelland, Landkreis;;;;;6290;Anzahl;ERWP06;Arbeitslose
13211;Arbeitsmarktstatistik der Bundesagentur für Arbeit;JAHR;Jahr;2016;KREISE;Kreise und kreisfreie Städte;12063;Havelland, Landkreis;;;;;7,4;Prozent;ERWP10;Arbeitslosenquote bez. auf alle zivile Erwerbsp.
13211;Arbeitsmarktstatistik der Bundesagentur für Arbeit;JAHR;Jahr;2016;KREISE;Kreise und kreisfreie Städte;12063;Havelland, Landkreis;;;;;8,2;Prozent;ERWP09;Arbeitslosenquote bez. abh. zivile Erwerbspers.
13211;Arbeitsmarktstatistik der Bundesagentur für Arbeit;JAHR;Jahr;2017;KREISE;Kreise und kreisfreie Städte;12066;Oberspreewald-Lausitz, Landkreis;;;;;5435;Anzahl;ERWP06;Arbeitslose
13211;Arbeitsmarktstatistik der Bundesagentur für Arbeit;JAHR;Jahr;2017;KREISE;Kreise und kreisfreie Städte;12066;Oberspreewald-Lausitz, Landkreis;;;;;9,2;Prozent;ERWP10;Arbeitslosenquote bez. auf alle zivile Erwerbsp.
13211;Arbeitsmarktstatistik der Bundesagentur für Arbeit;JAHR;Jahr;2017;KREISE;Kreise und kreisfreie Städte;12066;Oberspreewald-Lausitz, Landkreis;;;;;10,3;Prozent;ERWP09;Arbeitslosenquote bez. abh. zivile Erwerbspers.
13211;Arbeitsmarktstatistik der Bundesagentur für Arbeit;JAHR;Jahr;2010;KREISE;Kreise und kreisfreie Städte;06533;Limburg-Weilburg, Landkreis;;;;;5287;Anzahl;ERWP06;Arbeitslose
13211;Arbeitsmarktstatistik der Bundesagentur für Arbeit;JAHR;Jahr;2010;KREISE;Kreise und kreisfreie Städte;06533;Limburg-Weilburg, Landkreis;;;;;6,0;Prozent;ERWP10;Arbeitslosenquote bez. auf alle zivile Erwerbsp.
13211;Arbeitsmarktstatistik der Bundesagentur für Arbeit;JAHR;Jahr;2010;KREISE;Kreise und kreisfreie Städte;06533;Limburg-Weilburg, Landkreis;;;;;6,7;Prozent;ERWP09;Arbeitslosenquote bez. abh. zivile Erwerbspers.
13211;Arbeitsmarktstatistik der Bundesagentur für Arbeit;JAHR;Jahr;2015;KREISE;Kreise und kreisfreie Städte;12063;Havelland, Landkreis;;;;;6557;Anzahl;ERWP06;Arbeitslose
13211;Arbeitsmarktstatistik der Bundesagentur für Arbeit;JAHR;Jahr;2015;KREISE;Kreise und kreisfreie Städte;12063;Havelland, Landkreis;;;;;7,7;Prozent;ERWP10;Arbeitslosenquote bez. auf alle zivile Erwerbsp.
13211;Arbeitsmarktstatistik der Bundesagentur für Arbeit;JAHR;Jahr;2015;KREISE;Kreise und kreisfreie Städte;12063;Havelland, Landkreis;;;;;8,6;Prozent;ERWP09;Arbeitslosenquote bez. abh. zivile Erwerbspers.
13211;Arbeitsmarktstatistik der Bundesagentur für Arbeit;JAHR;Jahr;2020;KREISE;Kreise und kreisfreie Städte;12064;Märkisch-Oderland, Landkreis;;;;;6063;Anzahl;ERWP06;Arbeitslose
13211;Arbeitsmarktstatistik der Bundesagentur für Arbeit;JAHR;Jahr;2020;KREISE;Kreise und kreisfreie Städte;12064;Märkisch-Oderland, Landkreis;;;;;5,9;Prozent;ERWP10;Arbeitslosenquote bez. auf alle zivile Erwerbsp.
13211;Arbeitsmarktstatistik der Bundesagentur für Arbeit;JAHR;Jahr;2020;KREISE;Kreise und kreisfreie Städte;12064;Märkisch-Oderland, Landkreis;;;;;6,5;Prozent;ERWP09;Arbeitslosenquote bez. abh. zivile Erwerbspers.
13211;Arbeitsmarktstatistik der Bundesagentur für Arbeit;JAHR;Jahr;2021;KREISE;Kreise und kreisfreie Städte;12064;Märkisch-Oderland, Landkreis;;;;;5818;Anzahl;ERWP06;Arbeitslose
13211;Arbeitsmarktstatistik der Bundesagentur für Arbeit;JAHR;Jahr;2021;KREISE;Kreise und kreisfreie Städte;12064;Märkisch-Oderland, Landkreis;;;;;5,6;Prozent;ERWP10;Arbeitslosenquote bez. auf alle zivile Erwerbsp.
13211;Arbeitsmarktstatistik der Bundesagentur für Arbeit;JAHR;Jahr;2021;KREISE;Kreise und kreisfreie Städte;12064;Märkisch-Oderland, Landkreis;;;;;6,2;Prozent;ERWP09;Arbeitslosenquote bez. abh. zivile Erwerbspers.
13211;Arbeitsmarktstatistik der Bundesagentur für Arbeit;JAHR;Jahr;2015;KREISE;Kreise und kreisfreie Städte;06535;Vogelsbergkreis;;;;;2291;Anzahl;ERWP06;Arbeitslose
13211;Arbeitsmarktstatistik der Bundesagentur für Arbeit;JAHR;Jahr;2015;KREISE;Kreise und kreisfreie Städte;06535;Vogelsbergkreis;;;;;4,0;Prozent;ERWP10;Arbeitslosenquote bez. auf alle zivile Erwerbsp.
13211;Arbeitsmarktstatistik der Bundesagentur für Arbeit;JAHR;Jahr;2015;KREISE;Kreise und kreisfreie Städte;06535;Vogelsbergkreis;;;;;4,5;Prozent;ERWP09;Arbeitslosenquote bez. abh. zivile Erwerbspers.
13211;Arbeitsmarktstatistik der Bundesagentur für Arbeit;JAHR;Jahr;2012;KREISE;Kreise und kreisfreie Städte;06535;Vogelsbergkreis;;;;;2810;Anzahl;ERWP06;Arbeitslose
13211;Arbeitsmarktstatistik der Bundesagentur für Arbeit;JAHR;Jahr;2012;KREISE;Kreise und kreisfreie Städte;06535;Vogelsbergkreis;;;;;4,9;Prozent;ERWP10;Arbeitslosenquote bez. auf alle zivile Erwerbsp.
13211;Arbeitsmarktstatistik der Bundesagentur für Arbeit;JAHR;Jahr;2012;KREISE;Kreise und kreisfreie Städte;06535;Vogelsbergkreis;;;;;5,5;Prozent;ERWP09;Arbeitslosenquote bez. abh. zivile Erwerbspers.
13211;Arbeitsmarktstatistik der Bundesagentur für Arbeit;JAHR;Jahr;2014;KREISE;Kreise und kreisfreie Städte;06533;Limburg-Weilburg, Landkreis;;;;;5084;Anzahl;ERWP06;Arbeitslose
13211;Arbeitsmarktstatistik der Bundesagentur für Arbeit;JAHR;Jahr;2014;KREISE;Kreise und kreisfreie Städte;06533;Limburg-Weilburg, Landkreis;;;;;5,6;Prozent;ERWP10;Arbeitslosenquote bez. auf alle zivile Erwerbsp.
13211;Arbeitsmarktstatistik der Bundesagentur für Arbeit;JAHR;Jahr;2014;KREISE;Kreise und kreisfreie Städte;06533;Limburg-Weilburg, Landkreis;;;;;6,4;Prozent;ERWP09;Arbeitslosenquote bez. abh. zivile Erwerbspers.
13211;Arbeitsmarktstatistik der Bundesagentur für Arbeit;JAHR;Jahr;2013;KREISE;Kreise und kreisfreie Städte;06533;Limburg-Weilburg, Landkreis;;;;;5222;Anzahl;ERWP06;Arbeitslose
13211;Arbeitsmarktstatistik der Bundesagentur für Arbeit;JAHR;Jahr;2013;KREISE;Kreise und kreisfreie Städte;06533;Limburg-Weilburg, Landkreis;;;;;5,8;Prozent;ERWP10;Arbeitslosenquote bez. auf alle zivile Erwerbsp.
13211;Arbeitsmarktstatistik der Bundesagentur für Arbeit;JAHR;Jahr;2013;KREISE;Kreise und kreisfreie Städte;06533;Limburg-Weilburg, Landkreis;;;;;6,6;Prozent;ERWP09;Arbeitslosenquote bez. abh. zivile Erwerbspers.
13211;Arbeitsmarktstatistik der Bundesagentur für Arbeit;JAHR;Jahr;2011;KREISE;Kreise und kreisfreie Städte;06535;Vogelsbergkreis;;;;;2926;Anzahl;ERWP06;Arbeitslose
13211;Arbeitsmarktstatistik der Bundesagentur für Arbeit;JAHR;Jahr;2011;KREISE;Kreise und kreisfreie Städte;06535;Vogelsbergkreis;;;;;5,0;Prozent;ERWP10;Arbeitslosenquote bez. auf alle zivile Erwerbsp.
13211;Arbeitsmarktstatistik der Bundesagentur für Arbeit;JAHR;Jahr;2011;KREISE;Kreise und kreisfreie Städte;06535;Vogelsbergkreis;;;;;5,7;Prozent;ERWP09;Arbeitslosenquote bez. abh. zivile Erwerbspers.
13211;Arbeitsmarktstatistik der Bundesagentur für Arbeit;JAHR;Jahr;2012;KREISE;Kreise und kreisfreie Städte;06633;Kassel, Landkreis;;;;;5982;Anzahl;ERWP06;Arbeitslose
13211;Arbeitsmarktstatistik der Bundesagentur für Arbeit;JAHR;Jahr;2012;KREISE;Kreise und kreisfreie Städte;06633;Kassel, Landkreis;;;;;4,9;Prozent;ERWP10;Arbeitslosenquote bez. auf alle zivile Erwerbsp.
13211;Arbeitsmarktstatistik der Bundesagentur für Arbeit;JAHR;Jahr;2012;KREISE;Kreise und kreisfreie Städte;06633;Kassel, Landkreis;;;;;5,5;Prozent;ERWP09;Arbeitslosenquote bez. abh. zivile Erwerbspers.
13211;Arbeitsmarktstatistik der Bundesagentur für Arbeit;JAHR;Jahr;2011;KREISE;Kreise und kreisfreie Städte;06633;Kassel, Landkreis;;;;;6062;Anzahl;ERWP06;Arbeitslose
13211;Arbeitsmarktstatistik der Bundesagentur für Arbeit;JAHR;Jahr;2011;KREISE;Kreise und kreisfreie Städte;06633;Kassel, Landkreis;;;;;5,0;Prozent;ERWP10;Arbeitslosenquote bez. auf alle zivile Erwerbsp.
13211;Arbeitsmarktstatistik der Bundesagentur für Arbeit;JAHR;Jahr;2011;KREISE;Kreise und kreisfreie Städte;06633;Kassel, Landkreis;;;;;5,6;Prozent;ERWP09;Arbeitslosenquote bez. abh. zivile Erwerbspers.
13211;Arbeitsmarktstatistik der Bundesagentur für Arbeit;JAHR;Jahr;2017;KREISE;Kreise und kreisfreie Städte;06533;Limburg-Weilburg, Landkreis;;;;;4097;Anzahl;ERWP06;Arbeitslose
13211;Arbeitsmarktstatistik der Bundesagentur für Arbeit;JAHR;Jahr;2017;KREISE;Kreise und kreisfreie Städte;06533;Limburg-Weilburg, Landkreis;;;;;4,5;Prozent;ERWP10;Arbeitslosenquote bez. auf alle zivile Erwerbsp.
13211;Arbeitsmarktstatistik der Bundesagentur für Arbeit;JAHR;Jahr;2017;KREISE;Kreise und kreisfreie Städte;06533;Limburg-Weilburg, Landkreis;;;;;5,0;Prozent;ERWP09;Arbeitslosenquote bez. abh. zivile Erwerbspers.
13211;Arbeitsmarktstatistik der Bundesagentur für Arbeit;JAHR;Jahr;2016;KREISE;Kreise und kreisfreie Städte;06535;Vogelsbergkreis;;;;;2409;Anzahl;ERWP06;Arbeitslose
13211;Arbeitsmarktstatistik der Bundesagentur für Arbeit;JAHR;Jahr;2016;KREISE;Kreise und kreisfreie Städte;06535;Vogelsbergkreis;;;;;4,2;Prozent;ERWP10;Arbeitslosenquote bez. auf alle zivile Erwerbsp.
13211;Arbeitsmarktstatistik der Bundesagentur für Arbeit;JAHR;Jahr;2016;KREISE;Kreise und kreisfreie Städte;06535;Vogelsbergkreis;;;;;4,7;Prozent;ERWP09;Arbeitslosenquote bez. abh. zivile Erwerbspers.
13211;Arbeitsmarktstatistik der Bundesagentur für Arbeit;JAHR;Jahr;2024;KREISE;Kreise und kreisfreie Städte;12064;Märkisch-Oderland, Landkreis;;;;;5857;Anzahl;ERWP06;Arbeitslose
13211;Arbeitsmarktstatistik der Bundesagentur für Arbeit;JAHR;Jahr;2024;KREISE;Kreise und kreisfreie Städte;12064;Märkisch-Oderland, Landkreis;;;;;5,6;Prozent;ERWP10;Arbeitslosenquote bez. auf alle zivile Erwerbsp.
13211;Arbeitsmarktstatistik der Bundesagentur für Arbeit;JAHR;Jahr;2024;KREISE;Kreise und kreisfreie Städte;12064;Märkisch-Oderland, Landkreis;;;;;6,2;Prozent;ERWP09;Arbeitslosenquote bez. abh. zivile Erwerbspers.
13211;Arbeitsmarktstatistik der Bundesagentur für Arbeit;JAHR;Jahr;2022;KREISE;Kreise und kreisfreie Städte;12066;Oberspreewald-Lausitz, Landkreis;;;;;3831;Anzahl;ERWP06;Arbeitslose
13211;Arbeitsmarktstatistik der Bundesagentur für Arbeit;JAHR;Jahr;2022;KREISE;Kreise und kreisfreie Städte;12066;Oberspreewald-Lausitz, Landkreis;;;;;6,8;Prozent;ERWP10;Arbeitslosenquote bez. auf alle zivile Erwerbsp.
13211;Arbeitsmarktstatistik der Bundesagentur für Arbeit;JAHR;Jahr;2022;KREISE;Kreise und kreisfreie Städte;12066;Oberspreewald-Lausitz, Landkreis;;;;;7,5;Prozent;ERWP09;Arbeitslosenquote bez. abh. zivile Erwerbspers.
13211;Arbeitsmarktstatistik der Bundesagentur für Arbeit;JAHR;Jahr;2019;KREISE;Kreise und kreisfreie Städte;06535;Vogelsbergkreis;;;;;2131;Anzahl;ERWP06;Arbeitslose
13211;Arbeitsmarktstatistik der Bundesagentur für Arbeit;JAHR;Jahr;2019;KREISE;Kreise und kreisfreie Städte;06535;Vogelsbergkreis;;;;;3,7;Prozent;ERWP10;Arbeitslosenquote bez. auf alle zivile Erwerbsp.
13211;Arbeitsmarktstatistik der Bundesagentur für Arbeit;JAHR;Jahr;2019;KREISE;Kreise und kreisfreie Städte;06535;Vogelsbergkreis;;;;;4,1;Prozent;ERWP09;Arbeitslosenquote bez. abh. zivile Erwerbspers.
13211;Arbeitsmarktstatistik der Bundesagentur für Arbeit;JAHR;Jahr;2025;KREISE;Kreise und kreisfreie Städte;12064;Märkisch-Oderland, Landkreis;;;;;6174;Anzahl;ERWP06;Arbeitslose
13211;Arbeitsmarktstatistik der Bundesagentur für Arbeit;JAHR;Jahr;2025;KREISE;Kreise und kreisfreie Städte;12064;Märkisch-Oderland, Landkreis;;;;;5,9;Prozent;ERWP10;Arbeitslosenquote bez. auf alle zivile Erwerbsp.
13211;Arbeitsmarktstatistik der Bundesagentur für Arbeit;JAHR;Jahr;2025;KREISE;Kreise und kreisfreie Städte;12064;Märkisch-Oderland, Landkreis;;;;;6,5;Prozent;ERWP09;Arbeitslosenquote bez. abh. zivile Erwerbspers.
13211;Arbeitsmarktstatistik der Bundesagentur für Arbeit;JAHR;Jahr;2020;KREISE;Kreise und kreisfreie Städte;06533;Limburg-Weilburg, Landkreis;;;;;4459;Anzahl;ERWP06;Arbeitslose
13211;Arbeitsmarktstatistik der Bundesagentur für Arbeit;JAHR;Jahr;2020;KREISE;Kreise und kreisfreie Städte;06533;Limburg-Weilburg, Landkreis;;;;;4,8;Prozent;ERWP10;Arbeitslosenquote bez. auf alle zivile Erwerbsp.
13211;Arbeitsmarktstatistik der Bundesagentur für Arbeit;JAHR;Jahr;2020;KREISE;Kreise und kreisfreie Städte;06533;Limburg-Weilburg, Landkreis;;;;;5,3;Prozent;ERWP09;Arbeitslosenquote bez. abh. zivile Erwerbspers.
13211;Arbeitsmarktstatistik der Bundesagentur für Arbeit;JAHR;Jahr;2023;KREISE;Kreise und kreisfreie Städte;12066;Oberspreewald-Lausitz, Landkreis;;;;;4026;Anzahl;ERWP06;Arbeitslose
13211;Arbeitsmarktstatistik der Bundesagentur für Arbeit;JAHR;Jahr;2023;KREISE;Kreise und kreisfreie Städte;12066;Oberspreewald-Lausitz, Landkreis;;;;;7,2;Prozent;ERWP10;Arbeitslosenquote bez. auf alle zivile Erwerbsp.
13211;Arbeitsmarktstatistik der Bundesagentur für Arbeit;JAHR;Jahr;2023;KREISE;Kreise und kreisfreie Städte;12066;Oberspreewald-Lausitz, Landkreis;;;;;8,0;Prozent;ERWP09;Arbeitslosenquote bez. abh. zivile Erwerbspers.
13211;Arbeitsmarktstatistik der Bundesagentur für Arbeit;JAHR;Jahr;2019;KREISE;Kreise und kreisfreie Städte;06633;Kassel, Landkreis;;;;;4550;Anzahl;ERWP06;Arbeitslose
13211;Arbeitsmarktstatistik der Bundesagentur für Arbeit;JAHR;Jahr;2019;KREISE;Kreise und kreisfreie Städte;06633;Kassel, Landkreis;;;;;3,6;Prozent;ERWP10;Arbeitslosenquote bez. auf alle zivile Erwerbsp.
13211;Arbeitsmarktstatistik der Bundesagentur für Arbeit;JAHR;Jahr;2019;KREISE;Kreise und kreisfreie Städte;06633;Kassel, Landkreis;;;;;4,0;Prozent;ERWP09;Arbeitslosenquote bez. abh. zivile Erwerbspers.
13211;Arbeitsmarktstatistik der Bundesagentur für Arbeit;JAHR;Jahr;2016;KREISE;Kreise und kreisfreie Städte;06633;Kassel, Landkreis;;;;;5456;Anzahl;ERWP06;Arbeitslose
13211;Arbeitsmarktstatistik der Bundesagentur für Arbeit;JAHR;Jahr;2016;KREISE;Kreise und kreisfreie Städte;06633;Kassel, Landkreis;;;;;4,3;Prozent;ERWP10;Arbeitslosenquote bez. auf alle zivile Erwerbsp.
13211;Arbeitsmarktstatistik der Bundesagentur für Arbeit;JAHR;Jahr;2016;KREISE;Kreise und kreisfreie Städte;06633;Kassel, Landkreis;;;;;4,9;Prozent;ERWP09;Arbeitslosenquote bez. abh. zivile Erwerbspers.
13211;Arbeitsmarktstatistik der Bundesagentur für Arbeit;JAHR;Jahr;2015;KREISE;Kreise und kreisfreie Städte;06633;Kassel, Landkreis;;;;;6000;Anzahl;ERWP06;Arbeitslose
13211;Arbeitsmarktstatistik der Bundesagentur für Arbeit;JAHR;Jahr;2015;KREISE;Kreise und kreisfreie Städte;06633;Kassel, Landkreis;;;;;4,8;Prozent;ERWP10;Arbeitslosenquote bez. auf alle zivile Erwerbsp.
13211;Arbeitsmarktstatistik der Bundesagentur für Arbeit;JAHR;Jahr;2015;KREISE;Kreise und kreisfreie Städte;06633;Kassel, Landkreis;;;;;5,4;Prozent;ERWP09;Arbeitslosenquote bez. abh. zivile Erwerbspers.
13211;Arbeitsmarktstatistik der Bundesagentur für Arbeit;JAHR;Jahr;2024;KREISE;Kreise und kreisfreie Städte;06535;Vogelsbergkreis;;;;;2541;Anzahl;ERWP06;Arbeitslose
13211;Arbeitsmarktstatistik der Bundesagentur für Arbeit;JAHR;Jahr;2024;KREISE;Kreise und kreisfreie Städte;06535;Vogelsbergkreis;;;;;4,4;Prozent;ERWP10;Arbeitslosenquote bez. auf alle zivile Erwerbsp.
13211;Arbeitsmarktstatistik der Bundesagentur für Arbeit;JAHR;Jahr;2024;KREISE;Kreise und kreisfreie Städte;06535;Vogelsbergkreis;;;;;4,8;Prozent;ERWP09;Arbeitslosenquote bez. abh. zivile Erwerbspers.
13211;Arbeitsmarktstatistik der Bundesagentur für Arbeit;JAHR;Jahr;2023;KREISE;Kreise und kreisfreie Städte;06534;Marburg-Biedenkopf, Landkreis;;;;;6062;Anzahl;ERWP06;Arbeitslose
13211;Arbeitsmarktstatistik der Bundesagentur für Arbeit;JAHR;Jahr;2023;KREISE;Kreise und kreisfreie Städte;06534;Marburg-Biedenkopf, Landkreis;;;;;4,5;Prozent;ERWP10;Arbeitslosenquote bez. auf alle zivile Erwerbsp.
13211;Arbeitsmarktstatistik der Bundesagentur für Arbeit;JAHR;Jahr;2023;KREISE;Kreise und kreisfreie Städte;06534;Marburg-Biedenkopf, Landkreis;;;;;4,9;Prozent;ERWP09;Arbeitslosenquote bez. abh. zivile Erwerbspers.
13211;Arbeitsmarktstatistik der Bundesagentur für Arbeit;JAHR;Jahr;2018;KREISE;Kreise und kreisfreie Städte;06633;Kassel, Landkreis;;;;;4792;Anzahl;ERWP06;Arbeitslose
13211;Arbeitsmarktstatistik der Bundesagentur für Arbeit;JAHR;Jahr;2018;KREISE;Kreise und kreisfreie Städte;06633;Kassel, Landkreis;;;;;3,8;Prozent;ERWP10;Arbeitslosenquote bez. auf alle zivile Erwerbsp.
13211;Arbeitsmarktstatistik der Bundesagentur für Arbeit;JAHR;Jahr;2018;KREISE;Kreise und kreisfreie Städte;06633;Kassel, Landkreis;;;;;4,2;Prozent;ERWP09;Arbeitslosenquote bez. abh. zivile Erwerbspers.
13211;Arbeitsmarktstatistik der Bundesagentur für Arbeit;JAHR;Jahr;2020;KREISE;Kreise und kreisfreie Städte;06633;Kassel, Landkreis;;;;;5547;Anzahl;ERWP06;Arbeitslose
13211;Arbeitsmarktstatistik der Bundesagentur für Arbeit;JAHR;Jahr;2020;KREISE;Kreise und kreisfreie Städte;06633;Kassel, Landkreis;;;;;4,3;Prozent;ERWP10;Arbeitslosenquote bez. auf alle zivile Erwerbsp.
13211;Arbeitsmarktstatistik der Bundesagentur für Arbeit;JAHR;Jahr;2020;KREISE;Kreise und kreisfreie Städte;06633;Kassel, Landkreis;;;;;4,8;Prozent;ERWP09;Arbeitslosenquote bez. abh. zivile Erwerbspers.
13211;Arbeitsmarktstatistik der Bundesagentur für Arbeit;JAHR;Jahr;2021;KREISE;Kreise und kreisfreie Städte;06534;Marburg-Biedenkopf, Landkreis;;;;;5320;Anzahl;ERWP06;Arbeitslose
13211;Arbeitsmarktstatistik der Bundesagentur für Arbeit;JAHR;Jahr;2021;KREISE;Kreise und kreisfreie Städte;06534;Marburg-Biedenkopf, Landkreis;;;;;4,0;Prozent;ERWP10;Arbeitslosenquote bez. auf alle zivile Erwerbsp.
13211;Arbeitsmarktstatistik der Bundesagentur für Arbeit;JAHR;Jahr;2021;KREISE;Kreise und kreisfreie Städte;06534;Marburg-Biedenkopf, Landkreis;;;;;4,4;Prozent;ERWP09;Arbeitslosenquote bez. abh. zivile Erwerbspers.
13211;Arbeitsmarktstatistik der Bundesagentur für Arbeit;JAHR;Jahr;2019;KREISE;Kreise und kreisfreie Städte;06534;Marburg-Biedenkopf, Landkreis;;;;;4989;Anzahl;ERWP06;Arbeitslose
13211;Arbeitsmarktstatistik der Bundesagentur für Arbeit;JAHR;Jahr;2019;KREISE;Kreise und kreisfreie Städte;06534;Marburg-Biedenkopf, Landkreis;;;;;3,7;Prozent;ERWP10;Arbeitslosenquote bez. auf alle zivile Erwerbsp.
13211;Arbeitsmarktstatistik der Bundesagentur für Arbeit;JAHR;Jahr;2019;KREISE;Kreise und kreisfreie Städte;06534;Marburg-Biedenkopf, Landkreis;;;;;4,1;Prozent;ERWP09;Arbeitslosenquote bez. abh. zivile Erwerbspers.
13211;Arbeitsmarktstatistik der Bundesagentur für Arbeit;JAHR;Jahr;2022;KREISE;Kreise und kreisfreie Städte;06535;Vogelsbergkreis;;;;;2296;Anzahl;ERWP06;Arbeitslose
13211;Arbeitsmarktstatistik der Bundesagentur für Arbeit;JAHR;Jahr;2022;KREISE;Kreise und kreisfreie Städte;06535;Vogelsbergkreis;;;;;4,0;Prozent;ERWP10;Arbeitslosenquote bez. auf alle zivile Erwerbsp.
13211;Arbeitsmarktstatistik der Bundesagentur für Arbeit;JAHR;Jahr;2022;KREISE;Kreise und kreisfreie Städte;06535;Vogelsbergkreis;;;;;4,4;Prozent;ERWP09;Arbeitslosenquote bez. abh. zivile Erwerbspers.
13211;Arbeitsmarktstatistik der Bundesagentur für Arbeit;JAHR;Jahr;2018;KREISE;Kreise und kreisfreie Städte;06533;Limburg-Weilburg, Landkreis;;;;;3865;Anzahl;ERWP06;Arbeitslose
13211;Arbeitsmarktstatistik der Bundesagentur für Arbeit;JAHR;Jahr;2018;KREISE;Kreise und kreisfreie Städte;06533;Limburg-Weilburg, Landkreis;;;;;4,2;Prozent;ERWP10;Arbeitslosenquote bez. auf alle zivile Erwerbsp.
13211;Arbeitsmarktstatistik der Bundesagentur für Arbeit;JAHR;Jahr;2018;KREISE;Kreise und kreisfreie Städte;06533;Limburg-Weilburg, Landkreis;;;;;4,7;Prozent;ERWP09;Arbeitslosenquote bez. abh. zivile Erwerbspers.
13211;Arbeitsmarktstatistik der Bundesagentur für Arbeit;JAHR;Jahr;2025;KREISE;Kreise und kreisfreie Städte;06534;Marburg-Biedenkopf, Landkreis;;;;;6416;Anzahl;ERWP06;Arbeitslose
13211;Arbeitsmarktstatistik der Bundesagentur für Arbeit;JAHR;Jahr;2025;KREISE;Kreise und kreisfreie Städte;06534;Marburg-Biedenkopf, Landkreis;;;;;4,7;Prozent;ERWP10;Arbeitslosenquote bez. auf alle zivile Erwerbsp.
13211;Arbeitsmarktstatistik der Bundesagentur für Arbeit;JAHR;Jahr;2025;KREISE;Kreise und kreisfreie Städte;06534;Marburg-Biedenkopf, Landkreis;;;;;5,1;Prozent;ERWP09;Arbeitslosenquote bez. abh. zivile Erwerbspers.
13211;Arbeitsmarktstatistik der Bundesagentur für Arbeit;JAHR;Jahr;2011;KREISE;Kreise und kreisfreie Städte;12065;Oberhavel, Landkreis;;;;;10408;Anzahl;ERWP06;Arbeitslose
13211;Arbeitsmarktstatistik der Bundesagentur für Arbeit;JAHR;Jahr;2011;KREISE;Kreise und kreisfreie Städte;12065;Oberhavel, Landkreis;;;;;9,5;Prozent;ERWP10;Arbeitslosenquote bez. auf alle zivile Erwerbsp.
13211;Arbeitsmarktstatistik der Bundesagentur für Arbeit;JAHR;Jahr;2011;KREISE;Kreise und kreisfreie Städte;12065;Oberhavel, Landkreis;;;;;10,5;Prozent;ERWP09;Arbeitslosenquote bez. abh. zivile Erwerbspers.
13211;Arbeitsmarktstatistik der Bundesagentur für Arbeit;JAHR;Jahr;2024;KREISE;Kreise und kreisfreie Städte;06633;Kassel, Landkreis;;;;;5606;Anzahl;ERWP06;Arbeitslose
13211;Arbeitsmarktstatistik der Bundesagentur für Arbeit;JAHR;Jahr;2024;KREISE;Kreise und kreisfreie Städte;06633;Kassel, Landkreis;;;;;4,3;Prozent;ERWP10;Arbeitslosenquote bez. auf alle zivile Erwerbsp.
13211;Arbeitsmarktstatistik der Bundesagentur für Arbeit;JAHR;Jahr;2024;KREISE;Kreise und kreisfreie Städte;06633;Kassel, Landkreis;;;;;4,8;Prozent;ERWP09;Arbeitslosenquote bez. abh. zivile Erwerbspers.
13211;Arbeitsmarktstatistik der Bundesagentur für Arbeit;JAHR;Jahr;2012;KREISE;Kreise und kreisfreie Städte;12064;Märkisch-Oderland, Landkreis;;;;;10354;Anzahl;ERWP06;Arbeitslose
13211;Arbeitsmarktstatistik der Bundesagentur für Arbeit;JAHR;Jahr;2012;KREISE;Kreise und kreisfreie Städte;12064;Märkisch-Oderland, Landkreis;;;;;10,1;Prozent;ERWP10;Arbeitslosenquote bez. auf alle zivile Erwerbsp.
13211;Arbeitsmarktstatistik der Bundesagentur für Arbeit;JAHR;Jahr;2012;KREISE;Kreise und kreisfreie Städte;12064;Märkisch-Oderland, Landkreis;;;;;11,3;Prozent;ERWP09;Arbeitslosenquote bez. abh. zivile Erwerbspers.
13211;Arbeitsmarktstatistik der Bundesagentur für Arbeit;JAHR;Jahr;2010;KREISE;Kreise und kreisfreie Städte;12064;Märkisch-Oderland, Landkreis;;;;;11916;Anzahl;ERWP06;Arbeitslose
13211;Arbeitsmarktstatistik der Bundesagentur für Arbeit;JAHR;Jahr;2010;KREISE;Kreise und kreisfreie Städte;12064;Märkisch-Oderland, Landkreis;;;;;11,6;Prozent;ERWP10;Arbeitslosenquote bez. auf alle zivile Erwerbsp.
13211;Arbeitsmarktstatistik der Bundesagentur für Arbeit;JAHR;Jahr;2010;KREISE;Kreise und kreisfreie Städte;12064;Märkisch-Oderland, Landkreis;;;;;12,8;Prozent;ERWP09;Arbeitslosenquote bez. abh. zivile Erwerbspers.
13211;Arbeitsmarktstatistik der Bundesagentur für Arbeit;JAHR;Jahr;2022;KREISE;Kreise und kreisfreie Städte;06633;Kassel, Landkreis;;;;;5173;Anzahl;ERWP06;Arbeitslose
13211;Arbeitsmarktstatistik der Bundesagentur für Arbeit;JAHR;Jahr;2022;KREISE;Kreise und kreisfreie Städte;06633;Kassel, Landkreis;;;;;4,1;Prozent;ERWP10;Arbeitslosenquote bez. auf alle zivile Erwerbsp.
13211;Arbeitsmarktstatistik der Bundesagentur für Arbeit;JAHR;Jahr;2022;KREISE;Kreise und kreisfreie Städte;06633;Kassel, Landkreis;;;;;4,5;Prozent;ERWP09;Arbeitslosenquote bez. abh. zivile Erwerbspers.
13211;Arbeitsmarktstatistik der Bundesagentur für Arbeit;JAHR;Jahr;2019;KREISE;Kreise und kreisfreie Städte;12064;Märkisch-Oderland, Landkreis;;;;;5577;Anzahl;ERWP06;Arbeitslose
13211;Arbeitsmarktstatistik der Bundesagentur für Arbeit;JAHR;Jahr;2019;KREISE;Kreise und kreisfreie Städte;12064;Märkisch-Oderland, Landkreis;;;;;5,4;Prozent;ERWP10;Arbeitslosenquote bez. auf alle zivile Erwerbsp.
13211;Arbeitsmarktstatistik der Bundesagentur für Arbeit;JAHR;Jahr;2019;KREISE;Kreise und kreisfreie Städte;12064;Märkisch-Oderland, Landkreis;;;;;6,0;Prozent;ERWP09;Arbeitslosenquote bez. abh. zivile Erwerbspers.
13211;Arbeitsmarktstatistik der Bundesagentur für Arbeit;JAHR;Jahr;2014;KREISE;Kreise und kreisfreie Städte;12064;Märkisch-Oderland, Landkreis;;;;;9201;Anzahl;ERWP06;Arbeitslose
13211;Arbeitsmarktstatistik der Bundesagentur für Arbeit;JAHR;Jahr;2014;KREISE;Kreise und kreisfreie Städte;12064;Märkisch-Oderland, Landkreis;;;;;9,1;Prozent;ERWP10;Arbeitslosenquote bez. auf alle zivile Erwerbsp.
13211;Arbeitsmarktstatistik der Bundesagentur für Arbeit;JAHR;Jahr;2014;KREISE;Kreise und kreisfreie Städte;12064;Märkisch-Oderland, Landkreis;;;;;10,2;Prozent;ERWP09;Arbeitslosenquote bez. abh. zivile Erwerbspers.
13211;Arbeitsmarktstatistik der Bundesagentur für Arbeit;JAHR;Jahr;2013;KREISE;Kreise und kreisfreie Städte;12065;Oberhavel, Landkreis;;;;;9925;Anzahl;ERWP06;Arbeitslose
13211;Arbeitsmarktstatistik der Bundesagentur für Arbeit;JAHR;Jahr;2013;KREISE;Kreise und kreisfreie Städte;12065;Oberhavel, Landkreis;;;;;8,9;Prozent;ERWP10;Arbeitslosenquote bez. auf alle zivile Erwerbsp.
13211;Arbeitsmarktstatistik der Bundesagentur für Arbeit;JAHR;Jahr;2013;KREISE;Kreise und kreisfreie Städte;12065;Oberhavel, Landkreis;;;;;9,9;Prozent;ERWP09;Arbeitslosenquote bez. abh. zivile Erwerbspers.
13211;Arbeitsmarktstatistik der Bundesagentur für Arbeit;JAHR;Jahr;2015;KREISE;Kreise und kreisfreie Städte;12065;Oberhavel, Landkreis;;;;;8558;Anzahl;ERWP06;Arbeitslose
13211;Arbeitsmarktstatistik der Bundesagentur für Arbeit;JAHR;Jahr;2015;KREISE;Kreise und kreisfreie Städte;12065;Oberhavel, Landkreis;;;;;7,7;Prozent;ERWP10;Arbeitslosenquote bez. auf alle zivile Erwerbsp.
13211;Arbeitsmarktstatistik der Bundesagentur für Arbeit;JAHR;Jahr;2015;KREISE;Kreise und kreisfreie Städte;12065;Oberhavel, Landkreis;;;;;8,5;Prozent;ERWP09;Arbeitslosenquote bez. abh. zivile Erwerbspers.
13211;Arbeitsmarktstatistik der Bundesagentur für Arbeit;JAHR;Jahr;2018;KREISE;Kreise und kreisfreie Städte;12065;Oberhavel, Landkreis;;;;;6277;Anzahl;ERWP06;Arbeitslose
13211;Arbeitsmarktstatistik der Bundesagentur für Arbeit;JAHR;Jahr;2018;KREISE;Kreise und kreisfreie Städte;12065;Oberhavel, Landkreis;;;;;5,5;Prozent;ERWP10;Arbeitslosenquote bez. auf alle zivile Erwerbsp.
13211;Arbeitsmarktstatistik der Bundesagentur für Arbeit;JAHR;Jahr;2018;KREISE;Kreise und kreisfreie Städte;12065;Oberhavel, Landkreis;;;;;6,1;Prozent;ERWP09;Arbeitslosenquote bez. abh. zivile Erwerbspers.
13211;Arbeitsmarktstatistik der Bundesagentur für Arbeit;JAHR;Jahr;2017;KREISE;Kreise und kreisfreie Städte;12064;Märkisch-Oderland, Landkreis;;;;;6713;Anzahl;ERWP06;Arbeitslose
13211;Arbeitsmarktstatistik der Bundesagentur für Arbeit;JAHR;Jahr;2017;KREISE;Kreise und kreisfreie Städte;12064;Märkisch-Oderland, Landkreis;;;;;6,6;Prozent;ERWP10;Arbeitslosenquote bez. auf alle zivile Erwerbsp.
13211;Arbeitsmarktstatistik der Bundesagentur für Arbeit;JAHR;Jahr;2017;KREISE;Kreise und kreisfreie Städte;12064;Märkisch-Oderland, Landkreis;;;;;7,3;Prozent;ERWP09;Arbeitslosenquote bez. abh. zivile Erwerbspers.
13211;Arbeitsmarktstatistik der Bundesagentur für Arbeit;JAHR;Jahr;2011;KREISE;Kreise und kreisfreie Städte;06534;Marburg-Biedenkopf, Landkreis;;;;;6386;Anzahl;ERWP06;Arbeitslose
13211;Arbeitsmarktstatistik der Bundesagentur für Arbeit;JAHR;Jahr;2011;KREISE;Kreise und kreisfreie Städte;06534;Marburg-Biedenkopf, Landkreis;;;;;5,0;Prozent;ERWP10;Arbeitslosenquote bez. auf alle zivile Erwerbsp.
13211;Arbeitsmarktstatistik der Bundesagentur für Arbeit;JAHR;Jahr;2011;KREISE;Kreise und kreisfreie Städte;06534;Marburg-Biedenkopf, Landkreis;;;;;5,6;Prozent;ERWP09;Arbeitslosenquote bez. abh. zivile Erwerbspers.
13211;Arbeitsmarktstatistik der Bundesagentur für Arbeit;JAHR;Jahr;2016;KREISE;Kreise und kreisfreie Städte;12064;Märkisch-Oderland, Landkreis;;;;;7868;Anzahl;ERWP06;Arbeitslose
13211;Arbeitsmarktstatistik der Bundesagentur für Arbeit;JAHR;Jahr;2016;KREISE;Kreise und kreisfreie Städte;12064;Märkisch-Oderland, Landkreis;;;;;7,8;Prozent;ERWP10;Arbeitslosenquote bez. auf alle zivile Erwerbsp.
13211;Arbeitsmarktstatistik der Bundesagentur für Arbeit;JAHR;Jahr;2016;KREISE;Kreise und kreisfreie Städte;12064;Märkisch-Oderland, Landkreis;;;;;8,6;Prozent;ERWP09;Arbeitslosenquote bez. abh. zivile Erwerbspers.
13211;Arbeitsmarktstatistik der Bundesagentur für Arbeit;JAHR;Jahr;2021;KREISE;Kreise und kreisfreie Städte;12065;Oberhavel, Landkreis;;;;;5844;Anzahl;ERWP06;Arbeitslose
13211;Arbeitsmarktstatistik der Bundesagentur für Arbeit;JAHR;Jahr;2021;KREISE;Kreise und kreisfreie Städte;12065;Oberhavel, Landkreis;;;;;5,1;Prozent;ERWP10;Arbeitslosenquote bez. auf alle zivile Erwerbsp.
13211;Arbeitsmarktstatistik der Bundesagentur für Arbeit;JAHR;Jahr;2021;KREISE;Kreise und kreisfreie Städte;12065;Oberhavel, Landkreis;;;;;5,6;Prozent;ERWP09;Arbeitslosenquote bez. abh. zivile Erwerbspers.
13211;Arbeitsmarktstatistik der Bundesagentur für Arbeit;JAHR;Jahr;2014;KREISE;Kreise und kreisfreie Städte;06534;Marburg-Biedenkopf, Landkreis;;;;;5396;Anzahl;ERWP06;Arbeitslose
13211;Arbeitsmarktstatistik der Bundesagentur für Arbeit;JAHR;Jahr;2014;KREISE;Kreise und kreisfreie Städte;06534;Marburg-Biedenkopf, Landkreis;;;;;4,2;Prozent;ERWP10;Arbeitslosenquote bez. auf alle zivile Erwerbsp.
13211;Arbeitsmarktstatistik der Bundesagentur für Arbeit;JAHR;Jahr;2014;KREISE;Kreise und kreisfreie Städte;06534;Marburg-Biedenkopf, Landkreis;;;;;4,7;Prozent;ERWP09;Arbeitslosenquote bez. abh. zivile Erwerbspers.
13211;Arbeitsmarktstatistik der Bundesagentur für Arbeit;JAHR;Jahr;2020;KREISE;Kreise und kreisfreie Städte;12065;Oberhavel, Landkreis;;;;;6039;Anzahl;ERWP06;Arbeitslose
13211;Arbeitsmarktstatistik der Bundesagentur für Arbeit;JAHR;Jahr;2020;KREISE;Kreise und kreisfreie Städte;12065;Oberhavel, Landkreis;;;;;5,2;Prozent;ERWP10;Arbeitslosenquote bez. auf alle zivile Erwerbsp.
13211;Arbeitsmarktstatistik der Bundesagentur für Arbeit;JAHR;Jahr;2020;KREISE;Kreise und kreisfreie Städte;12065;Oberhavel, Landkreis;;;;;5,8;Prozent;ERWP09;Arbeitslosenquote bez. abh. zivile Erwerbspers.
13211;Arbeitsmarktstatistik der Bundesagentur für Arbeit;JAHR;Jahr;2015;KREISE;Kreise und kreisfreie Städte;06534;Marburg-Biedenkopf, Landkreis;;;;;5078;Anzahl;ERWP06;Arbeitslose
13211;Arbeitsmarktstatistik der Bundesagentur für Arbeit;JAHR;Jahr;2015;KREISE;Kreise und kreisfreie Städte;06534;Marburg-Biedenkopf, Landkreis;;;;;3,9;Prozent;ERWP10;Arbeitslosenquote bez. auf alle zivile Erwerbsp.
13211;Arbeitsmarktstatistik der Bundesagentur für Arbeit;JAHR;Jahr;2015;KREISE;Kreise und kreisfreie Städte;06534;Marburg-Biedenkopf, Landkreis;;;;;4,4;Prozent;ERWP09;Arbeitslosenquote bez. abh. zivile Erwerbspers.
13211;Arbeitsmarktstatistik der Bundesagentur für Arbeit;JAHR;Jahr;2013;KREISE;Kreise und kreisfreie Städte;06534;Marburg-Biedenkopf, Landkreis;;;;;5928;Anzahl;ERWP06;Arbeitslose
13211;Arbeitsmarktstatistik der Bundesagentur für Arbeit;JAHR;Jahr;2013;KREISE;Kreise und kreisfreie Städte;06534;Marburg-Biedenkopf, Landkreis;;;;;4,6;Prozent;ERWP10;Arbeitslosenquote bez. auf alle zivile Erwerbsp.
13211;Arbeitsmarktstatistik der Bundesagentur für Arbeit;JAHR;Jahr;2013;KREISE;Kreise und kreisfreie Städte;06534;Marburg-Biedenkopf, Landkreis;;;;;5,2;Prozent;ERWP09;Arbeitslosenquote bez. abh. zivile Erwerbspers.
13211;Arbeitsmarktstatistik der Bundesagentur für Arbeit;JAHR;Jahr;2010;KREISE;Kreise und kreisfreie Städte;06534;Marburg-Biedenkopf, Landkreis;;;;;7040;Anzahl;ERWP06;Arbeitslose
13211;Arbeitsmarktstatistik der Bundesagentur für Arbeit;JAHR;Jahr;2010;KREISE;Kreise und kreisfreie Städte;06534;Marburg-Biedenkopf, Landkreis;;;;;5,6;Prozent;ERWP10;Arbeitslosenquote bez. auf alle zivile Erwerbsp.
13211;Arbeitsmarktstatistik der Bundesagentur für Arbeit;JAHR;Jahr;2010;KREISE;Kreise und kreisfreie Städte;06534;Marburg-Biedenkopf, Landkreis;;;;;6,3;Prozent;ERWP09;Arbeitslosenquote bez. abh. zivile Erwerbspers.
13211;Arbeitsmarktstatistik der Bundesagentur für Arbeit;JAHR;Jahr;2012;KREISE;Kreise und kreisfreie Städte;06534;Marburg-Biedenkopf, Landkreis;;;;;6005;Anzahl;ERWP06;Arbeitslose
13211;Arbeitsmarktstatistik der Bundesagentur für Arbeit;JAHR;Jahr;2012;KREISE;Kreise und kreisfreie Städte;06534;Marburg-Biedenkopf, Landkreis;;;;;4,7;Prozent;ERWP10;Arbeitslosenquote bez. auf alle zivile Erwerbsp.
13211;Arbeitsmarktstatistik der Bundesagentur für Arbeit;JAHR;Jahr;2012;KREISE;Kreise und kreisfreie Städte;06534;Marburg-Biedenkopf, Landkreis;;;;;5,3;Prozent;ERWP09;Arbeitslosenquote bez. abh. zivile Erwerbspers.
13211;Arbeitsmarktstatistik der Bundesagentur für Arbeit;JAHR;Jahr;2017;KREISE;Kreise und kreisfreie Städte;06534;Marburg-Biedenkopf, Landkreis;;;;;4926;Anzahl;ERWP06;Arbeitslose
13211;Arbeitsmarktstatistik der Bundesagentur für Arbeit;JAHR;Jahr;2017;KREISE;Kreise und kreisfreie Städte;06534;Marburg-Biedenkopf, Landkreis;;;;;3,8;Prozent;ERWP10;Arbeitslosenquote bez. auf alle zivile Erwerbsp.
13211;Arbeitsmarktstatistik der Bundesagentur für Arbeit;JAHR;Jahr;2017;KREISE;Kreise und kreisfreie Städte;06534;Marburg-Biedenkopf, Landkreis;;;;;4,2;Prozent;ERWP09;Arbeitslosenquote bez. abh. zivile Erwerbspers.
13211;Arbeitsmarktstatistik der Bundesagentur für Arbeit;JAHR;Jahr;2016;KREISE;Kreise und kreisfreie Städte;06534;Marburg-Biedenkopf, Landkreis;;;;;5137;Anzahl;ERWP06;Arbeitslose
13211;Arbeitsmarktstatistik der Bundesagentur für Arbeit;JAHR;Jahr;2016;KREISE;Kreise und kreisfreie Städte;06534;Marburg-Biedenkopf, Landkreis;;;;;4,0;Prozent;ERWP10;Arbeitslosenquote bez. auf alle zivile Erwerbsp.
13211;Arbeitsmarktstatistik der Bundesagentur für Arbeit;JAHR;Jahr;2016;KREISE;Kreise und kreisfreie Städte;06534;Marburg-Biedenkopf, Landkreis;;;;;4,4;Prozent;ERWP09;Arbeitslosenquote bez. abh. zivile Erwerbspers.
13211;Arbeitsmarktstatistik der Bundesagentur für Arbeit;JAHR;Jahr;2025;KREISE;Kreise und kreisfreie Städte;12065;Oberhavel, Landkreis;;;;;6305;Anzahl;ERWP06;Arbeitslose
13211;Arbeitsmarktstatistik der Bundesagentur für Arbeit;JAHR;Jahr;2025;KREISE;Kreise und kreisfreie Städte;12065;Oberhavel, Landkreis;;;;;5,3;Prozent;ERWP10;Arbeitslosenquote bez. auf alle zivile Erwerbsp.
13211;Arbeitsmarktstatistik der Bundesagentur für Arbeit;JAHR;Jahr;2025;KREISE;Kreise und kreisfreie Städte;12065;Oberhavel, Landkreis;;;;;5,8;Prozent;ERWP09;Arbeitslosenquote bez. abh. zivile Erwerbspers.
13211;Arbeitsmarktstatistik der Bundesagentur für Arbeit;JAHR;Jahr;2018;KREISE;Kreise und kreisfreie Städte;06534;Marburg-Biedenkopf, Landkreis;;;;;4896;Anzahl;ERWP06;Arbeitslose
13211;Arbeitsmarktstatistik der Bundesagentur für Arbeit;JAHR;Jahr;2018;KREISE;Kreise und kreisfreie Städte;06534;Marburg-Biedenkopf, Landkreis;;;;;3,7;Prozent;ERWP10;Arbeitslosenquote bez. auf alle zivile Erwerbsp.
13211;Arbeitsmarktstatistik der Bundesagentur für Arbeit;JAHR;Jahr;2018;KREISE;Kreise und kreisfreie Städte;06534;Marburg-Biedenkopf, Landkreis;;;;;4,1;Prozent;ERWP09;Arbeitslosenquote bez. abh. zivile Erwerbspers.
13211;Arbeitsmarktstatistik der Bundesagentur für Arbeit;JAHR;Jahr;2022;KREISE;Kreise und kreisfreie Städte;12065;Oberhavel, Landkreis;;;;;5473;Anzahl;ERWP06;Arbeitslose
13211;Arbeitsmarktstatistik der Bundesagentur für Arbeit;JAHR;Jahr;2022;KREISE;Kreise und kreisfreie Städte;12065;Oberhavel, Landkreis;;;;;4,7;Prozent;ERWP10;Arbeitslosenquote bez. auf alle zivile Erwerbsp.
13211;Arbeitsmarktstatistik der Bundesagentur für Arbeit;JAHR;Jahr;2022;KREISE;Kreise und kreisfreie Städte;12065;Oberhavel, Landkreis;;;;;5,2;Prozent;ERWP09;Arbeitslosenquote bez. abh. zivile Erwerbspers.
13211;Arbeitsmarktstatistik der Bundesagentur für Arbeit;JAHR;Jahr;2020;KREISE;Kreise und kreisfreie Städte;06534;Marburg-Biedenkopf, Landkreis;;;;;5847;Anzahl;ERWP06;Arbeitslose
13211;Arbeitsmarktstatistik der Bundesagentur für Arbeit;JAHR;Jahr;2020;KREISE;Kreise und kreisfreie Städte;06534;Marburg-Biedenkopf, Landkreis;;;;;4,3;Prozent;ERWP10;Arbeitslosenquote bez. auf alle zivile Erwerbsp.
13211;Arbeitsmarktstatistik der Bundesagentur für Arbeit;JAHR;Jahr;2020;KREISE;Kreise und kreisfreie Städte;06534;Marburg-Biedenkopf, Landkreis;;;;;4,8;Prozent;ERWP09;Arbeitslosenquote bez. abh. zivile Erwerbspers.
13211;Arbeitsmarktstatistik der Bundesagentur für Arbeit;JAHR;Jahr;2023;KREISE;Kreise und kreisfreie Städte;12065;Oberhavel, Landkreis;;;;;5684;Anzahl;ERWP06;Arbeitslose
13211;Arbeitsmarktstatistik der Bundesagentur für Arbeit;JAHR;Jahr;2023;KREISE;Kreise und kreisfreie Städte;12065;Oberhavel, Landkreis;;;;;4,9;Prozent;ERWP10;Arbeitslosenquote bez. auf alle zivile Erwerbsp.
13211;Arbeitsmarktstatistik der Bundesagentur für Arbeit;JAHR;Jahr;2023;KREISE;Kreise und kreisfreie Städte;12065;Oberhavel, Landkreis;;;;;5,3;Prozent;ERWP09;Arbeitslosenquote bez. abh. zivile Erwerbspers.
13211;Arbeitsmarktstatistik der Bundesagentur für Arbeit;JAHR;Jahr;2024;KREISE;Kreise und kreisfreie Städte;12065;Oberhavel, Landkreis;;;;;6015;Anzahl;ERWP06;Arbeitslose
13211;Arbeitsmarktstatistik der Bundesagentur für Arbeit;JAHR;Jahr;2024;KREISE;Kreise und kreisfreie Städte;12065;Oberhavel, Landkreis;;;;;5,1;Prozent;ERWP10;Arbeitslosenquote bez. auf alle zivile Erwerbsp.
13211;Arbeitsmarktstatistik der Bundesagentur für Arbeit;JAHR;Jahr;2024;KREISE;Kreise und kreisfreie Städte;12065;Oberhavel, Landkreis;;;;;5,6;Prozent;ERWP09;Arbeitslosenquote bez. abh. zivile Erwerbspers.
13211;Arbeitsmarktstatistik der Bundesagentur für Arbeit;JAHR;Jahr;2020;KREISE;Kreise und kreisfreie Städte;06636;Werra-Meißner-Kreis;;;;;2899;Anzahl;ERWP06;Arbeitslose
13211;Arbeitsmarktstatistik der Bundesagentur für Arbeit;JAHR;Jahr;2020;KREISE;Kreise und kreisfreie Städte;06636;Werra-Meißner-Kreis;;;;;5,6;Prozent;ERWP10;Arbeitslosenquote bez. auf alle zivile Erwerbsp.
13211;Arbeitsmarktstatistik der Bundesagentur für Arbeit;JAHR;Jahr;2020;KREISE;Kreise und kreisfreie Städte;06636;Werra-Meißner-Kreis;;;;;6,2;Prozent;ERWP09;Arbeitslosenquote bez. abh. zivile Erwerbspers.
13211;Arbeitsmarktstatistik der Bundesagentur für Arbeit;JAHR;Jahr;2024;KREISE;Kreise und kreisfreie Städte;06534;Marburg-Biedenkopf, Landkreis;;;;;6297;Anzahl;ERWP06;Arbeitslose
13211;Arbeitsmarktstatistik der Bundesagentur für Arbeit;JAHR;Jahr;2024;KREISE;Kreise und kreisfreie Städte;06534;Marburg-Biedenkopf, Landkreis;;;;;4,6;Prozent;ERWP10;Arbeitslosenquote bez. auf alle zivile Erwerbsp.
13211;Arbeitsmarktstatistik der Bundesagentur für Arbeit;JAHR;Jahr;2024;KREISE;Kreise und kreisfreie Städte;06534;Marburg-Biedenkopf, Landkreis;;;;;5,0;Prozent;ERWP09;Arbeitslosenquote bez. abh. zivile Erwerbspers.
13211;Arbeitsmarktstatistik der Bundesagentur für Arbeit;JAHR;Jahr;2023;KREISE;Kreise und kreisfreie Städte;06531;Gießen, Landkreis;;;;;8166;Anzahl;ERWP06;Arbeitslose
13211;Arbeitsmarktstatistik der Bundesagentur für Arbeit;JAHR;Jahr;2023;KREISE;Kreise und kreisfreie Städte;06531;Gießen, Landkreis;;;;;5,5;Prozent;ERWP10;Arbeitslosenquote bez. auf alle zivile Erwerbsp.
13211;Arbeitsmarktstatistik der Bundesagentur für Arbeit;JAHR;Jahr;2023;KREISE;Kreise und kreisfreie Städte;06531;Gießen, Landkreis;;;;;5,9;Prozent;ERWP09;Arbeitslosenquote bez. abh. zivile Erwerbspers.
13211;Arbeitsmarktstatistik der Bundesagentur für Arbeit;JAHR;Jahr;2021;KREISE;Kreise und kreisfreie Städte;06533;Limburg-Weilburg, Landkreis;;;;;4246;Anzahl;ERWP06;Arbeitslose
13211;Arbeitsmarktstatistik der Bundesagentur für Arbeit;JAHR;Jahr;2021;KREISE;Kreise und kreisfreie Städte;06533;Limburg-Weilburg, Landkreis;;;;;4,5;Prozent;ERWP10;Arbeitslosenquote bez. auf alle zivile Erwerbsp.
13211;Arbeitsmarktstatistik der Bundesagentur für Arbeit;JAHR;Jahr;2021;KREISE;Kreise und kreisfreie Städte;06533;Limburg-Weilburg, Landkreis;;;;;5,0;Prozent;ERWP09;Arbeitslosenquote bez. abh. zivile Erwerbspers.
13211;Arbeitsmarktstatistik der Bundesagentur für Arbeit;JAHR;Jahr;2025;KREISE;Kreise und kreisfreie Städte;12061;Dahme-Spreewald, Landkreis;;;;;3849;Anzahl;ERWP06;Arbeitslose
13211;Arbeitsmarktstatistik der Bundesagentur für Arbeit;JAHR;Jahr;2025;KREISE;Kreise und kreisfreie Städte;12061;Dahme-Spreewald, Landkreis;;;;;4,0;Prozent;ERWP10;Arbeitslosenquote bez. auf alle zivile Erwerbsp.
13211;Arbeitsmarktstatistik der Bundesagentur für Arbeit;JAHR;Jahr;2025;KREISE;Kreise und kreisfreie Städte;12061;Dahme-Spreewald, Landkreis;;;;;4,3;Prozent;ERWP09;Arbeitslosenquote bez. abh. zivile Erwerbspers.
13211;Arbeitsmarktstatistik der Bundesagentur für Arbeit;JAHR;Jahr;2017;KREISE;Kreise und kreisfreie Städte;06531;Gießen, Landkreis;;;;;8217;Anzahl;ERWP06;Arbeitslose
13211;Arbeitsmarktstatistik der Bundesagentur für Arbeit;JAHR;Jahr;2017;KREISE;Kreise und kreisfreie Städte;06531;Gießen, Landkreis;;;;;5,8;Prozent;ERWP10;Arbeitslosenquote bez. auf alle zivile Erwerbsp.
13211;Arbeitsmarktstatistik der Bundesagentur für Arbeit;JAHR;Jahr;2017;KREISE;Kreise und kreisfreie Städte;06531;Gießen, Landkreis;;;;;6,4;Prozent;ERWP09;Arbeitslosenquote bez. abh. zivile Erwerbspers.
13211;Arbeitsmarktstatistik der Bundesagentur für Arbeit;JAHR;Jahr;2012;KREISE;Kreise und kreisfreie Städte;12065;Oberhavel, Landkreis;;;;;9818;Anzahl;ERWP06;Arbeitslose
13211;Arbeitsmarktstatistik der Bundesagentur für Arbeit;JAHR;Jahr;2012;KREISE;Kreise und kreisfreie Städte;12065;Oberhavel, Landkreis;;;;;8,8;Prozent;ERWP10;Arbeitslosenquote bez. auf alle zivile Erwerbsp.
13211;Arbeitsmarktstatistik der Bundesagentur für Arbeit;JAHR;Jahr;2012;KREISE;Kreise und kreisfreie Städte;12065;Oberhavel, Landkreis;;;;;9,8;Prozent;ERWP09;Arbeitslosenquote bez. abh. zivile Erwerbspers.
13211;Arbeitsmarktstatistik der Bundesagentur für Arbeit;JAHR;Jahr;2014;KREISE;Kreise und kreisfreie Städte;12063;Havelland, Landkreis;;;;;7217;Anzahl;ERWP06;Arbeitslose
13211;Arbeitsmarktstatistik der Bundesagentur für Arbeit;JAHR;Jahr;2014;KREISE;Kreise und kreisfreie Städte;12063;Havelland, Landkreis;;;;;8,5;Prozent;ERWP10;Arbeitslosenquote bez. auf alle zivile Erwerbsp.
13211;Arbeitsmarktstatistik der Bundesagentur für Arbeit;JAHR;Jahr;2014;KREISE;Kreise und kreisfreie Städte;12063;Havelland, Landkreis;;;;;9,5;Prozent;ERWP09;Arbeitslosenquote bez. abh. zivile Erwerbspers.
13211;Arbeitsmarktstatistik der Bundesagentur für Arbeit;JAHR;Jahr;2010;KREISE;Kreise und kreisfreie Städte;12067;Oder-Spree, Landkreis;;;;;10578;Anzahl;ERWP06;Arbeitslose
13211;Arbeitsmarktstatistik der Bundesagentur für Arbeit;JAHR;Jahr;2010;KREISE;Kreise und kreisfreie Städte;12067;Oder-Spree, Landkreis;;;;;10,8;Prozent;ERWP10;Arbeitslosenquote bez. auf alle zivile Erwerbsp.
13211;Arbeitsmarktstatistik der Bundesagentur für Arbeit;JAHR;Jahr;2010;KREISE;Kreise und kreisfreie Städte;12067;Oder-Spree, Landkreis;;;;;12,0;Prozent;ERWP09;Arbeitslosenquote bez. abh. zivile Erwerbspers.
13211;Arbeitsmarktstatistik der Bundesagentur für Arbeit;JAHR;Jahr;2019;KREISE;Kreise und kreisfreie Städte;12061;Dahme-Spreewald, Landkreis;;;;;3379;Anzahl;ERWP06;Arbeitslose
13211;Arbeitsmarktstatistik der Bundesagentur für Arbeit;JAHR;Jahr;2019;KREISE;Kreise und kreisfreie Städte;12061;Dahme-Spreewald, Landkreis;;;;;3,7;Prozent;ERWP10;Arbeitslosenquote bez. auf alle zivile Erwerbsp.
13211;Arbeitsmarktstatistik der Bundesagentur für Arbeit;JAHR;Jahr;2019;KREISE;Kreise und kreisfreie Städte;12061;Dahme-Spreewald, Landkreis;;;;;4,1;Prozent;ERWP09;Arbeitslosenquote bez. abh. zivile Erwerbspers.
13211;Arbeitsmarktstatistik der Bundesagentur für Arbeit;JAHR;Jahr;2018;KREISE;Kreise und kreisfreie Städte;12066;Oberspreewald-Lausitz, Landkreis;;;;;4882;Anzahl;ERWP06;Arbeitslose
13211;Arbeitsmarktstatistik der Bundesagentur für Arbeit;JAHR;Jahr;2018;KREISE;Kreise und kreisfreie Städte;12066;Oberspreewald-Lausitz, Landkreis;;;;;8,4;Prozent;ERWP10;Arbeitslosenquote bez. auf alle zivile Erwerbsp.
13211;Arbeitsmarktstatistik der Bundesagentur für Arbeit;JAHR;Jahr;2018;KREISE;Kreise und kreisfreie Städte;12066;Oberspreewald-Lausitz, Landkreis;;;;;9,3;Prozent;ERWP09;Arbeitslosenquote bez. abh. zivile Erwerbspers.
13211;Arbeitsmarktstatistik der Bundesagentur für Arbeit;JAHR;Jahr;2017;KREISE;Kreise und kreisfreie Städte;12063;Havelland, Landkreis;;;;;5457;Anzahl;ERWP06;Arbeitslose
13211;Arbeitsmarktstatistik der Bundesagentur für Arbeit;JAHR;Jahr;2017;KREISE;Kreise und kreisfreie Städte;12063;Havelland, Landkreis;;;;;6,4;Prozent;ERWP10;Arbeitslosenquote bez. auf alle zivile Erwerbsp.
13211;Arbeitsmarktstatistik der Bundesagentur für Arbeit;JAHR;Jahr;2017;KREISE;Kreise und kreisfreie Städte;12063;Havelland, Landkreis;;;;;7,0;Prozent;ERWP09;Arbeitslosenquote bez. abh. zivile Erwerbspers.
13211;Arbeitsmarktstatistik der Bundesagentur für Arbeit;JAHR;Jahr;2015;KREISE;Kreise und kreisfreie Städte;12066;Oberspreewald-Lausitz, Landkreis;;;;;7176;Anzahl;ERWP06;Arbeitslose
13211;Arbeitsmarktstatistik der Bundesagentur für Arbeit;JAHR;Jahr;2015;KREISE;Kreise und kreisfreie Städte;12066;Oberspreewald-Lausitz, Landkreis;;;;;11,7;Prozent;ERWP10;Arbeitslosenquote bez. auf alle zivile Erwerbsp.
13211;Arbeitsmarktstatistik der Bundesagentur für Arbeit;JAHR;Jahr;2015;KREISE;Kreise und kreisfreie Städte;12066;Oberspreewald-Lausitz, Landkreis;;;;;13,2;Prozent;ERWP09;Arbeitslosenquote bez. abh. zivile Erwerbspers.
13211;Arbeitsmarktstatistik der Bundesagentur für Arbeit;JAHR;Jahr;2016;KREISE;Kreise und kreisfreie Städte;12061;Dahme-Spreewald, Landkreis;;;;;4927;Anzahl;ERWP06;Arbeitslose
13211;Arbeitsmarktstatistik der Bundesagentur für Arbeit;JAHR;Jahr;2016;KREISE;Kreise und kreisfreie Städte;12061;Dahme-Spreewald, Landkreis;;;;;5,6;Prozent;ERWP10;Arbeitslosenquote bez. auf alle zivile Erwerbsp.
13211;Arbeitsmarktstatistik der Bundesagentur für Arbeit;JAHR;Jahr;2016;KREISE;Kreise und kreisfreie Städte;12061;Dahme-Spreewald, Landkreis;;;;;6,2;Prozent;ERWP09;Arbeitslosenquote bez. abh. zivile Erwerbspers.
13211;Arbeitsmarktstatistik der Bundesagentur für Arbeit;JAHR;Jahr;2016;KREISE;Kreise und kreisfreie Städte;06439;Rheingau-Taunus-Kreis;;;;;4275;Anzahl;ERWP06;Arbeitslose
13211;Arbeitsmarktstatistik der Bundesagentur für Arbeit;JAHR;Jahr;2016;KREISE;Kreise und kreisfreie Städte;06439;Rheingau-Taunus-Kreis;;;;;4,4;Prozent;ERWP10;Arbeitslosenquote bez. auf alle zivile Erwerbsp.
13211;Arbeitsmarktstatistik der Bundesagentur für Arbeit;JAHR;Jahr;2016;KREISE;Kreise und kreisfreie Städte;06439;Rheingau-Taunus-Kreis;;;;;4,9;Prozent;ERWP09;Arbeitslosenquote bez. abh. zivile Erwerbspers.
13211;Arbeitsmarktstatistik der Bundesagentur für Arbeit;JAHR;Jahr;2021;KREISE;Kreise und kreisfreie Städte;12066;Oberspreewald-Lausitz, Landkreis;;;;;4092;Anzahl;ERWP06;Arbeitslose
13211;Arbeitsmarktstatistik der Bundesagentur für Arbeit;JAHR;Jahr;2021;KREISE;Kreise und kreisfreie Städte;12066;Oberspreewald-Lausitz, Landkreis;;;;;7,2;Prozent;ERWP10;Arbeitslosenquote bez. auf alle zivile Erwerbsp.
13211;Arbeitsmarktstatistik der Bundesagentur für Arbeit;JAHR;Jahr;2021;KREISE;Kreise und kreisfreie Städte;12066;Oberspreewald-Lausitz, Landkreis;;;;;7,9;Prozent;ERWP09;Arbeitslosenquote bez. abh. zivile Erwerbspers.
13211;Arbeitsmarktstatistik der Bundesagentur für Arbeit;JAHR;Jahr;2019;KREISE;Kreise und kreisfreie Städte;06439;Rheingau-Taunus-Kreis;;;;;3858;Anzahl;ERWP06;Arbeitslose
13211;Arbeitsmarktstatistik der Bundesagentur für Arbeit;JAHR;Jahr;2019;KREISE;Kreise und kreisfreie Städte;06439;Rheingau-Taunus-Kreis;;;;;3,9;Prozent;ERWP10;Arbeitslosenquote bez. auf alle zivile Erwerbsp.
13211;Arbeitsmarktstatistik der Bundesagentur für Arbeit;JAHR;Jahr;2019;KREISE;Kreise und kreisfreie Städte;06439;Rheingau-Taunus-Kreis;;;;;4,3;Prozent;ERWP09;Arbeitslosenquote bez. abh. zivile Erwerbspers.
13211;Arbeitsmarktstatistik der Bundesagentur für Arbeit;JAHR;Jahr;2012;KREISE;Kreise und kreisfreie Städte;06533;Limburg-Weilburg, Landkreis;;;;;5079;Anzahl;ERWP06;Arbeitslose
13211;Arbeitsmarktstatistik der Bundesagentur für Arbeit;JAHR;Jahr;2012;KREISE;Kreise und kreisfreie Städte;06533;Limburg-Weilburg, Landkreis;;;;;5,7;Prozent;ERWP10;Arbeitslosenquote bez. auf alle zivile Erwerbsp.
13211;Arbeitsmarktstatistik der Bundesagentur für Arbeit;JAHR;Jahr;2012;KREISE;Kreise und kreisfreie Städte;06533;Limburg-Weilburg, Landkreis;;;;;6,4;Prozent;ERWP09;Arbeitslosenquote bez. abh. zivile Erwerbspers.
13211;Arbeitsmarktstatistik der Bundesagentur für Arbeit;JAHR;Jahr;2014;KREISE;Kreise und kreisfreie Städte;06531;Gießen, Landkreis;;;;;9343;Anzahl;ERWP06;Arbeitslose
13211;Arbeitsmarktstatistik der Bundesagentur für Arbeit;JAHR;Jahr;2014;KREISE;Kreise und kreisfreie Städte;06531;Gießen, Landkreis;;;;;6,8;Prozent;ERWP10;Arbeitslosenquote bez. auf alle zivile Erwerbsp.
13211;Arbeitsmarktstatistik der Bundesagentur für Arbeit;JAHR;Jahr;2014;KREISE;Kreise und kreisfreie Städte;06531;Gießen, Landkreis;;;;;7,7;Prozent;ERWP09;Arbeitslosenquote bez. abh. zivile Erwerbspers.
13211;Arbeitsmarktstatistik der Bundesagentur für Arbeit;JAHR;Jahr;2013;KREISE;Kreise und kreisfreie Städte;06535;Vogelsbergkreis;;;;;2661;Anzahl;ERWP06;Arbeitslose
13211;Arbeitsmarktstatistik der Bundesagentur für Arbeit;JAHR;Jahr;2013;KREISE;Kreise und kreisfreie Städte;06535;Vogelsbergkreis;;;;;4,6;Prozent;ERWP10;Arbeitslosenquote bez. auf alle zivile Erwerbsp.
13211;Arbeitsmarktstatistik der Bundesagentur für Arbeit;JAHR;Jahr;2013;KREISE;Kreise und kreisfreie Städte;06535;Vogelsbergkreis;;;;;5,2;Prozent;ERWP09;Arbeitslosenquote bez. abh. zivile Erwerbspers.
13211;Arbeitsmarktstatistik der Bundesagentur für Arbeit;JAHR;Jahr;2015;KREISE;Kreise und kreisfreie Städte;06533;Limburg-Weilburg, Landkreis;;;;;4786;Anzahl;ERWP06;Arbeitslose
13211;Arbeitsmarktstatistik der Bundesagentur für Arbeit;JAHR;Jahr;2015;KREISE;Kreise und kreisfreie Städte;06533;Limburg-Weilburg, Landkreis;;;;;5,3;Prozent;ERWP10;Arbeitslosenquote bez. auf alle zivile Erwerbsp.
13211;Arbeitsmarktstatistik der Bundesagentur für Arbeit;JAHR;Jahr;2015;KREISE;Kreise und kreisfreie Städte;06533;Limburg-Weilburg, Landkreis;;;;;5,9;Prozent;ERWP09;Arbeitslosenquote bez. abh. zivile Erwerbspers.
13211;Arbeitsmarktstatistik der Bundesagentur für Arbeit;JAHR;Jahr;2010;KREISE;Kreise und kreisfreie Städte;06535;Vogelsbergkreis;;;;;3633;Anzahl;ERWP06;Arbeitslose
13211;Arbeitsmarktstatistik der Bundesagentur für Arbeit;JAHR;Jahr;2010;KREISE;Kreise und kreisfreie Städte;06535;Vogelsbergkreis;;;;;6,3;Prozent;ERWP10;Arbeitslosenquote bez. auf alle zivile Erwerbsp.
13211;Arbeitsmarktstatistik der Bundesagentur für Arbeit;JAHR;Jahr;2010;KREISE;Kreise und kreisfreie Städte;06535;Vogelsbergkreis;;;;;7,0;Prozent;ERWP09;Arbeitslosenquote bez. abh. zivile Erwerbspers.
13211;Arbeitsmarktstatistik der Bundesagentur für Arbeit;JAHR;Jahr;2024;KREISE;Kreise und kreisfreie Städte;12066;Oberspreewald-Lausitz, Landkreis;;;;;4020;Anzahl;ERWP06;Arbeitslose
13211;Arbeitsmarktstatistik der Bundesagentur für Arbeit;JAHR;Jahr;2024;KREISE;Kreise und kreisfreie Städte;12066;Oberspreewald-Lausitz, Landkreis;;;;;7,2;Prozent;ERWP10;Arbeitslosenquote bez. auf alle zivile Erwerbsp.
13211;Arbeitsmarktstatistik der Bundesagentur für Arbeit;JAHR;Jahr;2024;KREISE;Kreise und kreisfreie Städte;12066;Oberspreewald-Lausitz, Landkreis;;;;;8,0;Prozent;ERWP09;Arbeitslosenquote bez. abh. zivile Erwerbspers.
13211;Arbeitsmarktstatistik der Bundesagentur für Arbeit;JAHR;Jahr;2023;KREISE;Kreise und kreisfreie Städte;12064;Märkisch-Oderland, Landkreis;;;;;5587;Anzahl;ERWP06;Arbeitslose
13211;Arbeitsmarktstatistik der Bundesagentur für Arbeit;JAHR;Jahr;2023;KREISE;Kreise und kreisfreie Städte;12064;Märkisch-Oderland, Landkreis;;;;;5,4;Prozent;ERWP10;Arbeitslosenquote bez. auf alle zivile Erwerbsp.
13211;Arbeitsmarktstatistik der Bundesagentur für Arbeit;JAHR;Jahr;2023;KREISE;Kreise und kreisfreie Städte;12064;Märkisch-Oderland, Landkreis;;;;;5,9;Prozent;ERWP09;Arbeitslosenquote bez. abh. zivile Erwerbspers.
13211;Arbeitsmarktstatistik der Bundesagentur für Arbeit;JAHR;Jahr;2025;KREISE;Kreise und kreisfreie Städte;06439;Rheingau-Taunus-Kreis;;;;;5166;Anzahl;ERWP06;Arbeitslose
13211;Arbeitsmarktstatistik der Bundesagentur für Arbeit;JAHR;Jahr;2025;KREISE;Kreise und kreisfreie Städte;06439;Rheingau-Taunus-Kreis;;;;;5,1;Prozent;ERWP10;Arbeitslosenquote bez. auf alle zivile Erwerbsp.
13211;Arbeitsmarktstatistik der Bundesagentur für Arbeit;JAHR;Jahr;2025;KREISE;Kreise und kreisfreie Städte;06439;Rheingau-Taunus-Kreis;;;;;5,5;Prozent;ERWP09;Arbeitslosenquote bez. abh. zivile Erwerbspers.
13211;Arbeitsmarktstatistik der Bundesagentur für Arbeit;JAHR;Jahr;2018;KREISE;Kreise und kreisfreie Städte;06535;Vogelsbergkreis;;;;;2132;Anzahl;ERWP06;Arbeitslose
13211;Arbeitsmarktstatistik der Bundesagentur für Arbeit;JAHR;Jahr;2018;KREISE;Kreise und kreisfreie Städte;06535;Vogelsbergkreis;;;;;3,7;Prozent;ERWP10;Arbeitslosenquote bez. auf alle zivile Erwerbsp.
13211;Arbeitsmarktstatistik der Bundesagentur für Arbeit;JAHR;Jahr;2018;KREISE;Kreise und kreisfreie Städte;06535;Vogelsbergkreis;;;;;4,1;Prozent;ERWP09;Arbeitslosenquote bez. abh. zivile Erwerbspers.
13211;Arbeitsmarktstatistik der Bundesagentur für Arbeit;JAHR;Jahr;2020;KREISE;Kreise und kreisfreie Städte;06531;Gießen, Landkreis;;;;;8711;Anzahl;ERWP06;Arbeitslose
13211;Arbeitsmarktstatistik der Bundesagentur für Arbeit;JAHR;Jahr;2020;KREISE;Kreise und kreisfreie Städte;06531;Gießen, Landkreis;;;;;5,9;Prozent;ERWP10;Arbeitslosenquote bez. auf alle zivile Erwerbsp.
13211;Arbeitsmarktstatistik der Bundesagentur für Arbeit;JAHR;Jahr;2020;KREISE;Kreise und kreisfreie Städte;06531;Gießen, Landkreis;;;;;6,5;Prozent;ERWP09;Arbeitslosenquote bez. abh. zivile Erwerbspers.
13211;Arbeitsmarktstatistik der Bundesagentur für Arbeit;JAHR;Jahr;2013;KREISE;Kreise und kreisfreie Städte;06633;Kassel, Landkreis;;;;;6415;Anzahl;ERWP06;Arbeitslose
13211;Arbeitsmarktstatistik der Bundesagentur für Arbeit;JAHR;Jahr;2013;KREISE;Kreise und kreisfreie Städte;06633;Kassel, Landkreis;;;;;5,2;Prozent;ERWP10;Arbeitslosenquote bez. auf alle zivile Erwerbsp.
13211;Arbeitsmarktstatistik der Bundesagentur für Arbeit;JAHR;Jahr;2013;KREISE;Kreise und kreisfreie Städte;06633;Kassel, Landkreis;;;;;5,9;Prozent;ERWP09;Arbeitslosenquote bez. abh. zivile Erwerbspers.
13211;Arbeitsmarktstatistik der Bundesagentur für Arbeit;JAHR;Jahr;2010;KREISE;Kreise und kreisfreie Städte;06633;Kassel, Landkreis;;;;;6459;Anzahl;ERWP06;Arbeitslose
13211;Arbeitsmarktstatistik der Bundesagentur für Arbeit;JAHR;Jahr;2010;KREISE;Kreise und kreisfreie Städte;06633;Kassel, Landkreis;;;;;5,3;Prozent;ERWP10;Arbeitslosenquote bez. auf alle zivile Erwerbsp.
13211;Arbeitsmarktstatistik der Bundesagentur für Arbeit;JAHR;Jahr;2010;KREISE;Kreise und kreisfreie Städte;06633;Kassel, Landkreis;;;;;6,0;Prozent;ERWP09;Arbeitslosenquote bez. abh. zivile Erwerbspers.
13211;Arbeitsmarktstatistik der Bundesagentur für Arbeit;JAHR;Jahr;2022;KREISE;Kreise und kreisfreie Städte;06439;Rheingau-Taunus-Kreis;;;;;4017;Anzahl;ERWP06;Arbeitslose
13211;Arbeitsmarktstatistik der Bundesagentur für Arbeit;JAHR;Jahr;2022;KREISE;Kreise und kreisfreie Städte;06439;Rheingau-Taunus-Kreis;;;;;4,0;Prozent;ERWP10;Arbeitslosenquote bez. auf alle zivile Erwerbsp.
13211;Arbeitsmarktstatistik der Bundesagentur für Arbeit;JAHR;Jahr;2022;KREISE;Kreise und kreisfreie Städte;06439;Rheingau-Taunus-Kreis;;;;;4,4;Prozent;ERWP09;Arbeitslosenquote bez. abh. zivile Erwerbspers.
13211;Arbeitsmarktstatistik der Bundesagentur für Arbeit;JAHR;Jahr;2023;KREISE;Kreise und kreisfreie Städte;06532;Lahn-Dill-Kreis;;;;;7784;Anzahl;ERWP06;Arbeitslose
13211;Arbeitsmarktstatistik der Bundesagentur für Arbeit;JAHR;Jahr;2023;KREISE;Kreise und kreisfreie Städte;06532;Lahn-Dill-Kreis;;;;;5,7;Prozent;ERWP10;Arbeitslosenquote bez. auf alle zivile Erwerbsp.
13211;Arbeitsmarktstatistik der Bundesagentur für Arbeit;JAHR;Jahr;2023;KREISE;Kreise und kreisfreie Städte;06532;Lahn-Dill-Kreis;;;;;6,2;Prozent;ERWP09;Arbeitslosenquote bez. abh. zivile Erwerbspers.
13211;Arbeitsmarktstatistik der Bundesagentur für Arbeit;JAHR;Jahr;2024;KREISE;Kreise und kreisfreie Städte;06533;Limburg-Weilburg, Landkreis;;;;;4951;Anzahl;ERWP06;Arbeitslose
13211;Arbeitsmarktstatistik der Bundesagentur für Arbeit;JAHR;Jahr;2024;KREISE;Kreise und kreisfreie Städte;06533;Limburg-Weilburg, Landkreis;;;;;5,2;Prozent;ERWP10;Arbeitslosenquote bez. auf alle zivile Erwerbsp.
13211;Arbeitsmarktstatistik der Bundesagentur für Arbeit;JAHR;Jahr;2024;KREISE;Kreise und kreisfreie Städte;06533;Limburg-Weilburg, Landkreis;;;;;5,7;Prozent;ERWP09;Arbeitslosenquote bez. abh. zivile Erwerbspers.
13211;Arbeitsmarktstatistik der Bundesagentur für Arbeit;JAHR;Jahr;2021;KREISE;Kreise und kreisfreie Städte;06532;Lahn-Dill-Kreis;;;;;7043;Anzahl;ERWP06;Arbeitslose
13211;Arbeitsmarktstatistik der Bundesagentur für Arbeit;JAHR;Jahr;2021;KREISE;Kreise und kreisfreie Städte;06532;Lahn-Dill-Kreis;;;;;5,1;Prozent;ERWP10;Arbeitslosenquote bez. auf alle zivile Erwerbsp.
13211;Arbeitsmarktstatistik der Bundesagentur für Arbeit;JAHR;Jahr;2021;KREISE;Kreise und kreisfreie Städte;06532;Lahn-Dill-Kreis;;;;;5,6;Prozent;ERWP09;Arbeitslosenquote bez. abh. zivile Erwerbspers.
13211;Arbeitsmarktstatistik der Bundesagentur für Arbeit;JAHR;Jahr;2017;KREISE;Kreise und kreisfreie Städte;06532;Lahn-Dill-Kreis;;;;;7379;Anzahl;ERWP06;Arbeitslose
13211;Arbeitsmarktstatistik der Bundesagentur für Arbeit;JAHR;Jahr;2017;KREISE;Kreise und kreisfreie Städte;06532;Lahn-Dill-Kreis;;;;;5,4;Prozent;ERWP10;Arbeitslosenquote bez. auf alle zivile Erwerbsp.
13211;Arbeitsmarktstatistik der Bundesagentur für Arbeit;JAHR;Jahr;2017;KREISE;Kreise und kreisfreie Städte;06532;Lahn-Dill-Kreis;;;;;6,0;Prozent;ERWP09;Arbeitslosenquote bez. abh. zivile Erwerbspers.
13211;Arbeitsmarktstatistik der Bundesagentur für Arbeit;JAHR;Jahr;2012;KREISE;Kreise und kreisfreie Städte;12066;Oberspreewald-Lausitz, Landkreis;;;;;8933;Anzahl;ERWP06;Arbeitslose
13211;Arbeitsmarktstatistik der Bundesagentur für Arbeit;JAHR;Jahr;2012;KREISE;Kreise und kreisfreie Städte;12066;Oberspreewald-Lausitz, Landkreis;;;;;14,0;Prozent;ERWP10;Arbeitslosenquote bez. auf alle zivile Erwerbsp.
13211;Arbeitsmarktstatistik der Bundesagentur für Arbeit;JAHR;Jahr;2012;KREISE;Kreise und kreisfreie Städte;12066;Oberspreewald-Lausitz, Landkreis;;;;;15,8;Prozent;ERWP09;Arbeitslosenquote bez. abh. zivile Erwerbspers.
13211;Arbeitsmarktstatistik der Bundesagentur für Arbeit;JAHR;Jahr;2010;KREISE;Kreise und kreisfreie Städte;12066;Oberspreewald-Lausitz, Landkreis;;;;;10219;Anzahl;ERWP06;Arbeitslose
13211;Arbeitsmarktstatistik der Bundesagentur für Arbeit;JAHR;Jahr;2010;KREISE;Kreise und kreisfreie Städte;12066;Oberspreewald-Lausitz, Landkreis;;;;;15,6;Prozent;ERWP10;Arbeitslosenquote bez. auf alle zivile Erwerbsp.
13211;Arbeitsmarktstatistik der Bundesagentur für Arbeit;JAHR;Jahr;2010;KREISE;Kreise und kreisfreie Städte;12066;Oberspreewald-Lausitz, Landkreis;;;;;17,5;Prozent;ERWP09;Arbeitslosenquote bez. abh. zivile Erwerbspers.
13211;Arbeitsmarktstatistik der Bundesagentur für Arbeit;JAHR;Jahr;2011;KREISE;Kreise und kreisfreie Städte;12063;Havelland, Landkreis;;;;;7681;Anzahl;ERWP06;Arbeitslose
13211;Arbeitsmarktstatistik der Bundesagentur für Arbeit;JAHR;Jahr;2011;KREISE;Kreise und kreisfreie Städte;12063;Havelland, Landkreis;;;;;9,3;Prozent;ERWP10;Arbeitslosenquote bez. auf alle zivile Erwerbsp.
13211;Arbeitsmarktstatistik der Bundesagentur für Arbeit;JAHR;Jahr;2011;KREISE;Kreise und kreisfreie Städte;12063;Havelland, Landkreis;;;;;10,4;Prozent;ERWP09;Arbeitslosenquote bez. abh. zivile Erwerbspers.
13211;Arbeitsmarktstatistik der Bundesagentur für Arbeit;JAHR;Jahr;2013;KREISE;Kreise und kreisfreie Städte;12067;Oder-Spree, Landkreis;;;;;8689;Anzahl;ERWP06;Arbeitslose
13211;Arbeitsmarktstatistik der Bundesagentur für Arbeit;JAHR;Jahr;2013;KREISE;Kreise und kreisfreie Städte;12067;Oder-Spree, Landkreis;;;;;9,0;Prozent;ERWP10;Arbeitslosenquote bez. auf alle zivile Erwerbsp.
13211;Arbeitsmarktstatistik der Bundesagentur für Arbeit;JAHR;Jahr;2013;KREISE;Kreise und kreisfreie Städte;12067;Oder-Spree, Landkreis;;;;;10,0;Prozent;ERWP09;Arbeitslosenquote bez. abh. zivile Erwerbspers.
13211;Arbeitsmarktstatistik der Bundesagentur für Arbeit;JAHR;Jahr;2015;KREISE;Kreise und kreisfreie Städte;12067;Oder-Spree, Landkreis;;;;;8169;Anzahl;ERWP06;Arbeitslose
13211;Arbeitsmarktstatistik der Bundesagentur für Arbeit;JAHR;Jahr;2015;KREISE;Kreise und kreisfreie Städte;12067;Oder-Spree, Landkreis;;;;;8,6;Prozent;ERWP10;Arbeitslosenquote bez. auf alle zivile Erwerbsp.
13211;Arbeitsmarktstatistik der Bundesagentur für Arbeit;JAHR;Jahr;2015;KREISE;Kreise und kreisfreie Städte;12067;Oder-Spree, Landkreis;;;;;9,6;Prozent;ERWP09;Arbeitslosenquote bez. abh. zivile Erwerbspers.
13211;Arbeitsmarktstatistik der Bundesagentur für Arbeit;JAHR;Jahr;2018;KREISE;Kreise und kreisfreie Städte;12067;Oder-Spree, Landkreis;;;;;6249;Anzahl;ERWP06;Arbeitslose
13211;Arbeitsmarktstatistik der Bundesagentur für Arbeit;JAHR;Jahr;2018;KREISE;Kreise und kreisfreie Städte;12067;Oder-Spree, Landkreis;;;;;6,7;Prozent;ERWP10;Arbeitslosenquote bez. auf alle zivile Erwerbsp.
13211;Arbeitsmarktstatistik der Bundesagentur für Arbeit;JAHR;Jahr;2018;KREISE;Kreise und kreisfreie Städte;12067;Oder-Spree, Landkreis;;;;;7,4;Prozent;ERWP09;Arbeitslosenquote bez. abh. zivile Erwerbspers.
13211;Arbeitsmarktstatistik der Bundesagentur für Arbeit;JAHR;Jahr;2021;KREISE;Kreise und kreisfreie Städte;12067;Oder-Spree, Landkreis;;;;;5775;Anzahl;ERWP06;Arbeitslose
13211;Arbeitsmarktstatistik der Bundesagentur für Arbeit;JAHR;Jahr;2021;KREISE;Kreise und kreisfreie Städte;12067;Oder-Spree, Landkreis;;;;;6,2;Prozent;ERWP10;Arbeitslosenquote bez. auf alle zivile Erwerbsp.
13211;Arbeitsmarktstatistik der Bundesagentur für Arbeit;JAHR;Jahr;2021;KREISE;Kreise und kreisfreie Städte;12067;Oder-Spree, Landkreis;;;;;6,8;Prozent;ERWP09;Arbeitslosenquote bez. abh. zivile Erwerbspers.
13211;Arbeitsmarktstatistik der Bundesagentur für Arbeit;JAHR;Jahr;2020;KREISE;Kreise und kreisfreie Städte;12063;Havelland, Landkreis;;;;;5046;Anzahl;ERWP06;Arbeitslose
13211;Arbeitsmarktstatistik der Bundesagentur für Arbeit;JAHR;Jahr;2020;KREISE;Kreise und kreisfreie Städte;12063;Havelland, Landkreis;;;;;5,7;Prozent;ERWP10;Arbeitslosenquote bez. auf alle zivile Erwerbsp.
13211;Arbeitsmarktstatistik der Bundesagentur für Arbeit;JAHR;Jahr;2020;KREISE;Kreise und kreisfreie Städte;12063;Havelland, Landkreis;;;;;6,3;Prozent;ERWP09;Arbeitslosenquote bez. abh. zivile Erwerbspers.
13211;Arbeitsmarktstatistik der Bundesagentur für Arbeit;JAHR;Jahr;2012;KREISE;Kreise und kreisfreie Städte;06532;Lahn-Dill-Kreis;;;;;7746;Anzahl;ERWP06;Arbeitslose
13211;Arbeitsmarktstatistik der Bundesagentur für Arbeit;JAHR;Jahr;2012;KREISE;Kreise und kreisfreie Städte;06532;Lahn-Dill-Kreis;;;;;5,8;Prozent;ERWP10;Arbeitslosenquote bez. auf alle zivile Erwerbsp.
13211;Arbeitsmarktstatistik der Bundesagentur für Arbeit;JAHR;Jahr;2012;KREISE;Kreise und kreisfreie Städte;06532;Lahn-Dill-Kreis;;;;;6,5;Prozent;ERWP09;Arbeitslosenquote bez. abh. zivile Erwerbspers.
13211;Arbeitsmarktstatistik der Bundesagentur für Arbeit;JAHR;Jahr;2015;KREISE;Kreise und kreisfreie Städte;06532;Lahn-Dill-Kreis;;;;;7883;Anzahl;ERWP06;Arbeitslose
13211;Arbeitsmarktstatistik der Bundesagentur für Arbeit;JAHR;Jahr;2015;KREISE;Kreise und kreisfreie Städte;06532;Lahn-Dill-Kreis;;;;;5,8;Prozent;ERWP10;Arbeitslosenquote bez. auf alle zivile Erwerbsp.
13211;Arbeitsmarktstatistik der Bundesagentur für Arbeit;JAHR;Jahr;2015;KREISE;Kreise und kreisfreie Städte;06532;Lahn-Dill-Kreis;;;;;6,5;Prozent;ERWP09;Arbeitslosenquote bez. abh. zivile Erwerbspers.
13211;Arbeitsmarktstatistik der Bundesagentur für Arbeit;JAHR;Jahr;2014;KREISE;Kreise und kreisfreie Städte;06532;Lahn-Dill-Kreis;;;;;8118;Anzahl;ERWP06;Arbeitslose
13211;Arbeitsmarktstatistik der Bundesagentur für Arbeit;JAHR;Jahr;2014;KREISE;Kreise und kreisfreie Städte;06532;Lahn-Dill-Kreis;;;;;6,0;Prozent;ERWP10;Arbeitslosenquote bez. auf alle zivile Erwerbsp.
13211;Arbeitsmarktstatistik der Bundesagentur für Arbeit;JAHR;Jahr;2014;KREISE;Kreise und kreisfreie Städte;06532;Lahn-Dill-Kreis;;;;;6,7;Prozent;ERWP09;Arbeitslosenquote bez. abh. zivile Erwerbspers.
13211;Arbeitsmarktstatistik der Bundesagentur für Arbeit;JAHR;Jahr;2023;KREISE;Kreise und kreisfreie Städte;12063;Havelland, Landkreis;;;;;5082;Anzahl;ERWP06;Arbeitslose
13211;Arbeitsmarktstatistik der Bundesagentur für Arbeit;JAHR;Jahr;2023;KREISE;Kreise und kreisfreie Städte;12063;Havelland, Landkreis;;;;;5,7;Prozent;ERWP10;Arbeitslosenquote bez. auf alle zivile Erwerbsp.
13211;Arbeitsmarktstatistik der Bundesagentur für Arbeit;JAHR;Jahr;2023;KREISE;Kreise und kreisfreie Städte;12063;Havelland, Landkreis;;;;;6,2;Prozent;ERWP09;Arbeitslosenquote bez. abh. zivile Erwerbspers.
13211;Arbeitsmarktstatistik der Bundesagentur für Arbeit;JAHR;Jahr;2024;KREISE;Kreise und kreisfreie Städte;12067;Oder-Spree, Landkreis;;;;;5997;Anzahl;ERWP06;Arbeitslose
13211;Arbeitsmarktstatistik der Bundesagentur für Arbeit;JAHR;Jahr;2024;KREISE;Kreise und kreisfreie Städte;12067;Oder-Spree, Landkreis;;;;;6,4;Prozent;ERWP10;Arbeitslosenquote bez. auf alle zivile Erwerbsp.
13211;Arbeitsmarktstatistik der Bundesagentur für Arbeit;JAHR;Jahr;2024;KREISE;Kreise und kreisfreie Städte;12067;Oder-Spree, Landkreis;;;;;7,0;Prozent;ERWP09;Arbeitslosenquote bez. abh. zivile Erwerbspers.
13211;Arbeitsmarktstatistik der Bundesagentur für Arbeit;JAHR;Jahr;2025;KREISE;Kreise und kreisfreie Städte;12063;Havelland, Landkreis;;;;;6193;Anzahl;ERWP06;Arbeitslose
13211;Arbeitsmarktstatistik der Bundesagentur für Arbeit;JAHR;Jahr;2025;KREISE;Kreise und kreisfreie Städte;12063;Havelland, Landkreis;;;;;6,7;Prozent;ERWP10;Arbeitslosenquote bez. auf alle zivile Erwerbsp.
13211;Arbeitsmarktstatistik der Bundesagentur für Arbeit;JAHR;Jahr;2025;KREISE;Kreise und kreisfreie Städte;12063;Havelland, Landkreis;;;;;7,3;Prozent;ERWP09;Arbeitslosenquote bez. abh. zivile Erwerbspers.
13211;Arbeitsmarktstatistik der Bundesagentur für Arbeit;JAHR;Jahr;2022;KREISE;Kreise und kreisfreie Städte;12067;Oder-Spree, Landkreis;;;;;5528;Anzahl;ERWP06;Arbeitslose
13211;Arbeitsmarktstatistik der Bundesagentur für Arbeit;JAHR;Jahr;2022;KREISE;Kreise und kreisfreie Städte;12067;Oder-Spree, Landkreis;;;;;6,0;Prozent;ERWP10;Arbeitslosenquote bez. auf alle zivile Erwerbsp.
13211;Arbeitsmarktstatistik der Bundesagentur für Arbeit;JAHR;Jahr;2022;KREISE;Kreise und kreisfreie Städte;12067;Oder-Spree, Landkreis;;;;;6,5;Prozent;ERWP09;Arbeitslosenquote bez. abh. zivile Erwerbspers.
13211;Arbeitsmarktstatistik der Bundesagentur für Arbeit;JAHR;Jahr;2020;KREISE;Kreise und kreisfreie Städte;06532;Lahn-Dill-Kreis;;;;;7734;Anzahl;ERWP06;Arbeitslose
13211;Arbeitsmarktstatistik der Bundesagentur für Arbeit;JAHR;Jahr;2020;KREISE;Kreise und kreisfreie Städte;06532;Lahn-Dill-Kreis;;;;;5,5;Prozent;ERWP10;Arbeitslosenquote bez. auf alle zivile Erwerbsp.
13211;Arbeitsmarktstatistik der Bundesagentur für Arbeit;JAHR;Jahr;2020;KREISE;Kreise und kreisfreie Städte;06532;Lahn-Dill-Kreis;;;;;6,1;Prozent;ERWP09;Arbeitslosenquote bez. abh. zivile Erwerbspers.
13211;Arbeitsmarktstatistik der Bundesagentur für Arbeit;JAHR;Jahr;2024;KREISE;Kreise und kreisfreie Städte;06532;Lahn-Dill-Kreis;;;;;8302;Anzahl;ERWP06;Arbeitslose
13211;Arbeitsmarktstatistik der Bundesagentur für Arbeit;JAHR;Jahr;2024;KREISE;Kreise und kreisfreie Städte;06532;Lahn-Dill-Kreis;;;;;6,0;Prozent;ERWP10;Arbeitslosenquote bez. auf alle zivile Erwerbsp.
13211;Arbeitsmarktstatistik der Bundesagentur für Arbeit;JAHR;Jahr;2024;KREISE;Kreise und kreisfreie Städte;06532;Lahn-Dill-Kreis;;;;;6,5;Prozent;ERWP09;Arbeitslosenquote bez. abh. zivile Erwerbspers.
13211;Arbeitsmarktstatistik der Bundesagentur für Arbeit;JAHR;Jahr;2021;KREISE;Kreise und kreisfreie Städte;06531;Gießen, Landkreis;;;;;8302;Anzahl;ERWP06;Arbeitslose
13211;Arbeitsmarktstatistik der Bundesagentur für Arbeit;JAHR;Jahr;2021;KREISE;Kreise und kreisfreie Städte;06531;Gießen, Landkreis;;;;;5,6;Prozent;ERWP10;Arbeitslosenquote bez. auf alle zivile Erwerbsp.
13211;Arbeitsmarktstatistik der Bundesagentur für Arbeit;JAHR;Jahr;2021;KREISE;Kreise und kreisfreie Städte;06531;Gießen, Landkreis;;;;;6,2;Prozent;ERWP09;Arbeitslosenquote bez. abh. zivile Erwerbspers.
13211;Arbeitsmarktstatistik der Bundesagentur für Arbeit;JAHR;Jahr;2025;KREISE;Kreise und kreisfreie Städte;06531;Gießen, Landkreis;;;;;9426;Anzahl;ERWP06;Arbeitslose
13211;Arbeitsmarktstatistik der Bundesagentur für Arbeit;JAHR;Jahr;2025;KREISE;Kreise und kreisfreie Städte;06531;Gießen, Landkreis;;;;;6,2;Prozent;ERWP10;Arbeitslosenquote bez. auf alle zivile Erwerbsp.
13211;Arbeitsmarktstatistik der Bundesagentur für Arbeit;JAHR;Jahr;2025;KREISE;Kreise und kreisfreie Städte;06531;Gießen, Landkreis;;;;;6,7;Prozent;ERWP09;Arbeitslosenquote bez. abh. zivile Erwerbspers.
13211;Arbeitsmarktstatistik der Bundesagentur für Arbeit;JAHR;Jahr;2019;KREISE;Kreise und kreisfreie Städte;06531;Gießen, Landkreis;;;;;7623;Anzahl;ERWP06;Arbeitslose
13211;Arbeitsmarktstatistik der Bundesagentur für Arbeit;JAHR;Jahr;2019;KREISE;Kreise und kreisfreie Städte;06531;Gießen, Landkreis;;;;;5,3;Prozent;ERWP10;Arbeitslosenquote bez. auf alle zivile Erwerbsp.
13211;Arbeitsmarktstatistik der Bundesagentur für Arbeit;JAHR;Jahr;2019;KREISE;Kreise und kreisfreie Städte;06531;Gießen, Landkreis;;;;;5,8;Prozent;ERWP09;Arbeitslosenquote bez. abh. zivile Erwerbspers.
13211;Arbeitsmarktstatistik der Bundesagentur für Arbeit;JAHR;Jahr;2012;KREISE;Kreise und kreisfreie Städte;12067;Oder-Spree, Landkreis;;;;;9120;Anzahl;ERWP06;Arbeitslose
13211;Arbeitsmarktstatistik der Bundesagentur für Arbeit;JAHR;Jahr;2012;KREISE;Kreise und kreisfreie Städte;12067;Oder-Spree, Landkreis;;;;;9,3;Prozent;ERWP10;Arbeitslosenquote bez. auf alle zivile Erwerbsp.
13211;Arbeitsmarktstatistik der Bundesagentur für Arbeit;JAHR;Jahr;2012;KREISE;Kreise und kreisfreie Städte;12067;Oder-Spree, Landkreis;;;;;10,4;Prozent;ERWP09;Arbeitslosenquote bez. abh. zivile Erwerbspers.
13211;Arbeitsmarktstatistik der Bundesagentur für Arbeit;JAHR;Jahr;2010;KREISE;Kreise und kreisfreie Städte;12061;Dahme-Spreewald, Landkreis;;;;;6867;Anzahl;ERWP06;Arbeitslose
13211;Arbeitsmarktstatistik der Bundesagentur für Arbeit;JAHR;Jahr;2010;KREISE;Kreise und kreisfreie Städte;12061;Dahme-Spreewald, Landkreis;;;;;8,0;Prozent;ERWP10;Arbeitslosenquote bez. auf alle zivile Erwerbsp.
13211;Arbeitsmarktstatistik der Bundesagentur für Arbeit;JAHR;Jahr;2010;KREISE;Kreise und kreisfreie Städte;12061;Dahme-Spreewald, Landkreis;;;;;9,0;Prozent;ERWP09;Arbeitslosenquote bez. abh. zivile Erwerbspers.
13211;Arbeitsmarktstatistik der Bundesagentur für Arbeit;JAHR;Jahr;2010;KREISE;Kreise und kreisfreie Städte;06439;Rheingau-Taunus-Kreis;;;;;4343;Anzahl;ERWP06;Arbeitslose
13211;Arbeitsmarktstatistik der Bundesagentur für Arbeit;JAHR;Jahr;2010;KREISE;Kreise und kreisfreie Städte;06439;Rheingau-Taunus-Kreis;;;;;4,6;Prozent;ERWP10;Arbeitslosenquote bez. auf alle zivile Erwerbsp.
13211;Arbeitsmarktstatistik der Bundesagentur für Arbeit;JAHR;Jahr;2010;KREISE;Kreise und kreisfreie Städte;06439;Rheingau-Taunus-Kreis;;;;;5,2;Prozent;ERWP09;Arbeitslosenquote bez. abh. zivile Erwerbspers.
13211;Arbeitsmarktstatistik der Bundesagentur für Arbeit;JAHR;Jahr;2014;KREISE;Kreise und kreisfreie Städte;06439;Rheingau-Taunus-Kreis;;;;;4252;Anzahl;ERWP06;Arbeitslose
13211;Arbeitsmarktstatistik der Bundesagentur für Arbeit;JAHR;Jahr;2014;KREISE;Kreise und kreisfreie Städte;06439;Rheingau-Taunus-Kreis;;;;;4,4;Prozent;ERWP10;Arbeitslosenquote bez. auf alle zivile Erwerbsp.
13211;Arbeitsmarktstatistik der Bundesagentur für Arbeit;JAHR;Jahr;2014;KREISE;Kreise und kreisfreie Städte;06439;Rheingau-Taunus-Kreis;;;;;5,0;Prozent;ERWP09;Arbeitslosenquote bez. abh. zivile Erwerbspers.
13211;Arbeitsmarktstatistik der Bundesagentur für Arbeit;JAHR;Jahr;2022;KREISE;Kreise und kreisfreie Städte;06636;Werra-Meißner-Kreis;;;;;2488;Anzahl;ERWP06;Arbeitslose
13211;Arbeitsmarktstatistik der Bundesagentur für Arbeit;JAHR;Jahr;2022;KREISE;Kreise und kreisfreie Städte;06636;Werra-Meißner-Kreis;;;;;4,8;Prozent;ERWP10;Arbeitslosenquote bez. auf alle zivile Erwerbsp.
13211;Arbeitsmarktstatistik der Bundesagentur für Arbeit;JAHR;Jahr;2022;KREISE;Kreise und kreisfreie Städte;06636;Werra-Meißner-Kreis;;;;;5,3;Prozent;ERWP09;Arbeitslosenquote bez. abh. zivile Erwerbspers.
13211;Arbeitsmarktstatistik der Bundesagentur für Arbeit;JAHR;Jahr;2019;KREISE;Kreise und kreisfreie Städte;12067;Oder-Spree, Landkreis;;;;;5703;Anzahl;ERWP06;Arbeitslose
13211;Arbeitsmarktstatistik der Bundesagentur für Arbeit;JAHR;Jahr;2019;KREISE;Kreise und kreisfreie Städte;12067;Oder-Spree, Landkreis;;;;;6,1;Prozent;ERWP10;Arbeitslosenquote bez. auf alle zivile Erwerbsp.
13211;Arbeitsmarktstatistik der Bundesagentur für Arbeit;JAHR;Jahr;2019;KREISE;Kreise und kreisfreie Städte;12067;Oder-Spree, Landkreis;;;;;6,7;Prozent;ERWP09;Arbeitslosenquote bez. abh. zivile Erwerbspers.
13211;Arbeitsmarktstatistik der Bundesagentur für Arbeit;JAHR;Jahr;2017;KREISE;Kreise und kreisfreie Städte;12061;Dahme-Spreewald, Landkreis;;;;;4206;Anzahl;ERWP06;Arbeitslose
13211;Arbeitsmarktstatistik der Bundesagentur für Arbeit;JAHR;Jahr;2017;KREISE;Kreise und kreisfreie Städte;12061;Dahme-Spreewald, Landkreis;;;;;4,7;Prozent;ERWP10;Arbeitslosenquote bez. auf alle zivile Erwerbsp.
13211;Arbeitsmarktstatistik der Bundesagentur für Arbeit;JAHR;Jahr;2017;KREISE;Kreise und kreisfreie Städte;12061;Dahme-Spreewald, Landkreis;;;;;5,3;Prozent;ERWP09;Arbeitslosenquote bez. abh. zivile Erwerbspers.
13211;Arbeitsmarktstatistik der Bundesagentur für Arbeit;JAHR;Jahr;2016;KREISE;Kreise und kreisfreie Städte;12067;Oder-Spree, Landkreis;;;;;7521;Anzahl;ERWP06;Arbeitslose
13211;Arbeitsmarktstatistik der Bundesagentur für Arbeit;JAHR;Jahr;2016;KREISE;Kreise und kreisfreie Städte;12067;Oder-Spree, Landkreis;;;;;8,0;Prozent;ERWP10;Arbeitslosenquote bez. auf alle zivile Erwerbsp.
13211;Arbeitsmarktstatistik der Bundesagentur für Arbeit;JAHR;Jahr;2016;KREISE;Kreise und kreisfreie Städte;12067;Oder-Spree, Landkreis;;;;;8,8;Prozent;ERWP09;Arbeitslosenquote bez. abh. zivile Erwerbspers.
13211;Arbeitsmarktstatistik der Bundesagentur für Arbeit;JAHR;Jahr;2017;KREISE;Kreise und kreisfreie Städte;06439;Rheingau-Taunus-Kreis;;;;;4494;Anzahl;ERWP06;Arbeitslose
13211;Arbeitsmarktstatistik der Bundesagentur für Arbeit;JAHR;Jahr;2017;KREISE;Kreise und kreisfreie Städte;06439;Rheingau-Taunus-Kreis;;;;;4,6;Prozent;ERWP10;Arbeitslosenquote bez. auf alle zivile Erwerbsp.
13211;Arbeitsmarktstatistik der Bundesagentur für Arbeit;JAHR;Jahr;2017;KREISE;Kreise und kreisfreie Städte;06439;Rheingau-Taunus-Kreis;;;;;5,2;Prozent;ERWP09;Arbeitslosenquote bez. abh. zivile Erwerbspers.
13211;Arbeitsmarktstatistik der Bundesagentur für Arbeit;JAHR;Jahr;2018;KREISE;Kreise und kreisfreie Städte;06439;Rheingau-Taunus-Kreis;;;;;4027;Anzahl;ERWP06;Arbeitslose
13211;Arbeitsmarktstatistik der Bundesagentur für Arbeit;JAHR;Jahr;2018;KREISE;Kreise und kreisfreie Städte;06439;Rheingau-Taunus-Kreis;;;;;4,1;Prozent;ERWP10;Arbeitslosenquote bez. auf alle zivile Erwerbsp.
13211;Arbeitsmarktstatistik der Bundesagentur für Arbeit;JAHR;Jahr;2018;KREISE;Kreise und kreisfreie Städte;06439;Rheingau-Taunus-Kreis;;;;;4,6;Prozent;ERWP09;Arbeitslosenquote bez. abh. zivile Erwerbspers.
13211;Arbeitsmarktstatistik der Bundesagentur für Arbeit;JAHR;Jahr;2011;KREISE;Kreise und kreisfreie Städte;06531;Gießen, Landkreis;;;;;9272;Anzahl;ERWP06;Arbeitslose
13211;Arbeitsmarktstatistik der Bundesagentur für Arbeit;JAHR;Jahr;2011;KREISE;Kreise und kreisfreie Städte;06531;Gießen, Landkreis;;;;;7,0;Prozent;ERWP10;Arbeitslosenquote bez. auf alle zivile Erwerbsp.
13211;Arbeitsmarktstatistik der Bundesagentur für Arbeit;JAHR;Jahr;2011;KREISE;Kreise und kreisfreie Städte;06531;Gießen, Landkreis;;;;;7,9;Prozent;ERWP09;Arbeitslosenquote bez. abh. zivile Erwerbspers.
13211;Arbeitsmarktstatistik der Bundesagentur für Arbeit;JAHR;Jahr;2014;KREISE;Kreise und kreisfreie Städte;12061;Dahme-Spreewald, Landkreis;;;;;5978;Anzahl;ERWP06;Arbeitslose
13211;Arbeitsmarktstatistik der Bundesagentur für Arbeit;JAHR;Jahr;2014;KREISE;Kreise und kreisfreie Städte;12061;Dahme-Spreewald, Landkreis;;;;;6,8;Prozent;ERWP10;Arbeitslosenquote bez. auf alle zivile Erwerbsp.
13211;Arbeitsmarktstatistik der Bundesagentur für Arbeit;JAHR;Jahr;2014;KREISE;Kreise und kreisfreie Städte;12061;Dahme-Spreewald, Landkreis;;;;;7,7;Prozent;ERWP09;Arbeitslosenquote bez. abh. zivile Erwerbspers.
13211;Arbeitsmarktstatistik der Bundesagentur für Arbeit;JAHR;Jahr;2013;KREISE;Kreise und kreisfreie Städte;12061;Dahme-Spreewald, Landkreis;;;;;6235;Anzahl;ERWP06;Arbeitslose
13211;Arbeitsmarktstatistik der Bundesagentur für Arbeit;JAHR;Jahr;2013;KREISE;Kreise und kreisfreie Städte;12061;Dahme-Spreewald, Landkreis;;;;;7,2;Prozent;ERWP10;Arbeitslosenquote bez. auf alle zivile Erwerbsp.
13211;Arbeitsmarktstatistik der Bundesagentur für Arbeit;JAHR;Jahr;2013;KREISE;Kreise und kreisfreie Städte;12061;Dahme-Spreewald, Landkreis;;;;;8,1;Prozent;ERWP09;Arbeitslosenquote bez. abh. zivile Erwerbspers.
13211;Arbeitsmarktstatistik der Bundesagentur für Arbeit;JAHR;Jahr;2012;KREISE;Kreise und kreisfreie Städte;06531;Gießen, Landkreis;;;;;9274;Anzahl;ERWP06;Arbeitslose
13211;Arbeitsmarktstatistik der Bundesagentur für Arbeit;JAHR;Jahr;2012;KREISE;Kreise und kreisfreie Städte;06531;Gießen, Landkreis;;;;;7,0;Prozent;ERWP10;Arbeitslosenquote bez. auf alle zivile Erwerbsp.
13211;Arbeitsmarktstatistik der Bundesagentur für Arbeit;JAHR;Jahr;2012;KREISE;Kreise und kreisfreie Städte;06531;Gießen, Landkreis;;;;;7,8;Prozent;ERWP09;Arbeitslosenquote bez. abh. zivile Erwerbspers.
13211;Arbeitsmarktstatistik der Bundesagentur für Arbeit;JAHR;Jahr;2015;KREISE;Kreise und kreisfreie Städte;06531;Gießen, Landkreis;;;;;9311;Anzahl;ERWP06;Arbeitslose
13211;Arbeitsmarktstatistik der Bundesagentur für Arbeit;JAHR;Jahr;2015;KREISE;Kreise und kreisfreie Städte;06531;Gießen, Landkreis;;;;;6,7;Prozent;ERWP10;Arbeitslosenquote bez. auf alle zivile Erwerbsp.
13211;Arbeitsmarktstatistik der Bundesagentur für Arbeit;JAHR;Jahr;2015;KREISE;Kreise und kreisfreie Städte;06531;Gießen, Landkreis;;;;;7,5;Prozent;ERWP09;Arbeitslosenquote bez. abh. zivile Erwerbspers.
13211;Arbeitsmarktstatistik der Bundesagentur für Arbeit;JAHR;Jahr;2024;KREISE;Kreise und kreisfreie Städte;06439;Rheingau-Taunus-Kreis;;;;;5076;Anzahl;ERWP06;Arbeitslose
13211;Arbeitsmarktstatistik der Bundesagentur für Arbeit;JAHR;Jahr;2024;KREISE;Kreise und kreisfreie Städte;06439;Rheingau-Taunus-Kreis;;;;;5,0;Prozent;ERWP10;Arbeitslosenquote bez. auf alle zivile Erwerbsp.
13211;Arbeitsmarktstatistik der Bundesagentur für Arbeit;JAHR;Jahr;2024;KREISE;Kreise und kreisfreie Städte;06439;Rheingau-Taunus-Kreis;;;;;5,5;Prozent;ERWP09;Arbeitslosenquote bez. abh. zivile Erwerbspers.
13211;Arbeitsmarktstatistik der Bundesagentur für Arbeit;JAHR;Jahr;2023;KREISE;Kreise und kreisfreie Städte;06439;Rheingau-Taunus-Kreis;;;;;4787;Anzahl;ERWP06;Arbeitslose
13211;Arbeitsmarktstatistik der Bundesagentur für Arbeit;JAHR;Jahr;2023;KREISE;Kreise und kreisfreie Städte;06439;Rheingau-Taunus-Kreis;;;;;4,8;Prozent;ERWP10;Arbeitslosenquote bez. auf alle zivile Erwerbsp.
13211;Arbeitsmarktstatistik der Bundesagentur für Arbeit;JAHR;Jahr;2023;KREISE;Kreise und kreisfreie Städte;06439;Rheingau-Taunus-Kreis;;;;;5,2;Prozent;ERWP09;Arbeitslosenquote bez. abh. zivile Erwerbspers.
13211;Arbeitsmarktstatistik der Bundesagentur für Arbeit;JAHR;Jahr;2020;KREISE;Kreise und kreisfreie Städte;06439;Rheingau-Taunus-Kreis;;;;;4534;Anzahl;ERWP06;Arbeitslose
13211;Arbeitsmarktstatistik der Bundesagentur für Arbeit;JAHR;Jahr;2020;KREISE;Kreise und kreisfreie Städte;06439;Rheingau-Taunus-Kreis;;;;;4,5;Prozent;ERWP10;Arbeitslosenquote bez. auf alle zivile Erwerbsp.
13211;Arbeitsmarktstatistik der Bundesagentur für Arbeit;JAHR;Jahr;2020;KREISE;Kreise und kreisfreie Städte;06439;Rheingau-Taunus-Kreis;;;;;5,0;Prozent;ERWP09;Arbeitslosenquote bez. abh. zivile Erwerbspers.
13211;Arbeitsmarktstatistik der Bundesagentur für Arbeit;JAHR;Jahr;2024;KREISE;Kreise und kreisfreie Städte;06531;Gießen, Landkreis;;;;;8883;Anzahl;ERWP06;Arbeitslose
13211;Arbeitsmarktstatistik der Bundesagentur für Arbeit;JAHR;Jahr;2024;KREISE;Kreise und kreisfreie Städte;06531;Gießen, Landkreis;;;;;5,9;Prozent;ERWP10;Arbeitslosenquote bez. auf alle zivile Erwerbsp.
13211;Arbeitsmarktstatistik der Bundesagentur für Arbeit;JAHR;Jahr;2024;KREISE;Kreise und kreisfreie Städte;06531;Gießen, Landkreis;;;;;6,4;Prozent;ERWP09;Arbeitslosenquote bez. abh. zivile Erwerbspers.
13211;Arbeitsmarktstatistik der Bundesagentur für Arbeit;JAHR;Jahr;2021;KREISE;Kreise und kreisfreie Städte;06636;Werra-Meißner-Kreis;;;;;2771;Anzahl;ERWP06;Arbeitslose
13211;Arbeitsmarktstatistik der Bundesagentur für Arbeit;JAHR;Jahr;2021;KREISE;Kreise und kreisfreie Städte;06636;Werra-Meißner-Kreis;;;;;5,3;Prozent;ERWP10;Arbeitslosenquote bez. auf alle zivile Erwerbsp.
13211;Arbeitsmarktstatistik der Bundesagentur für Arbeit;JAHR;Jahr;2021;KREISE;Kreise und kreisfreie Städte;06636;Werra-Meißner-Kreis;;;;;5,9;Prozent;ERWP09;Arbeitslosenquote bez. abh. zivile Erwerbspers.
13211;Arbeitsmarktstatistik der Bundesagentur für Arbeit;JAHR;Jahr;2017;KREISE;Kreise und kreisfreie Städte;06636;Werra-Meißner-Kreis;;;;;2876;Anzahl;ERWP06;Arbeitslose
13211;Arbeitsmarktstatistik der Bundesagentur für Arbeit;JAHR;Jahr;2017;KREISE;Kreise und kreisfreie Städte;06636;Werra-Meißner-Kreis;;;;;5,6;Prozent;ERWP10;Arbeitslosenquote bez. auf alle zivile Erwerbsp.
13211;Arbeitsmarktstatistik der Bundesagentur für Arbeit;JAHR;Jahr;2017;KREISE;Kreise und kreisfreie Städte;06636;Werra-Meißner-Kreis;;;;;6,3;Prozent;ERWP09;Arbeitslosenquote bez. abh. zivile Erwerbspers.
13211;Arbeitsmarktstatistik der Bundesagentur für Arbeit;JAHR;Jahr;2022;KREISE;Kreise und kreisfreie Städte;06531;Gießen, Landkreis;;;;;7700;Anzahl;ERWP06;Arbeitslose
13211;Arbeitsmarktstatistik der Bundesagentur für Arbeit;JAHR;Jahr;2022;KREISE;Kreise und kreisfreie Städte;06531;Gießen, Landkreis;;;;;5,2;Prozent;ERWP10;Arbeitslosenquote bez. auf alle zivile Erwerbsp.
13211;Arbeitsmarktstatistik der Bundesagentur für Arbeit;JAHR;Jahr;2022;KREISE;Kreise und kreisfreie Städte;06531;Gießen, Landkreis;;;;;5,7;Prozent;ERWP09;Arbeitslosenquote bez. abh. zivile Erwerbspers.
13211;Arbeitsmarktstatistik der Bundesagentur für Arbeit;JAHR;Jahr;2019;KREISE;Kreise und kreisfreie Städte;06636;Werra-Meißner-Kreis;;;;;2459;Anzahl;ERWP06;Arbeitslose
13211;Arbeitsmarktstatistik der Bundesagentur für Arbeit;JAHR;Jahr;2019;KREISE;Kreise und kreisfreie Städte;06636;Werra-Meißner-Kreis;;;;;4,7;Prozent;ERWP10;Arbeitslosenquote bez. auf alle zivile Erwerbsp.
13211;Arbeitsmarktstatistik der Bundesagentur für Arbeit;JAHR;Jahr;2019;KREISE;Kreise und kreisfreie Städte;06636;Werra-Meißner-Kreis;;;;;5,3;Prozent;ERWP09;Arbeitslosenquote bez. abh. zivile Erwerbspers.
13211;Arbeitsmarktstatistik der Bundesagentur für Arbeit;JAHR;Jahr;2024;KREISE;Kreise und kreisfreie Städte;12061;Dahme-Spreewald, Landkreis;;;;;3682;Anzahl;ERWP06;Arbeitslose
13211;Arbeitsmarktstatistik der Bundesagentur für Arbeit;JAHR;Jahr;2024;KREISE;Kreise und kreisfreie Städte;12061;Dahme-Spreewald, Landkreis;;;;;3,8;Prozent;ERWP10;Arbeitslosenquote bez. auf alle zivile Erwerbsp.
13211;Arbeitsmarktstatistik der Bundesagentur für Arbeit;JAHR;Jahr;2024;KREISE;Kreise und kreisfreie Städte;12061;Dahme-Spreewald, Landkreis;;;;;4,2;Prozent;ERWP09;Arbeitslosenquote bez. abh. zivile Erwerbspers.
13211;Arbeitsmarktstatistik der Bundesagentur für Arbeit;JAHR;Jahr;2025;KREISE;Kreise und kreisfreie Städte;06636;Werra-Meißner-Kreis;;;;;2833;Anzahl;ERWP06;Arbeitslose
13211;Arbeitsmarktstatistik der Bundesagentur für Arbeit;JAHR;Jahr;2025;KREISE;Kreise und kreisfreie Städte;06636;Werra-Meißner-Kreis;;;;;5,4;Prozent;ERWP10;Arbeitslosenquote bez. auf alle zivile Erwerbsp.
13211;Arbeitsmarktstatistik der Bundesagentur für Arbeit;JAHR;Jahr;2025;KREISE;Kreise und kreisfreie Städte;06636;Werra-Meißner-Kreis;;;;;5,9;Prozent;ERWP09;Arbeitslosenquote bez. abh. zivile Erwerbspers.
13211;Arbeitsmarktstatistik der Bundesagentur für Arbeit;JAHR;Jahr;2011;KREISE;Kreise und kreisfreie Städte;06439;Rheingau-Taunus-Kreis;;;;;4371;Anzahl;ERWP06;Arbeitslose
13211;Arbeitsmarktstatistik der Bundesagentur für Arbeit;JAHR;Jahr;2011;KREISE;Kreise und kreisfreie Städte;06439;Rheingau-Taunus-Kreis;;;;;4,6;Prozent;ERWP10;Arbeitslosenquote bez. auf alle zivile Erwerbsp.
13211;Arbeitsmarktstatistik der Bundesagentur für Arbeit;JAHR;Jahr;2011;KREISE;Kreise und kreisfreie Städte;06439;Rheingau-Taunus-Kreis;;;;;5,2;Prozent;ERWP09;Arbeitslosenquote bez. abh. zivile Erwerbspers.
13211;Arbeitsmarktstatistik der Bundesagentur für Arbeit;JAHR;Jahr;2011;KREISE;Kreise und kreisfreie Städte;12061;Dahme-Spreewald, Landkreis;;;;;6516;Anzahl;ERWP06;Arbeitslose
13211;Arbeitsmarktstatistik der Bundesagentur für Arbeit;JAHR;Jahr;2011;KREISE;Kreise und kreisfreie Städte;12061;Dahme-Spreewald, Landkreis;;;;;7,6;Prozent;ERWP10;Arbeitslosenquote bez. auf alle zivile Erwerbsp.
13211;Arbeitsmarktstatistik der Bundesagentur für Arbeit;JAHR;Jahr;2011;KREISE;Kreise und kreisfreie Städte;12061;Dahme-Spreewald, Landkreis;;;;;8,5;Prozent;ERWP09;Arbeitslosenquote bez. abh. zivile Erwerbspers.
13211;Arbeitsmarktstatistik der Bundesagentur für Arbeit;JAHR;Jahr;2013;KREISE;Kreise und kreisfreie Städte;06439;Rheingau-Taunus-Kreis;;;;;4142;Anzahl;ERWP06;Arbeitslose
13211;Arbeitsmarktstatistik der Bundesagentur für Arbeit;JAHR;Jahr;2013;KREISE;Kreise und kreisfreie Städte;06439;Rheingau-Taunus-Kreis;;;;;4,3;Prozent;ERWP10;Arbeitslosenquote bez. auf alle zivile Erwerbsp.
13211;Arbeitsmarktstatistik der Bundesagentur für Arbeit;JAHR;Jahr;2013;KREISE;Kreise und kreisfreie Städte;06439;Rheingau-Taunus-Kreis;;;;;4,9;Prozent;ERWP09;Arbeitslosenquote bez. abh. zivile Erwerbspers.
13211;Arbeitsmarktstatistik der Bundesagentur für Arbeit;JAHR;Jahr;2018;KREISE;Kreise und kreisfreie Städte;12061;Dahme-Spreewald, Landkreis;;;;;3713;Anzahl;ERWP06;Arbeitslose
13211;Arbeitsmarktstatistik der Bundesagentur für Arbeit;JAHR;Jahr;2018;KREISE;Kreise und kreisfreie Städte;12061;Dahme-Spreewald, Landkreis;;;;;4,1;Prozent;ERWP10;Arbeitslosenquote bez. auf alle zivile Erwerbsp.
13211;Arbeitsmarktstatistik der Bundesagentur für Arbeit;JAHR;Jahr;2018;KREISE;Kreise und kreisfreie Städte;12061;Dahme-Spreewald, Landkreis;;;;;4,6;Prozent;ERWP09;Arbeitslosenquote bez. abh. zivile Erwerbspers.
13211;Arbeitsmarktstatistik der Bundesagentur für Arbeit;JAHR;Jahr;2023;KREISE;Kreise und kreisfreie Städte;06636;Werra-Meißner-Kreis;;;;;2677;Anzahl;ERWP06;Arbeitslose
13211;Arbeitsmarktstatistik der Bundesagentur für Arbeit;JAHR;Jahr;2023;KREISE;Kreise und kreisfreie Städte;06636;Werra-Meißner-Kreis;;;;;5,2;Prozent;ERWP10;Arbeitslosenquote bez. auf alle zivile Erwerbsp.
13211;Arbeitsmarktstatistik der Bundesagentur für Arbeit;JAHR;Jahr;2023;KREISE;Kreise und kreisfreie Städte;06636;Werra-Meißner-Kreis;;;;;5,7;Prozent;ERWP09;Arbeitslosenquote bez. abh. zivile Erwerbspers.
13211;Arbeitsmarktstatistik der Bundesagentur für Arbeit;JAHR;Jahr;2021;KREISE;Kreise und kreisfreie Städte;12061;Dahme-Spreewald, Landkreis;;;;;3670;Anzahl;ERWP06;Arbeitslose
13211;Arbeitsmarktstatistik der Bundesagentur für Arbeit;JAHR;Jahr;2021;KREISE;Kreise und kreisfreie Städte;12061;Dahme-Spreewald, Landkreis;;;;;3,9;Prozent;ERWP10;Arbeitslosenquote bez. auf alle zivile Erwerbsp.
13211;Arbeitsmarktstatistik der Bundesagentur für Arbeit;JAHR;Jahr;2021;KREISE;Kreise und kreisfreie Städte;12061;Dahme-Spreewald, Landkreis;;;;;4,4;Prozent;ERWP09;Arbeitslosenquote bez. abh. zivile Erwerbspers.
13211;Arbeitsmarktstatistik der Bundesagentur für Arbeit;JAHR;Jahr;2020;KREISE;Kreise und kreisfreie Städte;12061;Dahme-Spreewald, Landkreis;;;;;3899;Anzahl;ERWP06;Arbeitslose
13211;Arbeitsmarktstatistik der Bundesagentur für Arbeit;JAHR;Jahr;2020;KREISE;Kreise und kreisfreie Städte;12061;Dahme-Spreewald, Landkreis;;;;;4,2;Prozent;ERWP10;Arbeitslosenquote bez. auf alle zivile Erwerbsp.
13211;Arbeitsmarktstatistik der Bundesagentur für Arbeit;JAHR;Jahr;2020;KREISE;Kreise und kreisfreie Städte;12061;Dahme-Spreewald, Landkreis;;;;;4,7;Prozent;ERWP09;Arbeitslosenquote bez. abh. zivile Erwerbspers.
13211;Arbeitsmarktstatistik der Bundesagentur für Arbeit;JAHR;Jahr;2013;KREISE;Kreise und kreisfreie Städte;06636;Werra-Meißner-Kreis;;;;;3429;Anzahl;ERWP06;Arbeitslose
13211;Arbeitsmarktstatistik der Bundesagentur für Arbeit;JAHR;Jahr;2013;KREISE;Kreise und kreisfreie Städte;06636;Werra-Meißner-Kreis;;;;;6,8;Prozent;ERWP10;Arbeitslosenquote bez. auf alle zivile Erwerbsp.
13211;Arbeitsmarktstatistik der Bundesagentur für Arbeit;JAHR;Jahr;2013;KREISE;Kreise und kreisfreie Städte;06636;Werra-Meißner-Kreis;;;;;7,7;Prozent;ERWP09;Arbeitslosenquote bez. abh. zivile Erwerbspers.
13211;Arbeitsmarktstatistik der Bundesagentur für Arbeit;JAHR;Jahr;2022;KREISE;Kreise und kreisfreie Städte;12061;Dahme-Spreewald, Landkreis;;;;;3408;Anzahl;ERWP06;Arbeitslose
13211;Arbeitsmarktstatistik der Bundesagentur für Arbeit;JAHR;Jahr;2022;KREISE;Kreise und kreisfreie Städte;12061;Dahme-Spreewald, Landkreis;;;;;3,7;Prozent;ERWP10;Arbeitslosenquote bez. auf alle zivile Erwerbsp.
13211;Arbeitsmarktstatistik der Bundesagentur für Arbeit;JAHR;Jahr;2022;KREISE;Kreise und kreisfreie Städte;12061;Dahme-Spreewald, Landkreis;;;;;4,0;Prozent;ERWP09;Arbeitslosenquote bez. abh. zivile Erwerbspers.
13211;Arbeitsmarktstatistik der Bundesagentur für Arbeit;JAHR;Jahr;2023;KREISE;Kreise und kreisfreie Städte;12061;Dahme-Spreewald, Landkreis;;;;;3575;Anzahl;ERWP06;Arbeitslose
13211;Arbeitsmarktstatistik der Bundesagentur für Arbeit;JAHR;Jahr;2023;KREISE;Kreise und kreisfreie Städte;12061;Dahme-Spreewald, Landkreis;;;;;3,8;Prozent;ERWP10;Arbeitslosenquote bez. auf alle zivile Erwerbsp.
13211;Arbeitsmarktstatistik der Bundesagentur für Arbeit;JAHR;Jahr;2023;KREISE;Kreise und kreisfreie Städte;12061;Dahme-Spreewald, Landkreis;;;;;4,1;Prozent;ERWP09;Arbeitslosenquote bez. abh. zivile Erwerbspers.
13211;Arbeitsmarktstatistik der Bundesagentur für Arbeit;JAHR;Jahr;2016;KREISE;Kreise und kreisfreie Städte;06636;Werra-Meißner-Kreis;;;;;3046;Anzahl;ERWP06;Arbeitslose
13211;Arbeitsmarktstatistik der Bundesagentur für Arbeit;JAHR;Jahr;2016;KREISE;Kreise und kreisfreie Städte;06636;Werra-Meißner-Kreis;;;;;5,9;Prozent;ERWP10;Arbeitslosenquote bez. auf alle zivile Erwerbsp.
13211;Arbeitsmarktstatistik der Bundesagentur für Arbeit;JAHR;Jahr;2016;KREISE;Kreise und kreisfreie Städte;06636;Werra-Meißner-Kreis;;;;;6,7;Prozent;ERWP09;Arbeitslosenquote bez. abh. zivile Erwerbspers.
13211;Arbeitsmarktstatistik der Bundesagentur für Arbeit;JAHR;Jahr;2015;KREISE;Kreise und kreisfreie Städte;06636;Werra-Meißner-Kreis;;;;;3294;Anzahl;ERWP06;Arbeitslose
13211;Arbeitsmarktstatistik der Bundesagentur für Arbeit;JAHR;Jahr;2015;KREISE;Kreise und kreisfreie Städte;06636;Werra-Meißner-Kreis;;;;;6,4;Prozent;ERWP10;Arbeitslosenquote bez. auf alle zivile Erwerbsp.
13211;Arbeitsmarktstatistik der Bundesagentur für Arbeit;JAHR;Jahr;2015;KREISE;Kreise und kreisfreie Städte;06636;Werra-Meißner-Kreis;;;;;7,3;Prozent;ERWP09;Arbeitslosenquote bez. abh. zivile Erwerbspers.
13211;Arbeitsmarktstatistik der Bundesagentur für Arbeit;JAHR;Jahr;2014;KREISE;Kreise und kreisfreie Städte;06636;Werra-Meißner-Kreis;;;;;3360;Anzahl;ERWP06;Arbeitslose
13211;Arbeitsmarktstatistik der Bundesagentur für Arbeit;JAHR;Jahr;2014;KREISE;Kreise und kreisfreie Städte;06636;Werra-Meißner-Kreis;;;;;6,6;Prozent;ERWP10;Arbeitslosenquote bez. auf alle zivile Erwerbsp.
13211;Arbeitsmarktstatistik der Bundesagentur für Arbeit;JAHR;Jahr;2014;KREISE;Kreise und kreisfreie Städte;06636;Werra-Meißner-Kreis;;;;;7,5;Prozent;ERWP09;Arbeitslosenquote bez. abh. zivile Erwerbspers.
13211;Arbeitsmarktstatistik der Bundesagentur für Arbeit;JAHR;Jahr;2011;KREISE;Kreise und kreisfreie Städte;06636;Werra-Meißner-Kreis;;;;;3403;Anzahl;ERWP06;Arbeitslose
13211;Arbeitsmarktstatistik der Bundesagentur für Arbeit;JAHR;Jahr;2011;KREISE;Kreise und kreisfreie Städte;06636;Werra-Meißner-Kreis;;;;;6,8;Prozent;ERWP10;Arbeitslosenquote bez. auf alle zivile Erwerbsp.
13211;Arbeitsmarktstatistik der Bundesagentur für Arbeit;JAHR;Jahr;2011;KREISE;Kreise und kreisfreie Städte;06636;Werra-Meißner-Kreis;;;;;7,6;Prozent;ERWP09;Arbeitslosenquote bez. abh. zivile Erwerbspers.
13211;Arbeitsmarktstatistik der Bundesagentur für Arbeit;JAHR;Jahr;2012;KREISE;Kreise und kreisfreie Städte;06636;Werra-Meißner-Kreis;;;;;3337;Anzahl;ERWP06;Arbeitslose
13211;Arbeitsmarktstatistik der Bundesagentur für Arbeit;JAHR;Jahr;2012;KREISE;Kreise und kreisfreie Städte;06636;Werra-Meißner-Kreis;;;;;6,6;Prozent;ERWP10;Arbeitslosenquote bez. auf alle zivile Erwerbsp.
13211;Arbeitsmarktstatistik der Bundesagentur für Arbeit;JAHR;Jahr;2012;KREISE;Kreise und kreisfreie Städte;06636;Werra-Meißner-Kreis;;;;;7,5;Prozent;ERWP09;Arbeitslosenquote bez. abh. zivile Erwerbspers.
13211;Arbeitsmarktstatistik der Bundesagentur für Arbeit;JAHR;Jahr;2010;KREISE;Kreise und kreisfreie Städte;06636;Werra-Meißner-Kreis;;;;;3769;Anzahl;ERWP06;Arbeitslose
13211;Arbeitsmarktstatistik der Bundesagentur für Arbeit;JAHR;Jahr;2010;KREISE;Kreise und kreisfreie Städte;06636;Werra-Meißner-Kreis;;;;;7,5;Prozent;ERWP10;Arbeitslosenquote bez. auf alle zivile Erwerbsp.
13211;Arbeitsmarktstatistik der Bundesagentur für Arbeit;JAHR;Jahr;2010;KREISE;Kreise und kreisfreie Städte;06636;Werra-Meißner-Kreis;;;;;8,4;Prozent;ERWP09;Arbeitslosenquote bez. abh. zivile Erwerbspers.
13211;Arbeitsmarktstatistik der Bundesagentur für Arbeit;JAHR;Jahr;2020;KREISE;Kreise und kreisfreie Städte;06533;Limburg-Weilburg, Landkreis;ERWAQ8;Arbeitslosenquote nach Schwerpunkten;ARBEITSQUO07;ausländisch;14,3;Prozent;ERWP10;Arbeitslosenquote bez. auf alle zivile Erwerbsp.
13211;Arbeitsmarktstatistik der Bundesagentur für Arbeit;JAHR;Jahr;2022;KREISE;Kreise und kreisfreie Städte;06531;Gießen, Landkreis;ERWAQ8;Arbeitslosenquote nach Schwerpunkten;ARBEITSQUO05;Männer;5,4;Prozent;ERWP10;Arbeitslosenquote bez. auf alle zivile Erwerbsp.
13211;Arbeitsmarktstatistik der Bundesagentur für Arbeit;JAHR;Jahr;2023;KREISE;Kreise und kreisfreie Städte;06534;Marburg-Biedenkopf, Landkreis;ERWAQ8;Arbeitslosenquote nach Schwerpunkten;ARBEITSQUO07;ausländisch;15,6;Prozent;ERWP10;Arbeitslosenquote bez. auf alle zivile Erwerbsp.
13211;Arbeitsmarktstatistik der Bundesagentur für Arbeit;JAHR;Jahr;2024;KREISE;Kreise und kreisfreie Städte;06439;Rheingau-Taunus-Kreis;ERWAQ8;Arbeitslosenquote nach Schwerpunkten;ARBEITSQUO09;15 bis unter 25 Jahre;4,7;Prozent;ERWP10;Arbeitslosenquote bez. auf alle zivile Erwerbsp.
13211;Arbeitsmarktstatistik der Bundesagentur für Arbeit;JAHR;Jahr;2016;KREISE;Kreise und kreisfreie Städte;06633;Kassel, Landkreis;ERWAQ8;Arbeitslosenquote nach Schwerpunkten;ARBEITSQUO06;Frauen;4,2;Prozent;ERWP10;Arbeitslosenquote bez. auf alle zivile Erwerbsp.
13211;Arbeitsmarktstatistik der Bundesagentur für Arbeit;JAHR;Jahr;2013;KREISE;Kreise und kreisfreie Städte;06636;Werra-Meißner-Kreis;ERWAQ8;Arbeitslosenquote nach Schwerpunkten;ARBEITSQUO05;Männer;7,1;Prozent;ERWP10;Arbeitslosenquote bez. auf alle zivile Erwerbsp.
13211;Arbeitsmarktstatistik der Bundesagentur für Arbeit;JAHR;Jahr;2018;KREISE;Kreise und kreisfreie Städte;12061;Dahme-Spreewald, Landkreis;ERWAQ8;Arbeitslosenquote nach Schwerpunkten;ARBEITSQUO07;ausländisch;.;Prozent;ERWP10;Arbeitslosenquote bez. auf alle zivile Erwerbsp.
13211;Arbeitsmarktstatistik der Bundesagentur für Arbeit;JAHR;Jahr;2023;KREISE;Kreise und kreisfreie Städte;06636;Werra-Meißner-Kreis;ERWAQ8;Arbeitslosenquote nach Schwerpunkten;ARBEITSQUO06;Frauen;4,8;Prozent;ERWP10;Arbeitslosenquote bez. auf alle zivile Erwerbsp.
13211;Arbeitsmarktstatistik der Bundesagentur für Arbeit;JAHR;Jahr;2019;KREISE;Kreise und kreisfreie Städte;12064;Märkisch-Oderland, Landkreis;ERWAQ8;Arbeitslosenquote nach Schwerpunkten;ARBEITSQUO09;15 bis unter 25 Jahre;7,2;Prozent;ERWP10;Arbeitslosenquote bez. auf alle zivile Erwerbsp.
13211;Arbeitsmarktstatistik der Bundesagentur für Arbeit;JAHR;Jahr;2025;KREISE;Kreise und kreisfreie Städte;06532;Lahn-Dill-Kreis;ERWAQ8;Arbeitslosenquote nach Schwerpunkten;ARBEITSQUO05;Männer;6,2;Prozent;ERWP10;Arbeitslosenquote bez. auf alle zivile Erwerbsp.
13211;Arbeitsmarktstatistik der Bundesagentur für Arbeit;JAHR;Jahr;2011;KREISE;Kreise und kreisfreie Städte;12065;Oberhavel, Landkreis;ERWAQ8;Arbeitslosenquote nach Schwerpunkten;ARBEITSQUO07;ausländisch;15,1;Prozent;ERWP10;Arbeitslosenquote bez. auf alle zivile Erwerbsp.
13211;Arbeitsmarktstatistik der Bundesagentur für Arbeit;JAHR;Jahr;2016;KREISE;Kreise und kreisfreie Städte;12063;Havelland, Landkreis;ERWAQ8;Arbeitslosenquote nach Schwerpunkten;ARBEITSQUO09;15 bis unter 25 Jahre;9,1;Prozent;ERWP10;Arbeitslosenquote bez. auf alle zivile Erwerbsp.
13211;Arbeitsmarktstatistik der Bundesagentur für Arbeit;JAHR;Jahr;2014;KREISE;Kreise und kreisfreie Städte;12066;Oberspreewald-Lausitz, Landkreis;ERWAQ8;Arbeitslosenquote nach Schwerpunkten;ARBEITSQUO07;ausländisch;16,8;Prozent;ERWP10;Arbeitslosenquote bez. auf alle zivile Erwerbsp.
13211;Arbeitsmarktstatistik der Bundesagentur für Arbeit;JAHR;Jahr;2015;KREISE;Kreise und kreisfreie Städte;06439;Rheingau-Taunus-Kreis;ERWAQ8;Arbeitslosenquote nach Schwerpunkten;ARBEITSQUO07;ausländisch;11,8;Prozent;ERWP10;Arbeitslosenquote bez. auf alle zivile Erwerbsp.
13211;Arbeitsmarktstatistik der Bundesagentur für Arbeit;JAHR;Jahr;2012;KREISE;Kreise und kreisfreie Städte;12063;Havelland, Landkreis;ERWAQ8;Arbeitslosenquote nach Schwerpunkten;ARBEITSQUO06;Frauen;8,6;Prozent;ERWP10;Arbeitslosenquote bez. auf alle zivile Erwerbsp.
13211;Arbeitsmarktstatistik der Bundesagentur für Arbeit;JAHR;Jahr;2016;KREISE;Kreise und kreisfreie Städte;12064;Märkisch-Oderland, Landkreis;ERWAQ8;Arbeitslosenquote nach Schwerpunkten;ARBEITSQUO05;Männer;8,6;Prozent;ERWP10;Arbeitslosenquote bez. auf alle zivile Erwerbsp.
13211;Arbeitsmarktstatistik der Bundesagentur für Arbeit;JAHR;Jahr;2021;KREISE;Kreise und kreisfreie Städte;06439;Rheingau-Taunus-Kreis;ERWAQ8;Arbeitslosenquote nach Schwerpunkten;ARBEITSQUO05;Männer;4,6;Prozent;ERWP10;Arbeitslosenquote bez. auf alle zivile Erwerbsp.
13211;Arbeitsmarktstatistik der Bundesagentur für Arbeit;JAHR;Jahr;2018;KREISE;Kreise und kreisfreie Städte;12065;Oberhavel, Landkreis;ERWAQ8;Arbeitslosenquote nach Schwerpunkten;ARBEITSQUO06;Frauen;5,2;Prozent;ERWP10;Arbeitslosenquote bez. auf alle zivile Erwerbsp.
13211;Arbeitsmarktstatistik der Bundesagentur für Arbeit;JAHR;Jahr;2022;KREISE;Kreise und kreisfreie Städte;12067;Oder-Spree, Landkreis;ERWAQ8;Arbeitslosenquote nach Schwerpunkten;ARBEITSQUO06;Frauen;5,5;Prozent;ERWP10;Arbeitslosenquote bez. auf alle zivile Erwerbsp.
13211;Arbeitsmarktstatistik der Bundesagentur für Arbeit;JAHR;Jahr;2010;KREISE;Kreise und kreisfreie Städte;06439;Rheingau-Taunus-Kreis;ERWAQ8;Arbeitslosenquote nach Schwerpunkten;ARBEITSQUO05;Männer;4,6;Prozent;ERWP10;Arbeitslosenquote bez. auf alle zivile Erwerbsp.
13211;Arbeitsmarktstatistik der Bundesagentur für Arbeit;JAHR;Jahr;2014;KREISE;Kreise und kreisfreie Städte;06533;Limburg-Weilburg, Landkreis;ERWAQ8;Arbeitslosenquote nach Schwerpunkten;ARBEITSQUO09;15 bis unter 25 Jahre;5,7;Prozent;ERWP10;Arbeitslosenquote bez. auf alle zivile Erwerbsp.
13211;Arbeitsmarktstatistik der Bundesagentur für Arbeit;JAHR;Jahr;2023;KREISE;Kreise und kreisfreie Städte;12063;Havelland, Landkreis;ERWAQ8;Arbeitslosenquote nach Schwerpunkten;ARBEITSQUO06;Frauen;5,0;Prozent;ERWP10;Arbeitslosenquote bez. auf alle zivile Erwerbsp.
13211;Arbeitsmarktstatistik der Bundesagentur für Arbeit;JAHR;Jahr;2020;KREISE;Kreise und kreisfreie Städte;12066;Oberspreewald-Lausitz, Landkreis;ERWAQ8;Arbeitslosenquote nach Schwerpunkten;ARBEITSQUO05;Männer;8,0;Prozent;ERWP10;Arbeitslosenquote bez. auf alle zivile Erwerbsp.
13211;Arbeitsmarktstatistik der Bundesagentur für Arbeit;JAHR;Jahr;2017;KREISE;Kreise und kreisfreie Städte;06535;Vogelsbergkreis;ERWAQ8;Arbeitslosenquote nach Schwerpunkten;ARBEITSQUO05;Männer;4,6;Prozent;ERWP10;Arbeitslosenquote bez. auf alle zivile Erwerbsp.
13211;Arbeitsmarktstatistik der Bundesagentur für Arbeit;JAHR;Jahr;2016;KREISE;Kreise und kreisfreie Städte;06531;Gießen, Landkreis;ERWAQ8;Arbeitslosenquote nach Schwerpunkten;ARBEITSQUO07;ausländisch;18,4;Prozent;ERWP10;Arbeitslosenquote bez. auf alle zivile Erwerbsp.
13211;Arbeitsmarktstatistik der Bundesagentur für Arbeit;JAHR;Jahr;2011;KREISE;Kreise und kreisfreie Städte;06533;Limburg-Weilburg, Landkreis;ERWAQ8;Arbeitslosenquote nach Schwerpunkten;ARBEITSQUO05;Männer;5,4;Prozent;ERWP10;Arbeitslosenquote bez. auf alle zivile Erwerbsp.
13211;Arbeitsmarktstatistik der Bundesagentur für Arbeit;JAHR;Jahr;2025;KREISE;Kreise und kreisfreie Städte;12064;Märkisch-Oderland, Landkreis;ERWAQ8;Arbeitslosenquote nach Schwerpunkten;ARBEITSQUO07;ausländisch;19,0;Prozent;ERWP10;Arbeitslosenquote bez. auf alle zivile Erwerbsp.
13211;Arbeitsmarktstatistik der Bundesagentur für Arbeit;JAHR;Jahr;2013;KREISE;Kreise und kreisfreie Städte;06534;Marburg-Biedenkopf, Landkreis;ERWAQ8;Arbeitslosenquote nach Schwerpunkten;ARBEITSQUO06;Frauen;4,6;Prozent;ERWP10;Arbeitslosenquote bez. auf alle zivile Erwerbsp.
13211;Arbeitsmarktstatistik der Bundesagentur für Arbeit;JAHR;Jahr;2023;KREISE;Kreise und kreisfreie Städte;12066;Oberspreewald-Lausitz, Landkreis;ERWAQ8;Arbeitslosenquote nach Schwerpunkten;ARBEITSQUO09;15 bis unter 25 Jahre;5,9;Prozent;ERWP10;Arbeitslosenquote bez. auf alle zivile Erwerbsp.
13211;Arbeitsmarktstatistik der Bundesagentur für Arbeit;JAHR;Jahr;2021;KREISE;Kreise und kreisfreie Städte;06533;Limburg-Weilburg, Landkreis;ERWAQ8;Arbeitslosenquote nach Schwerpunkten;ARBEITSQUO06;Frauen;4,3;Prozent;ERWP10;Arbeitslosenquote bez. auf alle zivile Erwerbsp.
13211;Arbeitsmarktstatistik der Bundesagentur für Arbeit;JAHR;Jahr;2015;KREISE;Kreise und kreisfreie Städte;06633;Kassel, Landkreis;ERWAQ8;Arbeitslosenquote nach Schwerpunkten;ARBEITSQUO07;ausländisch;15,6;Prozent;ERWP10;Arbeitslosenquote bez. auf alle zivile Erwerbsp.
13211;Arbeitsmarktstatistik der Bundesagentur für Arbeit;JAHR;Jahr;2018;KREISE;Kreise und kreisfreie Städte;06636;Werra-Meißner-Kreis;ERWAQ8;Arbeitslosenquote nach Schwerpunkten;ARBEITSQUO07;ausländisch;.;Prozent;ERWP10;Arbeitslosenquote bez. auf alle zivile Erwerbsp.
13211;Arbeitsmarktstatistik der Bundesagentur für Arbeit;JAHR;Jahr;2012;KREISE;Kreise und kreisfreie Städte;06636;Werra-Meißner-Kreis;ERWAQ8;Arbeitslosenquote nach Schwerpunkten;ARBEITSQUO06;Frauen;6,5;Prozent;ERWP10;Arbeitslosenquote bez. auf alle zivile Erwerbsp.
13211;Arbeitsmarktstatistik der Bundesagentur für Arbeit;JAHR;Jahr;2022;KREISE;Kreise und kreisfreie Städte;06532;Lahn-Dill-Kreis;ERWAQ8;Arbeitslosenquote nach Schwerpunkten;ARBEITSQUO09;15 bis unter 25 Jahre;3,9;Prozent;ERWP10;Arbeitslosenquote bez. auf alle zivile Erwerbsp.
13211;Arbeitsmarktstatistik der Bundesagentur für Arbeit;JAHR;Jahr;2019;KREISE;Kreise und kreisfreie Städte;12063;Havelland, Landkreis;ERWAQ8;Arbeitslosenquote nach Schwerpunkten;ARBEITSQUO05;Männer;5,7;Prozent;ERWP10;Arbeitslosenquote bez. auf alle zivile Erwerbsp.
13211;Arbeitsmarktstatistik der Bundesagentur für Arbeit;JAHR;Jahr;2025;KREISE;Kreise und kreisfreie Städte;06533;Limburg-Weilburg, Landkreis;ERWAQ8;Arbeitslosenquote nach Schwerpunkten;ARBEITSQUO09;15 bis unter 25 Jahre;5,7;Prozent;ERWP10;Arbeitslosenquote bez. auf alle zivile Erwerbsp.
13211;Arbeitsmarktstatistik der Bundesagentur für Arbeit;JAHR;Jahr;2022;KREISE;Kreise und kreisfreie Städte;06636;Werra-Meißner-Kreis;ERWAQ8;Arbeitslosenquote nach Schwerpunkten;ARBEITSQUO07;ausländisch;17,0;Prozent;ERWP10;Arbeitslosenquote bez. auf alle zivile Erwerbsp.
13211;Arbeitsmarktstatistik der Bundesagentur für Arbeit;JAHR;Jahr;2010;KREISE;Kreise und kreisfreie Städte;12063;Havelland, Landkreis;ERWAQ8;Arbeitslosenquote nach Schwerpunkten;ARBEITSQUO09;15 bis unter 25 Jahre;9,3;Prozent;ERWP10;Arbeitslosenquote bez. auf alle zivile Erwerbsp.
13211;Arbeitsmarktstatistik der Bundesagentur für Arbeit;JAHR;Jahr;2024;KREISE;Kreise und kreisfreie Städte;06534;Marburg-Biedenkopf, Landkreis;ERWAQ8;Arbeitslosenquote nach Schwerpunkten;ARBEITSQUO06;Frauen;4,3;Prozent;ERWP10;Arbeitslosenquote bez. auf alle zivile Erwerbsp.
13211;Arbeitsmarktstatistik der Bundesagentur für Arbeit;JAHR;Jahr;2012;KREISE;Kreise und kreisfreie Städte;12061;Dahme-Spreewald, Landkreis;ERWAQ8;Arbeitslosenquote nach Schwerpunkten;ARBEITSQUO07;ausländisch;9,0;Prozent;ERWP10;Arbeitslosenquote bez. auf alle zivile Erwerbsp.
13211;Arbeitsmarktstatistik der Bundesagentur für Arbeit;JAHR;Jahr;2015;KREISE;Kreise und kreisfreie Städte;12067;Oder-Spree, Landkreis;ERWAQ8;Arbeitslosenquote nach Schwerpunkten;ARBEITSQUO09;15 bis unter 25 Jahre;9,9;Prozent;ERWP10;Arbeitslosenquote bez. auf alle zivile Erwerbsp.
13211;Arbeitsmarktstatistik der Bundesagentur für Arbeit;JAHR;Jahr;2010;KREISE;Kreise und kreisfreie Städte;06533;Limburg-Weilburg, Landkreis;ERWAQ8;Arbeitslosenquote nach Schwerpunkten;ARBEITSQUO06;Frauen;6,4;Prozent;ERWP10;Arbeitslosenquote bez. auf alle zivile Erwerbsp.
13211;Arbeitsmarktstatistik der Bundesagentur für Arbeit;JAHR;Jahr;2016;KREISE;Kreise und kreisfreie Städte;06439;Rheingau-Taunus-Kreis;ERWAQ8;Arbeitslosenquote nach Schwerpunkten;ARBEITSQUO06;Frauen;4,4;Prozent;ERWP10;Arbeitslosenquote bez. auf alle zivile Erwerbsp.
13211;Arbeitsmarktstatistik der Bundesagentur für Arbeit;JAHR;Jahr;2015;KREISE;Kreise und kreisfreie Städte;12064;Märkisch-Oderland, Landkreis;ERWAQ8;Arbeitslosenquote nach Schwerpunkten;ARBEITSQUO06;Frauen;7,6;Prozent;ERWP10;Arbeitslosenquote bez. auf alle zivile Erwerbsp.
13211;Arbeitsmarktstatistik der Bundesagentur für Arbeit;JAHR;Jahr;2013;KREISE;Kreise und kreisfreie Städte;12063;Havelland, Landkreis;ERWAQ8;Arbeitslosenquote nach Schwerpunkten;ARBEITSQUO05;Männer;9,7;Prozent;ERWP10;Arbeitslosenquote bez. auf alle zivile Erwerbsp.
13211;Arbeitsmarktstatistik der Bundesagentur für Arbeit;JAHR;Jahr;2020;KREISE;Kreise und kreisfreie Städte;06439;Rheingau-Taunus-Kreis;ERWAQ8;Arbeitslosenquote nach Schwerpunkten;ARBEITSQUO06;Frauen;4,2;Prozent;ERWP10;Arbeitslosenquote bez. auf alle zivile Erwerbsp.
13211;Arbeitsmarktstatistik der Bundesagentur für Arbeit;JAHR;Jahr;2012;KREISE;Kreise und kreisfreie Städte;12067;Oder-Spree, Landkreis;ERWAQ8;Arbeitslosenquote nach Schwerpunkten;ARBEITSQUO05;Männer;9,7;Prozent;ERWP10;Arbeitslosenquote bez. auf alle zivile Erwerbsp.
13211;Arbeitsmarktstatistik der Bundesagentur für Arbeit;JAHR;Jahr;2017;KREISE;Kreise und kreisfreie Städte;12065;Oberhavel, Landkreis;ERWAQ8;Arbeitslosenquote nach Schwerpunkten;ARBEITSQUO07;ausländisch;.;Prozent;ERWP10;Arbeitslosenquote bez. auf alle zivile Erwerbsp.
13211;Arbeitsmarktstatistik der Bundesagentur für Arbeit;JAHR;Jahr;2014;KREISE;Kreise und kreisfreie Städte;06532;Lahn-Dill-Kreis;ERWAQ8;Arbeitslosenquote nach Schwerpunkten;ARBEITSQUO05;Männer;5,7;Prozent;ERWP10;Arbeitslosenquote bez. auf alle zivile Erwerbsp.
13211;Arbeitsmarktstatistik der Bundesagentur für Arbeit;JAHR;Jahr;2011;KREISE;Kreise und kreisfreie Städte;06532;Lahn-Dill-Kreis;ERWAQ8;Arbeitslosenquote nach Schwerpunkten;ARBEITSQUO09;15 bis unter 25 Jahre;5,3;Prozent;ERWP10;Arbeitslosenquote bez. auf alle zivile Erwerbsp.
13211;Arbeitsmarktstatistik der Bundesagentur für Arbeit;JAHR;Jahr;2023;KREISE;Kreise und kreisfreie Städte;12067;Oder-Spree, Landkreis;ERWAQ8;Arbeitslosenquote nach Schwerpunkten;ARBEITSQUO05;Männer;6,5;Prozent;ERWP10;Arbeitslosenquote bez. auf alle zivile Erwerbsp.
13211;Arbeitsmarktstatistik der Bundesagentur für Arbeit;JAHR;Jahr;2024;KREISE;Kreise und kreisfreie Städte;12063;Havelland, Landkreis;ERWAQ8;Arbeitslosenquote nach Schwerpunkten;ARBEITSQUO05;Männer;6,9;Prozent;ERWP10;Arbeitslosenquote bez. auf alle zivile Erwerbsp.
13211;Arbeitsmarktstatistik der Bundesagentur für Arbeit;JAHR;Jahr;2012;KREISE;Kreise und kreisfreie Städte;06534;Marburg-Biedenkopf, Landkreis;ERWAQ8;Arbeitslosenquote nach Schwerpunkten;ARBEITSQUO07;ausländisch;12,3;Prozent;ERWP10;Arbeitslosenquote bez. auf alle zivile Erwerbsp.
13211;Arbeitsmarktstatistik der Bundesagentur für Arbeit;JAHR;Jahr;2020;KREISE;Kreise und kreisfreie Städte;12067;Oder-Spree, Landkreis;ERWAQ8;Arbeitslosenquote nach Schwerpunkten;ARBEITSQUO09;15 bis unter 25 Jahre;9,3;Prozent;ERWP10;Arbeitslosenquote bez. auf alle zivile Erwerbsp.
13211;Arbeitsmarktstatistik der Bundesagentur für Arbeit;JAHR;Jahr;2022;KREISE;Kreise und kreisfreie Städte;12065;Oberhavel, Landkreis;ERWAQ8;Arbeitslosenquote nach Schwerpunkten;ARBEITSQUO07;ausländisch;20,0;Prozent;ERWP10;Arbeitslosenquote bez. auf alle zivile Erwerbsp.
13211;Arbeitsmarktstatistik der Bundesagentur für Arbeit;JAHR;Jahr;2020;KREISE;Kreise und kreisfreie Städte;06531;Gießen, Landkreis;ERWAQ8;Arbeitslosenquote nach Schwerpunkten;ARBEITSQUO07;ausländisch;18,5;Prozent;ERWP10;Arbeitslosenquote bez. auf alle zivile Erwerbsp.
13211;Arbeitsmarktstatistik der Bundesagentur für Arbeit;JAHR;Jahr;2014;KREISE;Kreise und kreisfreie Städte;06633;Kassel, Landkreis;ERWAQ8;Arbeitslosenquote nach Schwerpunkten;ARBEITSQUO09;15 bis unter 25 Jahre;3,7;Prozent;ERWP10;Arbeitslosenquote bez. auf alle zivile Erwerbsp.
13211;Arbeitsmarktstatistik der Bundesagentur für Arbeit;JAHR;Jahr;2019;KREISE;Kreise und kreisfreie Städte;06534;Marburg-Biedenkopf, Landkreis;ERWAQ8;Arbeitslosenquote nach Schwerpunkten;ARBEITSQUO07;ausländisch;12,2;Prozent;ERWP10;Arbeitslosenquote bez. auf alle zivile Erwerbsp.
13211;Arbeitsmarktstatistik der Bundesagentur für Arbeit;JAHR;Jahr;2021;KREISE;Kreise und kreisfreie Städte;06534;Marburg-Biedenkopf, Landkreis;ERWAQ8;Arbeitslosenquote nach Schwerpunkten;ARBEITSQUO09;15 bis unter 25 Jahre;3,5;Prozent;ERWP10;Arbeitslosenquote bez. auf alle zivile Erwerbsp.
13211;Arbeitsmarktstatistik der Bundesagentur für Arbeit;JAHR;Jahr;2019;KREISE;Kreise und kreisfreie Städte;06534;Marburg-Biedenkopf, Landkreis;ERWAQ8;Arbeitslosenquote nach Schwerpunkten;ARBEITSQUO06;Frauen;3,3;Prozent;ERWP10;Arbeitslosenquote bez. auf alle zivile Erwerbsp.
13211;Arbeitsmarktstatistik der Bundesagentur für Arbeit;JAHR;Jahr;2017;KREISE;Kreise und kreisfreie Städte;06532;Lahn-Dill-Kreis;ERWAQ8;Arbeitslosenquote nach Schwerpunkten;ARBEITSQUO09;15 bis unter 25 Jahre;5,2;Prozent;ERWP10;Arbeitslosenquote bez. auf alle zivile Erwerbsp.
13211;Arbeitsmarktstatistik der Bundesagentur für Arbeit;JAHR;Jahr;2020;KREISE;Kreise und kreisfreie Städte;06535;Vogelsbergkreis;ERWAQ8;Arbeitslosenquote nach Schwerpunkten;ARBEITSQUO06;Frauen;3,6;Prozent;ERWP10;Arbeitslosenquote bez. auf alle zivile Erwerbsp.
13211;Arbeitsmarktstatistik der Bundesagentur für Arbeit;JAHR;Jahr;2019;KREISE;Kreise und kreisfreie Städte;06636;Werra-Meißner-Kreis;ERWAQ8;Arbeitslosenquote nach Schwerpunkten;ARBEITSQUO05;Männer;5,2;Prozent;ERWP10;Arbeitslosenquote bez. auf alle zivile Erwerbsp.
13211;Arbeitsmarktstatistik der Bundesagentur für Arbeit;JAHR;Jahr;2023;KREISE;Kreise und kreisfreie Städte;06532;Lahn-Dill-Kreis;ERWAQ8;Arbeitslosenquote nach Schwerpunkten;ARBEITSQUO07;ausländisch;22,9;Prozent;ERWP10;Arbeitslosenquote bez. auf alle zivile Erwerbsp.
13211;Arbeitsmarktstatistik der Bundesagentur für Arbeit;JAHR;Jahr;2024;KREISE;Kreise und kreisfreie Städte;06535;Vogelsbergkreis;ERWAQ8;Arbeitslosenquote nach Schwerpunkten;ARBEITSQUO09;15 bis unter 25 Jahre;4,9;Prozent;ERWP10;Arbeitslosenquote bez. auf alle zivile Erwerbsp.
13211;Arbeitsmarktstatistik der Bundesagentur für Arbeit;JAHR;Jahr;2018;KREISE;Kreise und kreisfreie Städte;12063;Havelland, Landkreis;ERWAQ8;Arbeitslosenquote nach Schwerpunkten;ARBEITSQUO07;ausländisch;.;Prozent;ERWP10;Arbeitslosenquote bez. auf alle zivile Erwerbsp.
13211;Arbeitsmarktstatistik der Bundesagentur für Arbeit;JAHR;Jahr;2019;KREISE;Kreise und kreisfreie Städte;12066;Oberspreewald-Lausitz, Landkreis;ERWAQ8;Arbeitslosenquote nach Schwerpunkten;ARBEITSQUO09;15 bis unter 25 Jahre;5,7;Prozent;ERWP10;Arbeitslosenquote bez. auf alle zivile Erwerbsp.
13211;Arbeitsmarktstatistik der Bundesagentur für Arbeit;JAHR;Jahr;2011;KREISE;Kreise und kreisfreie Städte;12067;Oder-Spree, Landkreis;ERWAQ8;Arbeitslosenquote nach Schwerpunkten;ARBEITSQUO06;Frauen;9,7;Prozent;ERWP10;Arbeitslosenquote bez. auf alle zivile Erwerbsp.
13211;Arbeitsmarktstatistik der Bundesagentur für Arbeit;JAHR;Jahr;2024;KREISE;Kreise und kreisfreie Städte;06633;Kassel, Landkreis;ERWAQ8;Arbeitslosenquote nach Schwerpunkten;ARBEITSQUO09;15 bis unter 25 Jahre;4,8;Prozent;ERWP10;Arbeitslosenquote bez. auf alle zivile Erwerbsp.
13211;Arbeitsmarktstatistik der Bundesagentur für Arbeit;JAHR;Jahr;2020;KREISE;Kreise und kreisfreie Städte;06633;Kassel, Landkreis;ERWAQ8;Arbeitslosenquote nach Schwerpunkten;ARBEITSQUO06;Frauen;4,0;Prozent;ERWP10;Arbeitslosenquote bez. auf alle zivile Erwerbsp.
13211;Arbeitsmarktstatistik der Bundesagentur für Arbeit;JAHR;Jahr;2011;KREISE;Kreise und kreisfreie Städte;12063;Havelland, Landkreis;ERWAQ8;Arbeitslosenquote nach Schwerpunkten;ARBEITSQUO07;ausländisch;14,4;Prozent;ERWP10;Arbeitslosenquote bez. auf alle zivile Erwerbsp.
13211;Arbeitsmarktstatistik der Bundesagentur für Arbeit;JAHR;Jahr;2013;KREISE;Kreise und kreisfreie Städte;12064;Märkisch-Oderland, Landkreis;ERWAQ8;Arbeitslosenquote nach Schwerpunkten;ARBEITSQUO09;15 bis unter 25 Jahre;9,8;Prozent;ERWP10;Arbeitslosenquote bez. auf alle zivile Erwerbsp.
13211;Arbeitsmarktstatistik der Bundesagentur für Arbeit;JAHR;Jahr;2012;KREISE;Kreise und kreisfreie Städte;12066;Oberspreewald-Lausitz, Landkreis;ERWAQ8;Arbeitslosenquote nach Schwerpunkten;ARBEITSQUO09;15 bis unter 25 Jahre;12,2;Prozent;ERWP10;Arbeitslosenquote bez. auf alle zivile Erwerbsp.
13211;Arbeitsmarktstatistik der Bundesagentur für Arbeit;JAHR;Jahr;2017;KREISE;Kreise und kreisfreie Städte;06439;Rheingau-Taunus-Kreis;ERWAQ8;Arbeitslosenquote nach Schwerpunkten;ARBEITSQUO05;Männer;4,8;Prozent;ERWP10;Arbeitslosenquote bez. auf alle zivile Erwerbsp.
13211;Arbeitsmarktstatistik der Bundesagentur für Arbeit;JAHR;Jahr;2012;KREISE;Kreise und kreisfreie Städte;12065;Oberhavel, Landkreis;ERWAQ8;Arbeitslosenquote nach Schwerpunkten;ARBEITSQUO06;Frauen;8,5;Prozent;ERWP10;Arbeitslosenquote bez. auf alle zivile Erwerbsp.
13211;Arbeitsmarktstatistik der Bundesagentur für Arbeit;JAHR;Jahr;2016;KREISE;Kreise und kreisfreie Städte;06439;Rheingau-Taunus-Kreis;ERWAQ8;Arbeitslosenquote nach Schwerpunkten;ARBEITSQUO05;Männer;4,5;Prozent;ERWP10;Arbeitslosenquote bez. auf alle zivile Erwerbsp.
13211;Arbeitsmarktstatistik der Bundesagentur für Arbeit;JAHR;Jahr;2014;KREISE;Kreise und kreisfreie Städte;12064;Märkisch-Oderland, Landkreis;ERWAQ8;Arbeitslosenquote nach Schwerpunkten;ARBEITSQUO07;ausländisch;20,8;Prozent;ERWP10;Arbeitslosenquote bez. auf alle zivile Erwerbsp.
13211;Arbeitsmarktstatistik der Bundesagentur für Arbeit;JAHR;Jahr;2010;KREISE;Kreise und kreisfreie Städte;06531;Gießen, Landkreis;ERWAQ8;Arbeitslosenquote nach Schwerpunkten;ARBEITSQUO07;ausländisch;19,4;Prozent;ERWP10;Arbeitslosenquote bez. auf alle zivile Erwerbsp.
13211;Arbeitsmarktstatistik der Bundesagentur für Arbeit;JAHR;Jahr;2018;KREISE;Kreise und kreisfreie Städte;12067;Oder-Spree, Landkreis;ERWAQ8;Arbeitslosenquote nach Schwerpunkten;ARBEITSQUO06;Frauen;6,2;Prozent;ERWP10;Arbeitslosenquote bez. auf alle zivile Erwerbsp.
13211;Arbeitsmarktstatistik der Bundesagentur für Arbeit;JAHR;Jahr;2022;KREISE;Kreise und kreisfreie Städte;12065;Oberhavel, Landkreis;ERWAQ8;Arbeitslosenquote nach Schwerpunkten;ARBEITSQUO06;Frauen;4,5;Prozent;ERWP10;Arbeitslosenquote bez. auf alle zivile Erwerbsp.
13211;Arbeitsmarktstatistik der Bundesagentur für Arbeit;JAHR;Jahr;2014;KREISE;Kreise und kreisfreie Städte;06535;Vogelsbergkreis;ERWAQ8;Arbeitslosenquote nach Schwerpunkten;ARBEITSQUO09;15 bis unter 25 Jahre;4,7;Prozent;ERWP10;Arbeitslosenquote bez. auf alle zivile Erwerbsp.
13211;Arbeitsmarktstatistik der Bundesagentur für Arbeit;JAHR;Jahr;2023;KREISE;Kreise und kreisfreie Städte;12064;Märkisch-Oderland, Landkreis;ERWAQ8;Arbeitslosenquote nach Schwerpunkten;ARBEITSQUO09;15 bis unter 25 Jahre;7,0;Prozent;ERWP10;Arbeitslosenquote bez. auf alle zivile Erwerbsp.
13211;Arbeitsmarktstatistik der Bundesagentur für Arbeit;JAHR;Jahr;2016;KREISE;Kreise und kreisfreie Städte;06533;Limburg-Weilburg, Landkreis;ERWAQ8;Arbeitslosenquote nach Schwerpunkten;ARBEITSQUO07;ausländisch;15,1;Prozent;ERWP10;Arbeitslosenquote bez. auf alle zivile Erwerbsp.
13211;Arbeitsmarktstatistik der Bundesagentur für Arbeit;JAHR;Jahr;2011;KREISE;Kreise und kreisfreie Städte;06531;Gießen, Landkreis;ERWAQ8;Arbeitslosenquote nach Schwerpunkten;ARBEITSQUO05;Männer;7,2;Prozent;ERWP10;Arbeitslosenquote bez. auf alle zivile Erwerbsp.
13211;Arbeitsmarktstatistik der Bundesagentur für Arbeit;JAHR;Jahr;2023;KREISE;Kreise und kreisfreie Städte;12065;Oberhavel, Landkreis;ERWAQ8;Arbeitslosenquote nach Schwerpunkten;ARBEITSQUO06;Frauen;4,7;Prozent;ERWP10;Arbeitslosenquote bez. auf alle zivile Erwerbsp.
13211;Arbeitsmarktstatistik der Bundesagentur für Arbeit;JAHR;Jahr;2024;KREISE;Kreise und kreisfreie Städte;12064;Märkisch-Oderland, Landkreis;ERWAQ8;Arbeitslosenquote nach Schwerpunkten;ARBEITSQUO09;15 bis unter 25 Jahre;7,8;Prozent;ERWP10;Arbeitslosenquote bez. auf alle zivile Erwerbsp.
13211;Arbeitsmarktstatistik der Bundesagentur für Arbeit;JAHR;Jahr;2018;KREISE;Kreise und kreisfreie Städte;06531;Gießen, Landkreis;ERWAQ8;Arbeitslosenquote nach Schwerpunkten;ARBEITSQUO05;Männer;5,8;Prozent;ERWP10;Arbeitslosenquote bez. auf alle zivile Erwerbsp.
13211;Arbeitsmarktstatistik der Bundesagentur für Arbeit;JAHR;Jahr;2021;KREISE;Kreise und kreisfreie Städte;06535;Vogelsbergkreis;ERWAQ8;Arbeitslosenquote nach Schwerpunkten;ARBEITSQUO06;Frauen;3,4;Prozent;ERWP10;Arbeitslosenquote bez. auf alle zivile Erwerbsp.
13211;Arbeitsmarktstatistik der Bundesagentur für Arbeit;JAHR;Jahr;2013;KREISE;Kreise und kreisfreie Städte;06633;Kassel, Landkreis;ERWAQ8;Arbeitslosenquote nach Schwerpunkten;ARBEITSQUO09;15 bis unter 25 Jahre;5,6;Prozent;ERWP10;Arbeitslosenquote bez. auf alle zivile Erwerbsp.
13211;Arbeitsmarktstatistik der Bundesagentur für Arbeit;JAHR;Jahr;2024;KREISE;Kreise und kreisfreie Städte;06532;Lahn-Dill-Kreis;ERWAQ8;Arbeitslosenquote nach Schwerpunkten;ARBEITSQUO07;ausländisch;21,9;Prozent;ERWP10;Arbeitslosenquote bez. auf alle zivile Erwerbsp.
13211;Arbeitsmarktstatistik der Bundesagentur für Arbeit;JAHR;Jahr;2022;KREISE;Kreise und kreisfreie Städte;06534;Marburg-Biedenkopf, Landkreis;ERWAQ8;Arbeitslosenquote nach Schwerpunkten;ARBEITSQUO09;15 bis unter 25 Jahre;3,4;Prozent;ERWP10;Arbeitslosenquote bez. auf alle zivile Erwerbsp.
13211;Arbeitsmarktstatistik der Bundesagentur für Arbeit;JAHR;Jahr;2024;KREISE;Kreise und kreisfreie Städte;06636;Werra-Meißner-Kreis;ERWAQ8;Arbeitslosenquote nach Schwerpunkten;ARBEITSQUO05;Männer;5,8;Prozent;ERWP10;Arbeitslosenquote bez. auf alle zivile Erwerbsp.
13211;Arbeitsmarktstatistik der Bundesagentur für Arbeit;JAHR;Jahr;2021;KREISE;Kreise und kreisfreie Städte;06633;Kassel, Landkreis;ERWAQ8;Arbeitslosenquote nach Schwerpunkten;ARBEITSQUO06;Frauen;3,7;Prozent;ERWP10;Arbeitslosenquote bez. auf alle zivile Erwerbsp.
13211;Arbeitsmarktstatistik der Bundesagentur für Arbeit;JAHR;Jahr;2019;KREISE;Kreise und kreisfreie Städte;12061;Dahme-Spreewald, Landkreis;ERWAQ8;Arbeitslosenquote nach Schwerpunkten;ARBEITSQUO05;Männer;4,0;Prozent;ERWP10;Arbeitslosenquote bez. auf alle zivile Erwerbsp.
13211;Arbeitsmarktstatistik der Bundesagentur für Arbeit;JAHR;Jahr;2025;KREISE;Kreise und kreisfreie Städte;06535;Vogelsbergkreis;ERWAQ8;Arbeitslosenquote nach Schwerpunkten;ARBEITSQUO09;15 bis unter 25 Jahre;5,6;Prozent;ERWP10;Arbeitslosenquote bez. auf alle zivile Erwerbsp.
13211;Arbeitsmarktstatistik der Bundesagentur für Arbeit;JAHR;Jahr;2017;KREISE;Kreise und kreisfreie Städte;12063;Havelland, Landkreis;ERWAQ8;Arbeitslosenquote nach Schwerpunkten;ARBEITSQUO07;ausländisch;.;Prozent;ERWP10;Arbeitslosenquote bez. auf alle zivile Erwerbsp.
13211;Arbeitsmarktstatistik der Bundesagentur für Arbeit;JAHR;Jahr;2010;KREISE;Kreise und kreisfreie Städte;12065;Oberhavel, Landkreis;ERWAQ8;Arbeitslosenquote nach Schwerpunkten;ARBEITSQUO09;15 bis unter 25 Jahre;9,9;Prozent;ERWP10;Arbeitslosenquote bez. auf alle zivile Erwerbsp.
13211;Arbeitsmarktstatistik der Bundesagentur für Arbeit;JAHR;Jahr;2025;KREISE;Kreise und kreisfreie Städte;06633;Kassel, Landkreis;ERWAQ8;Arbeitslosenquote nach Schwerpunkten;ARBEITSQUO09;15 bis unter 25 Jahre;5,7;Prozent;ERWP10;Arbeitslosenquote bez. auf alle zivile Erwerbsp.
13211;Arbeitsmarktstatistik der Bundesagentur für Arbeit;JAHR;Jahr;2013;KREISE;Kreise und kreisfreie Städte;12061;Dahme-Spreewald, Landkreis;ERWAQ8;Arbeitslosenquote nach Schwerpunkten;ARBEITSQUO05;Männer;7,5;Prozent;ERWP10;Arbeitslosenquote bez. auf alle zivile Erwerbsp.
13211;Arbeitsmarktstatistik der Bundesagentur für Arbeit;JAHR;Jahr;2010;KREISE;Kreise und kreisfreie Städte;06535;Vogelsbergkreis;ERWAQ8;Arbeitslosenquote nach Schwerpunkten;ARBEITSQUO06;Frauen;6,2;Prozent;ERWP10;Arbeitslosenquote bez. auf alle zivile Erwerbsp.
13211;Arbeitsmarktstatistik der Bundesagentur für Arbeit;JAHR;Jahr;2014;KREISE;Kreise und kreisfreie Städte;12066;Oberspreewald-Lausitz, Landkreis;ERWAQ8;Arbeitslosenquote nach Schwerpunkten;ARBEITSQUO06;Frauen;12,7;Prozent;ERWP10;Arbeitslosenquote bez. auf alle zivile Erwerbsp.
13211;Arbeitsmarktstatistik der Bundesagentur für Arbeit;JAHR;Jahr;2015;KREISE;Kreise und kreisfreie Städte;12066;Oberspreewald-Lausitz, Landkreis;ERWAQ8;Arbeitslosenquote nach Schwerpunkten;ARBEITSQUO06;Frauen;11,7;Prozent;ERWP10;Arbeitslosenquote bez. auf alle zivile Erwerbsp.
13211;Arbeitsmarktstatistik der Bundesagentur für Arbeit;JAHR;Jahr;2012;KREISE;Kreise und kreisfreie Städte;12063;Havelland, Landkreis;ERWAQ8;Arbeitslosenquote nach Schwerpunkten;ARBEITSQUO07;ausländisch;13,7;Prozent;ERWP10;Arbeitslosenquote bez. auf alle zivile Erwerbsp.
13211;Arbeitsmarktstatistik der Bundesagentur für Arbeit;JAHR;Jahr;2015;KREISE;Kreise und kreisfreie Städte;12065;Oberhavel, Landkreis;ERWAQ8;Arbeitslosenquote nach Schwerpunkten;ARBEITSQUO09;15 bis unter 25 Jahre;7,8;Prozent;ERWP10;Arbeitslosenquote bez. auf alle zivile Erwerbsp.
13211;Arbeitsmarktstatistik der Bundesagentur für Arbeit;JAHR;Jahr;2014;KREISE;Kreise und kreisfreie Städte;12061;Dahme-Spreewald, Landkreis;ERWAQ8;Arbeitslosenquote nach Schwerpunkten;ARBEITSQUO05;Männer;7,2;Prozent;ERWP10;Arbeitslosenquote bez. auf alle zivile Erwerbsp.
13211;Arbeitsmarktstatistik der Bundesagentur für Arbeit;JAHR;Jahr;2010;KREISE;Kreise und kreisfreie Städte;06534;Marburg-Biedenkopf, Landkreis;ERWAQ8;Arbeitslosenquote nach Schwerpunkten;ARBEITSQUO09;15 bis unter 25 Jahre;5,5;Prozent;ERWP10;Arbeitslosenquote bez. auf alle zivile Erwerbsp.
13211;Arbeitsmarktstatistik der Bundesagentur für Arbeit;JAHR;Jahr;2016;KREISE;Kreise und kreisfreie Städte;12065;Oberhavel, Landkreis;ERWAQ8;Arbeitslosenquote nach Schwerpunkten;ARBEITSQUO09;15 bis unter 25 Jahre;7,7;Prozent;ERWP10;Arbeitslosenquote bez. auf alle zivile Erwerbsp.
13211;Arbeitsmarktstatistik der Bundesagentur für Arbeit;JAHR;Jahr;2013;KREISE;Kreise und kreisfreie Städte;06532;Lahn-Dill-Kreis;ERWAQ8;Arbeitslosenquote nach Schwerpunkten;ARBEITSQUO07;ausländisch;16,8;Prozent;ERWP10;Arbeitslosenquote bez. auf alle zivile Erwerbsp.
13211;Arbeitsmarktstatistik der Bundesagentur für Arbeit;JAHR;Jahr;2020;KREISE;Kreise und kreisfreie Städte;12065;Oberhavel, Landkreis;ERWAQ8;Arbeitslosenquote nach Schwerpunkten;ARBEITSQUO09;15 bis unter 25 Jahre;7,1;Prozent;ERWP10;Arbeitslosenquote bez. auf alle zivile Erwerbsp.
13211;Arbeitsmarktstatistik der Bundesagentur für Arbeit;JAHR;Jahr;2010;KREISE;Kreise und kreisfreie Städte;06633;Kassel, Landkreis;ERWAQ8;Arbeitslosenquote nach Schwerpunkten;ARBEITSQUO06;Frauen;5,4;Prozent;ERWP10;Arbeitslosenquote bez. auf alle zivile Erwerbsp.
13211;Arbeitsmarktstatistik der Bundesagentur für Arbeit;JAHR;Jahr;2012;KREISE;Kreise und kreisfreie Städte;06532;Lahn-Dill-Kreis;ERWAQ8;Arbeitslosenquote nach Schwerpunkten;ARBEITSQUO07;ausländisch;17,0;Prozent;ERWP10;Arbeitslosenquote bez. auf alle zivile Erwerbsp.
13211;Arbeitsmarktstatistik der Bundesagentur für Arbeit;JAHR;Jahr;2011;KREISE;Kreise und kreisfreie Städte;06534;Marburg-Biedenkopf, Landkreis;ERWAQ8;Arbeitslosenquote nach Schwerpunkten;ARBEITSQUO09;15 bis unter 25 Jahre;4,7;Prozent;ERWP10;Arbeitslosenquote bez. auf alle zivile Erwerbsp.
13211;Arbeitsmarktstatistik der Bundesagentur für Arbeit;JAHR;Jahr;2025;KREISE;Kreise und kreisfreie Städte;12066;Oberspreewald-Lausitz, Landkreis;ERWAQ8;Arbeitslosenquote nach Schwerpunkten;ARBEITSQUO06;Frauen;6,7;Prozent;ERWP10;Arbeitslosenquote bez. auf alle zivile Erwerbsp.
13211;Arbeitsmarktstatistik der Bundesagentur für Arbeit;JAHR;Jahr;2016;KREISE;Kreise und kreisfreie Städte;06535;Vogelsbergkreis;ERWAQ8;Arbeitslosenquote nach Schwerpunkten;ARBEITSQUO06;Frauen;3,8;Prozent;ERWP10;Arbeitslosenquote bez. auf alle zivile Erwerbsp.
13211;Arbeitsmarktstatistik der Bundesagentur für Arbeit;JAHR;Jahr;2024;KREISE;Kreise und kreisfreie Städte;12061;Dahme-Spreewald, Landkreis;ERWAQ8;Arbeitslosenquote nach Schwerpunkten;ARBEITSQUO05;Männer;4,1;Prozent;ERWP10;Arbeitslosenquote bez. auf alle zivile Erwerbsp.
13211;Arbeitsmarktstatistik der Bundesagentur für Arbeit;JAHR;Jahr;2017;KREISE;Kreise und kreisfreie Städte;06534;Marburg-Biedenkopf, Landkreis;ERWAQ8;Arbeitslosenquote nach Schwerpunkten;ARBEITSQUO09;15 bis unter 25 Jahre;3,7;Prozent;ERWP10;Arbeitslosenquote bez. auf alle zivile Erwerbsp.
13211;Arbeitsmarktstatistik der Bundesagentur für Arbeit;JAHR;Jahr;2022;KREISE;Kreise und kreisfreie Städte;12063;Havelland, Landkreis;ERWAQ8;Arbeitslosenquote nach Schwerpunkten;ARBEITSQUO07;ausländisch;18,4;Prozent;ERWP10;Arbeitslosenquote bez. auf alle zivile Erwerbsp.
13211;Arbeitsmarktstatistik der Bundesagentur für Arbeit;JAHR;Jahr;2019;KREISE;Kreise und kreisfreie Städte;06532;Lahn-Dill-Kreis;ERWAQ8;Arbeitslosenquote nach Schwerpunkten;ARBEITSQUO07;ausländisch;16,3;Prozent;ERWP10;Arbeitslosenquote bez. auf alle zivile Erwerbsp.
13211;Arbeitsmarktstatistik der Bundesagentur für Arbeit;JAHR;Jahr;2019;KREISE;Kreise und kreisfreie Städte;06532;Lahn-Dill-Kreis;ERWAQ8;Arbeitslosenquote nach Schwerpunkten;ARBEITSQUO06;Frauen;4,7;Prozent;ERWP10;Arbeitslosenquote bez. auf alle zivile Erwerbsp.
13211;Arbeitsmarktstatistik der Bundesagentur für Arbeit;JAHR;Jahr;2020;KREISE;Kreise und kreisfreie Städte;06533;Limburg-Weilburg, Landkreis;ERWAQ8;Arbeitslosenquote nach Schwerpunkten;ARBEITSQUO06;Frauen;4,5;Prozent;ERWP10;Arbeitslosenquote bez. auf alle zivile Erwerbsp.
13211;Arbeitsmarktstatistik der Bundesagentur für Arbeit;JAHR;Jahr;2024;KREISE;Kreise und kreisfreie Städte;06533;Limburg-Weilburg, Landkreis;ERWAQ8;Arbeitslosenquote nach Schwerpunkten;ARBEITSQUO09;15 bis unter 25 Jahre;4,8;Prozent;ERWP10;Arbeitslosenquote bez. auf alle zivile Erwerbsp.
13211;Arbeitsmarktstatistik der Bundesagentur für Arbeit;JAHR;Jahr;2022;KREISE;Kreise und kreisfreie Städte;06531;Gießen, Landkreis;ERWAQ8;Arbeitslosenquote nach Schwerpunkten;ARBEITSQUO06;Frauen;4,9;Prozent;ERWP10;Arbeitslosenquote bez. auf alle zivile Erwerbsp.
13211;Arbeitsmarktstatistik der Bundesagentur für Arbeit;JAHR;Jahr;2017;KREISE;Kreise und kreisfreie Städte;06636;Werra-Meißner-Kreis;ERWAQ8;Arbeitslosenquote nach Schwerpunkten;ARBEITSQUO07;ausländisch;.;Prozent;ERWP10;Arbeitslosenquote bez. auf alle zivile Erwerbsp.
13211;Arbeitsmarktstatistik der Bundesagentur für Arbeit;JAHR;Jahr;2016;KREISE;Kreise und kreisfreie Städte;06633;Kassel, Landkreis;ERWAQ8;Arbeitslosenquote nach Schwerpunkten;ARBEITSQUO05;Männer;4,4;Prozent;ERWP10;Arbeitslosenquote bez. auf alle zivile Erwerbsp.
13211;Arbeitsmarktstatistik der Bundesagentur für Arbeit;JAHR;Jahr;2018;KREISE;Kreise und kreisfreie Städte;12061;Dahme-Spreewald, Landkreis;ERWAQ8;Arbeitslosenquote nach Schwerpunkten;ARBEITSQUO06;Frauen;3,8;Prozent;ERWP10;Arbeitslosenquote bez. auf alle zivile Erwerbsp.
13211;Arbeitsmarktstatistik der Bundesagentur für Arbeit;JAHR;Jahr;2023;KREISE;Kreise und kreisfreie Städte;06636;Werra-Meißner-Kreis;ERWAQ8;Arbeitslosenquote nach Schwerpunkten;ARBEITSQUO05;Männer;5,5;Prozent;ERWP10;Arbeitslosenquote bez. auf alle zivile Erwerbsp.
13211;Arbeitsmarktstatistik der Bundesagentur für Arbeit;JAHR;Jahr;2011;KREISE;Kreise und kreisfreie Städte;12061;Dahme-Spreewald, Landkreis;ERWAQ8;Arbeitslosenquote nach Schwerpunkten;ARBEITSQUO07;ausländisch;9,3;Prozent;ERWP10;Arbeitslosenquote bez. auf alle zivile Erwerbsp.
13211;Arbeitsmarktstatistik der Bundesagentur für Arbeit;JAHR;Jahr;2014;KREISE;Kreise und kreisfreie Städte;06439;Rheingau-Taunus-Kreis;ERWAQ8;Arbeitslosenquote nach Schwerpunkten;ARBEITSQUO09;15 bis unter 25 Jahre;3,0;Prozent;ERWP10;Arbeitslosenquote bez. auf alle zivile Erwerbsp.
13211;Arbeitsmarktstatistik der Bundesagentur für Arbeit;JAHR;Jahr;2012;KREISE;Kreise und kreisfreie Städte;12064;Märkisch-Oderland, Landkreis;ERWAQ8;Arbeitslosenquote nach Schwerpunkten;ARBEITSQUO09;15 bis unter 25 Jahre;9,8;Prozent;ERWP10;Arbeitslosenquote bez. auf alle zivile Erwerbsp.
13211;Arbeitsmarktstatistik der Bundesagentur für Arbeit;JAHR;Jahr;2015;KREISE;Kreise und kreisfreie Städte;12064;Märkisch-Oderland, Landkreis;ERWAQ8;Arbeitslosenquote nach Schwerpunkten;ARBEITSQUO05;Männer;9,6;Prozent;ERWP10;Arbeitslosenquote bez. auf alle zivile Erwerbsp.
13211;Arbeitsmarktstatistik der Bundesagentur für Arbeit;JAHR;Jahr;2013;KREISE;Kreise und kreisfreie Städte;12066;Oberspreewald-Lausitz, Landkreis;ERWAQ8;Arbeitslosenquote nach Schwerpunkten;ARBEITSQUO09;15 bis unter 25 Jahre;12,3;Prozent;ERWP10;Arbeitslosenquote bez. auf alle zivile Erwerbsp.
13211;Arbeitsmarktstatistik der Bundesagentur für Arbeit;JAHR;Jahr;2017;KREISE;Kreise und kreisfreie Städte;12067;Oder-Spree, Landkreis;ERWAQ8;Arbeitslosenquote nach Schwerpunkten;ARBEITSQUO06;Frauen;6,8;Prozent;ERWP10;Arbeitslosenquote bez. auf alle zivile Erwerbsp.
13211;Arbeitsmarktstatistik der Bundesagentur für Arbeit;JAHR;Jahr;2012;KREISE;Kreise und kreisfreie Städte;06531;Gießen, Landkreis;ERWAQ8;Arbeitslosenquote nach Schwerpunkten;ARBEITSQUO05;Männer;7,2;Prozent;ERWP10;Arbeitslosenquote bez. auf alle zivile Erwerbsp.
13211;Arbeitsmarktstatistik der Bundesagentur für Arbeit;JAHR;Jahr;2020;KREISE;Kreise und kreisfreie Städte;06439;Rheingau-Taunus-Kreis;ERWAQ8;Arbeitslosenquote nach Schwerpunkten;ARBEITSQUO07;ausländisch;14,3;Prozent;ERWP10;Arbeitslosenquote bez. auf alle zivile Erwerbsp.
13211;Arbeitsmarktstatistik der Bundesagentur für Arbeit;JAHR;Jahr;2024;KREISE;Kreise und kreisfreie Städte;12066;Oberspreewald-Lausitz, Landkreis;ERWAQ8;Arbeitslosenquote nach Schwerpunkten;ARBEITSQUO09;15 bis unter 25 Jahre;6,1;Prozent;ERWP10;Arbeitslosenquote bez. auf alle zivile Erwerbsp.
13211;Arbeitsmarktstatistik der Bundesagentur für Arbeit;JAHR;Jahr;2015;KREISE;Kreise und kreisfreie Städte;06533;Limburg-Weilburg, Landkreis;ERWAQ8;Arbeitslosenquote nach Schwerpunkten;ARBEITSQUO09;15 bis unter 25 Jahre;5,0;Prozent;ERWP10;Arbeitslosenquote bez. auf alle zivile Erwerbsp.
13211;Arbeitsmarktstatistik der Bundesagentur für Arbeit;JAHR;Jahr;2010;KREISE;Kreise und kreisfreie Städte;06533;Limburg-Weilburg, Landkreis;ERWAQ8;Arbeitslosenquote nach Schwerpunkten;ARBEITSQUO05;Männer;5,7;Prozent;ERWP10;Arbeitslosenquote bez. auf alle zivile Erwerbsp.
13211;Arbeitsmarktstatistik der Bundesagentur für Arbeit;JAHR;Jahr;2016;KREISE;Kreise und kreisfreie Städte;06535;Vogelsbergkreis;ERWAQ8;Arbeitslosenquote nach Schwerpunkten;ARBEITSQUO05;Männer;4,6;Prozent;ERWP10;Arbeitslosenquote bez. auf alle zivile Erwerbsp.
13211;Arbeitsmarktstatistik der Bundesagentur für Arbeit;JAHR;Jahr;2015;KREISE;Kreise und kreisfreie Städte;06533;Limburg-Weilburg, Landkreis;ERWAQ8;Arbeitslosenquote nach Schwerpunkten;ARBEITSQUO07;ausländisch;17,4;Prozent;ERWP10;Arbeitslosenquote bez. auf alle zivile Erwerbsp.
13211;Arbeitsmarktstatistik der Bundesagentur für Arbeit;JAHR;Jahr;2018;KREISE;Kreise und kreisfreie Städte;06533;Limburg-Weilburg, Landkreis;ERWAQ8;Arbeitslosenquote nach Schwerpunkten;ARBEITSQUO05;Männer;4,4;Prozent;ERWP10;Arbeitslosenquote bez. auf alle zivile Erwerbsp.
13211;Arbeitsmarktstatistik der Bundesagentur für Arbeit;JAHR;Jahr;2021;KREISE;Kreise und kreisfreie Städte;06533;Limburg-Weilburg, Landkreis;ERWAQ8;Arbeitslosenquote nach Schwerpunkten;ARBEITSQUO05;Männer;4,7;Prozent;ERWP10;Arbeitslosenquote bez. auf alle zivile Erwerbsp.
13211;Arbeitsmarktstatistik der Bundesagentur für Arbeit;JAHR;Jahr;2022;KREISE;Kreise und kreisfreie Städte;06534;Marburg-Biedenkopf, Landkreis;ERWAQ8;Arbeitslosenquote nach Schwerpunkten;ARBEITSQUO07;ausländisch;13,1;Prozent;ERWP10;Arbeitslosenquote bez. auf alle zivile Erwerbsp.
13211;Arbeitsmarktstatistik der Bundesagentur für Arbeit;JAHR;Jahr;2018;KREISE;Kreise und kreisfreie Städte;06636;Werra-Meißner-Kreis;ERWAQ8;Arbeitslosenquote nach Schwerpunkten;ARBEITSQUO06;Frauen;4,4;Prozent;ERWP10;Arbeitslosenquote bez. auf alle zivile Erwerbsp.
13211;Arbeitsmarktstatistik der Bundesagentur für Arbeit;JAHR;Jahr;2025;KREISE;Kreise und kreisfreie Städte;06439;Rheingau-Taunus-Kreis;ERWAQ8;Arbeitslosenquote nach Schwerpunkten;ARBEITSQUO09;15 bis unter 25 Jahre;5,6;Prozent;ERWP10;Arbeitslosenquote bez. auf alle zivile Erwerbsp.
13211;Arbeitsmarktstatistik der Bundesagentur für Arbeit;JAHR;Jahr;2021;KREISE;Kreise und kreisfreie Städte;06531;Gießen, Landkreis;ERWAQ8;Arbeitslosenquote nach Schwerpunkten;ARBEITSQUO07;ausländisch;17,1;Prozent;ERWP10;Arbeitslosenquote bez. auf alle zivile Erwerbsp.
13211;Arbeitsmarktstatistik der Bundesagentur für Arbeit;JAHR;Jahr;2010;KREISE;Kreise und kreisfreie Städte;12065;Oberhavel, Landkreis;ERWAQ8;Arbeitslosenquote nach Schwerpunkten;ARBEITSQUO07;ausländisch;15,9;Prozent;ERWP10;Arbeitslosenquote bez. auf alle zivile Erwerbsp.
13211;Arbeitsmarktstatistik der Bundesagentur für Arbeit;JAHR;Jahr;2019;KREISE;Kreise und kreisfreie Städte;12061;Dahme-Spreewald, Landkreis;ERWAQ8;Arbeitslosenquote nach Schwerpunkten;ARBEITSQUO07;ausländisch;6,7;Prozent;ERWP10;Arbeitslosenquote bez. auf alle zivile Erwerbsp.
13211;Arbeitsmarktstatistik der Bundesagentur für Arbeit;JAHR;Jahr;2024;KREISE;Kreise und kreisfreie Städte;06534;Marburg-Biedenkopf, Landkreis;ERWAQ8;Arbeitslosenquote nach Schwerpunkten;ARBEITSQUO07;ausländisch;14,9;Prozent;ERWP10;Arbeitslosenquote bez. auf alle zivile Erwerbsp.
13211;Arbeitsmarktstatistik der Bundesagentur für Arbeit;JAHR;Jahr;2017;KREISE;Kreise und kreisfreie Städte;12061;Dahme-Spreewald, Landkreis;ERWAQ8;Arbeitslosenquote nach Schwerpunkten;ARBEITSQUO07;ausländisch;.;Prozent;ERWP10;Arbeitslosenquote bez. auf alle zivile Erwerbsp.
13211;Arbeitsmarktstatistik der Bundesagentur für Arbeit;JAHR;Jahr;2014;KREISE;Kreise und kreisfreie Städte;12064;Märkisch-Oderland, Landkreis;ERWAQ8;Arbeitslosenquote nach Schwerpunkten;ARBEITSQUO06;Frauen;8,1;Prozent;ERWP10;Arbeitslosenquote bez. auf alle zivile Erwerbsp.
13211;Arbeitsmarktstatistik der Bundesagentur für Arbeit;JAHR;Jahr;2012;KREISE;Kreise und kreisfreie Städte;12065;Oberhavel, Landkreis;ERWAQ8;Arbeitslosenquote nach Schwerpunkten;ARBEITSQUO07;ausländisch;15,2;Prozent;ERWP10;Arbeitslosenquote bez. auf alle zivile Erwerbsp.
13211;Arbeitsmarktstatistik der Bundesagentur für Arbeit;JAHR;Jahr;2013;KREISE;Kreise und kreisfreie Städte;12067;Oder-Spree, Landkreis;ERWAQ8;Arbeitslosenquote nach Schwerpunkten;ARBEITSQUO05;Männer;9,4;Prozent;ERWP10;Arbeitslosenquote bez. auf alle zivile Erwerbsp.
13211;Arbeitsmarktstatistik der Bundesagentur für Arbeit;JAHR;Jahr;2016;KREISE;Kreise und kreisfreie Städte;12064;Märkisch-Oderland, Landkreis;ERWAQ8;Arbeitslosenquote nach Schwerpunkten;ARBEITSQUO06;Frauen;6,9;Prozent;ERWP10;Arbeitslosenquote bez. auf alle zivile Erwerbsp.
13211;Arbeitsmarktstatistik der Bundesagentur für Arbeit;JAHR;Jahr;2018;KREISE;Kreise und kreisfreie Städte;12065;Oberhavel, Landkreis;ERWAQ8;Arbeitslosenquote nach Schwerpunkten;ARBEITSQUO07;ausländisch;.;Prozent;ERWP10;Arbeitslosenquote bez. auf alle zivile Erwerbsp.
13211;Arbeitsmarktstatistik der Bundesagentur für Arbeit;JAHR;Jahr;2019;KREISE;Kreise und kreisfreie Städte;12067;Oder-Spree, Landkreis;ERWAQ8;Arbeitslosenquote nach Schwerpunkten;ARBEITSQUO05;Männer;6,5;Prozent;ERWP10;Arbeitslosenquote bez. auf alle zivile Erwerbsp.
13211;Arbeitsmarktstatistik der Bundesagentur für Arbeit;JAHR;Jahr;2010;KREISE;Kreise und kreisfreie Städte;06439;Rheingau-Taunus-Kreis;ERWAQ8;Arbeitslosenquote nach Schwerpunkten;ARBEITSQUO06;Frauen;4,6;Prozent;ERWP10;Arbeitslosenquote bez. auf alle zivile Erwerbsp.
13211;Arbeitsmarktstatistik der Bundesagentur für Arbeit;JAHR;Jahr;2021;KREISE;Kreise und kreisfreie Städte;12065;Oberhavel, Landkreis;ERWAQ8;Arbeitslosenquote nach Schwerpunkten;ARBEITSQUO07;ausländisch;17,1;Prozent;ERWP10;Arbeitslosenquote bez. auf alle zivile Erwerbsp.
13211;Arbeitsmarktstatistik der Bundesagentur für Arbeit;JAHR;Jahr;2022;KREISE;Kreise und kreisfreie Städte;12067;Oder-Spree, Landkreis;ERWAQ8;Arbeitslosenquote nach Schwerpunkten;ARBEITSQUO05;Männer;6,4;Prozent;ERWP10;Arbeitslosenquote bez. auf alle zivile Erwerbsp.
13211;Arbeitsmarktstatistik der Bundesagentur für Arbeit;JAHR;Jahr;2013;KREISE;Kreise und kreisfreie Städte;06534;Marburg-Biedenkopf, Landkreis;ERWAQ8;Arbeitslosenquote nach Schwerpunkten;ARBEITSQUO07;ausländisch;11,7;Prozent;ERWP10;Arbeitslosenquote bez. auf alle zivile Erwerbsp.
13211;Arbeitsmarktstatistik der Bundesagentur für Arbeit;JAHR;Jahr;2011;KREISE;Kreise und kreisfreie Städte;06636;Werra-Meißner-Kreis;ERWAQ8;Arbeitslosenquote nach Schwerpunkten;ARBEITSQUO07;ausländisch;19,4;Prozent;ERWP10;Arbeitslosenquote bez. auf alle zivile Erwerbsp.
13211;Arbeitsmarktstatistik der Bundesagentur für Arbeit;JAHR;Jahr;2021;KREISE;Kreise und kreisfreie Städte;06439;Rheingau-Taunus-Kreis;ERWAQ8;Arbeitslosenquote nach Schwerpunkten;ARBEITSQUO06;Frauen;4,1;Prozent;ERWP10;Arbeitslosenquote bez. auf alle zivile Erwerbsp.
13211;Arbeitsmarktstatistik der Bundesagentur für Arbeit;JAHR;Jahr;2021;KREISE;Kreise und kreisfreie Städte;12063;Havelland, Landkreis;ERWAQ8;Arbeitslosenquote nach Schwerpunkten;ARBEITSQUO09;15 bis unter 25 Jahre;6,9;Prozent;ERWP10;Arbeitslosenquote bez. auf alle zivile Erwerbsp.
13211;Arbeitsmarktstatistik der Bundesagentur für Arbeit;JAHR;Jahr;2024;KREISE;Kreise und kreisfreie Städte;12067;Oder-Spree, Landkreis;ERWAQ8;Arbeitslosenquote nach Schwerpunkten;ARBEITSQUO05;Männer;6,9;Prozent;ERWP10;Arbeitslosenquote bez. auf alle zivile Erwerbsp.
13211;Arbeitsmarktstatistik der Bundesagentur für Arbeit;JAHR;Jahr;2011;KREISE;Kreise und kreisfreie Städte;06533;Limburg-Weilburg, Landkreis;ERWAQ8;Arbeitslosenquote nach Schwerpunkten;ARBEITSQUO06;Frauen;6,3;Prozent;ERWP10;Arbeitslosenquote bez. auf alle zivile Erwerbsp.
13211;Arbeitsmarktstatistik der Bundesagentur für Arbeit;JAHR;Jahr;2022;KREISE;Kreise und kreisfreie Städte;12061;Dahme-Spreewald, Landkreis;ERWAQ8;Arbeitslosenquote nach Schwerpunkten;ARBEITSQUO07;ausländisch;11,5;Prozent;ERWP10;Arbeitslosenquote bez. auf alle zivile Erwerbsp.
13211;Arbeitsmarktstatistik der Bundesagentur für Arbeit;JAHR;Jahr;2025;KREISE;Kreise und kreisfreie Städte;12064;Märkisch-Oderland, Landkreis;ERWAQ8;Arbeitslosenquote nach Schwerpunkten;ARBEITSQUO06;Frauen;5,3;Prozent;ERWP10;Arbeitslosenquote bez. auf alle zivile Erwerbsp.
13211;Arbeitsmarktstatistik der Bundesagentur für Arbeit;JAHR;Jahr;2017;KREISE;Kreise und kreisfreie Städte;06533;Limburg-Weilburg, Landkreis;ERWAQ8;Arbeitslosenquote nach Schwerpunkten;ARBEITSQUO06;Frauen;4,4;Prozent;ERWP10;Arbeitslosenquote bez. auf alle zivile Erwerbsp.
13211;Arbeitsmarktstatistik der Bundesagentur für Arbeit;JAHR;Jahr;2020;KREISE;Kreise und kreisfreie Städte;06531;Gießen, Landkreis;ERWAQ8;Arbeitslosenquote nach Schwerpunkten;ARBEITSQUO06;Frauen;5,2;Prozent;ERWP10;Arbeitslosenquote bez. auf alle zivile Erwerbsp.
13211;Arbeitsmarktstatistik der Bundesagentur für Arbeit;JAHR;Jahr;2020;KREISE;Kreise und kreisfreie Städte;06535;Vogelsbergkreis;ERWAQ8;Arbeitslosenquote nach Schwerpunkten;ARBEITSQUO07;ausländisch;14,0;Prozent;ERWP10;Arbeitslosenquote bez. auf alle zivile Erwerbsp.
13211;Arbeitsmarktstatistik der Bundesagentur für Arbeit;JAHR;Jahr;2022;KREISE;Kreise und kreisfreie Städte;06533;Limburg-Weilburg, Landkreis;ERWAQ8;Arbeitslosenquote nach Schwerpunkten;ARBEITSQUO06;Frauen;4,1;Prozent;ERWP10;Arbeitslosenquote bez. auf alle zivile Erwerbsp.
13211;Arbeitsmarktstatistik der Bundesagentur für Arbeit;JAHR;Jahr;2018;KREISE;Kreise und kreisfreie Städte;06633;Kassel, Landkreis;ERWAQ8;Arbeitslosenquote nach Schwerpunkten;ARBEITSQUO05;Männer;3,9;Prozent;ERWP10;Arbeitslosenquote bez. auf alle zivile Erwerbsp.
13211;Arbeitsmarktstatistik der Bundesagentur für Arbeit;JAHR;Jahr;2019;KREISE;Kreise und kreisfreie Städte;06636;Werra-Meißner-Kreis;ERWAQ8;Arbeitslosenquote nach Schwerpunkten;ARBEITSQUO07;ausländisch;17,3;Prozent;ERWP10;Arbeitslosenquote bez. auf alle zivile Erwerbsp.
13211;Arbeitsmarktstatistik der Bundesagentur für Arbeit;JAHR;Jahr;2024;KREISE;Kreise und kreisfreie Städte;06531;Gießen, Landkreis;ERWAQ8;Arbeitslosenquote nach Schwerpunkten;ARBEITSQUO09;15 bis unter 25 Jahre;4,4;Prozent;ERWP10;Arbeitslosenquote bez. auf alle zivile Erwerbsp.
13211;Arbeitsmarktstatistik der Bundesagentur für Arbeit;JAHR;Jahr;2020;KREISE;Kreise und kreisfreie Städte;06531;Gießen, Landkreis;ERWAQ8;Arbeitslosenquote nach Schwerpunkten;ARBEITSQUO09;15 bis unter 25 Jahre;4,6;Prozent;ERWP10;Arbeitslosenquote bez. auf alle zivile Erwerbsp.
13211;Arbeitsmarktstatistik der Bundesagentur für Arbeit;JAHR;Jahr;2021;KREISE;Kreise und kreisfreie Städte;06636;Werra-Meißner-Kreis;ERWAQ8;Arbeitslosenquote nach Schwerpunkten;ARBEITSQUO09;15 bis unter 25 Jahre;6,0;Prozent;ERWP10;Arbeitslosenquote bez. auf alle zivile Erwerbsp.
13211;Arbeitsmarktstatistik der Bundesagentur für Arbeit;JAHR;Jahr;2018;KREISE;Kreise und kreisfreie Städte;12063;Havelland, Landkreis;ERWAQ8;Arbeitslosenquote nach Schwerpunkten;ARBEITSQUO06;Frauen;5,0;Prozent;ERWP10;Arbeitslosenquote bez. auf alle zivile Erwerbsp.
13211;Arbeitsmarktstatistik der Bundesagentur für Arbeit;JAHR;Jahr;2025;KREISE;Kreise und kreisfreie Städte;06534;Marburg-Biedenkopf, Landkreis;ERWAQ8;Arbeitslosenquote nach Schwerpunkten;ARBEITSQUO05;Männer;5,0;Prozent;ERWP10;Arbeitslosenquote bez. auf alle zivile Erwerbsp.
13211;Arbeitsmarktstatistik der Bundesagentur für Arbeit;JAHR;Jahr;2016;KREISE;Kreise und kreisfreie Städte;12061;Dahme-Spreewald, Landkreis;ERWAQ8;Arbeitslosenquote nach Schwerpunkten;ARBEITSQUO09;15 bis unter 25 Jahre;3,1;Prozent;ERWP10;Arbeitslosenquote bez. auf alle zivile Erwerbsp.
13211;Arbeitsmarktstatistik der Bundesagentur für Arbeit;JAHR;Jahr;2020;KREISE;Kreise und kreisfreie Städte;06633;Kassel, Landkreis;ERWAQ8;Arbeitslosenquote nach Schwerpunkten;ARBEITSQUO07;ausländisch;16,1;Prozent;ERWP10;Arbeitslosenquote bez. auf alle zivile Erwerbsp.
13211;Arbeitsmarktstatistik der Bundesagentur für Arbeit;JAHR;Jahr;2015;KREISE;Kreise und kreisfreie Städte;12066;Oberspreewald-Lausitz, Landkreis;ERWAQ8;Arbeitslosenquote nach Schwerpunkten;ARBEITSQUO05;Männer;11,7;Prozent;ERWP10;Arbeitslosenquote bez. auf alle zivile Erwerbsp.
13211;Arbeitsmarktstatistik der Bundesagentur für Arbeit;JAHR;Jahr;2012;KREISE;Kreise und kreisfreie Städte;12061;Dahme-Spreewald, Landkreis;ERWAQ8;Arbeitslosenquote nach Schwerpunkten;ARBEITSQUO06;Frauen;6,8;Prozent;ERWP10;Arbeitslosenquote bez. auf alle zivile Erwerbsp.
13211;Arbeitsmarktstatistik der Bundesagentur für Arbeit;JAHR;Jahr;2017;KREISE;Kreise und kreisfreie Städte;12064;Märkisch-Oderland, Landkreis;ERWAQ8;Arbeitslosenquote nach Schwerpunkten;ARBEITSQUO05;Männer;7,3;Prozent;ERWP10;Arbeitslosenquote bez. auf alle zivile Erwerbsp.
13211;Arbeitsmarktstatistik der Bundesagentur für Arbeit;JAHR;Jahr;2012;KREISE;Kreise und kreisfreie Städte;06439;Rheingau-Taunus-Kreis;ERWAQ8;Arbeitslosenquote nach Schwerpunkten;ARBEITSQUO09;15 bis unter 25 Jahre;3,6;Prozent;ERWP10;Arbeitslosenquote bez. auf alle zivile Erwerbsp.
13211;Arbeitsmarktstatistik der Bundesagentur für Arbeit;JAHR;Jahr;2010;KREISE;Kreise und kreisfreie Städte;06633;Kassel, Landkreis;ERWAQ8;Arbeitslosenquote nach Schwerpunkten;ARBEITSQUO05;Männer;5,2;Prozent;ERWP10;Arbeitslosenquote bez. auf alle zivile Erwerbsp.
13211;Arbeitsmarktstatistik der Bundesagentur für Arbeit;JAHR;Jahr;2013;KREISE;Kreise und kreisfreie Städte;06532;Lahn-Dill-Kreis;ERWAQ8;Arbeitslosenquote nach Schwerpunkten;ARBEITSQUO06;Frauen;6,4;Prozent;ERWP10;Arbeitslosenquote bez. auf alle zivile Erwerbsp.
13211;Arbeitsmarktstatistik der Bundesagentur für Arbeit;JAHR;Jahr;2023;KREISE;Kreise und kreisfreie Städte;06439;Rheingau-Taunus-Kreis;ERWAQ8;Arbeitslosenquote nach Schwerpunkten;ARBEITSQUO09;15 bis unter 25 Jahre;4,2;Prozent;ERWP10;Arbeitslosenquote bez. auf alle zivile Erwerbsp.
13211;Arbeitsmarktstatistik der Bundesagentur für Arbeit;JAHR;Jahr;2015;KREISE;Kreise und kreisfreie Städte;06531;Gießen, Landkreis;ERWAQ8;Arbeitslosenquote nach Schwerpunkten;ARBEITSQUO09;15 bis unter 25 Jahre;5,3;Prozent;ERWP10;Arbeitslosenquote bez. auf alle zivile Erwerbsp.
13211;Arbeitsmarktstatistik der Bundesagentur für Arbeit;JAHR;Jahr;2025;KREISE;Kreise und kreisfreie Städte;12066;Oberspreewald-Lausitz, Landkreis;ERWAQ8;Arbeitslosenquote nach Schwerpunkten;ARBEITSQUO07;ausländisch;19,1;Prozent;ERWP10;Arbeitslosenquote bez. auf alle zivile Erwerbsp.
13211;Arbeitsmarktstatistik der Bundesagentur für Arbeit;JAHR;Jahr;2012;KREISE;Kreise und kreisfreie Städte;06533;Limburg-Weilburg, Landkreis;ERWAQ8;Arbeitslosenquote nach Schwerpunkten;ARBEITSQUO05;Männer;5,5;Prozent;ERWP10;Arbeitslosenquote bez. auf alle zivile Erwerbsp.
13211;Arbeitsmarktstatistik der Bundesagentur für Arbeit;JAHR;Jahr;2018;KREISE;Kreise und kreisfreie Städte;06535;Vogelsbergkreis;ERWAQ8;Arbeitslosenquote nach Schwerpunkten;ARBEITSQUO05;Männer;4,1;Prozent;ERWP10;Arbeitslosenquote bez. auf alle zivile Erwerbsp.
13211;Arbeitsmarktstatistik der Bundesagentur für Arbeit;JAHR;Jahr;2020;KREISE;Kreise und kreisfreie Städte;12064;Märkisch-Oderland, Landkreis;ERWAQ8;Arbeitslosenquote nach Schwerpunkten;ARBEITSQUO05;Männer;6,5;Prozent;ERWP10;Arbeitslosenquote bez. auf alle zivile Erwerbsp.
13211;Arbeitsmarktstatistik der Bundesagentur für Arbeit;JAHR;Jahr;2010;KREISE;Kreise und kreisfreie Städte;06535;Vogelsbergkreis;ERWAQ8;Arbeitslosenquote nach Schwerpunkten;ARBEITSQUO05;Männer;6,4;Prozent;ERWP10;Arbeitslosenquote bez. auf alle zivile Erwerbsp.
13211;Arbeitsmarktstatistik der Bundesagentur für Arbeit;JAHR;Jahr;2016;KREISE;Kreise und kreisfreie Städte;06533;Limburg-Weilburg, Landkreis;ERWAQ8;Arbeitslosenquote nach Schwerpunkten;ARBEITSQUO05;Männer;4,9;Prozent;ERWP10;Arbeitslosenquote bez. auf alle zivile Erwerbsp.
13211;Arbeitsmarktstatistik der Bundesagentur für Arbeit;JAHR;Jahr;2015;KREISE;Kreise und kreisfreie Städte;06535;Vogelsbergkreis;ERWAQ8;Arbeitslosenquote nach Schwerpunkten;ARBEITSQUO07;ausländisch;11,6;Prozent;ERWP10;Arbeitslosenquote bez. auf alle zivile Erwerbsp.
13211;Arbeitsmarktstatistik der Bundesagentur für Arbeit;JAHR;Jahr;2023;KREISE;Kreise und kreisfreie Städte;12061;Dahme-Spreewald, Landkreis;ERWAQ8;Arbeitslosenquote nach Schwerpunkten;ARBEITSQUO06;Frauen;3,5;Prozent;ERWP10;Arbeitslosenquote bez. auf alle zivile Erwerbsp.
13211;Arbeitsmarktstatistik der Bundesagentur für Arbeit;JAHR;Jahr;2021;KREISE;Kreise und kreisfreie Städte;06535;Vogelsbergkreis;ERWAQ8;Arbeitslosenquote nach Schwerpunkten;ARBEITSQUO05;Männer;3,9;Prozent;ERWP10;Arbeitslosenquote bez. auf alle zivile Erwerbsp.
13211;Arbeitsmarktstatistik der Bundesagentur für Arbeit;JAHR;Jahr;2016;KREISE;Kreise und kreisfreie Städte;06636;Werra-Meißner-Kreis;ERWAQ8;Arbeitslosenquote nach Schwerpunkten;ARBEITSQUO09;15 bis unter 25 Jahre;6,3;Prozent;ERWP10;Arbeitslosenquote bez. auf alle zivile Erwerbsp.
13211;Arbeitsmarktstatistik der Bundesagentur für Arbeit;JAHR;Jahr;2021;KREISE;Kreise und kreisfreie Städte;06633;Kassel, Landkreis;ERWAQ8;Arbeitslosenquote nach Schwerpunkten;ARBEITSQUO05;Männer;4,1;Prozent;ERWP10;Arbeitslosenquote bez. auf alle zivile Erwerbsp.
13211;Arbeitsmarktstatistik der Bundesagentur für Arbeit;JAHR;Jahr;2024;KREISE;Kreise und kreisfreie Städte;06532;Lahn-Dill-Kreis;ERWAQ8;Arbeitslosenquote nach Schwerpunkten;ARBEITSQUO06;Frauen;5,9;Prozent;ERWP10;Arbeitslosenquote bez. auf alle zivile Erwerbsp.
13211;Arbeitsmarktstatistik der Bundesagentur für Arbeit;JAHR;Jahr;2010;KREISE;Kreise und kreisfreie Städte;12067;Oder-Spree, Landkreis;ERWAQ8;Arbeitslosenquote nach Schwerpunkten;ARBEITSQUO07;ausländisch;27,2;Prozent;ERWP10;Arbeitslosenquote bez. auf alle zivile Erwerbsp.
13211;Arbeitsmarktstatistik der Bundesagentur für Arbeit;JAHR;Jahr;2011;KREISE;Kreise und kreisfreie Städte;12064;Märkisch-Oderland, Landkreis;ERWAQ8;Arbeitslosenquote nach Schwerpunkten;ARBEITSQUO05;Männer;12,0;Prozent;ERWP10;Arbeitslosenquote bez. auf alle zivile Erwerbsp.
13211;Arbeitsmarktstatistik der Bundesagentur für Arbeit;JAHR;Jahr;2010;KREISE;Kreise und kreisfreie Städte;12061;Dahme-Spreewald, Landkreis;ERWAQ8;Arbeitslosenquote nach Schwerpunkten;ARBEITSQUO09;15 bis unter 25 Jahre;9,3;Prozent;ERWP10;Arbeitslosenquote bez. auf alle zivile Erwerbsp.
13211;Arbeitsmarktstatistik der Bundesagentur für Arbeit;JAHR;Jahr;2013;KREISE;Kreise und kreisfreie Städte;12065;Oberhavel, Landkreis;ERWAQ8;Arbeitslosenquote nach Schwerpunkten;ARBEITSQUO05;Männer;9,3;Prozent;ERWP10;Arbeitslosenquote bez. auf alle zivile Erwerbsp.
13211;Arbeitsmarktstatistik der Bundesagentur für Arbeit;JAHR;Jahr;2012;KREISE;Kreise und kreisfreie Städte;12067;Oder-Spree, Landkreis;ERWAQ8;Arbeitslosenquote nach Schwerpunkten;ARBEITSQUO07;ausländisch;25,2;Prozent;ERWP10;Arbeitslosenquote bez. auf alle zivile Erwerbsp.
13211;Arbeitsmarktstatistik der Bundesagentur für Arbeit;JAHR;Jahr;2016;KREISE;Kreise und kreisfreie Städte;12067;Oder-Spree, Landkreis;ERWAQ8;Arbeitslosenquote nach Schwerpunkten;ARBEITSQUO07;ausländisch;33,9;Prozent;ERWP10;Arbeitslosenquote bez. auf alle zivile Erwerbsp.
13211;Arbeitsmarktstatistik der Bundesagentur für Arbeit;JAHR;Jahr;2018;KREISE;Kreise und kreisfreie Städte;12067;Oder-Spree, Landkreis;ERWAQ8;Arbeitslosenquote nach Schwerpunkten;ARBEITSQUO07;ausländisch;.;Prozent;ERWP10;Arbeitslosenquote bez. auf alle zivile Erwerbsp.
13211;Arbeitsmarktstatistik der Bundesagentur für Arbeit;JAHR;Jahr;2019;KREISE;Kreise und kreisfreie Städte;12065;Oberhavel, Landkreis;ERWAQ8;Arbeitslosenquote nach Schwerpunkten;ARBEITSQUO05;Männer;5,2;Prozent;ERWP10;Arbeitslosenquote bez. auf alle zivile Erwerbsp.
13211;Arbeitsmarktstatistik der Bundesagentur für Arbeit;JAHR;Jahr;2021;KREISE;Kreise und kreisfreie Städte;12067;Oder-Spree, Landkreis;ERWAQ8;Arbeitslosenquote nach Schwerpunkten;ARBEITSQUO07;ausländisch;23,0;Prozent;ERWP10;Arbeitslosenquote bez. auf alle zivile Erwerbsp.
13211;Arbeitsmarktstatistik der Bundesagentur für Arbeit;JAHR;Jahr;2022;KREISE;Kreise und kreisfreie Städte;12065;Oberhavel, Landkreis;ERWAQ8;Arbeitslosenquote nach Schwerpunkten;ARBEITSQUO05;Männer;4,9;Prozent;ERWP10;Arbeitslosenquote bez. auf alle zivile Erwerbsp.
13211;Arbeitsmarktstatistik der Bundesagentur für Arbeit;JAHR;Jahr;2021;KREISE;Kreise und kreisfreie Städte;12061;Dahme-Spreewald, Landkreis;ERWAQ8;Arbeitslosenquote nach Schwerpunkten;ARBEITSQUO09;15 bis unter 25 Jahre;2,7;Prozent;ERWP10;Arbeitslosenquote bez. auf alle zivile Erwerbsp.
13211;Arbeitsmarktstatistik der Bundesagentur für Arbeit;JAHR;Jahr;2010;KREISE;Kreise und kreisfreie Städte;06636;Werra-Meißner-Kreis;ERWAQ8;Arbeitslosenquote nach Schwerpunkten;ARBEITSQUO09;15 bis unter 25 Jahre;7,0;Prozent;ERWP10;Arbeitslosenquote bez. auf alle zivile Erwerbsp.
13211;Arbeitsmarktstatistik der Bundesagentur für Arbeit;JAHR;Jahr;2011;KREISE;Kreise und kreisfreie Städte;06531;Gießen, Landkreis;ERWAQ8;Arbeitslosenquote nach Schwerpunkten;ARBEITSQUO06;Frauen;6,7;Prozent;ERWP10;Arbeitslosenquote bez. auf alle zivile Erwerbsp.
13211;Arbeitsmarktstatistik der Bundesagentur für Arbeit;JAHR;Jahr;2024;KREISE;Kreise und kreisfreie Städte;12065;Oberhavel, Landkreis;ERWAQ8;Arbeitslosenquote nach Schwerpunkten;ARBEITSQUO05;Männer;5,4;Prozent;ERWP10;Arbeitslosenquote bez. auf alle zivile Erwerbsp.
13211;Arbeitsmarktstatistik der Bundesagentur für Arbeit;JAHR;Jahr;2017;KREISE;Kreise und kreisfreie Städte;06531;Gießen, Landkreis;ERWAQ8;Arbeitslosenquote nach Schwerpunkten;ARBEITSQUO06;Frauen;5,2;Prozent;ERWP10;Arbeitslosenquote bez. auf alle zivile Erwerbsp.
13211;Arbeitsmarktstatistik der Bundesagentur für Arbeit;JAHR;Jahr;2014;KREISE;Kreise und kreisfreie Städte;06534;Marburg-Biedenkopf, Landkreis;ERWAQ8;Arbeitslosenquote nach Schwerpunkten;ARBEITSQUO05;Männer;4,2;Prozent;ERWP10;Arbeitslosenquote bez. auf alle zivile Erwerbsp.
13211;Arbeitsmarktstatistik der Bundesagentur für Arbeit;JAHR;Jahr;2019;KREISE;Kreise und kreisfreie Städte;06532;Lahn-Dill-Kreis;ERWAQ8;Arbeitslosenquote nach Schwerpunkten;ARBEITSQUO05;Männer;4,9;Prozent;ERWP10;Arbeitslosenquote bez. auf alle zivile Erwerbsp.
13211;Arbeitsmarktstatistik der Bundesagentur für Arbeit;JAHR;Jahr;2023;KREISE;Kreise und kreisfreie Städte;06534;Marburg-Biedenkopf, Landkreis;ERWAQ8;Arbeitslosenquote nach Schwerpunkten;ARBEITSQUO05;Männer;4,6;Prozent;ERWP10;Arbeitslosenquote bez. auf alle zivile Erwerbsp.
13211;Arbeitsmarktstatistik der Bundesagentur für Arbeit;JAHR;Jahr;2020;KREISE;Kreise und kreisfreie Städte;06533;Limburg-Weilburg, Landkreis;ERWAQ8;Arbeitslosenquote nach Schwerpunkten;ARBEITSQUO05;Männer;5,0;Prozent;ERWP10;Arbeitslosenquote bez. auf alle zivile Erwerbsp.
13211;Arbeitsmarktstatistik der Bundesagentur für Arbeit;JAHR;Jahr;2016;KREISE;Kreise und kreisfreie Städte;06531;Gießen, Landkreis;ERWAQ8;Arbeitslosenquote nach Schwerpunkten;ARBEITSQUO09;15 bis unter 25 Jahre;5,4;Prozent;ERWP10;Arbeitslosenquote bez. auf alle zivile Erwerbsp.
13211;Arbeitsmarktstatistik der Bundesagentur für Arbeit;JAHR;Jahr;2025;KREISE;Kreise und kreisfreie Städte;12064;Märkisch-Oderland, Landkreis;ERWAQ8;Arbeitslosenquote nach Schwerpunkten;ARBEITSQUO05;Männer;6,4;Prozent;ERWP10;Arbeitslosenquote bez. auf alle zivile Erwerbsp.
13211;Arbeitsmarktstatistik der Bundesagentur für Arbeit;JAHR;Jahr;2012;KREISE;Kreise und kreisfreie Städte;06633;Kassel, Landkreis;ERWAQ8;Arbeitslosenquote nach Schwerpunkten;ARBEITSQUO09;15 bis unter 25 Jahre;5,4;Prozent;ERWP10;Arbeitslosenquote bez. auf alle zivile Erwerbsp.
13211;Arbeitsmarktstatistik der Bundesagentur für Arbeit;JAHR;Jahr;2022;KREISE;Kreise und kreisfreie Städte;06531;Gießen, Landkreis;ERWAQ8;Arbeitslosenquote nach Schwerpunkten;ARBEITSQUO07;ausländisch;16,8;Prozent;ERWP10;Arbeitslosenquote bez. auf alle zivile Erwerbsp.
13211;Arbeitsmarktstatistik der Bundesagentur für Arbeit;JAHR;Jahr;2024;KREISE;Kreise und kreisfreie Städte;06439;Rheingau-Taunus-Kreis;ERWAQ8;Arbeitslosenquote nach Schwerpunkten;ARBEITSQUO07;ausländisch;17,9;Prozent;ERWP10;Arbeitslosenquote bez. auf alle zivile Erwerbsp.
13211;Arbeitsmarktstatistik der Bundesagentur für Arbeit;JAHR;Jahr;2012;KREISE;Kreise und kreisfreie Städte;06633;Kassel, Landkreis;ERWAQ8;Arbeitslosenquote nach Schwerpunkten;ARBEITSQUO05;Männer;4,7;Prozent;ERWP10;Arbeitslosenquote bez. auf alle zivile Erwerbsp.
13211;Arbeitsmarktstatistik der Bundesagentur für Arbeit;JAHR;Jahr;2018;KREISE;Kreise und kreisfreie Städte;12061;Dahme-Spreewald, Landkreis;ERWAQ8;Arbeitslosenquote nach Schwerpunkten;ARBEITSQUO09;15 bis unter 25 Jahre;1,7;Prozent;ERWP10;Arbeitslosenquote bez. auf alle zivile Erwerbsp.
13211;Arbeitsmarktstatistik der Bundesagentur für Arbeit;JAHR;Jahr;2019;KREISE;Kreise und kreisfreie Städte;12064;Märkisch-Oderland, Landkreis;ERWAQ8;Arbeitslosenquote nach Schwerpunkten;ARBEITSQUO07;ausländisch;16,0;Prozent;ERWP10;Arbeitslosenquote bez. auf alle zivile Erwerbsp.
13211;Arbeitsmarktstatistik der Bundesagentur für Arbeit;JAHR;Jahr;2011;KREISE;Kreise und kreisfreie Städte;12065;Oberhavel, Landkreis;ERWAQ8;Arbeitslosenquote nach Schwerpunkten;ARBEITSQUO05;Männer;9,9;Prozent;ERWP10;Arbeitslosenquote bez. auf alle zivile Erwerbsp.
13211;Arbeitsmarktstatistik der Bundesagentur für Arbeit;JAHR;Jahr;2010;KREISE;Kreise und kreisfreie Städte;12066;Oberspreewald-Lausitz, Landkreis;ERWAQ8;Arbeitslosenquote nach Schwerpunkten;ARBEITSQUO06;Frauen;16,1;Prozent;ERWP10;Arbeitslosenquote bez. auf alle zivile Erwerbsp.
13211;Arbeitsmarktstatistik der Bundesagentur für Arbeit;JAHR;Jahr;2011;KREISE;Kreise und kreisfreie Städte;12065;Oberhavel, Landkreis;ERWAQ8;Arbeitslosenquote nach Schwerpunkten;ARBEITSQUO09;15 bis unter 25 Jahre;8,9;Prozent;ERWP10;Arbeitslosenquote bez. auf alle zivile Erwerbsp.
13211;Arbeitsmarktstatistik der Bundesagentur für Arbeit;JAHR;Jahr;2014;KREISE;Kreise und kreisfreie Städte;12066;Oberspreewald-Lausitz, Landkreis;ERWAQ8;Arbeitslosenquote nach Schwerpunkten;ARBEITSQUO05;Männer;12,3;Prozent;ERWP10;Arbeitslosenquote bez. auf alle zivile Erwerbsp.
13211;Arbeitsmarktstatistik der Bundesagentur für Arbeit;JAHR;Jahr;2014;KREISE;Kreise und kreisfreie Städte;12061;Dahme-Spreewald, Landkreis;ERWAQ8;Arbeitslosenquote nach Schwerpunkten;ARBEITSQUO06;Frauen;6,4;Prozent;ERWP10;Arbeitslosenquote bez. auf alle zivile Erwerbsp.
13211;Arbeitsmarktstatistik der Bundesagentur für Arbeit;JAHR;Jahr;2025;KREISE;Kreise und kreisfreie Städte;06633;Kassel, Landkreis;ERWAQ8;Arbeitslosenquote nach Schwerpunkten;ARBEITSQUO06;Frauen;4,5;Prozent;ERWP10;Arbeitslosenquote bez. auf alle zivile Erwerbsp.
13211;Arbeitsmarktstatistik der Bundesagentur für Arbeit;JAHR;Jahr;2017;KREISE;Kreise und kreisfreie Städte;12066;Oberspreewald-Lausitz, Landkreis;ERWAQ8;Arbeitslosenquote nach Schwerpunkten;ARBEITSQUO09;15 bis unter 25 Jahre;6,3;Prozent;ERWP10;Arbeitslosenquote bez. auf alle zivile Erwerbsp.
13211;Arbeitsmarktstatistik der Bundesagentur für Arbeit;JAHR;Jahr;2016;KREISE;Kreise und kreisfreie Städte;12064;Märkisch-Oderland, Landkreis;ERWAQ8;Arbeitslosenquote nach Schwerpunkten;ARBEITSQUO07;ausländisch;30,0;Prozent;ERWP10;Arbeitslosenquote bez. auf alle zivile Erwerbsp.
13211;Arbeitsmarktstatistik der Bundesagentur für Arbeit;JAHR;Jahr;2017;KREISE;Kreise und kreisfreie Städte;12063;Havelland, Landkreis;ERWAQ8;Arbeitslosenquote nach Schwerpunkten;ARBEITSQUO06;Frauen;5,9;Prozent;ERWP10;Arbeitslosenquote bez. auf alle zivile Erwerbsp.
13211;Arbeitsmarktstatistik der Bundesagentur für Arbeit;JAHR;Jahr;2013;KREISE;Kreise und kreisfreie Städte;12067;Oder-Spree, Landkreis;ERWAQ8;Arbeitslosenquote nach Schwerpunkten;ARBEITSQUO06;Frauen;8,5;Prozent;ERWP10;Arbeitslosenquote bez. auf alle zivile Erwerbsp.
13211;Arbeitsmarktstatistik der Bundesagentur für Arbeit;JAHR;Jahr;2015;KREISE;Kreise und kreisfreie Städte;06439;Rheingau-Taunus-Kreis;ERWAQ8;Arbeitslosenquote nach Schwerpunkten;ARBEITSQUO09;15 bis unter 25 Jahre;2,7;Prozent;ERWP10;Arbeitslosenquote bez. auf alle zivile Erwerbsp.
13211;Arbeitsmarktstatistik der Bundesagentur für Arbeit;JAHR;Jahr;2016;KREISE;Kreise und kreisfreie Städte;12067;Oder-Spree, Landkreis;ERWAQ8;Arbeitslosenquote nach Schwerpunkten;ARBEITSQUO06;Frauen;7,6;Prozent;ERWP10;Arbeitslosenquote bez. auf alle zivile Erwerbsp.
13211;Arbeitsmarktstatistik der Bundesagentur für Arbeit;JAHR;Jahr;2017;KREISE;Kreise und kreisfreie Städte;12066;Oberspreewald-Lausitz, Landkreis;ERWAQ8;Arbeitslosenquote nach Schwerpunkten;ARBEITSQUO05;Männer;9,3;Prozent;ERWP10;Arbeitslosenquote bez. auf alle zivile Erwerbsp.
13211;Arbeitsmarktstatistik der Bundesagentur für Arbeit;JAHR;Jahr;2010;KREISE;Kreise und kreisfreie Städte;06439;Rheingau-Taunus-Kreis;ERWAQ8;Arbeitslosenquote nach Schwerpunkten;ARBEITSQUO07;ausländisch;13,3;Prozent;ERWP10;Arbeitslosenquote bez. auf alle zivile Erwerbsp.
13211;Arbeitsmarktstatistik der Bundesagentur für Arbeit;JAHR;Jahr;2021;KREISE;Kreise und kreisfreie Städte;06439;Rheingau-Taunus-Kreis;ERWAQ8;Arbeitslosenquote nach Schwerpunkten;ARBEITSQUO07;ausländisch;12,9;Prozent;ERWP10;Arbeitslosenquote bez. auf alle zivile Erwerbsp.
13211;Arbeitsmarktstatistik der Bundesagentur für Arbeit;JAHR;Jahr;2014;KREISE;Kreise und kreisfreie Städte;06533;Limburg-Weilburg, Landkreis;ERWAQ8;Arbeitslosenquote nach Schwerpunkten;ARBEITSQUO07;ausländisch;17,8;Prozent;ERWP10;Arbeitslosenquote bez. auf alle zivile Erwerbsp.
13211;Arbeitsmarktstatistik der Bundesagentur für Arbeit;JAHR;Jahr;2022;KREISE;Kreise und kreisfreie Städte;12064;Märkisch-Oderland, Landkreis;ERWAQ8;Arbeitslosenquote nach Schwerpunkten;ARBEITSQUO05;Männer;5,6;Prozent;ERWP10;Arbeitslosenquote bez. auf alle zivile Erwerbsp.
13211;Arbeitsmarktstatistik der Bundesagentur für Arbeit;JAHR;Jahr;2013;KREISE;Kreise und kreisfreie Städte;06531;Gießen, Landkreis;ERWAQ8;Arbeitslosenquote nach Schwerpunkten;ARBEITSQUO05;Männer;7,3;Prozent;ERWP10;Arbeitslosenquote bez. auf alle zivile Erwerbsp.
13211;Arbeitsmarktstatistik der Bundesagentur für Arbeit;JAHR;Jahr;2012;KREISE;Kreise und kreisfreie Städte;06532;Lahn-Dill-Kreis;ERWAQ8;Arbeitslosenquote nach Schwerpunkten;ARBEITSQUO06;Frauen;6,1;Prozent;ERWP10;Arbeitslosenquote bez. auf alle zivile Erwerbsp.
13211;Arbeitsmarktstatistik der Bundesagentur für Arbeit;JAHR;Jahr;2012;KREISE;Kreise und kreisfreie Städte;06535;Vogelsbergkreis;ERWAQ8;Arbeitslosenquote nach Schwerpunkten;ARBEITSQUO09;15 bis unter 25 Jahre;4,8;Prozent;ERWP10;Arbeitslosenquote bez. auf alle zivile Erwerbsp.
13211;Arbeitsmarktstatistik der Bundesagentur für Arbeit;JAHR;Jahr;2024;KREISE;Kreise und kreisfreie Städte;12065;Oberhavel, Landkreis;ERWAQ8;Arbeitslosenquote nach Schwerpunkten;ARBEITSQUO06;Frauen;4,8;Prozent;ERWP10;Arbeitslosenquote bez. auf alle zivile Erwerbsp.
13211;Arbeitsmarktstatistik der Bundesagentur für Arbeit;JAHR;Jahr;2012;KREISE;Kreise und kreisfreie Städte;06535;Vogelsbergkreis;ERWAQ8;Arbeitslosenquote nach Schwerpunkten;ARBEITSQUO05;Männer;5,1;Prozent;ERWP10;Arbeitslosenquote bez. auf alle zivile Erwerbsp.
13211;Arbeitsmarktstatistik der Bundesagentur für Arbeit;JAHR;Jahr;2011;KREISE;Kreise und kreisfreie Städte;06533;Limburg-Weilburg, Landkreis;ERWAQ8;Arbeitslosenquote nach Schwerpunkten;ARBEITSQUO07;ausländisch;19,7;Prozent;ERWP10;Arbeitslosenquote bez. auf alle zivile Erwerbsp.
13211;Arbeitsmarktstatistik der Bundesagentur für Arbeit;JAHR;Jahr;2023;KREISE;Kreise und kreisfreie Städte;12066;Oberspreewald-Lausitz, Landkreis;ERWAQ8;Arbeitslosenquote nach Schwerpunkten;ARBEITSQUO07;ausländisch;24,3;Prozent;ERWP10;Arbeitslosenquote bez. auf alle zivile Erwerbsp.
13211;Arbeitsmarktstatistik der Bundesagentur für Arbeit;JAHR;Jahr;2015;KREISE;Kreise und kreisfreie Städte;06532;Lahn-Dill-Kreis;ERWAQ8;Arbeitslosenquote nach Schwerpunkten;ARBEITSQUO06;Frauen;6,0;Prozent;ERWP10;Arbeitslosenquote bez. auf alle zivile Erwerbsp.
13211;Arbeitsmarktstatistik der Bundesagentur für Arbeit;JAHR;Jahr;2025;KREISE;Kreise und kreisfreie Städte;12061;Dahme-Spreewald, Landkreis;ERWAQ8;Arbeitslosenquote nach Schwerpunkten;ARBEITSQUO06;Frauen;3,5;Prozent;ERWP10;Arbeitslosenquote bez. auf alle zivile Erwerbsp.
13211;Arbeitsmarktstatistik der Bundesagentur für Arbeit;JAHR;Jahr;2021;KREISE;Kreise und kreisfreie Städte;06535;Vogelsbergkreis;ERWAQ8;Arbeitslosenquote nach Schwerpunkten;ARBEITSQUO07;ausländisch;10,7;Prozent;ERWP10;Arbeitslosenquote bez. auf alle zivile Erwerbsp.
13211;Arbeitsmarktstatistik der Bundesagentur für Arbeit;JAHR;Jahr;2019;KREISE;Kreise und kreisfreie Städte;06531;Gießen, Landkreis;ERWAQ8;Arbeitslosenquote nach Schwerpunkten;ARBEITSQUO09;15 bis unter 25 Jahre;4,0;Prozent;ERWP10;Arbeitslosenquote bez. auf alle zivile Erwerbsp.
13211;Arbeitsmarktstatistik der Bundesagentur für Arbeit;JAHR;Jahr;2022;KREISE;Kreise und kreisfreie Städte;06534;Marburg-Biedenkopf, Landkreis;ERWAQ8;Arbeitslosenquote nach Schwerpunkten;ARBEITSQUO06;Frauen;3,9;Prozent;ERWP10;Arbeitslosenquote bez. auf alle zivile Erwerbsp.
13211;Arbeitsmarktstatistik der Bundesagentur für Arbeit;JAHR;Jahr;2023;KREISE;Kreise und kreisfreie Städte;06533;Limburg-Weilburg, Landkreis;ERWAQ8;Arbeitslosenquote nach Schwerpunkten;ARBEITSQUO09;15 bis unter 25 Jahre;4,0;Prozent;ERWP10;Arbeitslosenquote bez. auf alle zivile Erwerbsp.
13211;Arbeitsmarktstatistik der Bundesagentur für Arbeit;JAHR;Jahr;2020;KREISE;Kreise und kreisfreie Städte;06532;Lahn-Dill-Kreis;ERWAQ8;Arbeitslosenquote nach Schwerpunkten;ARBEITSQUO09;15 bis unter 25 Jahre;5,2;Prozent;ERWP10;Arbeitslosenquote bez. auf alle zivile Erwerbsp.
13211;Arbeitsmarktstatistik der Bundesagentur für Arbeit;JAHR;Jahr;2025;KREISE;Kreise und kreisfreie Städte;06439;Rheingau-Taunus-Kreis;ERWAQ8;Arbeitslosenquote nach Schwerpunkten;ARBEITSQUO06;Frauen;4,9;Prozent;ERWP10;Arbeitslosenquote bez. auf alle zivile Erwerbsp.
13211;Arbeitsmarktstatistik der Bundesagentur für Arbeit;JAHR;Jahr;2016;KREISE;Kreise und kreisfreie Städte;06636;Werra-Meißner-Kreis;ERWAQ8;Arbeitslosenquote nach Schwerpunkten;ARBEITSQUO07;ausländisch;19,6;Prozent;ERWP10;Arbeitslosenquote bez. auf alle zivile Erwerbsp.
13211;Arbeitsmarktstatistik der Bundesagentur für Arbeit;JAHR;Jahr;2025;KREISE;Kreise und kreisfreie Städte;06531;Gießen, Landkreis;ERWAQ8;Arbeitslosenquote nach Schwerpunkten;ARBEITSQUO07;ausländisch;18,6;Prozent;ERWP10;Arbeitslosenquote bez. auf alle zivile Erwerbsp.
13211;Arbeitsmarktstatistik der Bundesagentur für Arbeit;JAHR;Jahr;2021;KREISE;Kreise und kreisfreie Städte;06633;Kassel, Landkreis;ERWAQ8;Arbeitslosenquote nach Schwerpunkten;ARBEITSQUO07;ausländisch;13,7;Prozent;ERWP10;Arbeitslosenquote bez. auf alle zivile Erwerbsp.
13211;Arbeitsmarktstatistik der Bundesagentur für Arbeit;JAHR;Jahr;2010;KREISE;Kreise und kreisfreie Städte;12061;Dahme-Spreewald, Landkreis;ERWAQ8;Arbeitslosenquote nach Schwerpunkten;ARBEITSQUO07;ausländisch;9,2;Prozent;ERWP10;Arbeitslosenquote bez. auf alle zivile Erwerbsp.
13211;Arbeitsmarktstatistik der Bundesagentur für Arbeit;JAHR;Jahr;2014;KREISE;Kreise und kreisfreie Städte;12067;Oder-Spree, Landkreis;ERWAQ8;Arbeitslosenquote nach Schwerpunkten;ARBEITSQUO09;15 bis unter 25 Jahre;9,4;Prozent;ERWP10;Arbeitslosenquote bez. auf alle zivile Erwerbsp.
13211;Arbeitsmarktstatistik der Bundesagentur für Arbeit;JAHR;Jahr;2014;KREISE;Kreise und kreisfreie Städte;06439;Rheingau-Taunus-Kreis;ERWAQ8;Arbeitslosenquote nach Schwerpunkten;ARBEITSQUO06;Frauen;4,4;Prozent;ERWP10;Arbeitslosenquote bez. auf alle zivile Erwerbsp.
13211;Arbeitsmarktstatistik der Bundesagentur für Arbeit;JAHR;Jahr;2013;KREISE;Kreise und kreisfreie Städte;12061;Dahme-Spreewald, Landkreis;ERWAQ8;Arbeitslosenquote nach Schwerpunkten;ARBEITSQUO07;ausländisch;7,8;Prozent;ERWP10;Arbeitslosenquote bez. auf alle zivile Erwerbsp.
13211;Arbeitsmarktstatistik der Bundesagentur für Arbeit;JAHR;Jahr;2017;KREISE;Kreise und kreisfreie Städte;06439;Rheingau-Taunus-Kreis;ERWAQ8;Arbeitslosenquote nach Schwerpunkten;ARBEITSQUO06;Frauen;4,4;Prozent;ERWP10;Arbeitslosenquote bez. auf alle zivile Erwerbsp.
13211;Arbeitsmarktstatistik der Bundesagentur für Arbeit;JAHR;Jahr;2021;KREISE;Kreise und kreisfreie Städte;12064;Märkisch-Oderland, Landkreis;ERWAQ8;Arbeitslosenquote nach Schwerpunkten;ARBEITSQUO06;Frauen;5,0;Prozent;ERWP10;Arbeitslosenquote bez. auf alle zivile Erwerbsp.
13211;Arbeitsmarktstatistik der Bundesagentur für Arbeit;JAHR;Jahr;2013;KREISE;Kreise und kreisfreie Städte;06532;Lahn-Dill-Kreis;ERWAQ8;Arbeitslosenquote nach Schwerpunkten;ARBEITSQUO09;15 bis unter 25 Jahre;5,8;Prozent;ERWP10;Arbeitslosenquote bez. auf alle zivile Erwerbsp.
13211;Arbeitsmarktstatistik der Bundesagentur für Arbeit;JAHR;Jahr;2022;KREISE;Kreise und kreisfreie Städte;12063;Havelland, Landkreis;ERWAQ8;Arbeitslosenquote nach Schwerpunkten;ARBEITSQUO09;15 bis unter 25 Jahre;6,5;Prozent;ERWP10;Arbeitslosenquote bez. auf alle zivile Erwerbsp.
13211;Arbeitsmarktstatistik der Bundesagentur für Arbeit;JAHR;Jahr;2018;KREISE;Kreise und kreisfreie Städte;06533;Limburg-Weilburg, Landkreis;ERWAQ8;Arbeitslosenquote nach Schwerpunkten;ARBEITSQUO06;Frauen;4,0;Prozent;ERWP10;Arbeitslosenquote bez. auf alle zivile Erwerbsp.
13211;Arbeitsmarktstatistik der Bundesagentur für Arbeit;JAHR;Jahr;2024;KREISE;Kreise und kreisfreie Städte;12061;Dahme-Spreewald, Landkreis;ERWAQ8;Arbeitslosenquote nach Schwerpunkten;ARBEITSQUO07;ausländisch;10,1;Prozent;ERWP10;Arbeitslosenquote bez. auf alle zivile Erwerbsp.
13211;Arbeitsmarktstatistik der Bundesagentur für Arbeit;JAHR;Jahr;2021;KREISE;Kreise und kreisfreie Städte;12061;Dahme-Spreewald, Landkreis;ERWAQ8;Arbeitslosenquote nach Schwerpunkten;ARBEITSQUO07;ausländisch;8,4;Prozent;ERWP10;Arbeitslosenquote bez. auf alle zivile Erwerbsp.
13211;Arbeitsmarktstatistik der Bundesagentur für Arbeit;JAHR;Jahr;2020;KREISE;Kreise und kreisfreie Städte;12065;Oberhavel, Landkreis;ERWAQ8;Arbeitslosenquote nach Schwerpunkten;ARBEITSQUO07;ausländisch;18,7;Prozent;ERWP10;Arbeitslosenquote bez. auf alle zivile Erwerbsp.
13211;Arbeitsmarktstatistik der Bundesagentur für Arbeit;JAHR;Jahr;2025;KREISE;Kreise und kreisfreie Städte;12063;Havelland, Landkreis;ERWAQ8;Arbeitslosenquote nach Schwerpunkten;ARBEITSQUO09;15 bis unter 25 Jahre;8,6;Prozent;ERWP10;Arbeitslosenquote bez. auf alle zivile Erwerbsp.
13211;Arbeitsmarktstatistik der Bundesagentur für Arbeit;JAHR;Jahr;2021;KREISE;Kreise und kreisfreie Städte;12067;Oder-Spree, Landkreis;ERWAQ8;Arbeitslosenquote nach Schwerpunkten;ARBEITSQUO09;15 bis unter 25 Jahre;7,9;Prozent;ERWP10;Arbeitslosenquote bez. auf alle zivile Erwerbsp.
13211;Arbeitsmarktstatistik der Bundesagentur für Arbeit;JAHR;Jahr;2016;KREISE;Kreise und kreisfreie Städte;06532;Lahn-Dill-Kreis;ERWAQ8;Arbeitslosenquote nach Schwerpunkten;ARBEITSQUO05;Männer;5,5;Prozent;ERWP10;Arbeitslosenquote bez. auf alle zivile Erwerbsp.
13211;Arbeitsmarktstatistik der Bundesagentur für Arbeit;JAHR;Jahr;2017;KREISE;Kreise und kreisfreie Städte;06534;Marburg-Biedenkopf, Landkreis;ERWAQ8;Arbeitslosenquote nach Schwerpunkten;ARBEITSQUO07;ausländisch;.;Prozent;ERWP10;Arbeitslosenquote bez. auf alle zivile Erwerbsp.
13211;Arbeitsmarktstatistik der Bundesagentur für Arbeit;JAHR;Jahr;2018;KREISE;Kreise und kreisfreie Städte;06531;Gießen, Landkreis;ERWAQ8;Arbeitslosenquote nach Schwerpunkten;ARBEITSQUO07;ausländisch;.;Prozent;ERWP10;Arbeitslosenquote bez. auf alle zivile Erwerbsp.
13211;Arbeitsmarktstatistik der Bundesagentur für Arbeit;JAHR;Jahr;2014;KREISE;Kreise und kreisfreie Städte;06633;Kassel, Landkreis;ERWAQ8;Arbeitslosenquote nach Schwerpunkten;ARBEITSQUO06;Frauen;4,1;Prozent;ERWP10;Arbeitslosenquote bez. auf alle zivile Erwerbsp.
13211;Arbeitsmarktstatistik der Bundesagentur für Arbeit;JAHR;Jahr;2020;KREISE;Kreise und kreisfreie Städte;06531;Gießen, Landkreis;ERWAQ8;Arbeitslosenquote nach Schwerpunkten;ARBEITSQUO05;Männer;6,6;Prozent;ERWP10;Arbeitslosenquote bez. auf alle zivile Erwerbsp.
13211;Arbeitsmarktstatistik der Bundesagentur für Arbeit;JAHR;Jahr;2022;KREISE;Kreise und kreisfreie Städte;06533;Limburg-Weilburg, Landkreis;ERWAQ8;Arbeitslosenquote nach Schwerpunkten;ARBEITSQUO07;ausländisch;13,4;Prozent;ERWP10;Arbeitslosenquote bez. auf alle zivile Erwerbsp.
13211;Arbeitsmarktstatistik der Bundesagentur für Arbeit;JAHR;Jahr;2023;KREISE;Kreise und kreisfreie Städte;06532;Lahn-Dill-Kreis;ERWAQ8;Arbeitslosenquote nach Schwerpunkten;ARBEITSQUO05;Männer;5,7;Prozent;ERWP10;Arbeitslosenquote bez. auf alle zivile Erwerbsp.
13211;Arbeitsmarktstatistik der Bundesagentur für Arbeit;JAHR;Jahr;2015;KREISE;Kreise und kreisfreie Städte;06636;Werra-Meißner-Kreis;ERWAQ8;Arbeitslosenquote nach Schwerpunkten;ARBEITSQUO05;Männer;6,7;Prozent;ERWP10;Arbeitslosenquote bez. auf alle zivile Erwerbsp.
13211;Arbeitsmarktstatistik der Bundesagentur für Arbeit;JAHR;Jahr;2011;KREISE;Kreise und kreisfreie Städte;06636;Werra-Meißner-Kreis;ERWAQ8;Arbeitslosenquote nach Schwerpunkten;ARBEITSQUO05;Männer;6,7;Prozent;ERWP10;Arbeitslosenquote bez. auf alle zivile Erwerbsp.
13211;Arbeitsmarktstatistik der Bundesagentur für Arbeit;JAHR;Jahr;2018;KREISE;Kreise und kreisfreie Städte;06633;Kassel, Landkreis;ERWAQ8;Arbeitslosenquote nach Schwerpunkten;ARBEITSQUO06;Frauen;3,7;Prozent;ERWP10;Arbeitslosenquote bez. auf alle zivile Erwerbsp.
13211;Arbeitsmarktstatistik der Bundesagentur für Arbeit;JAHR;Jahr;2011;KREISE;Kreise und kreisfreie Städte;12067;Oder-Spree, Landkreis;ERWAQ8;Arbeitslosenquote nach Schwerpunkten;ARBEITSQUO05;Männer;10,4;Prozent;ERWP10;Arbeitslosenquote bez. auf alle zivile Erwerbsp.
13211;Arbeitsmarktstatistik der Bundesagentur für Arbeit;JAHR;Jahr;2010;KREISE;Kreise und kreisfreie Städte;12064;Märkisch-Oderland, Landkreis;ERWAQ8;Arbeitslosenquote nach Schwerpunkten;ARBEITSQUO06;Frauen;10,3;Prozent;ERWP10;Arbeitslosenquote bez. auf alle zivile Erwerbsp.
13211;Arbeitsmarktstatistik der Bundesagentur für Arbeit;JAHR;Jahr;2024;KREISE;Kreise und kreisfreie Städte;06531;Gießen, Landkreis;ERWAQ8;Arbeitslosenquote nach Schwerpunkten;ARBEITSQUO05;Männer;6,1;Prozent;ERWP10;Arbeitslosenquote bez. auf alle zivile Erwerbsp.
13211;Arbeitsmarktstatistik der Bundesagentur für Arbeit;JAHR;Jahr;2017;KREISE;Kreise und kreisfreie Städte;12064;Märkisch-Oderland, Landkreis;ERWAQ8;Arbeitslosenquote nach Schwerpunkten;ARBEITSQUO09;15 bis unter 25 Jahre;8,6;Prozent;ERWP10;Arbeitslosenquote bez. auf alle zivile Erwerbsp.
13211;Arbeitsmarktstatistik der Bundesagentur für Arbeit;JAHR;Jahr;2018;KREISE;Kreise und kreisfreie Städte;12063;Havelland, Landkreis;ERWAQ8;Arbeitslosenquote nach Schwerpunkten;ARBEITSQUO09;15 bis unter 25 Jahre;7,4;Prozent;ERWP10;Arbeitslosenquote bez. auf alle zivile Erwerbsp.
13211;Arbeitsmarktstatistik der Bundesagentur für Arbeit;JAHR;Jahr;2011;KREISE;Kreise und kreisfreie Städte;12063;Havelland, Landkreis;ERWAQ8;Arbeitslosenquote nach Schwerpunkten;ARBEITSQUO09;15 bis unter 25 Jahre;8,3;Prozent;ERWP10;Arbeitslosenquote bez. auf alle zivile Erwerbsp.
13211;Arbeitsmarktstatistik der Bundesagentur für Arbeit;JAHR;Jahr;2013;KREISE;Kreise und kreisfreie Städte;12065;Oberhavel, Landkreis;ERWAQ8;Arbeitslosenquote nach Schwerpunkten;ARBEITSQUO06;Frauen;8,4;Prozent;ERWP10;Arbeitslosenquote bez. auf alle zivile Erwerbsp.
13211;Arbeitsmarktstatistik der Bundesagentur für Arbeit;JAHR;Jahr;2017;KREISE;Kreise und kreisfreie Städte;12065;Oberhavel, Landkreis;ERWAQ8;Arbeitslosenquote nach Schwerpunkten;ARBEITSQUO06;Frauen;5,8;Prozent;ERWP10;Arbeitslosenquote bez. auf alle zivile Erwerbsp.
13211;Arbeitsmarktstatistik der Bundesagentur für Arbeit;JAHR;Jahr;2012;KREISE;Kreise und kreisfreie Städte;06439;Rheingau-Taunus-Kreis;ERWAQ8;Arbeitslosenquote nach Schwerpunkten;ARBEITSQUO05;Männer;4,3;Prozent;ERWP10;Arbeitslosenquote bez. auf alle zivile Erwerbsp.
13211;Arbeitsmarktstatistik der Bundesagentur für Arbeit;JAHR;Jahr;2025;KREISE;Kreise und kreisfreie Städte;06636;Werra-Meißner-Kreis;ERWAQ8;Arbeitslosenquote nach Schwerpunkten;ARBEITSQUO05;Männer;5,8;Prozent;ERWP10;Arbeitslosenquote bez. auf alle zivile Erwerbsp.
13211;Arbeitsmarktstatistik der Bundesagentur für Arbeit;JAHR;Jahr;2016;KREISE;Kreise und kreisfreie Städte;12065;Oberhavel, Landkreis;ERWAQ8;Arbeitslosenquote nach Schwerpunkten;ARBEITSQUO06;Frauen;6,4;Prozent;ERWP10;Arbeitslosenquote bez. auf alle zivile Erwerbsp.
13211;Arbeitsmarktstatistik der Bundesagentur für Arbeit;JAHR;Jahr;2014;KREISE;Kreise und kreisfreie Städte;06531;Gießen, Landkreis;ERWAQ8;Arbeitslosenquote nach Schwerpunkten;ARBEITSQUO07;ausländisch;18,7;Prozent;ERWP10;Arbeitslosenquote bez. auf alle zivile Erwerbsp.
13211;Arbeitsmarktstatistik der Bundesagentur für Arbeit;JAHR;Jahr;2024;KREISE;Kreise und kreisfreie Städte;12067;Oder-Spree, Landkreis;ERWAQ8;Arbeitslosenquote nach Schwerpunkten;ARBEITSQUO06;Frauen;5,9;Prozent;ERWP10;Arbeitslosenquote bez. auf alle zivile Erwerbsp.
13211;Arbeitsmarktstatistik der Bundesagentur für Arbeit;JAHR;Jahr;2012;KREISE;Kreise und kreisfreie Städte;06533;Limburg-Weilburg, Landkreis;ERWAQ8;Arbeitslosenquote nach Schwerpunkten;ARBEITSQUO09;15 bis unter 25 Jahre;5,7;Prozent;ERWP10;Arbeitslosenquote bez. auf alle zivile Erwerbsp.
13211;Arbeitsmarktstatistik der Bundesagentur für Arbeit;JAHR;Jahr;2011;KREISE;Kreise und kreisfreie Städte;06531;Gießen, Landkreis;ERWAQ8;Arbeitslosenquote nach Schwerpunkten;ARBEITSQUO07;ausländisch;18,4;Prozent;ERWP10;Arbeitslosenquote bez. auf alle zivile Erwerbsp.
13211;Arbeitsmarktstatistik der Bundesagentur für Arbeit;JAHR;Jahr;2010;KREISE;Kreise und kreisfreie Städte;06531;Gießen, Landkreis;ERWAQ8;Arbeitslosenquote nach Schwerpunkten;ARBEITSQUO05;Männer;7,9;Prozent;ERWP10;Arbeitslosenquote bez. auf alle zivile Erwerbsp.
13211;Arbeitsmarktstatistik der Bundesagentur für Arbeit;JAHR;Jahr;2020;KREISE;Kreise und kreisfreie Städte;12067;Oder-Spree, Landkreis;ERWAQ8;Arbeitslosenquote nach Schwerpunkten;ARBEITSQUO06;Frauen;5,9;Prozent;ERWP10;Arbeitslosenquote bez. auf alle zivile Erwerbsp.
13211;Arbeitsmarktstatistik der Bundesagentur für Arbeit;JAHR;Jahr;2012;KREISE;Kreise und kreisfreie Städte;06534;Marburg-Biedenkopf, Landkreis;ERWAQ8;Arbeitslosenquote nach Schwerpunkten;ARBEITSQUO06;Frauen;4,8;Prozent;ERWP10;Arbeitslosenquote bez. auf alle zivile Erwerbsp.
13211;Arbeitsmarktstatistik der Bundesagentur für Arbeit;JAHR;Jahr;2015;KREISE;Kreise und kreisfreie Städte;06531;Gießen, Landkreis;ERWAQ8;Arbeitslosenquote nach Schwerpunkten;ARBEITSQUO07;ausländisch;19,0;Prozent;ERWP10;Arbeitslosenquote bez. auf alle zivile Erwerbsp.
13211;Arbeitsmarktstatistik der Bundesagentur für Arbeit;JAHR;Jahr;2011;KREISE;Kreise und kreisfreie Städte;06534;Marburg-Biedenkopf, Landkreis;ERWAQ8;Arbeitslosenquote nach Schwerpunkten;ARBEITSQUO06;Frauen;5,2;Prozent;ERWP10;Arbeitslosenquote bez. auf alle zivile Erwerbsp.
13211;Arbeitsmarktstatistik der Bundesagentur für Arbeit;JAHR;Jahr;2016;KREISE;Kreise und kreisfreie Städte;06533;Limburg-Weilburg, Landkreis;ERWAQ8;Arbeitslosenquote nach Schwerpunkten;ARBEITSQUO09;15 bis unter 25 Jahre;4,4;Prozent;ERWP10;Arbeitslosenquote bez. auf alle zivile Erwerbsp.
13211;Arbeitsmarktstatistik der Bundesagentur für Arbeit;JAHR;Jahr;2015;KREISE;Kreise und kreisfreie Städte;06535;Vogelsbergkreis;ERWAQ8;Arbeitslosenquote nach Schwerpunkten;ARBEITSQUO09;15 bis unter 25 Jahre;4,1;Prozent;ERWP10;Arbeitslosenquote bez. auf alle zivile Erwerbsp.
13211;Arbeitsmarktstatistik der Bundesagentur für Arbeit;JAHR;Jahr;2023;KREISE;Kreise und kreisfreie Städte;12064;Märkisch-Oderland, Landkreis;ERWAQ8;Arbeitslosenquote nach Schwerpunkten;ARBEITSQUO07;ausländisch;21,9;Prozent;ERWP10;Arbeitslosenquote bez. auf alle zivile Erwerbsp.
13211;Arbeitsmarktstatistik der Bundesagentur für Arbeit;JAHR;Jahr;2015;KREISE;Kreise und kreisfreie Städte;06534;Marburg-Biedenkopf, Landkreis;ERWAQ8;Arbeitslosenquote nach Schwerpunkten;ARBEITSQUO06;Frauen;3,7;Prozent;ERWP10;Arbeitslosenquote bez. auf alle zivile Erwerbsp.
13211;Arbeitsmarktstatistik der Bundesagentur für Arbeit;JAHR;Jahr;2019;KREISE;Kreise und kreisfreie Städte;06535;Vogelsbergkreis;ERWAQ8;Arbeitslosenquote nach Schwerpunkten;ARBEITSQUO09;15 bis unter 25 Jahre;3,6;Prozent;ERWP10;Arbeitslosenquote bez. auf alle zivile Erwerbsp.
13211;Arbeitsmarktstatistik der Bundesagentur für Arbeit;JAHR;Jahr;2020;KREISE;Kreise und kreisfreie Städte;06534;Marburg-Biedenkopf, Landkreis;ERWAQ8;Arbeitslosenquote nach Schwerpunkten;ARBEITSQUO09;15 bis unter 25 Jahre;4,4;Prozent;ERWP10;Arbeitslosenquote bez. auf alle zivile Erwerbsp.
13211;Arbeitsmarktstatistik der Bundesagentur für Arbeit;JAHR;Jahr;2019;KREISE;Kreise und kreisfreie Städte;06533;Limburg-Weilburg, Landkreis;ERWAQ8;Arbeitslosenquote nach Schwerpunkten;ARBEITSQUO09;15 bis unter 25 Jahre;3,7;Prozent;ERWP10;Arbeitslosenquote bez. auf alle zivile Erwerbsp.
13211;Arbeitsmarktstatistik der Bundesagentur für Arbeit;JAHR;Jahr;2021;KREISE;Kreise und kreisfreie Städte;06533;Limburg-Weilburg, Landkreis;ERWAQ8;Arbeitslosenquote nach Schwerpunkten;ARBEITSQUO07;ausländisch;13,0;Prozent;ERWP10;Arbeitslosenquote bez. auf alle zivile Erwerbsp.
13211;Arbeitsmarktstatistik der Bundesagentur für Arbeit;JAHR;Jahr;2021;KREISE;Kreise und kreisfreie Städte;06531;Gießen, Landkreis;ERWAQ8;Arbeitslosenquote nach Schwerpunkten;ARBEITSQUO05;Männer;6,1;Prozent;ERWP10;Arbeitslosenquote bez. auf alle zivile Erwerbsp.
13211;Arbeitsmarktstatistik der Bundesagentur für Arbeit;JAHR;Jahr;2015;KREISE;Kreise und kreisfreie Städte;06633;Kassel, Landkreis;ERWAQ8;Arbeitslosenquote nach Schwerpunkten;ARBEITSQUO09;15 bis unter 25 Jahre;5,2;Prozent;ERWP10;Arbeitslosenquote bez. auf alle zivile Erwerbsp.
13211;Arbeitsmarktstatistik der Bundesagentur für Arbeit;JAHR;Jahr;2023;KREISE;Kreise und kreisfreie Städte;06535;Vogelsbergkreis;ERWAQ8;Arbeitslosenquote nach Schwerpunkten;ARBEITSQUO09;15 bis unter 25 Jahre;4,9;Prozent;ERWP10;Arbeitslosenquote bez. auf alle zivile Erwerbsp.
13211;Arbeitsmarktstatistik der Bundesagentur für Arbeit;JAHR;Jahr;2018;KREISE;Kreise und kreisfreie Städte;06636;Werra-Meißner-Kreis;ERWAQ8;Arbeitslosenquote nach Schwerpunkten;ARBEITSQUO05;Männer;5,2;Prozent;ERWP10;Arbeitslosenquote bez. auf alle zivile Erwerbsp.
13211;Arbeitsmarktstatistik der Bundesagentur für Arbeit;JAHR;Jahr;2014;KREISE;Kreise und kreisfreie Städte;06636;Werra-Meißner-Kreis;ERWAQ8;Arbeitslosenquote nach Schwerpunkten;ARBEITSQUO05;Männer;6,8;Prozent;ERWP10;Arbeitslosenquote bez. auf alle zivile Erwerbsp.
13211;Arbeitsmarktstatistik der Bundesagentur für Arbeit;JAHR;Jahr;2017;KREISE;Kreise und kreisfreie Städte;06633;Kassel, Landkreis;ERWAQ8;Arbeitslosenquote nach Schwerpunkten;ARBEITSQUO06;Frauen;4,0;Prozent;ERWP10;Arbeitslosenquote bez. auf alle zivile Erwerbsp.
13211;Arbeitsmarktstatistik der Bundesagentur für Arbeit;JAHR;Jahr;2025;KREISE;Kreise und kreisfreie Städte;06533;Limburg-Weilburg, Landkreis;ERWAQ8;Arbeitslosenquote nach Schwerpunkten;ARBEITSQUO07;ausländisch;16,5;Prozent;ERWP10;Arbeitslosenquote bez. auf alle zivile Erwerbsp.
13211;Arbeitsmarktstatistik der Bundesagentur für Arbeit;JAHR;Jahr;2022;KREISE;Kreise und kreisfreie Städte;06636;Werra-Meißner-Kreis;ERWAQ8;Arbeitslosenquote nach Schwerpunkten;ARBEITSQUO05;Männer;5,1;Prozent;ERWP10;Arbeitslosenquote bez. auf alle zivile Erwerbsp.
13211;Arbeitsmarktstatistik der Bundesagentur für Arbeit;JAHR;Jahr;2025;KREISE;Kreise und kreisfreie Städte;06535;Vogelsbergkreis;ERWAQ8;Arbeitslosenquote nach Schwerpunkten;ARBEITSQUO06;Frauen;4,0;Prozent;ERWP10;Arbeitslosenquote bez. auf alle zivile Erwerbsp.
13211;Arbeitsmarktstatistik der Bundesagentur für Arbeit;JAHR;Jahr;2010;KREISE;Kreise und kreisfreie Städte;12063;Havelland, Landkreis;ERWAQ8;Arbeitslosenquote nach Schwerpunkten;ARBEITSQUO07;ausländisch;14,4;Prozent;ERWP10;Arbeitslosenquote bez. auf alle zivile Erwerbsp.
13211;Arbeitsmarktstatistik der Bundesagentur für Arbeit;JAHR;Jahr;2023;KREISE;Kreise und kreisfreie Städte;06633;Kassel, Landkreis;ERWAQ8;Arbeitslosenquote nach Schwerpunkten;ARBEITSQUO09;15 bis unter 25 Jahre;4,3;Prozent;ERWP10;Arbeitslosenquote bez. auf alle zivile Erwerbsp.
13211;Arbeitsmarktstatistik der Bundesagentur für Arbeit;JAHR;Jahr;2013;KREISE;Kreise und kreisfreie Städte;12063;Havelland, Landkreis;ERWAQ8;Arbeitslosenquote nach Schwerpunkten;ARBEITSQUO07;ausländisch;12,7;Prozent;ERWP10;Arbeitslosenquote bez. auf alle zivile Erwerbsp.
13211;Arbeitsmarktstatistik der Bundesagentur für Arbeit;JAHR;Jahr;2012;KREISE;Kreise und kreisfreie Städte;12061;Dahme-Spreewald, Landkreis;ERWAQ8;Arbeitslosenquote nach Schwerpunkten;ARBEITSQUO05;Männer;7,5;Prozent;ERWP10;Arbeitslosenquote bez. auf alle zivile Erwerbsp.
13211;Arbeitsmarktstatistik der Bundesagentur für Arbeit;JAHR;Jahr;2014;KREISE;Kreise und kreisfreie Städte;12065;Oberhavel, Landkreis;ERWAQ8;Arbeitslosenquote nach Schwerpunkten;ARBEITSQUO09;15 bis unter 25 Jahre;8,0;Prozent;ERWP10;Arbeitslosenquote bez. auf alle zivile Erwerbsp.
13211;Arbeitsmarktstatistik der Bundesagentur für Arbeit;JAHR;Jahr;2019;KREISE;Kreise und kreisfreie Städte;12066;Oberspreewald-Lausitz, Landkreis;ERWAQ8;Arbeitslosenquote nach Schwerpunkten;ARBEITSQUO06;Frauen;7,2;Prozent;ERWP10;Arbeitslosenquote bez. auf alle zivile Erwerbsp.
13211;Arbeitsmarktstatistik der Bundesagentur für Arbeit;JAHR;Jahr;2020;KREISE;Kreise und kreisfreie Städte;12061;Dahme-Spreewald, Landkreis;ERWAQ8;Arbeitslosenquote nach Schwerpunkten;ARBEITSQUO05;Männer;4,6;Prozent;ERWP10;Arbeitslosenquote bez. auf alle zivile Erwerbsp.
13211;Arbeitsmarktstatistik der Bundesagentur für Arbeit;JAHR;Jahr;2013;KREISE;Kreise und kreisfreie Städte;06534;Marburg-Biedenkopf, Landkreis;ERWAQ8;Arbeitslosenquote nach Schwerpunkten;ARBEITSQUO09;15 bis unter 25 Jahre;4,3;Prozent;ERWP10;Arbeitslosenquote bez. auf alle zivile Erwerbsp.
13211;Arbeitsmarktstatistik der Bundesagentur für Arbeit;JAHR;Jahr;2020;KREISE;Kreise und kreisfreie Städte;12063;Havelland, Landkreis;ERWAQ8;Arbeitslosenquote nach Schwerpunkten;ARBEITSQUO07;ausländisch;19,9;Prozent;ERWP10;Arbeitslosenquote bez. auf alle zivile Erwerbsp.
13211;Arbeitsmarktstatistik der Bundesagentur für Arbeit;JAHR;Jahr;2021;KREISE;Kreise und kreisfreie Städte;12065;Oberhavel, Landkreis;ERWAQ8;Arbeitslosenquote nach Schwerpunkten;ARBEITSQUO09;15 bis unter 25 Jahre;6,4;Prozent;ERWP10;Arbeitslosenquote bez. auf alle zivile Erwerbsp.
13211;Arbeitsmarktstatistik der Bundesagentur für Arbeit;JAHR;Jahr;2021;KREISE;Kreise und kreisfreie Städte;12066;Oberspreewald-Lausitz, Landkreis;ERWAQ8;Arbeitslosenquote nach Schwerpunkten;ARBEITSQUO06;Frauen;6,9;Prozent;ERWP10;Arbeitslosenquote bez. auf alle zivile Erwerbsp.
13211;Arbeitsmarktstatistik der Bundesagentur für Arbeit;JAHR;Jahr;2023;KREISE;Kreise und kreisfreie Städte;12061;Dahme-Spreewald, Landkreis;ERWAQ8;Arbeitslosenquote nach Schwerpunkten;ARBEITSQUO05;Männer;4,1;Prozent;ERWP10;Arbeitslosenquote bez. auf alle zivile Erwerbsp.
13211;Arbeitsmarktstatistik der Bundesagentur für Arbeit;JAHR;Jahr;2017;KREISE;Kreise und kreisfreie Städte;06535;Vogelsbergkreis;ERWAQ8;Arbeitslosenquote nach Schwerpunkten;ARBEITSQUO06;Frauen;3,6;Prozent;ERWP10;Arbeitslosenquote bez. auf alle zivile Erwerbsp.
13211;Arbeitsmarktstatistik der Bundesagentur für Arbeit;JAHR;Jahr;2018;KREISE;Kreise und kreisfreie Städte;06535;Vogelsbergkreis;ERWAQ8;Arbeitslosenquote nach Schwerpunkten;ARBEITSQUO06;Frauen;3,3;Prozent;ERWP10;Arbeitslosenquote bez. auf alle zivile Erwerbsp.
13211;Arbeitsmarktstatistik der Bundesagentur für Arbeit;JAHR;Jahr;2022;KREISE;Kreise und kreisfreie Städte;12065;Oberhavel, Landkreis;ERWAQ8;Arbeitslosenquote nach Schwerpunkten;ARBEITSQUO09;15 bis unter 25 Jahre;5,3;Prozent;ERWP10;Arbeitslosenquote bez. auf alle zivile Erwerbsp.
13211;Arbeitsmarktstatistik der Bundesagentur für Arbeit;JAHR;Jahr;2025;KREISE;Kreise und kreisfreie Städte;12065;Oberhavel, Landkreis;ERWAQ8;Arbeitslosenquote nach Schwerpunkten;ARBEITSQUO09;15 bis unter 25 Jahre;6,3;Prozent;ERWP10;Arbeitslosenquote bez. auf alle zivile Erwerbsp.
13211;Arbeitsmarktstatistik der Bundesagentur für Arbeit;JAHR;Jahr;2017;KREISE;Kreise und kreisfreie Städte;06532;Lahn-Dill-Kreis;ERWAQ8;Arbeitslosenquote nach Schwerpunkten;ARBEITSQUO07;ausländisch;.;Prozent;ERWP10;Arbeitslosenquote bez. auf alle zivile Erwerbsp.
13211;Arbeitsmarktstatistik der Bundesagentur für Arbeit;JAHR;Jahr;2018;KREISE;Kreise und kreisfreie Städte;06534;Marburg-Biedenkopf, Landkreis;ERWAQ8;Arbeitslosenquote nach Schwerpunkten;ARBEITSQUO09;15 bis unter 25 Jahre;3,9;Prozent;ERWP10;Arbeitslosenquote bez. auf alle zivile Erwerbsp.
13211;Arbeitsmarktstatistik der Bundesagentur für Arbeit;JAHR;Jahr;2024;KREISE;Kreise und kreisfreie Städte;12063;Havelland, Landkreis;ERWAQ8;Arbeitslosenquote nach Schwerpunkten;ARBEITSQUO07;ausländisch;23,1;Prozent;ERWP10;Arbeitslosenquote bez. auf alle zivile Erwerbsp.
13211;Arbeitsmarktstatistik der Bundesagentur für Arbeit;JAHR;Jahr;2021;KREISE;Kreise und kreisfreie Städte;12063;Havelland, Landkreis;ERWAQ8;Arbeitslosenquote nach Schwerpunkten;ARBEITSQUO07;ausländisch;17,1;Prozent;ERWP10;Arbeitslosenquote bez. auf alle zivile Erwerbsp.
13211;Arbeitsmarktstatistik der Bundesagentur für Arbeit;JAHR;Jahr;2014;KREISE;Kreise und kreisfreie Städte;06535;Vogelsbergkreis;ERWAQ8;Arbeitslosenquote nach Schwerpunkten;ARBEITSQUO06;Frauen;4,0;Prozent;ERWP10;Arbeitslosenquote bez. auf alle zivile Erwerbsp.
13211;Arbeitsmarktstatistik der Bundesagentur für Arbeit;JAHR;Jahr;2022;KREISE;Kreise und kreisfreie Städte;06535;Vogelsbergkreis;ERWAQ8;Arbeitslosenquote nach Schwerpunkten;ARBEITSQUO09;15 bis unter 25 Jahre;4,1;Prozent;ERWP10;Arbeitslosenquote bez. auf alle zivile Erwerbsp.
13211;Arbeitsmarktstatistik der Bundesagentur für Arbeit;JAHR;Jahr;2023;KREISE;Kreise und kreisfreie Städte;06534;Marburg-Biedenkopf, Landkreis;ERWAQ8;Arbeitslosenquote nach Schwerpunkten;ARBEITSQUO06;Frauen;4,3;Prozent;ERWP10;Arbeitslosenquote bez. auf alle zivile Erwerbsp.
13211;Arbeitsmarktstatistik der Bundesagentur für Arbeit;JAHR;Jahr;2024;KREISE;Kreise und kreisfreie Städte;06439;Rheingau-Taunus-Kreis;ERWAQ8;Arbeitslosenquote nach Schwerpunkten;ARBEITSQUO06;Frauen;5,0;Prozent;ERWP10;Arbeitslosenquote bez. auf alle zivile Erwerbsp.
13211;Arbeitsmarktstatistik der Bundesagentur für Arbeit;JAHR;Jahr;2017;KREISE;Kreise und kreisfreie Städte;06636;Werra-Meißner-Kreis;ERWAQ8;Arbeitslosenquote nach Schwerpunkten;ARBEITSQUO09;15 bis unter 25 Jahre;6,3;Prozent;ERWP10;Arbeitslosenquote bez. auf alle zivile Erwerbsp.
13211;Arbeitsmarktstatistik der Bundesagentur für Arbeit;JAHR;Jahr;2021;KREISE;Kreise und kreisfreie Städte;06532;Lahn-Dill-Kreis;ERWAQ8;Arbeitslosenquote nach Schwerpunkten;ARBEITSQUO09;15 bis unter 25 Jahre;4,1;Prozent;ERWP10;Arbeitslosenquote bez. auf alle zivile Erwerbsp.
13211;Arbeitsmarktstatistik der Bundesagentur für Arbeit;JAHR;Jahr;2019;KREISE;Kreise und kreisfreie Städte;12064;Märkisch-Oderland, Landkreis;ERWAQ8;Arbeitslosenquote nach Schwerpunkten;ARBEITSQUO06;Frauen;4,8;Prozent;ERWP10;Arbeitslosenquote bez. auf alle zivile Erwerbsp.
13211;Arbeitsmarktstatistik der Bundesagentur für Arbeit;JAHR;Jahr;2018;KREISE;Kreise und kreisfreie Städte;12065;Oberhavel, Landkreis;ERWAQ8;Arbeitslosenquote nach Schwerpunkten;ARBEITSQUO09;15 bis unter 25 Jahre;7,0;Prozent;ERWP10;Arbeitslosenquote bez. auf alle zivile Erwerbsp.
13211;Arbeitsmarktstatistik der Bundesagentur für Arbeit;JAHR;Jahr;2010;KREISE;Kreise und kreisfreie Städte;12066;Oberspreewald-Lausitz, Landkreis;ERWAQ8;Arbeitslosenquote nach Schwerpunkten;ARBEITSQUO05;Männer;15,2;Prozent;ERWP10;Arbeitslosenquote bez. auf alle zivile Erwerbsp.
13211;Arbeitsmarktstatistik der Bundesagentur für Arbeit;JAHR;Jahr;2023;KREISE;Kreise und kreisfreie Städte;06636;Werra-Meißner-Kreis;ERWAQ8;Arbeitslosenquote nach Schwerpunkten;ARBEITSQUO07;ausländisch;19,0;Prozent;ERWP10;Arbeitslosenquote bez. auf alle zivile Erwerbsp.
13211;Arbeitsmarktstatistik der Bundesagentur für Arbeit;JAHR;Jahr;2024;KREISE;Kreise und kreisfreie Städte;06533;Limburg-Weilburg, Landkreis;ERWAQ8;Arbeitslosenquote nach Schwerpunkten;ARBEITSQUO05;Männer;5,3;Prozent;ERWP10;Arbeitslosenquote bez. auf alle zivile Erwerbsp.
13211;Arbeitsmarktstatistik der Bundesagentur für Arbeit;JAHR;Jahr;2022;KREISE;Kreise und kreisfreie Städte;06633;Kassel, Landkreis;ERWAQ8;Arbeitslosenquote nach Schwerpunkten;ARBEITSQUO09;15 bis unter 25 Jahre;4,0;Prozent;ERWP10;Arbeitslosenquote bez. auf alle zivile Erwerbsp.
13211;Arbeitsmarktstatistik der Bundesagentur für Arbeit;JAHR;Jahr;2011;KREISE;Kreise und kreisfreie Städte;12061;Dahme-Spreewald, Landkreis;ERWAQ8;Arbeitslosenquote nach Schwerpunkten;ARBEITSQUO09;15 bis unter 25 Jahre;7,5;Prozent;ERWP10;Arbeitslosenquote bez. auf alle zivile Erwerbsp.
13211;Arbeitsmarktstatistik der Bundesagentur für Arbeit;JAHR;Jahr;2014;KREISE;Kreise und kreisfreie Städte;06439;Rheingau-Taunus-Kreis;ERWAQ8;Arbeitslosenquote nach Schwerpunkten;ARBEITSQUO07;ausländisch;12,0;Prozent;ERWP10;Arbeitslosenquote bez. auf alle zivile Erwerbsp.
13211;Arbeitsmarktstatistik der Bundesagentur für Arbeit;JAHR;Jahr;2015;KREISE;Kreise und kreisfreie Städte;12064;Märkisch-Oderland, Landkreis;ERWAQ8;Arbeitslosenquote nach Schwerpunkten;ARBEITSQUO07;ausländisch;23,7;Prozent;ERWP10;Arbeitslosenquote bez. auf alle zivile Erwerbsp.
13211;Arbeitsmarktstatistik der Bundesagentur für Arbeit;JAHR;Jahr;2010;KREISE;Kreise und kreisfreie Städte;06533;Limburg-Weilburg, Landkreis;ERWAQ8;Arbeitslosenquote nach Schwerpunkten;ARBEITSQUO07;ausländisch;19,9;Prozent;ERWP10;Arbeitslosenquote bez. auf alle zivile Erwerbsp.
13211;Arbeitsmarktstatistik der Bundesagentur für Arbeit;JAHR;Jahr;2013;KREISE;Kreise und kreisfreie Städte;12063;Havelland, Landkreis;ERWAQ8;Arbeitslosenquote nach Schwerpunkten;ARBEITSQUO06;Frauen;8,8;Prozent;ERWP10;Arbeitslosenquote bez. auf alle zivile Erwerbsp.
13211;Arbeitsmarktstatistik der Bundesagentur für Arbeit;JAHR;Jahr;2011;KREISE;Kreise und kreisfreie Städte;06439;Rheingau-Taunus-Kreis;ERWAQ8;Arbeitslosenquote nach Schwerpunkten;ARBEITSQUO09;15 bis unter 25 Jahre;4,0;Prozent;ERWP10;Arbeitslosenquote bez. auf alle zivile Erwerbsp.
13211;Arbeitsmarktstatistik der Bundesagentur für Arbeit;JAHR;Jahr;2012;KREISE;Kreise und kreisfreie Städte;12067;Oder-Spree, Landkreis;ERWAQ8;Arbeitslosenquote nach Schwerpunkten;ARBEITSQUO06;Frauen;8,9;Prozent;ERWP10;Arbeitslosenquote bez. auf alle zivile Erwerbsp.
13211;Arbeitsmarktstatistik der Bundesagentur für Arbeit;JAHR;Jahr;2020;KREISE;Kreise und kreisfreie Städte;06439;Rheingau-Taunus-Kreis;ERWAQ8;Arbeitslosenquote nach Schwerpunkten;ARBEITSQUO05;Männer;4,8;Prozent;ERWP10;Arbeitslosenquote bez. auf alle zivile Erwerbsp.
13211;Arbeitsmarktstatistik der Bundesagentur für Arbeit;JAHR;Jahr;2018;KREISE;Kreise und kreisfreie Städte;12066;Oberspreewald-Lausitz, Landkreis;ERWAQ8;Arbeitslosenquote nach Schwerpunkten;ARBEITSQUO05;Männer;8,4;Prozent;ERWP10;Arbeitslosenquote bez. auf alle zivile Erwerbsp.
13211;Arbeitsmarktstatistik der Bundesagentur für Arbeit;JAHR;Jahr;2012;KREISE;Kreise und kreisfreie Städte;06531;Gießen, Landkreis;ERWAQ8;Arbeitslosenquote nach Schwerpunkten;ARBEITSQUO09;15 bis unter 25 Jahre;6,1;Prozent;ERWP10;Arbeitslosenquote bez. auf alle zivile Erwerbsp.
13211;Arbeitsmarktstatistik der Bundesagentur für Arbeit;JAHR;Jahr;2021;KREISE;Kreise und kreisfreie Städte;12064;Märkisch-Oderland, Landkreis;ERWAQ8;Arbeitslosenquote nach Schwerpunkten;ARBEITSQUO05;Männer;6,2;Prozent;ERWP10;Arbeitslosenquote bez. auf alle zivile Erwerbsp.
13211;Arbeitsmarktstatistik der Bundesagentur für Arbeit;JAHR;Jahr;2019;KREISE;Kreise und kreisfreie Städte;06439;Rheingau-Taunus-Kreis;ERWAQ8;Arbeitslosenquote nach Schwerpunkten;ARBEITSQUO09;15 bis unter 25 Jahre;3,2;Prozent;ERWP10;Arbeitslosenquote bez. auf alle zivile Erwerbsp.
13211;Arbeitsmarktstatistik der Bundesagentur für Arbeit;JAHR;Jahr;2019;KREISE;Kreise und kreisfreie Städte;06633;Kassel, Landkreis;ERWAQ8;Arbeitslosenquote nach Schwerpunkten;ARBEITSQUO09;15 bis unter 25 Jahre;4,2;Prozent;ERWP10;Arbeitslosenquote bez. auf alle zivile Erwerbsp.
13211;Arbeitsmarktstatistik der Bundesagentur für Arbeit;JAHR;Jahr;2023;KREISE;Kreise und kreisfreie Städte;12067;Oder-Spree, Landkreis;ERWAQ8;Arbeitslosenquote nach Schwerpunkten;ARBEITSQUO06;Frauen;5,9;Prozent;ERWP10;Arbeitslosenquote bez. auf alle zivile Erwerbsp.
13211;Arbeitsmarktstatistik der Bundesagentur für Arbeit;JAHR;Jahr;2016;KREISE;Kreise und kreisfreie Städte;06532;Lahn-Dill-Kreis;ERWAQ8;Arbeitslosenquote nach Schwerpunkten;ARBEITSQUO06;Frauen;5,5;Prozent;ERWP10;Arbeitslosenquote bez. auf alle zivile Erwerbsp.
13211;Arbeitsmarktstatistik der Bundesagentur für Arbeit;JAHR;Jahr;2020;KREISE;Kreise und kreisfreie Städte;12065;Oberhavel, Landkreis;ERWAQ8;Arbeitslosenquote nach Schwerpunkten;ARBEITSQUO06;Frauen;4,7;Prozent;ERWP10;Arbeitslosenquote bez. auf alle zivile Erwerbsp.
13211;Arbeitsmarktstatistik der Bundesagentur für Arbeit;JAHR;Jahr;2017;KREISE;Kreise und kreisfreie Städte;06531;Gießen, Landkreis;ERWAQ8;Arbeitslosenquote nach Schwerpunkten;ARBEITSQUO05;Männer;6,4;Prozent;ERWP10;Arbeitslosenquote bez. auf alle zivile Erwerbsp.
13211;Arbeitsmarktstatistik der Bundesagentur für Arbeit;JAHR;Jahr;2024;KREISE;Kreise und kreisfreie Städte;12061;Dahme-Spreewald, Landkreis;ERWAQ8;Arbeitslosenquote nach Schwerpunkten;ARBEITSQUO06;Frauen;3,5;Prozent;ERWP10;Arbeitslosenquote bez. auf alle zivile Erwerbsp.
13211;Arbeitsmarktstatistik der Bundesagentur für Arbeit;JAHR;Jahr;2018;KREISE;Kreise und kreisfreie Städte;06533;Limburg-Weilburg, Landkreis;ERWAQ8;Arbeitslosenquote nach Schwerpunkten;ARBEITSQUO07;ausländisch;.;Prozent;ERWP10;Arbeitslosenquote bez. auf alle zivile Erwerbsp.
13211;Arbeitsmarktstatistik der Bundesagentur für Arbeit;JAHR;Jahr;2013;KREISE;Kreise und kreisfreie Städte;06535;Vogelsbergkreis;ERWAQ8;Arbeitslosenquote nach Schwerpunkten;ARBEITSQUO05;Männer;4,9;Prozent;ERWP10;Arbeitslosenquote bez. auf alle zivile Erwerbsp.
13211;Arbeitsmarktstatistik der Bundesagentur für Arbeit;JAHR;Jahr;2018;KREISE;Kreise und kreisfreie Städte;06532;Lahn-Dill-Kreis;ERWAQ8;Arbeitslosenquote nach Schwerpunkten;ARBEITSQUO09;15 bis unter 25 Jahre;4,6;Prozent;ERWP10;Arbeitslosenquote bez. auf alle zivile Erwerbsp.
13211;Arbeitsmarktstatistik der Bundesagentur für Arbeit;JAHR;Jahr;2012;KREISE;Kreise und kreisfreie Städte;06636;Werra-Meißner-Kreis;ERWAQ8;Arbeitslosenquote nach Schwerpunkten;ARBEITSQUO07;ausländisch;19,3;Prozent;ERWP10;Arbeitslosenquote bez. auf alle zivile Erwerbsp.
13211;Arbeitsmarktstatistik der Bundesagentur für Arbeit;JAHR;Jahr;2025;KREISE;Kreise und kreisfreie Städte;06533;Limburg-Weilburg, Landkreis;ERWAQ8;Arbeitslosenquote nach Schwerpunkten;ARBEITSQUO06;Frauen;5,1;Prozent;ERWP10;Arbeitslosenquote bez. auf alle zivile Erwerbsp.
13211;Arbeitsmarktstatistik der Bundesagentur für Arbeit;JAHR;Jahr;2010;KREISE;Kreise und kreisfreie Städte;12067;Oder-Spree, Landkreis;ERWAQ8;Arbeitslosenquote nach Schwerpunkten;ARBEITSQUO09;15 bis unter 25 Jahre;12,4;Prozent;ERWP10;Arbeitslosenquote bez. auf alle zivile Erwerbsp.
13211;Arbeitsmarktstatistik der Bundesagentur für Arbeit;JAHR;Jahr;2025;KREISE;Kreise und kreisfreie Städte;06535;Vogelsbergkreis;ERWAQ8;Arbeitslosenquote nach Schwerpunkten;ARBEITSQUO07;ausländisch;15,1;Prozent;ERWP10;Arbeitslosenquote bez. auf alle zivile Erwerbsp.
13211;Arbeitsmarktstatistik der Bundesagentur für Arbeit;JAHR;Jahr;2022;KREISE;Kreise und kreisfreie Städte;06636;Werra-Meißner-Kreis;ERWAQ8;Arbeitslosenquote nach Schwerpunkten;ARBEITSQUO06;Frauen;4,5;Prozent;ERWP10;Arbeitslosenquote bez. auf alle zivile Erwerbsp.
13211;Arbeitsmarktstatistik der Bundesagentur für Arbeit;JAHR;Jahr;2011;KREISE;Kreise und kreisfreie Städte;12064;Märkisch-Oderland, Landkreis;ERWAQ8;Arbeitslosenquote nach Schwerpunkten;ARBEITSQUO06;Frauen;10,0;Prozent;ERWP10;Arbeitslosenquote bez. auf alle zivile Erwerbsp.
13211;Arbeitsmarktstatistik der Bundesagentur für Arbeit;JAHR;Jahr;2015;KREISE;Kreise und kreisfreie Städte;12063;Havelland, Landkreis;ERWAQ8;Arbeitslosenquote nach Schwerpunkten;ARBEITSQUO09;15 bis unter 25 Jahre;7,9;Prozent;ERWP10;Arbeitslosenquote bez. auf alle zivile Erwerbsp.
13211;Arbeitsmarktstatistik der Bundesagentur für Arbeit;JAHR;Jahr;2025;KREISE;Kreise und kreisfreie Städte;06633;Kassel, Landkreis;ERWAQ8;Arbeitslosenquote nach Schwerpunkten;ARBEITSQUO07;ausländisch;17,3;Prozent;ERWP10;Arbeitslosenquote bez. auf alle zivile Erwerbsp.
13211;Arbeitsmarktstatistik der Bundesagentur für Arbeit;JAHR;Jahr;2014;KREISE;Kreise und kreisfreie Städte;12061;Dahme-Spreewald, Landkreis;ERWAQ8;Arbeitslosenquote nach Schwerpunkten;ARBEITSQUO07;ausländisch;7,8;Prozent;ERWP10;Arbeitslosenquote bez. auf alle zivile Erwerbsp.
13211;Arbeitsmarktstatistik der Bundesagentur für Arbeit;JAHR;Jahr;2013;KREISE;Kreise und kreisfreie Städte;12065;Oberhavel, Landkreis;ERWAQ8;Arbeitslosenquote nach Schwerpunkten;ARBEITSQUO07;ausländisch;14,1;Prozent;ERWP10;Arbeitslosenquote bez. auf alle zivile Erwerbsp.
13211;Arbeitsmarktstatistik der Bundesagentur für Arbeit;JAHR;Jahr;2012;KREISE;Kreise und kreisfreie Städte;12063;Havelland, Landkreis;ERWAQ8;Arbeitslosenquote nach Schwerpunkten;ARBEITSQUO05;Männer;9,4;Prozent;ERWP10;Arbeitslosenquote bez. auf alle zivile Erwerbsp.
13211;Arbeitsmarktstatistik der Bundesagentur für Arbeit;JAHR;Jahr;2010;KREISE;Kreise und kreisfreie Städte;06532;Lahn-Dill-Kreis;ERWAQ8;Arbeitslosenquote nach Schwerpunkten;ARBEITSQUO09;15 bis unter 25 Jahre;6,8;Prozent;ERWP10;Arbeitslosenquote bez. auf alle zivile Erwerbsp.
13211;Arbeitsmarktstatistik der Bundesagentur für Arbeit;JAHR;Jahr;2018;KREISE;Kreise und kreisfreie Städte;12067;Oder-Spree, Landkreis;ERWAQ8;Arbeitslosenquote nach Schwerpunkten;ARBEITSQUO09;15 bis unter 25 Jahre;9,8;Prozent;ERWP10;Arbeitslosenquote bez. auf alle zivile Erwerbsp.
13211;Arbeitsmarktstatistik der Bundesagentur für Arbeit;JAHR;Jahr;2013;KREISE;Kreise und kreisfreie Städte;06439;Rheingau-Taunus-Kreis;ERWAQ8;Arbeitslosenquote nach Schwerpunkten;ARBEITSQUO06;Frauen;4,3;Prozent;ERWP10;Arbeitslosenquote bez. auf alle zivile Erwerbsp.
13211;Arbeitsmarktstatistik der Bundesagentur für Arbeit;JAHR;Jahr;2016;KREISE;Kreise und kreisfreie Städte;12067;Oder-Spree, Landkreis;ERWAQ8;Arbeitslosenquote nach Schwerpunkten;ARBEITSQUO05;Männer;8,3;Prozent;ERWP10;Arbeitslosenquote bez. auf alle zivile Erwerbsp.
13211;Arbeitsmarktstatistik der Bundesagentur für Arbeit;JAHR;Jahr;2014;KREISE;Kreise und kreisfreie Städte;06533;Limburg-Weilburg, Landkreis;ERWAQ8;Arbeitslosenquote nach Schwerpunkten;ARBEITSQUO06;Frauen;5,7;Prozent;ERWP10;Arbeitslosenquote bez. auf alle zivile Erwerbsp.
13211;Arbeitsmarktstatistik der Bundesagentur für Arbeit;JAHR;Jahr;2024;KREISE;Kreise und kreisfreie Städte;12065;Oberhavel, Landkreis;ERWAQ8;Arbeitslosenquote nach Schwerpunkten;ARBEITSQUO07;ausländisch;20,5;Prozent;ERWP10;Arbeitslosenquote bez. auf alle zivile Erwerbsp.
13211;Arbeitsmarktstatistik der Bundesagentur für Arbeit;JAHR;Jahr;2023;KREISE;Kreise und kreisfreie Städte;12063;Havelland, Landkreis;ERWAQ8;Arbeitslosenquote nach Schwerpunkten;ARBEITSQUO05;Männer;6,2;Prozent;ERWP10;Arbeitslosenquote bez. auf alle zivile Erwerbsp.
13211;Arbeitsmarktstatistik der Bundesagentur für Arbeit;JAHR;Jahr;2025;KREISE;Kreise und kreisfreie Städte;12067;Oder-Spree, Landkreis;ERWAQ8;Arbeitslosenquote nach Schwerpunkten;ARBEITSQUO09;15 bis unter 25 Jahre;7,4;Prozent;ERWP10;Arbeitslosenquote bez. auf alle zivile Erwerbsp.
13211;Arbeitsmarktstatistik der Bundesagentur für Arbeit;JAHR;Jahr;2015;KREISE;Kreise und kreisfreie Städte;06532;Lahn-Dill-Kreis;ERWAQ8;Arbeitslosenquote nach Schwerpunkten;ARBEITSQUO05;Männer;5,6;Prozent;ERWP10;Arbeitslosenquote bez. auf alle zivile Erwerbsp.
13211;Arbeitsmarktstatistik der Bundesagentur für Arbeit;JAHR;Jahr;2022;KREISE;Kreise und kreisfreie Städte;12064;Märkisch-Oderland, Landkreis;ERWAQ8;Arbeitslosenquote nach Schwerpunkten;ARBEITSQUO06;Frauen;4,8;Prozent;ERWP10;Arbeitslosenquote bez. auf alle zivile Erwerbsp.
13211;Arbeitsmarktstatistik der Bundesagentur für Arbeit;JAHR;Jahr;2016;KREISE;Kreise und kreisfreie Städte;06534;Marburg-Biedenkopf, Landkreis;ERWAQ8;Arbeitslosenquote nach Schwerpunkten;ARBEITSQUO07;ausländisch;13,3;Prozent;ERWP10;Arbeitslosenquote bez. auf alle zivile Erwerbsp.
13211;Arbeitsmarktstatistik der Bundesagentur für Arbeit;JAHR;Jahr;2025;KREISE;Kreise und kreisfreie Städte;12061;Dahme-Spreewald, Landkreis;ERWAQ8;Arbeitslosenquote nach Schwerpunkten;ARBEITSQUO07;ausländisch;10,3;Prozent;ERWP10;Arbeitslosenquote bez. auf alle zivile Erwerbsp.
13211;Arbeitsmarktstatistik der Bundesagentur für Arbeit;JAHR;Jahr;2014;KREISE;Kreise und kreisfreie Städte;06633;Kassel, Landkreis;ERWAQ8;Arbeitslosenquote nach Schwerpunkten;ARBEITSQUO07;ausländisch;10,4;Prozent;ERWP10;Arbeitslosenquote bez. auf alle zivile Erwerbsp.
13211;Arbeitsmarktstatistik der Bundesagentur für Arbeit;JAHR;Jahr;2019;KREISE;Kreise und kreisfreie Städte;06534;Marburg-Biedenkopf, Landkreis;ERWAQ8;Arbeitslosenquote nach Schwerpunkten;ARBEITSQUO05;Männer;4,1;Prozent;ERWP10;Arbeitslosenquote bez. auf alle zivile Erwerbsp.
13211;Arbeitsmarktstatistik der Bundesagentur für Arbeit;JAHR;Jahr;2020;KREISE;Kreise und kreisfreie Städte;06535;Vogelsbergkreis;ERWAQ8;Arbeitslosenquote nach Schwerpunkten;ARBEITSQUO05;Männer;4,4;Prozent;ERWP10;Arbeitslosenquote bez. auf alle zivile Erwerbsp.
13211;Arbeitsmarktstatistik der Bundesagentur für Arbeit;JAHR;Jahr;2025;KREISE;Kreise und kreisfreie Städte;12066;Oberspreewald-Lausitz, Landkreis;ERWAQ8;Arbeitslosenquote nach Schwerpunkten;ARBEITSQUO05;Männer;7,6;Prozent;ERWP10;Arbeitslosenquote bez. auf alle zivile Erwerbsp.
13211;Arbeitsmarktstatistik der Bundesagentur für Arbeit;JAHR;Jahr;2023;KREISE;Kreise und kreisfreie Städte;06532;Lahn-Dill-Kreis;ERWAQ8;Arbeitslosenquote nach Schwerpunkten;ARBEITSQUO06;Frauen;5,7;Prozent;ERWP10;Arbeitslosenquote bez. auf alle zivile Erwerbsp.
13211;Arbeitsmarktstatistik der Bundesagentur für Arbeit;JAHR;Jahr;2019;KREISE;Kreise und kreisfreie Städte;06636;Werra-Meißner-Kreis;ERWAQ8;Arbeitslosenquote nach Schwerpunkten;ARBEITSQUO06;Frauen;4,2;Prozent;ERWP10;Arbeitslosenquote bez. auf alle zivile Erwerbsp.
13211;Arbeitsmarktstatistik der Bundesagentur für Arbeit;JAHR;Jahr;2018;KREISE;Kreise und kreisfreie Städte;06633;Kassel, Landkreis;ERWAQ8;Arbeitslosenquote nach Schwerpunkten;ARBEITSQUO07;ausländisch;.;Prozent;ERWP10;Arbeitslosenquote bez. auf alle zivile Erwerbsp.
13211;Arbeitsmarktstatistik der Bundesagentur für Arbeit;JAHR;Jahr;2015;KREISE;Kreise und kreisfreie Städte;06636;Werra-Meißner-Kreis;ERWAQ8;Arbeitslosenquote nach Schwerpunkten;ARBEITSQUO06;Frauen;6,1;Prozent;ERWP10;Arbeitslosenquote bez. auf alle zivile Erwerbsp.
13211;Arbeitsmarktstatistik der Bundesagentur für Arbeit;JAHR;Jahr;2010;KREISE;Kreise und kreisfreie Städte;12064;Märkisch-Oderland, Landkreis;ERWAQ8;Arbeitslosenquote nach Schwerpunkten;ARBEITSQUO05;Männer;12,7;Prozent;ERWP10;Arbeitslosenquote bez. auf alle zivile Erwerbsp.
13211;Arbeitsmarktstatistik der Bundesagentur für Arbeit;JAHR;Jahr;2024;KREISE;Kreise und kreisfreie Städte;06633;Kassel, Landkreis;ERWAQ8;Arbeitslosenquote nach Schwerpunkten;ARBEITSQUO05;Männer;4,4;Prozent;ERWP10;Arbeitslosenquote bez. auf alle zivile Erwerbsp.
13211;Arbeitsmarktstatistik der Bundesagentur für Arbeit;JAHR;Jahr;2024;KREISE;Kreise und kreisfreie Städte;06535;Vogelsbergkreis;ERWAQ8;Arbeitslosenquote nach Schwerpunkten;ARBEITSQUO05;Männer;4,5;Prozent;ERWP10;Arbeitslosenquote bez. auf alle zivile Erwerbsp.
13211;Arbeitsmarktstatistik der Bundesagentur für Arbeit;JAHR;Jahr;2020;KREISE;Kreise und kreisfreie Städte;06633;Kassel, Landkreis;ERWAQ8;Arbeitslosenquote nach Schwerpunkten;ARBEITSQUO05;Männer;4,7;Prozent;ERWP10;Arbeitslosenquote bez. auf alle zivile Erwerbsp.
13211;Arbeitsmarktstatistik der Bundesagentur für Arbeit;JAHR;Jahr;2014;KREISE;Kreise und kreisfreie Städte;12064;Märkisch-Oderland, Landkreis;ERWAQ8;Arbeitslosenquote nach Schwerpunkten;ARBEITSQUO05;Männer;9,9;Prozent;ERWP10;Arbeitslosenquote bez. auf alle zivile Erwerbsp.
13211;Arbeitsmarktstatistik der Bundesagentur für Arbeit;JAHR;Jahr;2013;KREISE;Kreise und kreisfreie Städte;12061;Dahme-Spreewald, Landkreis;ERWAQ8;Arbeitslosenquote nach Schwerpunkten;ARBEITSQUO06;Frauen;6,7;Prozent;ERWP10;Arbeitslosenquote bez. auf alle zivile Erwerbsp.
13211;Arbeitsmarktstatistik der Bundesagentur für Arbeit;JAHR;Jahr;2015;KREISE;Kreise und kreisfreie Städte;12066;Oberspreewald-Lausitz, Landkreis;ERWAQ8;Arbeitslosenquote nach Schwerpunkten;ARBEITSQUO07;ausländisch;19,6;Prozent;ERWP10;Arbeitslosenquote bez. auf alle zivile Erwerbsp.
13211;Arbeitsmarktstatistik der Bundesagentur für Arbeit;JAHR;Jahr;2010;KREISE;Kreise und kreisfreie Städte;06535;Vogelsbergkreis;ERWAQ8;Arbeitslosenquote nach Schwerpunkten;ARBEITSQUO07;ausländisch;17,8;Prozent;ERWP10;Arbeitslosenquote bez. auf alle zivile Erwerbsp.
13211;Arbeitsmarktstatistik der Bundesagentur für Arbeit;JAHR;Jahr;2018;KREISE;Kreise und kreisfreie Städte;12064;Märkisch-Oderland, Landkreis;ERWAQ8;Arbeitslosenquote nach Schwerpunkten;ARBEITSQUO05;Männer;6,8;Prozent;ERWP10;Arbeitslosenquote bez. auf alle zivile Erwerbsp.
13211;Arbeitsmarktstatistik der Bundesagentur für Arbeit;JAHR;Jahr;2019;KREISE;Kreise und kreisfreie Städte;12066;Oberspreewald-Lausitz, Landkreis;ERWAQ8;Arbeitslosenquote nach Schwerpunkten;ARBEITSQUO07;ausländisch;19,0;Prozent;ERWP10;Arbeitslosenquote bez. auf alle zivile Erwerbsp.
13211;Arbeitsmarktstatistik der Bundesagentur für Arbeit;JAHR;Jahr;2014;KREISE;Kreise und kreisfreie Städte;06535;Vogelsbergkreis;ERWAQ8;Arbeitslosenquote nach Schwerpunkten;ARBEITSQUO07;ausländisch;11,9;Prozent;ERWP10;Arbeitslosenquote bez. auf alle zivile Erwerbsp.
13211;Arbeitsmarktstatistik der Bundesagentur für Arbeit;JAHR;Jahr;2022;KREISE;Kreise und kreisfreie Städte;12066;Oberspreewald-Lausitz, Landkreis;ERWAQ8;Arbeitslosenquote nach Schwerpunkten;ARBEITSQUO07;ausländisch;16,3;Prozent;ERWP10;Arbeitslosenquote bez. auf alle zivile Erwerbsp.
13211;Arbeitsmarktstatistik der Bundesagentur für Arbeit;JAHR;Jahr;2011;KREISE;Kreise und kreisfreie Städte;06636;Werra-Meißner-Kreis;ERWAQ8;Arbeitslosenquote nach Schwerpunkten;ARBEITSQUO06;Frauen;6,9;Prozent;ERWP10;Arbeitslosenquote bez. auf alle zivile Erwerbsp.
13211;Arbeitsmarktstatistik der Bundesagentur für Arbeit;JAHR;Jahr;2021;KREISE;Kreise und kreisfreie Städte;12066;Oberspreewald-Lausitz, Landkreis;ERWAQ8;Arbeitslosenquote nach Schwerpunkten;ARBEITSQUO05;Männer;7,4;Prozent;ERWP10;Arbeitslosenquote bez. auf alle zivile Erwerbsp.
13211;Arbeitsmarktstatistik der Bundesagentur für Arbeit;JAHR;Jahr;2022;KREISE;Kreise und kreisfreie Städte;06439;Rheingau-Taunus-Kreis;ERWAQ8;Arbeitslosenquote nach Schwerpunkten;ARBEITSQUO09;15 bis unter 25 Jahre;3,3;Prozent;ERWP10;Arbeitslosenquote bez. auf alle zivile Erwerbsp.
13211;Arbeitsmarktstatistik der Bundesagentur für Arbeit;JAHR;Jahr;2010;KREISE;Kreise und kreisfreie Städte;06633;Kassel, Landkreis;ERWAQ8;Arbeitslosenquote nach Schwerpunkten;ARBEITSQUO07;ausländisch;15,6;Prozent;ERWP10;Arbeitslosenquote bez. auf alle zivile Erwerbsp.
13211;Arbeitsmarktstatistik der Bundesagentur für Arbeit;JAHR;Jahr;2024;KREISE;Kreise und kreisfreie Städte;12063;Havelland, Landkreis;ERWAQ8;Arbeitslosenquote nach Schwerpunkten;ARBEITSQUO06;Frauen;5,4;Prozent;ERWP10;Arbeitslosenquote bez. auf alle zivile Erwerbsp.
13211;Arbeitsmarktstatistik der Bundesagentur für Arbeit;JAHR;Jahr;2017;KREISE;Kreise und kreisfreie Städte;06533;Limburg-Weilburg, Landkreis;ERWAQ8;Arbeitslosenquote nach Schwerpunkten;ARBEITSQUO05;Männer;4,5;Prozent;ERWP10;Arbeitslosenquote bez. auf alle zivile Erwerbsp.
13211;Arbeitsmarktstatistik der Bundesagentur für Arbeit;JAHR;Jahr;2018;KREISE;Kreise und kreisfreie Städte;06535;Vogelsbergkreis;ERWAQ8;Arbeitslosenquote nach Schwerpunkten;ARBEITSQUO07;ausländisch;.;Prozent;ERWP10;Arbeitslosenquote bez. auf alle zivile Erwerbsp.
13211;Arbeitsmarktstatistik der Bundesagentur für Arbeit;JAHR;Jahr;2013;KREISE;Kreise und kreisfreie Städte;06533;Limburg-Weilburg, Landkreis;ERWAQ8;Arbeitslosenquote nach Schwerpunkten;ARBEITSQUO05;Männer;5,7;Prozent;ERWP10;Arbeitslosenquote bez. auf alle zivile Erwerbsp.
13211;Arbeitsmarktstatistik der Bundesagentur für Arbeit;JAHR;Jahr;2020;KREISE;Kreise und kreisfreie Städte;12063;Havelland, Landkreis;ERWAQ8;Arbeitslosenquote nach Schwerpunkten;ARBEITSQUO06;Frauen;5,0;Prozent;ERWP10;Arbeitslosenquote bez. auf alle zivile Erwerbsp.
13211;Arbeitsmarktstatistik der Bundesagentur für Arbeit;JAHR;Jahr;2021;KREISE;Kreise und kreisfreie Städte;06531;Gießen, Landkreis;ERWAQ8;Arbeitslosenquote nach Schwerpunkten;ARBEITSQUO06;Frauen;5,0;Prozent;ERWP10;Arbeitslosenquote bez. auf alle zivile Erwerbsp.
13211;Arbeitsmarktstatistik der Bundesagentur für Arbeit;JAHR;Jahr;2022;KREISE;Kreise und kreisfreie Städte;06534;Marburg-Biedenkopf, Landkreis;ERWAQ8;Arbeitslosenquote nach Schwerpunkten;ARBEITSQUO05;Männer;4,1;Prozent;ERWP10;Arbeitslosenquote bez. auf alle zivile Erwerbsp.
13211;Arbeitsmarktstatistik der Bundesagentur für Arbeit;JAHR;Jahr;2025;KREISE;Kreise und kreisfreie Städte;06439;Rheingau-Taunus-Kreis;ERWAQ8;Arbeitslosenquote nach Schwerpunkten;ARBEITSQUO07;ausländisch;16,8;Prozent;ERWP10;Arbeitslosenquote bez. auf alle zivile Erwerbsp.
13211;Arbeitsmarktstatistik der Bundesagentur für Arbeit;JAHR;Jahr;2013;KREISE;Kreise und kreisfreie Städte;06633;Kassel, Landkreis;ERWAQ8;Arbeitslosenquote nach Schwerpunkten;ARBEITSQUO05;Männer;5,2;Prozent;ERWP10;Arbeitslosenquote bez. auf alle zivile Erwerbsp.
13211;Arbeitsmarktstatistik der Bundesagentur für Arbeit;JAHR;Jahr;2023;KREISE;Kreise und kreisfreie Städte;06531;Gießen, Landkreis;ERWAQ8;Arbeitslosenquote nach Schwerpunkten;ARBEITSQUO09;15 bis unter 25 Jahre;3,9;Prozent;ERWP10;Arbeitslosenquote bez. auf alle zivile Erwerbsp.
13211;Arbeitsmarktstatistik der Bundesagentur für Arbeit;JAHR;Jahr;2017;KREISE;Kreise und kreisfreie Städte;06633;Kassel, Landkreis;ERWAQ8;Arbeitslosenquote nach Schwerpunkten;ARBEITSQUO05;Männer;4,3;Prozent;ERWP10;Arbeitslosenquote bez. auf alle zivile Erwerbsp.
13211;Arbeitsmarktstatistik der Bundesagentur für Arbeit;JAHR;Jahr;2019;KREISE;Kreise und kreisfreie Städte;12061;Dahme-Spreewald, Landkreis;ERWAQ8;Arbeitslosenquote nach Schwerpunkten;ARBEITSQUO09;15 bis unter 25 Jahre;1,8;Prozent;ERWP10;Arbeitslosenquote bez. auf alle zivile Erwerbsp.
13211;Arbeitsmarktstatistik der Bundesagentur für Arbeit;JAHR;Jahr;2017;KREISE;Kreise und kreisfreie Städte;12061;Dahme-Spreewald, Landkreis;ERWAQ8;Arbeitslosenquote nach Schwerpunkten;ARBEITSQUO06;Frauen;4,4;Prozent;ERWP10;Arbeitslosenquote bez. auf alle zivile Erwerbsp.
13211;Arbeitsmarktstatistik der Bundesagentur für Arbeit;JAHR;Jahr;2024;KREISE;Kreise und kreisfreie Städte;06636;Werra-Meißner-Kreis;ERWAQ8;Arbeitslosenquote nach Schwerpunkten;ARBEITSQUO09;15 bis unter 25 Jahre;6,5;Prozent;ERWP10;Arbeitslosenquote bez. auf alle zivile Erwerbsp.
13211;Arbeitsmarktstatistik der Bundesagentur für Arbeit;JAHR;Jahr;2025;KREISE;Kreise und kreisfreie Städte;06531;Gießen, Landkreis;ERWAQ8;Arbeitslosenquote nach Schwerpunkten;ARBEITSQUO06;Frauen;5,8;Prozent;ERWP10;Arbeitslosenquote bez. auf alle zivile Erwerbsp.
13211;Arbeitsmarktstatistik der Bundesagentur für Arbeit;JAHR;Jahr;2011;KREISE;Kreise und kreisfreie Städte;12066;Oberspreewald-Lausitz, Landkreis;ERWAQ8;Arbeitslosenquote nach Schwerpunkten;ARBEITSQUO07;ausländisch;19,9;Prozent;ERWP10;Arbeitslosenquote bez. auf alle zivile Erwerbsp.
13211;Arbeitsmarktstatistik der Bundesagentur für Arbeit;JAHR;Jahr;2020;KREISE;Kreise und kreisfreie Städte;06636;Werra-Meißner-Kreis;ERWAQ8;Arbeitslosenquote nach Schwerpunkten;ARBEITSQUO09;15 bis unter 25 Jahre;6,4;Prozent;ERWP10;Arbeitslosenquote bez. auf alle zivile Erwerbsp.
13211;Arbeitsmarktstatistik der Bundesagentur für Arbeit;JAHR;Jahr;2015;KREISE;Kreise und kreisfreie Städte;12061;Dahme-Spreewald, Landkreis;ERWAQ8;Arbeitslosenquote nach Schwerpunkten;ARBEITSQUO09;15 bis unter 25 Jahre;3,0;Prozent;ERWP10;Arbeitslosenquote bez. auf alle zivile Erwerbsp.
13211;Arbeitsmarktstatistik der Bundesagentur für Arbeit;JAHR;Jahr;2013;KREISE;Kreise und kreisfreie Städte;12067;Oder-Spree, Landkreis;ERWAQ8;Arbeitslosenquote nach Schwerpunkten;ARBEITSQUO07;ausländisch;26,3;Prozent;ERWP10;Arbeitslosenquote bez. auf alle zivile Erwerbsp.
13211;Arbeitsmarktstatistik der Bundesagentur für Arbeit;JAHR;Jahr;2010;KREISE;Kreise und kreisfreie Städte;06531;Gießen, Landkreis;ERWAQ8;Arbeitslosenquote nach Schwerpunkten;ARBEITSQUO06;Frauen;7,2;Prozent;ERWP10;Arbeitslosenquote bez. auf alle zivile Erwerbsp.
13211;Arbeitsmarktstatistik der Bundesagentur für Arbeit;JAHR;Jahr;2012;KREISE;Kreise und kreisfreie Städte;12065;Oberhavel, Landkreis;ERWAQ8;Arbeitslosenquote nach Schwerpunkten;ARBEITSQUO05;Männer;9,2;Prozent;ERWP10;Arbeitslosenquote bez. auf alle zivile Erwerbsp.
13211;Arbeitsmarktstatistik der Bundesagentur für Arbeit;JAHR;Jahr;2017;KREISE;Kreise und kreisfreie Städte;12067;Oder-Spree, Landkreis;ERWAQ8;Arbeitslosenquote nach Schwerpunkten;ARBEITSQUO07;ausländisch;.;Prozent;ERWP10;Arbeitslosenquote bez. auf alle zivile Erwerbsp.
13211;Arbeitsmarktstatistik der Bundesagentur für Arbeit;JAHR;Jahr;2016;KREISE;Kreise und kreisfreie Städte;12065;Oberhavel, Landkreis;ERWAQ8;Arbeitslosenquote nach Schwerpunkten;ARBEITSQUO05;Männer;7,2;Prozent;ERWP10;Arbeitslosenquote bez. auf alle zivile Erwerbsp.
13211;Arbeitsmarktstatistik der Bundesagentur für Arbeit;JAHR;Jahr;2014;KREISE;Kreise und kreisfreie Städte;06531;Gießen, Landkreis;ERWAQ8;Arbeitslosenquote nach Schwerpunkten;ARBEITSQUO06;Frauen;6,5;Prozent;ERWP10;Arbeitslosenquote bez. auf alle zivile Erwerbsp.
13211;Arbeitsmarktstatistik der Bundesagentur für Arbeit;JAHR;Jahr;2023;KREISE;Kreise und kreisfreie Städte;12065;Oberhavel, Landkreis;ERWAQ8;Arbeitslosenquote nach Schwerpunkten;ARBEITSQUO05;Männer;5,1;Prozent;ERWP10;Arbeitslosenquote bez. auf alle zivile Erwerbsp.
13211;Arbeitsmarktstatistik der Bundesagentur für Arbeit;JAHR;Jahr;2022;KREISE;Kreise und kreisfreie Städte;12061;Dahme-Spreewald, Landkreis;ERWAQ8;Arbeitslosenquote nach Schwerpunkten;ARBEITSQUO09;15 bis unter 25 Jahre;2,6;Prozent;ERWP10;Arbeitslosenquote bez. auf alle zivile Erwerbsp.
13211;Arbeitsmarktstatistik der Bundesagentur für Arbeit;JAHR;Jahr;2024;KREISE;Kreise und kreisfreie Städte;12067;Oder-Spree, Landkreis;ERWAQ8;Arbeitslosenquote nach Schwerpunkten;ARBEITSQUO07;ausländisch;26,0;Prozent;ERWP10;Arbeitslosenquote bez. auf alle zivile Erwerbsp.
13211;Arbeitsmarktstatistik der Bundesagentur für Arbeit;JAHR;Jahr;2011;KREISE;Kreise und kreisfreie Städte;06534;Marburg-Biedenkopf, Landkreis;ERWAQ8;Arbeitslosenquote nach Schwerpunkten;ARBEITSQUO05;Männer;4,9;Prozent;ERWP10;Arbeitslosenquote bez. auf alle zivile Erwerbsp.
13211;Arbeitsmarktstatistik der Bundesagentur für Arbeit;JAHR;Jahr;2020;KREISE;Kreise und kreisfreie Städte;12067;Oder-Spree, Landkreis;ERWAQ8;Arbeitslosenquote nach Schwerpunkten;ARBEITSQUO07;ausländisch;24,6;Prozent;ERWP10;Arbeitslosenquote bez. auf alle zivile Erwerbsp.
13211;Arbeitsmarktstatistik der Bundesagentur für Arbeit;JAHR;Jahr;2018;KREISE;Kreise und kreisfreie Städte;06531;Gießen, Landkreis;ERWAQ8;Arbeitslosenquote nach Schwerpunkten;ARBEITSQUO06;Frauen;4,6;Prozent;ERWP10;Arbeitslosenquote bez. auf alle zivile Erwerbsp.
13211;Arbeitsmarktstatistik der Bundesagentur für Arbeit;JAHR;Jahr;2015;KREISE;Kreise und kreisfreie Städte;06534;Marburg-Biedenkopf, Landkreis;ERWAQ8;Arbeitslosenquote nach Schwerpunkten;ARBEITSQUO05;Männer;4,1;Prozent;ERWP10;Arbeitslosenquote bez. auf alle zivile Erwerbsp.
13211;Arbeitsmarktstatistik der Bundesagentur für Arbeit;JAHR;Jahr;2024;KREISE;Kreise und kreisfreie Städte;12061;Dahme-Spreewald, Landkreis;ERWAQ8;Arbeitslosenquote nach Schwerpunkten;ARBEITSQUO09;15 bis unter 25 Jahre;2,8;Prozent;ERWP10;Arbeitslosenquote bez. auf alle zivile Erwerbsp.
13211;Arbeitsmarktstatistik der Bundesagentur für Arbeit;JAHR;Jahr;2021;KREISE;Kreise und kreisfreie Städte;06532;Lahn-Dill-Kreis;ERWAQ8;Arbeitslosenquote nach Schwerpunkten;ARBEITSQUO06;Frauen;4,8;Prozent;ERWP10;Arbeitslosenquote bez. auf alle zivile Erwerbsp.
13211;Arbeitsmarktstatistik der Bundesagentur für Arbeit;JAHR;Jahr;2012;KREISE;Kreise und kreisfreie Städte;06633;Kassel, Landkreis;ERWAQ8;Arbeitslosenquote nach Schwerpunkten;ARBEITSQUO07;ausländisch;14,8;Prozent;ERWP10;Arbeitslosenquote bez. auf alle zivile Erwerbsp.
13211;Arbeitsmarktstatistik der Bundesagentur für Arbeit;JAHR;Jahr;2013;KREISE;Kreise und kreisfreie Städte;06636;Werra-Meißner-Kreis;ERWAQ8;Arbeitslosenquote nach Schwerpunkten;ARBEITSQUO09;15 bis unter 25 Jahre;7,6;Prozent;ERWP10;Arbeitslosenquote bez. auf alle zivile Erwerbsp.
13211;Arbeitsmarktstatistik der Bundesagentur für Arbeit;JAHR;Jahr;2022;KREISE;Kreise und kreisfreie Städte;06531;Gießen, Landkreis;ERWAQ8;Arbeitslosenquote nach Schwerpunkten;ARBEITSQUO09;15 bis unter 25 Jahre;3,7;Prozent;ERWP10;Arbeitslosenquote bez. auf alle zivile Erwerbsp.
13211;Arbeitsmarktstatistik der Bundesagentur für Arbeit;JAHR;Jahr;2024;KREISE;Kreise und kreisfreie Städte;06439;Rheingau-Taunus-Kreis;ERWAQ8;Arbeitslosenquote nach Schwerpunkten;ARBEITSQUO05;Männer;5,0;Prozent;ERWP10;Arbeitslosenquote bez. auf alle zivile Erwerbsp.
13211;Arbeitsmarktstatistik der Bundesagentur für Arbeit;JAHR;Jahr;2025;KREISE;Kreise und kreisfreie Städte;06532;Lahn-Dill-Kreis;ERWAQ8;Arbeitslosenquote nach Schwerpunkten;ARBEITSQUO09;15 bis unter 25 Jahre;6,4;Prozent;ERWP10;Arbeitslosenquote bez. auf alle zivile Erwerbsp.
13211;Arbeitsmarktstatistik der Bundesagentur für Arbeit;JAHR;Jahr;2024;KREISE;Kreise und kreisfreie Städte;06533;Limburg-Weilburg, Landkreis;ERWAQ8;Arbeitslosenquote nach Schwerpunkten;ARBEITSQUO06;Frauen;5,1;Prozent;ERWP10;Arbeitslosenquote bez. auf alle zivile Erwerbsp.
13211;Arbeitsmarktstatistik der Bundesagentur für Arbeit;JAHR;Jahr;2015;KREISE;Kreise und kreisfreie Städte;12065;Oberhavel, Landkreis;ERWAQ8;Arbeitslosenquote nach Schwerpunkten;ARBEITSQUO06;Frauen;7,4;Prozent;ERWP10;Arbeitslosenquote bez. auf alle zivile Erwerbsp.
13211;Arbeitsmarktstatistik der Bundesagentur für Arbeit;JAHR;Jahr;2010;KREISE;Kreise und kreisfreie Städte;06534;Marburg-Biedenkopf, Landkreis;ERWAQ8;Arbeitslosenquote nach Schwerpunkten;ARBEITSQUO06;Frauen;5,5;Prozent;ERWP10;Arbeitslosenquote bez. auf alle zivile Erwerbsp.
13211;Arbeitsmarktstatistik der Bundesagentur für Arbeit;JAHR;Jahr;2017;KREISE;Kreise und kreisfreie Städte;12066;Oberspreewald-Lausitz, Landkreis;ERWAQ8;Arbeitslosenquote nach Schwerpunkten;ARBEITSQUO07;ausländisch;.;Prozent;ERWP10;Arbeitslosenquote bez. auf alle zivile Erwerbsp.
13211;Arbeitsmarktstatistik der Bundesagentur für Arbeit;JAHR;Jahr;2010;KREISE;Kreise und kreisfreie Städte;06439;Rheingau-Taunus-Kreis;ERWAQ8;Arbeitslosenquote nach Schwerpunkten;ARBEITSQUO09;15 bis unter 25 Jahre;4,0;Prozent;ERWP10;Arbeitslosenquote bez. auf alle zivile Erwerbsp.
13211;Arbeitsmarktstatistik der Bundesagentur für Arbeit;JAHR;Jahr;2019;KREISE;Kreise und kreisfreie Städte;12064;Märkisch-Oderland, Landkreis;ERWAQ8;Arbeitslosenquote nach Schwerpunkten;ARBEITSQUO05;Männer;6,0;Prozent;ERWP10;Arbeitslosenquote bez. auf alle zivile Erwerbsp.
13211;Arbeitsmarktstatistik der Bundesagentur für Arbeit;JAHR;Jahr;2020;KREISE;Kreise und kreisfreie Städte;12061;Dahme-Spreewald, Landkreis;ERWAQ8;Arbeitslosenquote nach Schwerpunkten;ARBEITSQUO06;Frauen;3,8;Prozent;ERWP10;Arbeitslosenquote bez. auf alle zivile Erwerbsp.
13211;Arbeitsmarktstatistik der Bundesagentur für Arbeit;JAHR;Jahr;2021;KREISE;Kreise und kreisfreie Städte;06439;Rheingau-Taunus-Kreis;ERWAQ8;Arbeitslosenquote nach Schwerpunkten;ARBEITSQUO09;15 bis unter 25 Jahre;3,7;Prozent;ERWP10;Arbeitslosenquote bez. auf alle zivile Erwerbsp.
13211;Arbeitsmarktstatistik der Bundesagentur für Arbeit;JAHR;Jahr;2014;KREISE;Kreise und kreisfreie Städte;06533;Limburg-Weilburg, Landkreis;ERWAQ8;Arbeitslosenquote nach Schwerpunkten;ARBEITSQUO05;Männer;5,5;Prozent;ERWP10;Arbeitslosenquote bez. auf alle zivile Erwerbsp.
13211;Arbeitsmarktstatistik der Bundesagentur für Arbeit;JAHR;Jahr;2013;KREISE;Kreise und kreisfreie Städte;06531;Gießen, Landkreis;ERWAQ8;Arbeitslosenquote nach Schwerpunkten;ARBEITSQUO07;ausländisch;18,2;Prozent;ERWP10;Arbeitslosenquote bez. auf alle zivile Erwerbsp.
13211;Arbeitsmarktstatistik der Bundesagentur für Arbeit;JAHR;Jahr;2023;KREISE;Kreise und kreisfreie Städte;12066;Oberspreewald-Lausitz, Landkreis;ERWAQ8;Arbeitslosenquote nach Schwerpunkten;ARBEITSQUO05;Männer;7,5;Prozent;ERWP10;Arbeitslosenquote bez. auf alle zivile Erwerbsp.
13211;Arbeitsmarktstatistik der Bundesagentur für Arbeit;JAHR;Jahr;2018;KREISE;Kreise und kreisfreie Städte;06439;Rheingau-Taunus-Kreis;ERWAQ8;Arbeitslosenquote nach Schwerpunkten;ARBEITSQUO07;ausländisch;.;Prozent;ERWP10;Arbeitslosenquote bez. auf alle zivile Erwerbsp.
13211;Arbeitsmarktstatistik der Bundesagentur für Arbeit;JAHR;Jahr;2011;KREISE;Kreise und kreisfreie Städte;06533;Limburg-Weilburg, Landkreis;ERWAQ8;Arbeitslosenquote nach Schwerpunkten;ARBEITSQUO09;15 bis unter 25 Jahre;5,4;Prozent;ERWP10;Arbeitslosenquote bez. auf alle zivile Erwerbsp.
13211;Arbeitsmarktstatistik der Bundesagentur für Arbeit;JAHR;Jahr;2012;KREISE;Kreise und kreisfreie Städte;06535;Vogelsbergkreis;ERWAQ8;Arbeitslosenquote nach Schwerpunkten;ARBEITSQUO07;ausländisch;13,9;Prozent;ERWP10;Arbeitslosenquote bez. auf alle zivile Erwerbsp.
13211;Arbeitsmarktstatistik der Bundesagentur für Arbeit;JAHR;Jahr;2022;KREISE;Kreise und kreisfreie Städte;12064;Märkisch-Oderland, Landkreis;ERWAQ8;Arbeitslosenquote nach Schwerpunkten;ARBEITSQUO07;ausländisch;21,6;Prozent;ERWP10;Arbeitslosenquote bez. auf alle zivile Erwerbsp.
13211;Arbeitsmarktstatistik der Bundesagentur für Arbeit;JAHR;Jahr;2020;KREISE;Kreise und kreisfreie Städte;12066;Oberspreewald-Lausitz, Landkreis;ERWAQ8;Arbeitslosenquote nach Schwerpunkten;ARBEITSQUO09;15 bis unter 25 Jahre;6,4;Prozent;ERWP10;Arbeitslosenquote bez. auf alle zivile Erwerbsp.
13211;Arbeitsmarktstatistik der Bundesagentur für Arbeit;JAHR;Jahr;2019;KREISE;Kreise und kreisfreie Städte;06531;Gießen, Landkreis;ERWAQ8;Arbeitslosenquote nach Schwerpunkten;ARBEITSQUO07;ausländisch;16,7;Prozent;ERWP10;Arbeitslosenquote bez. auf alle zivile Erwerbsp.
13211;Arbeitsmarktstatistik der Bundesagentur für Arbeit;JAHR;Jahr;2017;KREISE;Kreise und kreisfreie Städte;06535;Vogelsbergkreis;ERWAQ8;Arbeitslosenquote nach Schwerpunkten;ARBEITSQUO09;15 bis unter 25 Jahre;4,9;Prozent;ERWP10;Arbeitslosenquote bez. auf alle zivile Erwerbsp.
13211;Arbeitsmarktstatistik der Bundesagentur für Arbeit;JAHR;Jahr;2020;KREISE;Kreise und kreisfreie Städte;06534;Marburg-Biedenkopf, Landkreis;ERWAQ8;Arbeitslosenquote nach Schwerpunkten;ARBEITSQUO07;ausländisch;12,5;Prozent;ERWP10;Arbeitslosenquote bez. auf alle zivile Erwerbsp.
13211;Arbeitsmarktstatistik der Bundesagentur für Arbeit;JAHR;Jahr;2022;KREISE;Kreise und kreisfreie Städte;06532;Lahn-Dill-Kreis;ERWAQ8;Arbeitslosenquote nach Schwerpunkten;ARBEITSQUO05;Männer;4,7;Prozent;ERWP10;Arbeitslosenquote bez. auf alle zivile Erwerbsp.
13211;Arbeitsmarktstatistik der Bundesagentur für Arbeit;JAHR;Jahr;2023;KREISE;Kreise und kreisfreie Städte;06535;Vogelsbergkreis;ERWAQ8;Arbeitslosenquote nach Schwerpunkten;ARBEITSQUO07;ausländisch;20,7;Prozent;ERWP10;Arbeitslosenquote bez. auf alle zivile Erwerbsp.
13211;Arbeitsmarktstatistik der Bundesagentur für Arbeit;JAHR;Jahr;2023;KREISE;Kreise und kreisfreie Städte;06439;Rheingau-Taunus-Kreis;ERWAQ8;Arbeitslosenquote nach Schwerpunkten;ARBEITSQUO06;Frauen;4,9;Prozent;ERWP10;Arbeitslosenquote bez. auf alle zivile Erwerbsp.
13211;Arbeitsmarktstatistik der Bundesagentur für Arbeit;JAHR;Jahr;2023;KREISE;Kreise und kreisfreie Städte;06633;Kassel, Landkreis;ERWAQ8;Arbeitslosenquote nach Schwerpunkten;ARBEITSQUO07;ausländisch;21,2;Prozent;ERWP10;Arbeitslosenquote bez. auf alle zivile Erwerbsp.
13211;Arbeitsmarktstatistik der Bundesagentur für Arbeit;JAHR;Jahr;2025;KREISE;Kreise und kreisfreie Städte;06533;Limburg-Weilburg, Landkreis;ERWAQ8;Arbeitslosenquote nach Schwerpunkten;ARBEITSQUO05;Männer;5,8;Prozent;ERWP10;Arbeitslosenquote bez. auf alle zivile Erwerbsp.
13211;Arbeitsmarktstatistik der Bundesagentur für Arbeit;JAHR;Jahr;2010;KREISE;Kreise und kreisfreie Städte;12063;Havelland, Landkreis;ERWAQ8;Arbeitslosenquote nach Schwerpunkten;ARBEITSQUO05;Männer;10,3;Prozent;ERWP10;Arbeitslosenquote bez. auf alle zivile Erwerbsp.
13211;Arbeitsmarktstatistik der Bundesagentur für Arbeit;JAHR;Jahr;2019;KREISE;Kreise und kreisfreie Städte;12063;Havelland, Landkreis;ERWAQ8;Arbeitslosenquote nach Schwerpunkten;ARBEITSQUO09;15 bis unter 25 Jahre;6,9;Prozent;ERWP10;Arbeitslosenquote bez. auf alle zivile Erwerbsp.
13211;Arbeitsmarktstatistik der Bundesagentur für Arbeit;JAHR;Jahr;2020;KREISE;Kreise und kreisfreie Städte;06636;Werra-Meißner-Kreis;ERWAQ8;Arbeitslosenquote nach Schwerpunkten;ARBEITSQUO06;Frauen;4,9;Prozent;ERWP10;Arbeitslosenquote bez. auf alle zivile Erwerbsp.
13211;Arbeitsmarktstatistik der Bundesagentur für Arbeit;JAHR;Jahr;2011;KREISE;Kreise und kreisfreie Städte;12064;Märkisch-Oderland, Landkreis;ERWAQ8;Arbeitslosenquote nach Schwerpunkten;ARBEITSQUO07;ausländisch;24,7;Prozent;ERWP10;Arbeitslosenquote bez. auf alle zivile Erwerbsp.
13211;Arbeitsmarktstatistik der Bundesagentur für Arbeit;JAHR;Jahr;2015;KREISE;Kreise und kreisfreie Städte;12061;Dahme-Spreewald, Landkreis;ERWAQ8;Arbeitslosenquote nach Schwerpunkten;ARBEITSQUO07;ausländisch;9,1;Prozent;ERWP10;Arbeitslosenquote bez. auf alle zivile Erwerbsp.
13211;Arbeitsmarktstatistik der Bundesagentur für Arbeit;JAHR;Jahr;2015;KREISE;Kreise und kreisfreie Städte;12067;Oder-Spree, Landkreis;ERWAQ8;Arbeitslosenquote nach Schwerpunkten;ARBEITSQUO05;Männer;8,9;Prozent;ERWP10;Arbeitslosenquote bez. auf alle zivile Erwerbsp.
13211;Arbeitsmarktstatistik der Bundesagentur für Arbeit;JAHR;Jahr;2014;KREISE;Kreise und kreisfreie Städte;12065;Oberhavel, Landkreis;ERWAQ8;Arbeitslosenquote nach Schwerpunkten;ARBEITSQUO07;ausländisch;13,1;Prozent;ERWP10;Arbeitslosenquote bez. auf alle zivile Erwerbsp.
13211;Arbeitsmarktstatistik der Bundesagentur für Arbeit;JAHR;Jahr;2013;KREISE;Kreise und kreisfreie Städte;12063;Havelland, Landkreis;ERWAQ8;Arbeitslosenquote nach Schwerpunkten;ARBEITSQUO09;15 bis unter 25 Jahre;9,6;Prozent;ERWP10;Arbeitslosenquote bez. auf alle zivile Erwerbsp.
13211;Arbeitsmarktstatistik der Bundesagentur für Arbeit;JAHR;Jahr;2012;KREISE;Kreise und kreisfreie Städte;12067;Oder-Spree, Landkreis;ERWAQ8;Arbeitslosenquote nach Schwerpunkten;ARBEITSQUO09;15 bis unter 25 Jahre;10,1;Prozent;ERWP10;Arbeitslosenquote bez. auf alle zivile Erwerbsp.
13211;Arbeitsmarktstatistik der Bundesagentur für Arbeit;JAHR;Jahr;2012;KREISE;Kreise und kreisfreie Städte;12064;Märkisch-Oderland, Landkreis;ERWAQ8;Arbeitslosenquote nach Schwerpunkten;ARBEITSQUO06;Frauen;9,2;Prozent;ERWP10;Arbeitslosenquote bez. auf alle zivile Erwerbsp.
13211;Arbeitsmarktstatistik der Bundesagentur für Arbeit;JAHR;Jahr;2016;KREISE;Kreise und kreisfreie Städte;12063;Havelland, Landkreis;ERWAQ8;Arbeitslosenquote nach Schwerpunkten;ARBEITSQUO05;Männer;7,8;Prozent;ERWP10;Arbeitslosenquote bez. auf alle zivile Erwerbsp.
13211;Arbeitsmarktstatistik der Bundesagentur für Arbeit;JAHR;Jahr;2018;KREISE;Kreise und kreisfreie Städte;12064;Märkisch-Oderland, Landkreis;ERWAQ8;Arbeitslosenquote nach Schwerpunkten;ARBEITSQUO06;Frauen;5,4;Prozent;ERWP10;Arbeitslosenquote bez. auf alle zivile Erwerbsp.
13211;Arbeitsmarktstatistik der Bundesagentur für Arbeit;JAHR;Jahr;2013;KREISE;Kreise und kreisfreie Städte;06533;Limburg-Weilburg, Landkreis;ERWAQ8;Arbeitslosenquote nach Schwerpunkten;ARBEITSQUO06;Frauen;6,0;Prozent;ERWP10;Arbeitslosenquote bez. auf alle zivile Erwerbsp.
13211;Arbeitsmarktstatistik der Bundesagentur für Arbeit;JAHR;Jahr;2014;KREISE;Kreise und kreisfreie Städte;06532;Lahn-Dill-Kreis;ERWAQ8;Arbeitslosenquote nach Schwerpunkten;ARBEITSQUO09;15 bis unter 25 Jahre;5,4;Prozent;ERWP10;Arbeitslosenquote bez. auf alle zivile Erwerbsp.
13211;Arbeitsmarktstatistik der Bundesagentur für Arbeit;JAHR;Jahr;2019;KREISE;Kreise und kreisfreie Städte;06439;Rheingau-Taunus-Kreis;ERWAQ8;Arbeitslosenquote nach Schwerpunkten;ARBEITSQUO06;Frauen;3,7;Prozent;ERWP10;Arbeitslosenquote bez. auf alle zivile Erwerbsp.
13211;Arbeitsmarktstatistik der Bundesagentur für Arbeit;JAHR;Jahr;2011;KREISE;Kreise und kreisfreie Städte;06532;Lahn-Dill-Kreis;ERWAQ8;Arbeitslosenquote nach Schwerpunkten;ARBEITSQUO05;Männer;5,6;Prozent;ERWP10;Arbeitslosenquote bez. auf alle zivile Erwerbsp.
13211;Arbeitsmarktstatistik der Bundesagentur für Arbeit;JAHR;Jahr;2023;KREISE;Kreise und kreisfreie Städte;12064;Märkisch-Oderland, Landkreis;ERWAQ8;Arbeitslosenquote nach Schwerpunkten;ARBEITSQUO06;Frauen;4,9;Prozent;ERWP10;Arbeitslosenquote bez. auf alle zivile Erwerbsp.
13211;Arbeitsmarktstatistik der Bundesagentur für Arbeit;JAHR;Jahr;2020;KREISE;Kreise und kreisfreie Städte;12067;Oder-Spree, Landkreis;ERWAQ8;Arbeitslosenquote nach Schwerpunkten;ARBEITSQUO05;Männer;7,1;Prozent;ERWP10;Arbeitslosenquote bez. auf alle zivile Erwerbsp.
13211;Arbeitsmarktstatistik der Bundesagentur für Arbeit;JAHR;Jahr;2025;KREISE;Kreise und kreisfreie Städte;12065;Oberhavel, Landkreis;ERWAQ8;Arbeitslosenquote nach Schwerpunkten;ARBEITSQUO07;ausländisch;19,1;Prozent;ERWP10;Arbeitslosenquote bez. auf alle zivile Erwerbsp.
13211;Arbeitsmarktstatistik der Bundesagentur für Arbeit;JAHR;Jahr;2024;KREISE;Kreise und kreisfreie Städte;12063;Havelland, Landkreis;ERWAQ8;Arbeitslosenquote nach Schwerpunkten;ARBEITSQUO09;15 bis unter 25 Jahre;8,0;Prozent;ERWP10;Arbeitslosenquote bez. auf alle zivile Erwerbsp.
13211;Arbeitsmarktstatistik der Bundesagentur für Arbeit;JAHR;Jahr;2023;KREISE;Kreise und kreisfreie Städte;12067;Oder-Spree, Landkreis;ERWAQ8;Arbeitslosenquote nach Schwerpunkten;ARBEITSQUO09;15 bis unter 25 Jahre;7,3;Prozent;ERWP10;Arbeitslosenquote bez. auf alle zivile Erwerbsp.
13211;Arbeitsmarktstatistik der Bundesagentur für Arbeit;JAHR;Jahr;2021;KREISE;Kreise und kreisfreie Städte;06534;Marburg-Biedenkopf, Landkreis;ERWAQ8;Arbeitslosenquote nach Schwerpunkten;ARBEITSQUO06;Frauen;3,6;Prozent;ERWP10;Arbeitslosenquote bez. auf alle zivile Erwerbsp.
13211;Arbeitsmarktstatistik der Bundesagentur für Arbeit;JAHR;Jahr;2024;KREISE;Kreise und kreisfreie Städte;06531;Gießen, Landkreis;ERWAQ8;Arbeitslosenquote nach Schwerpunkten;ARBEITSQUO07;ausländisch;18,8;Prozent;ERWP10;Arbeitslosenquote bez. auf alle zivile Erwerbsp.
13211;Arbeitsmarktstatistik der Bundesagentur für Arbeit;JAHR;Jahr;2022;KREISE;Kreise und kreisfreie Städte;06533;Limburg-Weilburg, Landkreis;ERWAQ8;Arbeitslosenquote nach Schwerpunkten;ARBEITSQUO09;15 bis unter 25 Jahre;3,3;Prozent;ERWP10;Arbeitslosenquote bez. auf alle zivile Erwerbsp.
13211;Arbeitsmarktstatistik der Bundesagentur für Arbeit;JAHR;Jahr;2025;KREISE;Kreise und kreisfreie Städte;06534;Marburg-Biedenkopf, Landkreis;ERWAQ8;Arbeitslosenquote nach Schwerpunkten;ARBEITSQUO09;15 bis unter 25 Jahre;4,0;Prozent;ERWP10;Arbeitslosenquote bez. auf alle zivile Erwerbsp.
13211;Arbeitsmarktstatistik der Bundesagentur für Arbeit;JAHR;Jahr;2024;KREISE;Kreise und kreisfreie Städte;06633;Kassel, Landkreis;ERWAQ8;Arbeitslosenquote nach Schwerpunkten;ARBEITSQUO06;Frauen;4,2;Prozent;ERWP10;Arbeitslosenquote bez. auf alle zivile Erwerbsp.
13211;Arbeitsmarktstatistik der Bundesagentur für Arbeit;JAHR;Jahr;2021;KREISE;Kreise und kreisfreie Städte;06636;Werra-Meißner-Kreis;ERWAQ8;Arbeitslosenquote nach Schwerpunkten;ARBEITSQUO05;Männer;5,8;Prozent;ERWP10;Arbeitslosenquote bez. auf alle zivile Erwerbsp.
13211;Arbeitsmarktstatistik der Bundesagentur für Arbeit;JAHR;Jahr;2010;KREISE;Kreise und kreisfreie Städte;12064;Märkisch-Oderland, Landkreis;ERWAQ8;Arbeitslosenquote nach Schwerpunkten;ARBEITSQUO09;15 bis unter 25 Jahre;10,9;Prozent;ERWP10;Arbeitslosenquote bez. auf alle zivile Erwerbsp.
13211;Arbeitsmarktstatistik der Bundesagentur für Arbeit;JAHR;Jahr;2024;KREISE;Kreise und kreisfreie Städte;06535;Vogelsbergkreis;ERWAQ8;Arbeitslosenquote nach Schwerpunkten;ARBEITSQUO06;Frauen;4,2;Prozent;ERWP10;Arbeitslosenquote bez. auf alle zivile Erwerbsp.
13211;Arbeitsmarktstatistik der Bundesagentur für Arbeit;JAHR;Jahr;2015;KREISE;Kreise und kreisfreie Städte;12067;Oder-Spree, Landkreis;ERWAQ8;Arbeitslosenquote nach Schwerpunkten;ARBEITSQUO06;Frauen;8,3;Prozent;ERWP10;Arbeitslosenquote bez. auf alle zivile Erwerbsp.
13211;Arbeitsmarktstatistik der Bundesagentur für Arbeit;JAHR;Jahr;2014;KREISE;Kreise und kreisfreie Städte;12067;Oder-Spree, Landkreis;ERWAQ8;Arbeitslosenquote nach Schwerpunkten;ARBEITSQUO06;Frauen;8,6;Prozent;ERWP10;Arbeitslosenquote bez. auf alle zivile Erwerbsp.
13211;Arbeitsmarktstatistik der Bundesagentur für Arbeit;JAHR;Jahr;2015;KREISE;Kreise und kreisfreie Städte;12066;Oberspreewald-Lausitz, Landkreis;ERWAQ8;Arbeitslosenquote nach Schwerpunkten;ARBEITSQUO09;15 bis unter 25 Jahre;6,1;Prozent;ERWP10;Arbeitslosenquote bez. auf alle zivile Erwerbsp.
13211;Arbeitsmarktstatistik der Bundesagentur für Arbeit;JAHR;Jahr;2010;KREISE;Kreise und kreisfreie Städte;06535;Vogelsbergkreis;ERWAQ8;Arbeitslosenquote nach Schwerpunkten;ARBEITSQUO09;15 bis unter 25 Jahre;5,1;Prozent;ERWP10;Arbeitslosenquote bez. auf alle zivile Erwerbsp.
13211;Arbeitsmarktstatistik der Bundesagentur für Arbeit;JAHR;Jahr;2016;KREISE;Kreise und kreisfreie Städte;12066;Oberspreewald-Lausitz, Landkreis;ERWAQ8;Arbeitslosenquote nach Schwerpunkten;ARBEITSQUO09;15 bis unter 25 Jahre;5,7;Prozent;ERWP10;Arbeitslosenquote bez. auf alle zivile Erwerbsp.
13211;Arbeitsmarktstatistik der Bundesagentur für Arbeit;JAHR;Jahr;2013;KREISE;Kreise und kreisfreie Städte;06439;Rheingau-Taunus-Kreis;ERWAQ8;Arbeitslosenquote nach Schwerpunkten;ARBEITSQUO05;Männer;4,3;Prozent;ERWP10;Arbeitslosenquote bez. auf alle zivile Erwerbsp.
13211;Arbeitsmarktstatistik der Bundesagentur für Arbeit;JAHR;Jahr;2017;KREISE;Kreise und kreisfreie Städte;12064;Märkisch-Oderland, Landkreis;ERWAQ8;Arbeitslosenquote nach Schwerpunkten;ARBEITSQUO07;ausländisch;.;Prozent;ERWP10;Arbeitslosenquote bez. auf alle zivile Erwerbsp.
13211;Arbeitsmarktstatistik der Bundesagentur für Arbeit;JAHR;Jahr;2014;KREISE;Kreise und kreisfreie Städte;06531;Gießen, Landkreis;ERWAQ8;Arbeitslosenquote nach Schwerpunkten;ARBEITSQUO05;Männer;7,1;Prozent;ERWP10;Arbeitslosenquote bez. auf alle zivile Erwerbsp.
13211;Arbeitsmarktstatistik der Bundesagentur für Arbeit;JAHR;Jahr;2020;KREISE;Kreise und kreisfreie Städte;12064;Märkisch-Oderland, Landkreis;ERWAQ8;Arbeitslosenquote nach Schwerpunkten;ARBEITSQUO09;15 bis unter 25 Jahre;8,3;Prozent;ERWP10;Arbeitslosenquote bez. auf alle zivile Erwerbsp.
13211;Arbeitsmarktstatistik der Bundesagentur für Arbeit;JAHR;Jahr;2013;KREISE;Kreise und kreisfreie Städte;06533;Limburg-Weilburg, Landkreis;ERWAQ8;Arbeitslosenquote nach Schwerpunkten;ARBEITSQUO07;ausländisch;18,6;Prozent;ERWP10;Arbeitslosenquote bez. auf alle zivile Erwerbsp.
13211;Arbeitsmarktstatistik der Bundesagentur für Arbeit;JAHR;Jahr;2012;KREISE;Kreise und kreisfreie Städte;06533;Limburg-Weilburg, Landkreis;ERWAQ8;Arbeitslosenquote nach Schwerpunkten;ARBEITSQUO07;ausländisch;19,0;Prozent;ERWP10;Arbeitslosenquote bez. auf alle zivile Erwerbsp.
13211;Arbeitsmarktstatistik der Bundesagentur für Arbeit;JAHR;Jahr;2010;KREISE;Kreise und kreisfreie Städte;06633;Kassel, Landkreis;ERWAQ8;Arbeitslosenquote nach Schwerpunkten;ARBEITSQUO09;15 bis unter 25 Jahre;5,8;Prozent;ERWP10;Arbeitslosenquote bez. auf alle zivile Erwerbsp.
13211;Arbeitsmarktstatistik der Bundesagentur für Arbeit;JAHR;Jahr;2011;KREISE;Kreise und kreisfreie Städte;06633;Kassel, Landkreis;ERWAQ8;Arbeitslosenquote nach Schwerpunkten;ARBEITSQUO09;15 bis unter 25 Jahre;5,4;Prozent;ERWP10;Arbeitslosenquote bez. auf alle zivile Erwerbsp.
13211;Arbeitsmarktstatistik der Bundesagentur für Arbeit;JAHR;Jahr;2025;KREISE;Kreise und kreisfreie Städte;12067;Oder-Spree, Landkreis;ERWAQ8;Arbeitslosenquote nach Schwerpunkten;ARBEITSQUO06;Frauen;6,0;Prozent;ERWP10;Arbeitslosenquote bez. auf alle zivile Erwerbsp.
13211;Arbeitsmarktstatistik der Bundesagentur für Arbeit;JAHR;Jahr;2011;KREISE;Kreise und kreisfreie Städte;06535;Vogelsbergkreis;ERWAQ8;Arbeitslosenquote nach Schwerpunkten;ARBEITSQUO09;15 bis unter 25 Jahre;4,5;Prozent;ERWP10;Arbeitslosenquote bez. auf alle zivile Erwerbsp.
13211;Arbeitsmarktstatistik der Bundesagentur für Arbeit;JAHR;Jahr;2017;KREISE;Kreise und kreisfreie Städte;06533;Limburg-Weilburg, Landkreis;ERWAQ8;Arbeitslosenquote nach Schwerpunkten;ARBEITSQUO09;15 bis unter 25 Jahre;4,2;Prozent;ERWP10;Arbeitslosenquote bez. auf alle zivile Erwerbsp.
13211;Arbeitsmarktstatistik der Bundesagentur für Arbeit;JAHR;Jahr;2015;KREISE;Kreise und kreisfreie Städte;06531;Gießen, Landkreis;ERWAQ8;Arbeitslosenquote nach Schwerpunkten;ARBEITSQUO05;Männer;7,1;Prozent;ERWP10;Arbeitslosenquote bez. auf alle zivile Erwerbsp.
13211;Arbeitsmarktstatistik der Bundesagentur für Arbeit;JAHR;Jahr;2016;KREISE;Kreise und kreisfreie Städte;06534;Marburg-Biedenkopf, Landkreis;ERWAQ8;Arbeitslosenquote nach Schwerpunkten;ARBEITSQUO06;Frauen;3,6;Prozent;ERWP10;Arbeitslosenquote bez. auf alle zivile Erwerbsp.
13211;Arbeitsmarktstatistik der Bundesagentur für Arbeit;JAHR;Jahr;2016;KREISE;Kreise und kreisfreie Städte;06636;Werra-Meißner-Kreis;ERWAQ8;Arbeitslosenquote nach Schwerpunkten;ARBEITSQUO05;Männer;6,4;Prozent;ERWP10;Arbeitslosenquote bez. auf alle zivile Erwerbsp.
13211;Arbeitsmarktstatistik der Bundesagentur für Arbeit;JAHR;Jahr;2019;KREISE;Kreise und kreisfreie Städte;06533;Limburg-Weilburg, Landkreis;ERWAQ8;Arbeitslosenquote nach Schwerpunkten;ARBEITSQUO07;ausländisch;12,7;Prozent;ERWP10;Arbeitslosenquote bez. auf alle zivile Erwerbsp.
13211;Arbeitsmarktstatistik der Bundesagentur für Arbeit;JAHR;Jahr;2020;KREISE;Kreise und kreisfreie Städte;06532;Lahn-Dill-Kreis;ERWAQ8;Arbeitslosenquote nach Schwerpunkten;ARBEITSQUO07;ausländisch;17,6;Prozent;ERWP10;Arbeitslosenquote bez. auf alle zivile Erwerbsp.
13211;Arbeitsmarktstatistik der Bundesagentur für Arbeit;JAHR;Jahr;2021;KREISE;Kreise und kreisfreie Städte;06535;Vogelsbergkreis;ERWAQ8;Arbeitslosenquote nach Schwerpunkten;ARBEITSQUO09;15 bis unter 25 Jahre;3,6;Prozent;ERWP10;Arbeitslosenquote bez. auf alle zivile Erwerbsp.
13211;Arbeitsmarktstatistik der Bundesagentur für Arbeit;JAHR;Jahr;2019;KREISE;Kreise und kreisfreie Städte;06535;Vogelsbergkreis;ERWAQ8;Arbeitslosenquote nach Schwerpunkten;ARBEITSQUO06;Frauen;3,3;Prozent;ERWP10;Arbeitslosenquote bez. auf alle zivile Erwerbsp.
13211;Arbeitsmarktstatistik der Bundesagentur für Arbeit;JAHR;Jahr;2023;KREISE;Kreise und kreisfreie Städte;06535;Vogelsbergkreis;ERWAQ8;Arbeitslosenquote nach Schwerpunkten;ARBEITSQUO06;Frauen;4,3;Prozent;ERWP10;Arbeitslosenquote bez. auf alle zivile Erwerbsp.
13211;Arbeitsmarktstatistik der Bundesagentur für Arbeit;JAHR;Jahr;2020;KREISE;Kreise und kreisfreie Städte;06636;Werra-Meißner-Kreis;ERWAQ8;Arbeitslosenquote nach Schwerpunkten;ARBEITSQUO05;Männer;6,2;Prozent;ERWP10;Arbeitslosenquote bez. auf alle zivile Erwerbsp.
13211;Arbeitsmarktstatistik der Bundesagentur für Arbeit;JAHR;Jahr;2023;KREISE;Kreise und kreisfreie Städte;06533;Limburg-Weilburg, Landkreis;ERWAQ8;Arbeitslosenquote nach Schwerpunkten;ARBEITSQUO07;ausländisch;16,2;Prozent;ERWP10;Arbeitslosenquote bez. auf alle zivile Erwerbsp.
13211;Arbeitsmarktstatistik der Bundesagentur für Arbeit;JAHR;Jahr;2024;KREISE;Kreise und kreisfreie Städte;06534;Marburg-Biedenkopf, Landkreis;ERWAQ8;Arbeitslosenquote nach Schwerpunkten;ARBEITSQUO09;15 bis unter 25 Jahre;4,1;Prozent;ERWP10;Arbeitslosenquote bez. auf alle zivile Erwerbsp.
13211;Arbeitsmarktstatistik der Bundesagentur für Arbeit;JAHR;Jahr;2017;KREISE;Kreise und kreisfreie Städte;06633;Kassel, Landkreis;ERWAQ8;Arbeitslosenquote nach Schwerpunkten;ARBEITSQUO09;15 bis unter 25 Jahre;4,8;Prozent;ERWP10;Arbeitslosenquote bez. auf alle zivile Erwerbsp.
13211;Arbeitsmarktstatistik der Bundesagentur für Arbeit;JAHR;Jahr;2013;KREISE;Kreise und kreisfreie Städte;06633;Kassel, Landkreis;ERWAQ8;Arbeitslosenquote nach Schwerpunkten;ARBEITSQUO06;Frauen;5,1;Prozent;ERWP10;Arbeitslosenquote bez. auf alle zivile Erwerbsp.
13211;Arbeitsmarktstatistik der Bundesagentur für Arbeit;JAHR;Jahr;2019;KREISE;Kreise und kreisfreie Städte;06633;Kassel, Landkreis;ERWAQ8;Arbeitslosenquote nach Schwerpunkten;ARBEITSQUO06;Frauen;3,4;Prozent;ERWP10;Arbeitslosenquote bez. auf alle zivile Erwerbsp.
13211;Arbeitsmarktstatistik der Bundesagentur für Arbeit;JAHR;Jahr;2019;KREISE;Kreise und kreisfreie Städte;12065;Oberhavel, Landkreis;ERWAQ8;Arbeitslosenquote nach Schwerpunkten;ARBEITSQUO09;15 bis unter 25 Jahre;5,7;Prozent;ERWP10;Arbeitslosenquote bez. auf alle zivile Erwerbsp.
13211;Arbeitsmarktstatistik der Bundesagentur für Arbeit;JAHR;Jahr;2021;KREISE;Kreise und kreisfreie Städte;06633;Kassel, Landkreis;ERWAQ8;Arbeitslosenquote nach Schwerpunkten;ARBEITSQUO09;15 bis unter 25 Jahre;4,2;Prozent;ERWP10;Arbeitslosenquote bez. auf alle zivile Erwerbsp.
13211;Arbeitsmarktstatistik der Bundesagentur für Arbeit;JAHR;Jahr;2017;KREISE;Kreise und kreisfreie Städte;12061;Dahme-Spreewald, Landkreis;ERWAQ8;Arbeitslosenquote nach Schwerpunkten;ARBEITSQUO05;Männer;5,1;Prozent;ERWP10;Arbeitslosenquote bez. auf alle zivile Erwerbsp.
13211;Arbeitsmarktstatistik der Bundesagentur für Arbeit;JAHR;Jahr;2023;KREISE;Kreise und kreisfreie Städte;06633;Kassel, Landkreis;ERWAQ8;Arbeitslosenquote nach Schwerpunkten;ARBEITSQUO06;Frauen;4,4;Prozent;ERWP10;Arbeitslosenquote bez. auf alle zivile Erwerbsp.
13211;Arbeitsmarktstatistik der Bundesagentur für Arbeit;JAHR;Jahr;2011;KREISE;Kreise und kreisfreie Städte;12066;Oberspreewald-Lausitz, Landkreis;ERWAQ8;Arbeitslosenquote nach Schwerpunkten;ARBEITSQUO06;Frauen;15,7;Prozent;ERWP10;Arbeitslosenquote bez. auf alle zivile Erwerbsp.
13211;Arbeitsmarktstatistik der Bundesagentur für Arbeit;JAHR;Jahr;2016;KREISE;Kreise und kreisfreie Städte;12064;Märkisch-Oderland, Landkreis;ERWAQ8;Arbeitslosenquote nach Schwerpunkten;ARBEITSQUO09;15 bis unter 25 Jahre;8,3;Prozent;ERWP10;Arbeitslosenquote bez. auf alle zivile Erwerbsp.
13211;Arbeitsmarktstatistik der Bundesagentur für Arbeit;JAHR;Jahr;2025;KREISE;Kreise und kreisfreie Städte;06531;Gießen, Landkreis;ERWAQ8;Arbeitslosenquote nach Schwerpunkten;ARBEITSQUO05;Männer;6,5;Prozent;ERWP10;Arbeitslosenquote bez. auf alle zivile Erwerbsp.
13211;Arbeitsmarktstatistik der Bundesagentur für Arbeit;JAHR;Jahr;2010;KREISE;Kreise und kreisfreie Städte;12061;Dahme-Spreewald, Landkreis;ERWAQ8;Arbeitslosenquote nach Schwerpunkten;ARBEITSQUO05;Männer;8,5;Prozent;ERWP10;Arbeitslosenquote bez. auf alle zivile Erwerbsp.
13211;Arbeitsmarktstatistik der Bundesagentur für Arbeit;JAHR;Jahr;2013;KREISE;Kreise und kreisfreie Städte;12065;Oberhavel, Landkreis;ERWAQ8;Arbeitslosenquote nach Schwerpunkten;ARBEITSQUO09;15 bis unter 25 Jahre;8,3;Prozent;ERWP10;Arbeitslosenquote bez. auf alle zivile Erwerbsp.
13211;Arbeitsmarktstatistik der Bundesagentur für Arbeit;JAHR;Jahr;2012;KREISE;Kreise und kreisfreie Städte;12065;Oberhavel, Landkreis;ERWAQ8;Arbeitslosenquote nach Schwerpunkten;ARBEITSQUO09;15 bis unter 25 Jahre;7,8;Prozent;ERWP10;Arbeitslosenquote bez. auf alle zivile Erwerbsp.
13211;Arbeitsmarktstatistik der Bundesagentur für Arbeit;JAHR;Jahr;2014;KREISE;Kreise und kreisfreie Städte;12063;Havelland, Landkreis;ERWAQ8;Arbeitslosenquote nach Schwerpunkten;ARBEITSQUO07;ausländisch;11,9;Prozent;ERWP10;Arbeitslosenquote bez. auf alle zivile Erwerbsp.
13211;Arbeitsmarktstatistik der Bundesagentur für Arbeit;JAHR;Jahr;2015;KREISE;Kreise und kreisfreie Städte;12063;Havelland, Landkreis;ERWAQ8;Arbeitslosenquote nach Schwerpunkten;ARBEITSQUO07;ausländisch;14,0;Prozent;ERWP10;Arbeitslosenquote bez. auf alle zivile Erwerbsp.
13211;Arbeitsmarktstatistik der Bundesagentur für Arbeit;JAHR;Jahr;2010;KREISE;Kreise und kreisfreie Städte;06532;Lahn-Dill-Kreis;ERWAQ8;Arbeitslosenquote nach Schwerpunkten;ARBEITSQUO07;ausländisch;18,7;Prozent;ERWP10;Arbeitslosenquote bez. auf alle zivile Erwerbsp.
13211;Arbeitsmarktstatistik der Bundesagentur für Arbeit;JAHR;Jahr;2016;KREISE;Kreise und kreisfreie Städte;12061;Dahme-Spreewald, Landkreis;ERWAQ8;Arbeitslosenquote nach Schwerpunkten;ARBEITSQUO05;Männer;6,0;Prozent;ERWP10;Arbeitslosenquote bez. auf alle zivile Erwerbsp.
13211;Arbeitsmarktstatistik der Bundesagentur für Arbeit;JAHR;Jahr;2012;KREISE;Kreise und kreisfreie Städte;12066;Oberspreewald-Lausitz, Landkreis;ERWAQ8;Arbeitslosenquote nach Schwerpunkten;ARBEITSQUO06;Frauen;14,4;Prozent;ERWP10;Arbeitslosenquote bez. auf alle zivile Erwerbsp.
13211;Arbeitsmarktstatistik der Bundesagentur für Arbeit;JAHR;Jahr;2018;KREISE;Kreise und kreisfreie Städte;12066;Oberspreewald-Lausitz, Landkreis;ERWAQ8;Arbeitslosenquote nach Schwerpunkten;ARBEITSQUO06;Frauen;8,3;Prozent;ERWP10;Arbeitslosenquote bez. auf alle zivile Erwerbsp.
13211;Arbeitsmarktstatistik der Bundesagentur für Arbeit;JAHR;Jahr;2010;KREISE;Kreise und kreisfreie Städte;06636;Werra-Meißner-Kreis;ERWAQ8;Arbeitslosenquote nach Schwerpunkten;ARBEITSQUO05;Männer;7,6;Prozent;ERWP10;Arbeitslosenquote bez. auf alle zivile Erwerbsp.
13211;Arbeitsmarktstatistik der Bundesagentur für Arbeit;JAHR;Jahr;2014;KREISE;Kreise und kreisfreie Städte;06534;Marburg-Biedenkopf, Landkreis;ERWAQ8;Arbeitslosenquote nach Schwerpunkten;ARBEITSQUO09;15 bis unter 25 Jahre;3,7;Prozent;ERWP10;Arbeitslosenquote bez. auf alle zivile Erwerbsp.
13211;Arbeitsmarktstatistik der Bundesagentur für Arbeit;JAHR;Jahr;2022;KREISE;Kreise und kreisfreie Städte;12066;Oberspreewald-Lausitz, Landkreis;ERWAQ8;Arbeitslosenquote nach Schwerpunkten;ARBEITSQUO06;Frauen;6,5;Prozent;ERWP10;Arbeitslosenquote bez. auf alle zivile Erwerbsp.
13211;Arbeitsmarktstatistik der Bundesagentur für Arbeit;JAHR;Jahr;2023;KREISE;Kreise und kreisfreie Städte;12066;Oberspreewald-Lausitz, Landkreis;ERWAQ8;Arbeitslosenquote nach Schwerpunkten;ARBEITSQUO06;Frauen;6,9;Prozent;ERWP10;Arbeitslosenquote bez. auf alle zivile Erwerbsp.
13211;Arbeitsmarktstatistik der Bundesagentur für Arbeit;JAHR;Jahr;2016;KREISE;Kreise und kreisfreie Städte;06532;Lahn-Dill-Kreis;ERWAQ8;Arbeitslosenquote nach Schwerpunkten;ARBEITSQUO07;ausländisch;17,6;Prozent;ERWP10;Arbeitslosenquote bez. auf alle zivile Erwerbsp.
13211;Arbeitsmarktstatistik der Bundesagentur für Arbeit;JAHR;Jahr;2013;KREISE;Kreise und kreisfreie Städte;06535;Vogelsbergkreis;ERWAQ8;Arbeitslosenquote nach Schwerpunkten;ARBEITSQUO06;Frauen;4,3;Prozent;ERWP10;Arbeitslosenquote bez. auf alle zivile Erwerbsp.
13211;Arbeitsmarktstatistik der Bundesagentur für Arbeit;JAHR;Jahr;2025;KREISE;Kreise und kreisfreie Städte;12063;Havelland, Landkreis;ERWAQ8;Arbeitslosenquote nach Schwerpunkten;ARBEITSQUO07;ausländisch;23,2;Prozent;ERWP10;Arbeitslosenquote bez. auf alle zivile Erwerbsp.
13211;Arbeitsmarktstatistik der Bundesagentur für Arbeit;JAHR;Jahr;2021;KREISE;Kreise und kreisfreie Städte;12061;Dahme-Spreewald, Landkreis;ERWAQ8;Arbeitslosenquote nach Schwerpunkten;ARBEITSQUO05;Männer;4,3;Prozent;ERWP10;Arbeitslosenquote bez. auf alle zivile Erwerbsp.
13211;Arbeitsmarktstatistik der Bundesagentur für Arbeit;JAHR;Jahr;2024;KREISE;Kreise und kreisfreie Städte;12065;Oberhavel, Landkreis;ERWAQ8;Arbeitslosenquote nach Schwerpunkten;ARBEITSQUO09;15 bis unter 25 Jahre;6,1;Prozent;ERWP10;Arbeitslosenquote bez. auf alle zivile Erwerbsp.
13211;Arbeitsmarktstatistik der Bundesagentur für Arbeit;JAHR;Jahr;2023;KREISE;Kreise und kreisfreie Städte;12065;Oberhavel, Landkreis;ERWAQ8;Arbeitslosenquote nach Schwerpunkten;ARBEITSQUO09;15 bis unter 25 Jahre;5,6;Prozent;ERWP10;Arbeitslosenquote bez. auf alle zivile Erwerbsp.
13211;Arbeitsmarktstatistik der Bundesagentur für Arbeit;JAHR;Jahr;2021;KREISE;Kreise und kreisfreie Städte;06532;Lahn-Dill-Kreis;ERWAQ8;Arbeitslosenquote nach Schwerpunkten;ARBEITSQUO05;Männer;5,3;Prozent;ERWP10;Arbeitslosenquote bez. auf alle zivile Erwerbsp.
13211;Arbeitsmarktstatistik der Bundesagentur für Arbeit;JAHR;Jahr;2021;KREISE;Kreise und kreisfreie Städte;06532;Lahn-Dill-Kreis;ERWAQ8;Arbeitslosenquote nach Schwerpunkten;ARBEITSQUO07;ausländisch;15,9;Prozent;ERWP10;Arbeitslosenquote bez. auf alle zivile Erwerbsp.
13211;Arbeitsmarktstatistik der Bundesagentur für Arbeit;JAHR;Jahr;2022;KREISE;Kreise und kreisfreie Städte;06535;Vogelsbergkreis;ERWAQ8;Arbeitslosenquote nach Schwerpunkten;ARBEITSQUO07;ausländisch;17,6;Prozent;ERWP10;Arbeitslosenquote bez. auf alle zivile Erwerbsp.
13211;Arbeitsmarktstatistik der Bundesagentur für Arbeit;JAHR;Jahr;2024;KREISE;Kreise und kreisfreie Städte;06533;Limburg-Weilburg, Landkreis;ERWAQ8;Arbeitslosenquote nach Schwerpunkten;ARBEITSQUO07;ausländisch;16,5;Prozent;ERWP10;Arbeitslosenquote bez. auf alle zivile Erwerbsp.
13211;Arbeitsmarktstatistik der Bundesagentur für Arbeit;JAHR;Jahr;2016;KREISE;Kreise und kreisfreie Städte;06633;Kassel, Landkreis;ERWAQ8;Arbeitslosenquote nach Schwerpunkten;ARBEITSQUO09;15 bis unter 25 Jahre;4,6;Prozent;ERWP10;Arbeitslosenquote bez. auf alle zivile Erwerbsp.
13211;Arbeitsmarktstatistik der Bundesagentur für Arbeit;JAHR;Jahr;2023;KREISE;Kreise und kreisfreie Städte;06636;Werra-Meißner-Kreis;ERWAQ8;Arbeitslosenquote nach Schwerpunkten;ARBEITSQUO09;15 bis unter 25 Jahre;5,9;Prozent;ERWP10;Arbeitslosenquote bez. auf alle zivile Erwerbsp.
13211;Arbeitsmarktstatistik der Bundesagentur für Arbeit;JAHR;Jahr;2022;KREISE;Kreise und kreisfreie Städte;06633;Kassel, Landkreis;ERWAQ8;Arbeitslosenquote nach Schwerpunkten;ARBEITSQUO07;ausländisch;18,7;Prozent;ERWP10;Arbeitslosenquote bez. auf alle zivile Erwerbsp.
13211;Arbeitsmarktstatistik der Bundesagentur für Arbeit;JAHR;Jahr;2010;KREISE;Kreise und kreisfreie Städte;12066;Oberspreewald-Lausitz, Landkreis;ERWAQ8;Arbeitslosenquote nach Schwerpunkten;ARBEITSQUO07;ausländisch;18,7;Prozent;ERWP10;Arbeitslosenquote bez. auf alle zivile Erwerbsp.
13211;Arbeitsmarktstatistik der Bundesagentur für Arbeit;JAHR;Jahr;2014;KREISE;Kreise und kreisfreie Städte;12061;Dahme-Spreewald, Landkreis;ERWAQ8;Arbeitslosenquote nach Schwerpunkten;ARBEITSQUO09;15 bis unter 25 Jahre;5,6;Prozent;ERWP10;Arbeitslosenquote bez. auf alle zivile Erwerbsp.
13211;Arbeitsmarktstatistik der Bundesagentur für Arbeit;JAHR;Jahr;2011;KREISE;Kreise und kreisfreie Städte;12061;Dahme-Spreewald, Landkreis;ERWAQ8;Arbeitslosenquote nach Schwerpunkten;ARBEITSQUO05;Männer;7,9;Prozent;ERWP10;Arbeitslosenquote bez. auf alle zivile Erwerbsp.
13211;Arbeitsmarktstatistik der Bundesagentur für Arbeit;JAHR;Jahr;2014;KREISE;Kreise und kreisfreie Städte;12065;Oberhavel, Landkreis;ERWAQ8;Arbeitslosenquote nach Schwerpunkten;ARBEITSQUO06;Frauen;8,0;Prozent;ERWP10;Arbeitslosenquote bez. auf alle zivile Erwerbsp.
13211;Arbeitsmarktstatistik der Bundesagentur für Arbeit;JAHR;Jahr;2012;KREISE;Kreise und kreisfreie Städte;12064;Märkisch-Oderland, Landkreis;ERWAQ8;Arbeitslosenquote nach Schwerpunkten;ARBEITSQUO07;ausländisch;23,0;Prozent;ERWP10;Arbeitslosenquote bez. auf alle zivile Erwerbsp.
13211;Arbeitsmarktstatistik der Bundesagentur für Arbeit;JAHR;Jahr;2014;KREISE;Kreise und kreisfreie Städte;06439;Rheingau-Taunus-Kreis;ERWAQ8;Arbeitslosenquote nach Schwerpunkten;ARBEITSQUO05;Männer;4,4;Prozent;ERWP10;Arbeitslosenquote bez. auf alle zivile Erwerbsp.
13211;Arbeitsmarktstatistik der Bundesagentur für Arbeit;JAHR;Jahr;2016;KREISE;Kreise und kreisfreie Städte;12063;Havelland, Landkreis;ERWAQ8;Arbeitslosenquote nach Schwerpunkten;ARBEITSQUO06;Frauen;6,9;Prozent;ERWP10;Arbeitslosenquote bez. auf alle zivile Erwerbsp.
13211;Arbeitsmarktstatistik der Bundesagentur für Arbeit;JAHR;Jahr;2013;KREISE;Kreise und kreisfreie Städte;12066;Oberspreewald-Lausitz, Landkreis;ERWAQ8;Arbeitslosenquote nach Schwerpunkten;ARBEITSQUO05;Männer;13,6;Prozent;ERWP10;Arbeitslosenquote bez. auf alle zivile Erwerbsp.
13211;Arbeitsmarktstatistik der Bundesagentur für Arbeit;JAHR;Jahr;2018;KREISE;Kreise und kreisfreie Städte;12066;Oberspreewald-Lausitz, Landkreis;ERWAQ8;Arbeitslosenquote nach Schwerpunkten;ARBEITSQUO07;ausländisch;.;Prozent;ERWP10;Arbeitslosenquote bez. auf alle zivile Erwerbsp.
13211;Arbeitsmarktstatistik der Bundesagentur für Arbeit;JAHR;Jahr;2011;KREISE;Kreise und kreisfreie Städte;06439;Rheingau-Taunus-Kreis;ERWAQ8;Arbeitslosenquote nach Schwerpunkten;ARBEITSQUO07;ausländisch;13,7;Prozent;ERWP10;Arbeitslosenquote bez. auf alle zivile Erwerbsp.
13211;Arbeitsmarktstatistik der Bundesagentur für Arbeit;JAHR;Jahr;2010;KREISE;Kreise und kreisfreie Städte;06636;Werra-Meißner-Kreis;ERWAQ8;Arbeitslosenquote nach Schwerpunkten;ARBEITSQUO06;Frauen;7,4;Prozent;ERWP10;Arbeitslosenquote bez. auf alle zivile Erwerbsp.
13211;Arbeitsmarktstatistik der Bundesagentur für Arbeit;JAHR;Jahr;2021;KREISE;Kreise und kreisfreie Städte;12064;Märkisch-Oderland, Landkreis;ERWAQ8;Arbeitslosenquote nach Schwerpunkten;ARBEITSQUO09;15 bis unter 25 Jahre;7,5;Prozent;ERWP10;Arbeitslosenquote bez. auf alle zivile Erwerbsp.
13211;Arbeitsmarktstatistik der Bundesagentur für Arbeit;JAHR;Jahr;2012;KREISE;Kreise und kreisfreie Städte;06531;Gießen, Landkreis;ERWAQ8;Arbeitslosenquote nach Schwerpunkten;ARBEITSQUO07;ausländisch;18,4;Prozent;ERWP10;Arbeitslosenquote bez. auf alle zivile Erwerbsp.
13211;Arbeitsmarktstatistik der Bundesagentur für Arbeit;JAHR;Jahr;2024;KREISE;Kreise und kreisfreie Städte;12066;Oberspreewald-Lausitz, Landkreis;ERWAQ8;Arbeitslosenquote nach Schwerpunkten;ARBEITSQUO05;Männer;7,5;Prozent;ERWP10;Arbeitslosenquote bez. auf alle zivile Erwerbsp.
13211;Arbeitsmarktstatistik der Bundesagentur für Arbeit;JAHR;Jahr;2019;KREISE;Kreise und kreisfreie Städte;06439;Rheingau-Taunus-Kreis;ERWAQ8;Arbeitslosenquote nach Schwerpunkten;ARBEITSQUO07;ausländisch;12,4;Prozent;ERWP10;Arbeitslosenquote bez. auf alle zivile Erwerbsp.
13211;Arbeitsmarktstatistik der Bundesagentur für Arbeit;JAHR;Jahr;2017;KREISE;Kreise und kreisfreie Städte;06534;Marburg-Biedenkopf, Landkreis;ERWAQ8;Arbeitslosenquote nach Schwerpunkten;ARBEITSQUO06;Frauen;3,5;Prozent;ERWP10;Arbeitslosenquote bez. auf alle zivile Erwerbsp.
13211;Arbeitsmarktstatistik der Bundesagentur für Arbeit;JAHR;Jahr;2011;KREISE;Kreise und kreisfreie Städte;06532;Lahn-Dill-Kreis;ERWAQ8;Arbeitslosenquote nach Schwerpunkten;ARBEITSQUO06;Frauen;6,4;Prozent;ERWP10;Arbeitslosenquote bez. auf alle zivile Erwerbsp.
13211;Arbeitsmarktstatistik der Bundesagentur für Arbeit;JAHR;Jahr;2016;KREISE;Kreise und kreisfreie Städte;06535;Vogelsbergkreis;ERWAQ8;Arbeitslosenquote nach Schwerpunkten;ARBEITSQUO09;15 bis unter 25 Jahre;4,5;Prozent;ERWP10;Arbeitslosenquote bez. auf alle zivile Erwerbsp.
13211;Arbeitsmarktstatistik der Bundesagentur für Arbeit;JAHR;Jahr;2025;KREISE;Kreise und kreisfreie Städte;12065;Oberhavel, Landkreis;ERWAQ8;Arbeitslosenquote nach Schwerpunkten;ARBEITSQUO06;Frauen;4,9;Prozent;ERWP10;Arbeitslosenquote bez. auf alle zivile Erwerbsp.
13211;Arbeitsmarktstatistik der Bundesagentur für Arbeit;JAHR;Jahr;2021;KREISE;Kreise und kreisfreie Städte;12061;Dahme-Spreewald, Landkreis;ERWAQ8;Arbeitslosenquote nach Schwerpunkten;ARBEITSQUO06;Frauen;3,5;Prozent;ERWP10;Arbeitslosenquote bez. auf alle zivile Erwerbsp.
13211;Arbeitsmarktstatistik der Bundesagentur für Arbeit;JAHR;Jahr;2013;KREISE;Kreise und kreisfreie Städte;06535;Vogelsbergkreis;ERWAQ8;Arbeitslosenquote nach Schwerpunkten;ARBEITSQUO07;ausländisch;12,5;Prozent;ERWP10;Arbeitslosenquote bez. auf alle zivile Erwerbsp.
13211;Arbeitsmarktstatistik der Bundesagentur für Arbeit;JAHR;Jahr;2021;KREISE;Kreise und kreisfreie Städte;12064;Märkisch-Oderland, Landkreis;ERWAQ8;Arbeitslosenquote nach Schwerpunkten;ARBEITSQUO07;ausländisch;16,9;Prozent;ERWP10;Arbeitslosenquote bez. auf alle zivile Erwerbsp.
13211;Arbeitsmarktstatistik der Bundesagentur für Arbeit;JAHR;Jahr;2019;KREISE;Kreise und kreisfreie Städte;06533;Limburg-Weilburg, Landkreis;ERWAQ8;Arbeitslosenquote nach Schwerpunkten;ARBEITSQUO06;Frauen;3,8;Prozent;ERWP10;Arbeitslosenquote bez. auf alle zivile Erwerbsp.
13211;Arbeitsmarktstatistik der Bundesagentur für Arbeit;JAHR;Jahr;2016;KREISE;Kreise und kreisfreie Städte;06636;Werra-Meißner-Kreis;ERWAQ8;Arbeitslosenquote nach Schwerpunkten;ARBEITSQUO06;Frauen;5,5;Prozent;ERWP10;Arbeitslosenquote bez. auf alle zivile Erwerbsp.
13211;Arbeitsmarktstatistik der Bundesagentur für Arbeit;JAHR;Jahr;2019;KREISE;Kreise und kreisfreie Städte;06535;Vogelsbergkreis;ERWAQ8;Arbeitslosenquote nach Schwerpunkten;ARBEITSQUO07;ausländisch;15,0;Prozent;ERWP10;Arbeitslosenquote bez. auf alle zivile Erwerbsp.
13211;Arbeitsmarktstatistik der Bundesagentur für Arbeit;JAHR;Jahr;2017;KREISE;Kreise und kreisfreie Städte;06531;Gießen, Landkreis;ERWAQ8;Arbeitslosenquote nach Schwerpunkten;ARBEITSQUO09;15 bis unter 25 Jahre;4,9;Prozent;ERWP10;Arbeitslosenquote bez. auf alle zivile Erwerbsp.
13211;Arbeitsmarktstatistik der Bundesagentur für Arbeit;JAHR;Jahr;2013;KREISE;Kreise und kreisfreie Städte;06633;Kassel, Landkreis;ERWAQ8;Arbeitslosenquote nach Schwerpunkten;ARBEITSQUO07;ausländisch;15,9;Prozent;ERWP10;Arbeitslosenquote bez. auf alle zivile Erwerbsp.
13211;Arbeitsmarktstatistik der Bundesagentur für Arbeit;JAHR;Jahr;2020;KREISE;Kreise und kreisfreie Städte;06534;Marburg-Biedenkopf, Landkreis;ERWAQ8;Arbeitslosenquote nach Schwerpunkten;ARBEITSQUO06;Frauen;3,8;Prozent;ERWP10;Arbeitslosenquote bez. auf alle zivile Erwerbsp.
13211;Arbeitsmarktstatistik der Bundesagentur für Arbeit;JAHR;Jahr;2025;KREISE;Kreise und kreisfreie Städte;06439;Rheingau-Taunus-Kreis;ERWAQ8;Arbeitslosenquote nach Schwerpunkten;ARBEITSQUO05;Männer;5,2;Prozent;ERWP10;Arbeitslosenquote bez. auf alle zivile Erwerbsp.
13211;Arbeitsmarktstatistik der Bundesagentur für Arbeit;JAHR;Jahr;2023;KREISE;Kreise und kreisfreie Städte;06531;Gießen, Landkreis;ERWAQ8;Arbeitslosenquote nach Schwerpunkten;ARBEITSQUO07;ausländisch;18,0;Prozent;ERWP10;Arbeitslosenquote bez. auf alle zivile Erwerbsp.
13211;Arbeitsmarktstatistik der Bundesagentur für Arbeit;JAHR;Jahr;2024;KREISE;Kreise und kreisfreie Städte;06532;Lahn-Dill-Kreis;ERWAQ8;Arbeitslosenquote nach Schwerpunkten;ARBEITSQUO09;15 bis unter 25 Jahre;5,9;Prozent;ERWP10;Arbeitslosenquote bez. auf alle zivile Erwerbsp.
13211;Arbeitsmarktstatistik der Bundesagentur für Arbeit;JAHR;Jahr;2023;KREISE;Kreise und kreisfreie Städte;06439;Rheingau-Taunus-Kreis;ERWAQ8;Arbeitslosenquote nach Schwerpunkten;ARBEITSQUO05;Männer;4,6;Prozent;ERWP10;Arbeitslosenquote bez. auf alle zivile Erwerbsp.
13211;Arbeitsmarktstatistik der Bundesagentur für Arbeit;JAHR;Jahr;2019;KREISE;Kreise und kreisfreie Städte;06633;Kassel, Landkreis;ERWAQ8;Arbeitslosenquote nach Schwerpunkten;ARBEITSQUO07;ausländisch;13,6;Prozent;ERWP10;Arbeitslosenquote bez. auf alle zivile Erwerbsp.
13211;Arbeitsmarktstatistik der Bundesagentur für Arbeit;JAHR;Jahr;2019;KREISE;Kreise und kreisfreie Städte;12067;Oder-Spree, Landkreis;ERWAQ8;Arbeitslosenquote nach Schwerpunkten;ARBEITSQUO09;15 bis unter 25 Jahre;9,1;Prozent;ERWP10;Arbeitslosenquote bez. auf alle zivile Erwerbsp.
13211;Arbeitsmarktstatistik der Bundesagentur für Arbeit;JAHR;Jahr;2018;KREISE;Kreise und kreisfreie Städte;12064;Märkisch-Oderland, Landkreis;ERWAQ8;Arbeitslosenquote nach Schwerpunkten;ARBEITSQUO07;ausländisch;.;Prozent;ERWP10;Arbeitslosenquote bez. auf alle zivile Erwerbsp.
13211;Arbeitsmarktstatistik der Bundesagentur für Arbeit;JAHR;Jahr;2020;KREISE;Kreise und kreisfreie Städte;06636;Werra-Meißner-Kreis;ERWAQ8;Arbeitslosenquote nach Schwerpunkten;ARBEITSQUO07;ausländisch;18,4;Prozent;ERWP10;Arbeitslosenquote bez. auf alle zivile Erwerbsp.
13211;Arbeitsmarktstatistik der Bundesagentur für Arbeit;JAHR;Jahr;2010;KREISE;Kreise und kreisfreie Städte;12063;Havelland, Landkreis;ERWAQ8;Arbeitslosenquote nach Schwerpunkten;ARBEITSQUO06;Frauen;9,3;Prozent;ERWP10;Arbeitslosenquote bez. auf alle zivile Erwerbsp.
13211;Arbeitsmarktstatistik der Bundesagentur für Arbeit;JAHR;Jahr;2012;KREISE;Kreise und kreisfreie Städte;12063;Havelland, Landkreis;ERWAQ8;Arbeitslosenquote nach Schwerpunkten;ARBEITSQUO09;15 bis unter 25 Jahre;9,2;Prozent;ERWP10;Arbeitslosenquote bez. auf alle zivile Erwerbsp.
13211;Arbeitsmarktstatistik der Bundesagentur für Arbeit;JAHR;Jahr;2014;KREISE;Kreise und kreisfreie Städte;12063;Havelland, Landkreis;ERWAQ8;Arbeitslosenquote nach Schwerpunkten;ARBEITSQUO09;15 bis unter 25 Jahre;8,5;Prozent;ERWP10;Arbeitslosenquote bez. auf alle zivile Erwerbsp.
13211;Arbeitsmarktstatistik der Bundesagentur für Arbeit;JAHR;Jahr;2015;KREISE;Kreise und kreisfreie Städte;12063;Havelland, Landkreis;ERWAQ8;Arbeitslosenquote nach Schwerpunkten;ARBEITSQUO05;Männer;8,1;Prozent;ERWP10;Arbeitslosenquote bez. auf alle zivile Erwerbsp.
13211;Arbeitsmarktstatistik der Bundesagentur für Arbeit;JAHR;Jahr;2013;KREISE;Kreise und kreisfreie Städte;12067;Oder-Spree, Landkreis;ERWAQ8;Arbeitslosenquote nach Schwerpunkten;ARBEITSQUO09;15 bis unter 25 Jahre;9,9;Prozent;ERWP10;Arbeitslosenquote bez. auf alle zivile Erwerbsp.
13211;Arbeitsmarktstatistik der Bundesagentur für Arbeit;JAHR;Jahr;2012;KREISE;Kreise und kreisfreie Städte;06439;Rheingau-Taunus-Kreis;ERWAQ8;Arbeitslosenquote nach Schwerpunkten;ARBEITSQUO06;Frauen;4,3;Prozent;ERWP10;Arbeitslosenquote bez. auf alle zivile Erwerbsp.
13211;Arbeitsmarktstatistik der Bundesagentur für Arbeit;JAHR;Jahr;2025;KREISE;Kreise und kreisfreie Städte;06636;Werra-Meißner-Kreis;ERWAQ8;Arbeitslosenquote nach Schwerpunkten;ARBEITSQUO06;Frauen;4,9;Prozent;ERWP10;Arbeitslosenquote bez. auf alle zivile Erwerbsp.
13211;Arbeitsmarktstatistik der Bundesagentur für Arbeit;JAHR;Jahr;2017;KREISE;Kreise und kreisfreie Städte;12063;Havelland, Landkreis;ERWAQ8;Arbeitslosenquote nach Schwerpunkten;ARBEITSQUO05;Männer;6,8;Prozent;ERWP10;Arbeitslosenquote bez. auf alle zivile Erwerbsp.
13211;Arbeitsmarktstatistik der Bundesagentur für Arbeit;JAHR;Jahr;2020;KREISE;Kreise und kreisfreie Städte;12061;Dahme-Spreewald, Landkreis;ERWAQ8;Arbeitslosenquote nach Schwerpunkten;ARBEITSQUO07;ausländisch;8,3;Prozent;ERWP10;Arbeitslosenquote bez. auf alle zivile Erwerbsp.
13211;Arbeitsmarktstatistik der Bundesagentur für Arbeit;JAHR;Jahr;2018;KREISE;Kreise und kreisfreie Städte;06439;Rheingau-Taunus-Kreis;ERWAQ8;Arbeitslosenquote nach Schwerpunkten;ARBEITSQUO06;Frauen;3,9;Prozent;ERWP10;Arbeitslosenquote bez. auf alle zivile Erwerbsp.
13211;Arbeitsmarktstatistik der Bundesagentur für Arbeit;JAHR;Jahr;2024;KREISE;Kreise und kreisfreie Städte;12067;Oder-Spree, Landkreis;ERWAQ8;Arbeitslosenquote nach Schwerpunkten;ARBEITSQUO09;15 bis unter 25 Jahre;7,7;Prozent;ERWP10;Arbeitslosenquote bez. auf alle zivile Erwerbsp.
13211;Arbeitsmarktstatistik der Bundesagentur für Arbeit;JAHR;Jahr;2023;KREISE;Kreise und kreisfreie Städte;12063;Havelland, Landkreis;ERWAQ8;Arbeitslosenquote nach Schwerpunkten;ARBEITSQUO09;15 bis unter 25 Jahre;6,8;Prozent;ERWP10;Arbeitslosenquote bez. auf alle zivile Erwerbsp.
13211;Arbeitsmarktstatistik der Bundesagentur für Arbeit;JAHR;Jahr;2015;KREISE;Kreise und kreisfreie Städte;06532;Lahn-Dill-Kreis;ERWAQ8;Arbeitslosenquote nach Schwerpunkten;ARBEITSQUO09;15 bis unter 25 Jahre;4,9;Prozent;ERWP10;Arbeitslosenquote bez. auf alle zivile Erwerbsp.
13211;Arbeitsmarktstatistik der Bundesagentur für Arbeit;JAHR;Jahr;2010;KREISE;Kreise und kreisfreie Städte;06532;Lahn-Dill-Kreis;ERWAQ8;Arbeitslosenquote nach Schwerpunkten;ARBEITSQUO05;Männer;6,8;Prozent;ERWP10;Arbeitslosenquote bez. auf alle zivile Erwerbsp.
13211;Arbeitsmarktstatistik der Bundesagentur für Arbeit;JAHR;Jahr;2012;KREISE;Kreise und kreisfreie Städte;06532;Lahn-Dill-Kreis;ERWAQ8;Arbeitslosenquote nach Schwerpunkten;ARBEITSQUO05;Männer;5,5;Prozent;ERWP10;Arbeitslosenquote bez. auf alle zivile Erwerbsp.
13211;Arbeitsmarktstatistik der Bundesagentur für Arbeit;JAHR;Jahr;2018;KREISE;Kreise und kreisfreie Städte;06532;Lahn-Dill-Kreis;ERWAQ8;Arbeitslosenquote nach Schwerpunkten;ARBEITSQUO05;Männer;5,1;Prozent;ERWP10;Arbeitslosenquote bez. auf alle zivile Erwerbsp.
13211;Arbeitsmarktstatistik der Bundesagentur für Arbeit;JAHR;Jahr;2015;KREISE;Kreise und kreisfreie Städte;06534;Marburg-Biedenkopf, Landkreis;ERWAQ8;Arbeitslosenquote nach Schwerpunkten;ARBEITSQUO07;ausländisch;10,6;Prozent;ERWP10;Arbeitslosenquote bez. auf alle zivile Erwerbsp.
13211;Arbeitsmarktstatistik der Bundesagentur für Arbeit;JAHR;Jahr;2022;KREISE;Kreise und kreisfreie Städte;12067;Oder-Spree, Landkreis;ERWAQ8;Arbeitslosenquote nach Schwerpunkten;ARBEITSQUO09;15 bis unter 25 Jahre;7,0;Prozent;ERWP10;Arbeitslosenquote bez. auf alle zivile Erwerbsp.
13211;Arbeitsmarktstatistik der Bundesagentur für Arbeit;JAHR;Jahr;2020;KREISE;Kreise und kreisfreie Städte;12063;Havelland, Landkreis;ERWAQ8;Arbeitslosenquote nach Schwerpunkten;ARBEITSQUO05;Männer;6,4;Prozent;ERWP10;Arbeitslosenquote bez. auf alle zivile Erwerbsp.
13211;Arbeitsmarktstatistik der Bundesagentur für Arbeit;JAHR;Jahr;2021;KREISE;Kreise und kreisfreie Städte;06534;Marburg-Biedenkopf, Landkreis;ERWAQ8;Arbeitslosenquote nach Schwerpunkten;ARBEITSQUO05;Männer;4,3;Prozent;ERWP10;Arbeitslosenquote bez. auf alle zivile Erwerbsp.
13211;Arbeitsmarktstatistik der Bundesagentur für Arbeit;JAHR;Jahr;2014;KREISE;Kreise und kreisfreie Städte;06633;Kassel, Landkreis;ERWAQ8;Arbeitslosenquote nach Schwerpunkten;ARBEITSQUO05;Männer;5,1;Prozent;ERWP10;Arbeitslosenquote bez. auf alle zivile Erwerbsp.
13211;Arbeitsmarktstatistik der Bundesagentur für Arbeit;JAHR;Jahr;2015;KREISE;Kreise und kreisfreie Städte;06636;Werra-Meißner-Kreis;ERWAQ8;Arbeitslosenquote nach Schwerpunkten;ARBEITSQUO07;ausländisch;20,3;Prozent;ERWP10;Arbeitslosenquote bez. auf alle zivile Erwerbsp.
13211;Arbeitsmarktstatistik der Bundesagentur für Arbeit;JAHR;Jahr;2024;KREISE;Kreise und kreisfreie Städte;06531;Gießen, Landkreis;ERWAQ8;Arbeitslosenquote nach Schwerpunkten;ARBEITSQUO06;Frauen;5,6;Prozent;ERWP10;Arbeitslosenquote bez. auf alle zivile Erwerbsp.
13211;Arbeitsmarktstatistik der Bundesagentur für Arbeit;JAHR;Jahr;2021;KREISE;Kreise und kreisfreie Städte;06636;Werra-Meißner-Kreis;ERWAQ8;Arbeitslosenquote nach Schwerpunkten;ARBEITSQUO06;Frauen;4,8;Prozent;ERWP10;Arbeitslosenquote bez. auf alle zivile Erwerbsp.
13211;Arbeitsmarktstatistik der Bundesagentur für Arbeit;JAHR;Jahr;2016;KREISE;Kreise und kreisfreie Städte;12061;Dahme-Spreewald, Landkreis;ERWAQ8;Arbeitslosenquote nach Schwerpunkten;ARBEITSQUO06;Frauen;5,1;Prozent;ERWP10;Arbeitslosenquote bez. auf alle zivile Erwerbsp.
13211;Arbeitsmarktstatistik der Bundesagentur für Arbeit;JAHR;Jahr;2024;KREISE;Kreise und kreisfreie Städte;06535;Vogelsbergkreis;ERWAQ8;Arbeitslosenquote nach Schwerpunkten;ARBEITSQUO07;ausländisch;18,2;Prozent;ERWP10;Arbeitslosenquote bez. auf alle zivile Erwerbsp.
13211;Arbeitsmarktstatistik der Bundesagentur für Arbeit;JAHR;Jahr;2011;KREISE;Kreise und kreisfreie Städte;12063;Havelland, Landkreis;ERWAQ8;Arbeitslosenquote nach Schwerpunkten;ARBEITSQUO05;Männer;9,6;Prozent;ERWP10;Arbeitslosenquote bez. auf alle zivile Erwerbsp.
13211;Arbeitsmarktstatistik der Bundesagentur für Arbeit;JAHR;Jahr;2025;KREISE;Kreise und kreisfreie Städte;06636;Werra-Meißner-Kreis;ERWAQ8;Arbeitslosenquote nach Schwerpunkten;ARBEITSQUO09;15 bis unter 25 Jahre;7,0;Prozent;ERWP10;Arbeitslosenquote bez. auf alle zivile Erwerbsp.
13211;Arbeitsmarktstatistik der Bundesagentur für Arbeit;JAHR;Jahr;2011;KREISE;Kreise und kreisfreie Städte;12067;Oder-Spree, Landkreis;ERWAQ8;Arbeitslosenquote nach Schwerpunkten;ARBEITSQUO09;15 bis unter 25 Jahre;10,9;Prozent;ERWP10;Arbeitslosenquote bez. auf alle zivile Erwerbsp.
13211;Arbeitsmarktstatistik der Bundesagentur für Arbeit;JAHR;Jahr;2024;KREISE;Kreise und kreisfreie Städte;06633;Kassel, Landkreis;ERWAQ8;Arbeitslosenquote nach Schwerpunkten;ARBEITSQUO07;ausländisch;17,3;Prozent;ERWP10;Arbeitslosenquote bez. auf alle zivile Erwerbsp.
13211;Arbeitsmarktstatistik der Bundesagentur für Arbeit;JAHR;Jahr;2013;KREISE;Kreise und kreisfreie Städte;12064;Märkisch-Oderland, Landkreis;ERWAQ8;Arbeitslosenquote nach Schwerpunkten;ARBEITSQUO05;Männer;10,8;Prozent;ERWP10;Arbeitslosenquote bez. auf alle zivile Erwerbsp.
13211;Arbeitsmarktstatistik der Bundesagentur für Arbeit;JAHR;Jahr;2012;KREISE;Kreise und kreisfreie Städte;12066;Oberspreewald-Lausitz, Landkreis;ERWAQ8;Arbeitslosenquote nach Schwerpunkten;ARBEITSQUO07;ausländisch;18,0;Prozent;ERWP10;Arbeitslosenquote bez. auf alle zivile Erwerbsp.
13211;Arbeitsmarktstatistik der Bundesagentur für Arbeit;JAHR;Jahr;2014;KREISE;Kreise und kreisfreie Städte;12063;Havelland, Landkreis;ERWAQ8;Arbeitslosenquote nach Schwerpunkten;ARBEITSQUO06;Frauen;8,2;Prozent;ERWP10;Arbeitslosenquote bez. auf alle zivile Erwerbsp.
13211;Arbeitsmarktstatistik der Bundesagentur für Arbeit;JAHR;Jahr;2017;KREISE;Kreise und kreisfreie Städte;06439;Rheingau-Taunus-Kreis;ERWAQ8;Arbeitslosenquote nach Schwerpunkten;ARBEITSQUO07;ausländisch;.;Prozent;ERWP10;Arbeitslosenquote bez. auf alle zivile Erwerbsp.
13211;Arbeitsmarktstatistik der Bundesagentur für Arbeit;JAHR;Jahr;2016;KREISE;Kreise und kreisfreie Städte;06439;Rheingau-Taunus-Kreis;ERWAQ8;Arbeitslosenquote nach Schwerpunkten;ARBEITSQUO09;15 bis unter 25 Jahre;3,4;Prozent;ERWP10;Arbeitslosenquote bez. auf alle zivile Erwerbsp.
13211;Arbeitsmarktstatistik der Bundesagentur für Arbeit;JAHR;Jahr;2016;KREISE;Kreise und kreisfreie Städte;12066;Oberspreewald-Lausitz, Landkreis;ERWAQ8;Arbeitslosenquote nach Schwerpunkten;ARBEITSQUO07;ausländisch;25,2;Prozent;ERWP10;Arbeitslosenquote bez. auf alle zivile Erwerbsp.
13211;Arbeitsmarktstatistik der Bundesagentur für Arbeit;JAHR;Jahr;2019;KREISE;Kreise und kreisfreie Städte;12066;Oberspreewald-Lausitz, Landkreis;ERWAQ8;Arbeitslosenquote nach Schwerpunkten;ARBEITSQUO05;Männer;7,7;Prozent;ERWP10;Arbeitslosenquote bez. auf alle zivile Erwerbsp.
13211;Arbeitsmarktstatistik der Bundesagentur für Arbeit;JAHR;Jahr;2013;KREISE;Kreise und kreisfreie Städte;06439;Rheingau-Taunus-Kreis;ERWAQ8;Arbeitslosenquote nach Schwerpunkten;ARBEITSQUO07;ausländisch;12,0;Prozent;ERWP10;Arbeitslosenquote bez. auf alle zivile Erwerbsp.
13211;Arbeitsmarktstatistik der Bundesagentur für Arbeit;JAHR;Jahr;2022;KREISE;Kreise und kreisfreie Städte;12066;Oberspreewald-Lausitz, Landkreis;ERWAQ8;Arbeitslosenquote nach Schwerpunkten;ARBEITSQUO05;Männer;7,1;Prozent;ERWP10;Arbeitslosenquote bez. auf alle zivile Erwerbsp.
13211;Arbeitsmarktstatistik der Bundesagentur für Arbeit;JAHR;Jahr;2021;KREISE;Kreise und kreisfreie Städte;12066;Oberspreewald-Lausitz, Landkreis;ERWAQ8;Arbeitslosenquote nach Schwerpunkten;ARBEITSQUO07;ausländisch;13,7;Prozent;ERWP10;Arbeitslosenquote bez. auf alle zivile Erwerbsp.
13211;Arbeitsmarktstatistik der Bundesagentur für Arbeit;JAHR;Jahr;2022;KREISE;Kreise und kreisfreie Städte;06439;Rheingau-Taunus-Kreis;ERWAQ8;Arbeitslosenquote nach Schwerpunkten;ARBEITSQUO07;ausländisch;12,7;Prozent;ERWP10;Arbeitslosenquote bez. auf alle zivile Erwerbsp.
13211;Arbeitsmarktstatistik der Bundesagentur für Arbeit;JAHR;Jahr;2011;KREISE;Kreise und kreisfreie Städte;06531;Gießen, Landkreis;ERWAQ8;Arbeitslosenquote nach Schwerpunkten;ARBEITSQUO09;15 bis unter 25 Jahre;5,8;Prozent;ERWP10;Arbeitslosenquote bez. auf alle zivile Erwerbsp.
13211;Arbeitsmarktstatistik der Bundesagentur für Arbeit;JAHR;Jahr;2011;KREISE;Kreise und kreisfreie Städte;06633;Kassel, Landkreis;ERWAQ8;Arbeitslosenquote nach Schwerpunkten;ARBEITSQUO07;ausländisch;14,5;Prozent;ERWP10;Arbeitslosenquote bez. auf alle zivile Erwerbsp.
13211;Arbeitsmarktstatistik der Bundesagentur für Arbeit;JAHR;Jahr;2024;KREISE;Kreise und kreisfreie Städte;12064;Märkisch-Oderland, Landkreis;ERWAQ8;Arbeitslosenquote nach Schwerpunkten;ARBEITSQUO05;Männer;6,1;Prozent;ERWP10;Arbeitslosenquote bez. auf alle zivile Erwerbsp.
13211;Arbeitsmarktstatistik der Bundesagentur für Arbeit;JAHR;Jahr;2011;KREISE;Kreise und kreisfreie Städte;06535;Vogelsbergkreis;ERWAQ8;Arbeitslosenquote nach Schwerpunkten;ARBEITSQUO07;ausländisch;14,0;Prozent;ERWP10;Arbeitslosenquote bez. auf alle zivile Erwerbsp.
13211;Arbeitsmarktstatistik der Bundesagentur für Arbeit;JAHR;Jahr;2025;KREISE;Kreise und kreisfreie Städte;12063;Havelland, Landkreis;ERWAQ8;Arbeitslosenquote nach Schwerpunkten;ARBEITSQUO06;Frauen;6,0;Prozent;ERWP10;Arbeitslosenquote bez. auf alle zivile Erwerbsp.
13211;Arbeitsmarktstatistik der Bundesagentur für Arbeit;JAHR;Jahr;2017;KREISE;Kreise und kreisfreie Städte;06532;Lahn-Dill-Kreis;ERWAQ8;Arbeitslosenquote nach Schwerpunkten;ARBEITSQUO06;Frauen;5,4;Prozent;ERWP10;Arbeitslosenquote bez. auf alle zivile Erwerbsp.
13211;Arbeitsmarktstatistik der Bundesagentur für Arbeit;JAHR;Jahr;2014;KREISE;Kreise und kreisfreie Städte;06535;Vogelsbergkreis;ERWAQ8;Arbeitslosenquote nach Schwerpunkten;ARBEITSQUO05;Männer;4,5;Prozent;ERWP10;Arbeitslosenquote bez. auf alle zivile Erwerbsp.
13211;Arbeitsmarktstatistik der Bundesagentur für Arbeit;JAHR;Jahr;2021;KREISE;Kreise und kreisfreie Städte;12063;Havelland, Landkreis;ERWAQ8;Arbeitslosenquote nach Schwerpunkten;ARBEITSQUO06;Frauen;4,8;Prozent;ERWP10;Arbeitslosenquote bez. auf alle zivile Erwerbsp.
13211;Arbeitsmarktstatistik der Bundesagentur für Arbeit;JAHR;Jahr;2025;KREISE;Kreise und kreisfreie Städte;12061;Dahme-Spreewald, Landkreis;ERWAQ8;Arbeitslosenquote nach Schwerpunkten;ARBEITSQUO09;15 bis unter 25 Jahre;3,2;Prozent;ERWP10;Arbeitslosenquote bez. auf alle zivile Erwerbsp.
13211;Arbeitsmarktstatistik der Bundesagentur für Arbeit;JAHR;Jahr;2020;KREISE;Kreise und kreisfreie Städte;06532;Lahn-Dill-Kreis;ERWAQ8;Arbeitslosenquote nach Schwerpunkten;ARBEITSQUO06;Frauen;5,1;Prozent;ERWP10;Arbeitslosenquote bez. auf alle zivile Erwerbsp.
13211;Arbeitsmarktstatistik der Bundesagentur für Arbeit;JAHR;Jahr;2014;KREISE;Kreise und kreisfreie Städte;06636;Werra-Meißner-Kreis;ERWAQ8;Arbeitslosenquote nach Schwerpunkten;ARBEITSQUO09;15 bis unter 25 Jahre;7,3;Prozent;ERWP10;Arbeitslosenquote bez. auf alle zivile Erwerbsp.
13211;Arbeitsmarktstatistik der Bundesagentur für Arbeit;JAHR;Jahr;2022;KREISE;Kreise und kreisfreie Städte;06532;Lahn-Dill-Kreis;ERWAQ8;Arbeitslosenquote nach Schwerpunkten;ARBEITSQUO06;Frauen;4,7;Prozent;ERWP10;Arbeitslosenquote bez. auf alle zivile Erwerbsp.
13211;Arbeitsmarktstatistik der Bundesagentur für Arbeit;JAHR;Jahr;2023;KREISE;Kreise und kreisfreie Städte;06535;Vogelsbergkreis;ERWAQ8;Arbeitslosenquote nach Schwerpunkten;ARBEITSQUO05;Männer;4,4;Prozent;ERWP10;Arbeitslosenquote bez. auf alle zivile Erwerbsp.
13211;Arbeitsmarktstatistik der Bundesagentur für Arbeit;JAHR;Jahr;2012;KREISE;Kreise und kreisfreie Städte;06636;Werra-Meißner-Kreis;ERWAQ8;Arbeitslosenquote nach Schwerpunkten;ARBEITSQUO09;15 bis unter 25 Jahre;7,4;Prozent;ERWP10;Arbeitslosenquote bez. auf alle zivile Erwerbsp.
13211;Arbeitsmarktstatistik der Bundesagentur für Arbeit;JAHR;Jahr;2018;KREISE;Kreise und kreisfreie Städte;06636;Werra-Meißner-Kreis;ERWAQ8;Arbeitslosenquote nach Schwerpunkten;ARBEITSQUO09;15 bis unter 25 Jahre;5,2;Prozent;ERWP10;Arbeitslosenquote bez. auf alle zivile Erwerbsp.
13211;Arbeitsmarktstatistik der Bundesagentur für Arbeit;JAHR;Jahr;2023;KREISE;Kreise und kreisfreie Städte;06633;Kassel, Landkreis;ERWAQ8;Arbeitslosenquote nach Schwerpunkten;ARBEITSQUO05;Männer;4,5;Prozent;ERWP10;Arbeitslosenquote bez. auf alle zivile Erwerbsp.
13211;Arbeitsmarktstatistik der Bundesagentur für Arbeit;JAHR;Jahr;2010;KREISE;Kreise und kreisfreie Städte;12061;Dahme-Spreewald, Landkreis;ERWAQ8;Arbeitslosenquote nach Schwerpunkten;ARBEITSQUO06;Frauen;7,5;Prozent;ERWP10;Arbeitslosenquote bez. auf alle zivile Erwerbsp.
13211;Arbeitsmarktstatistik der Bundesagentur für Arbeit;JAHR;Jahr;2025;KREISE;Kreise und kreisfreie Städte;06535;Vogelsbergkreis;ERWAQ8;Arbeitslosenquote nach Schwerpunkten;ARBEITSQUO05;Männer;4,6;Prozent;ERWP10;Arbeitslosenquote bez. auf alle zivile Erwerbsp.
13211;Arbeitsmarktstatistik der Bundesagentur für Arbeit;JAHR;Jahr;2012;KREISE;Kreise und kreisfreie Städte;12061;Dahme-Spreewald, Landkreis;ERWAQ8;Arbeitslosenquote nach Schwerpunkten;ARBEITSQUO09;15 bis unter 25 Jahre;6,4;Prozent;ERWP10;Arbeitslosenquote bez. auf alle zivile Erwerbsp.
13211;Arbeitsmarktstatistik der Bundesagentur für Arbeit;JAHR;Jahr;2015;KREISE;Kreise und kreisfreie Städte;12065;Oberhavel, Landkreis;ERWAQ8;Arbeitslosenquote nach Schwerpunkten;ARBEITSQUO05;Männer;7,9;Prozent;ERWP10;Arbeitslosenquote bez. auf alle zivile Erwerbsp.
13211;Arbeitsmarktstatistik der Bundesagentur für Arbeit;JAHR;Jahr;2014;KREISE;Kreise und kreisfreie Städte;12067;Oder-Spree, Landkreis;ERWAQ8;Arbeitslosenquote nach Schwerpunkten;ARBEITSQUO07;ausländisch;22,9;Prozent;ERWP10;Arbeitslosenquote bez. auf alle zivile Erwerbsp.
13211;Arbeitsmarktstatistik der Bundesagentur für Arbeit;JAHR;Jahr;2025;KREISE;Kreise und kreisfreie Städte;06633;Kassel, Landkreis;ERWAQ8;Arbeitslosenquote nach Schwerpunkten;ARBEITSQUO05;Männer;4,8;Prozent;ERWP10;Arbeitslosenquote bez. auf alle zivile Erwerbsp.
13211;Arbeitsmarktstatistik der Bundesagentur für Arbeit;JAHR;Jahr;2017;KREISE;Kreise und kreisfreie Städte;12065;Oberhavel, Landkreis;ERWAQ8;Arbeitslosenquote nach Schwerpunkten;ARBEITSQUO05;Männer;6,6;Prozent;ERWP10;Arbeitslosenquote bez. auf alle zivile Erwerbsp.
13211;Arbeitsmarktstatistik der Bundesagentur für Arbeit;JAHR;Jahr;2013;KREISE;Kreise und kreisfreie Städte;06531;Gießen, Landkreis;ERWAQ8;Arbeitslosenquote nach Schwerpunkten;ARBEITSQUO06;Frauen;6,7;Prozent;ERWP10;Arbeitslosenquote bez. auf alle zivile Erwerbsp.
13211;Arbeitsmarktstatistik der Bundesagentur für Arbeit;JAHR;Jahr;2023;KREISE;Kreise und kreisfreie Städte;12067;Oder-Spree, Landkreis;ERWAQ8;Arbeitslosenquote nach Schwerpunkten;ARBEITSQUO07;ausländisch;27,2;Prozent;ERWP10;Arbeitslosenquote bez. auf alle zivile Erwerbsp.
13211;Arbeitsmarktstatistik der Bundesagentur für Arbeit;JAHR;Jahr;2025;KREISE;Kreise und kreisfreie Städte;12067;Oder-Spree, Landkreis;ERWAQ8;Arbeitslosenquote nach Schwerpunkten;ARBEITSQUO07;ausländisch;22,8;Prozent;ERWP10;Arbeitslosenquote bez. auf alle zivile Erwerbsp.
13211;Arbeitsmarktstatistik der Bundesagentur für Arbeit;JAHR;Jahr;2012;KREISE;Kreise und kreisfreie Städte;06534;Marburg-Biedenkopf, Landkreis;ERWAQ8;Arbeitslosenquote nach Schwerpunkten;ARBEITSQUO05;Männer;4,6;Prozent;ERWP10;Arbeitslosenquote bez. auf alle zivile Erwerbsp.
13211;Arbeitsmarktstatistik der Bundesagentur für Arbeit;JAHR;Jahr;2015;KREISE;Kreise und kreisfreie Städte;06531;Gießen, Landkreis;ERWAQ8;Arbeitslosenquote nach Schwerpunkten;ARBEITSQUO06;Frauen;6,3;Prozent;ERWP10;Arbeitslosenquote bez. auf alle zivile Erwerbsp.
13211;Arbeitsmarktstatistik der Bundesagentur für Arbeit;JAHR;Jahr;2018;KREISE;Kreise und kreisfreie Städte;06534;Marburg-Biedenkopf, Landkreis;ERWAQ8;Arbeitslosenquote nach Schwerpunkten;ARBEITSQUO05;Männer;4,0;Prozent;ERWP10;Arbeitslosenquote bez. auf alle zivile Erwerbsp.
13211;Arbeitsmarktstatistik der Bundesagentur für Arbeit;JAHR;Jahr;2023;KREISE;Kreise und kreisfreie Städte;12061;Dahme-Spreewald, Landkreis;ERWAQ8;Arbeitslosenquote nach Schwerpunkten;ARBEITSQUO09;15 bis unter 25 Jahre;2,5;Prozent;ERWP10;Arbeitslosenquote bez. auf alle zivile Erwerbsp.
13211;Arbeitsmarktstatistik der Bundesagentur für Arbeit;JAHR;Jahr;2010;KREISE;Kreise und kreisfreie Städte;06534;Marburg-Biedenkopf, Landkreis;ERWAQ8;Arbeitslosenquote nach Schwerpunkten;ARBEITSQUO05;Männer;5,7;Prozent;ERWP10;Arbeitslosenquote bez. auf alle zivile Erwerbsp.
13211;Arbeitsmarktstatistik der Bundesagentur für Arbeit;JAHR;Jahr;2020;KREISE;Kreise und kreisfreie Städte;12065;Oberhavel, Landkreis;ERWAQ8;Arbeitslosenquote nach Schwerpunkten;ARBEITSQUO05;Männer;5,8;Prozent;ERWP10;Arbeitslosenquote bez. auf alle zivile Erwerbsp.
13211;Arbeitsmarktstatistik der Bundesagentur für Arbeit;JAHR;Jahr;2016;KREISE;Kreise und kreisfreie Städte;06534;Marburg-Biedenkopf, Landkreis;ERWAQ8;Arbeitslosenquote nach Schwerpunkten;ARBEITSQUO05;Männer;4,3;Prozent;ERWP10;Arbeitslosenquote bez. auf alle zivile Erwerbsp.
13211;Arbeitsmarktstatistik der Bundesagentur für Arbeit;JAHR;Jahr;2019;KREISE;Kreise und kreisfreie Städte;06531;Gießen, Landkreis;ERWAQ8;Arbeitslosenquote nach Schwerpunkten;ARBEITSQUO06;Frauen;4,7;Prozent;ERWP10;Arbeitslosenquote bez. auf alle zivile Erwerbsp.
13211;Arbeitsmarktstatistik der Bundesagentur für Arbeit;JAHR;Jahr;2020;KREISE;Kreise und kreisfreie Städte;06533;Limburg-Weilburg, Landkreis;ERWAQ8;Arbeitslosenquote nach Schwerpunkten;ARBEITSQUO09;15 bis unter 25 Jahre;4,7;Prozent;ERWP10;Arbeitslosenquote bez. auf alle zivile Erwerbsp.
13211;Arbeitsmarktstatistik der Bundesagentur für Arbeit;JAHR;Jahr;2019;KREISE;Kreise und kreisfreie Städte;06532;Lahn-Dill-Kreis;ERWAQ8;Arbeitslosenquote nach Schwerpunkten;ARBEITSQUO09;15 bis unter 25 Jahre;4,1;Prozent;ERWP10;Arbeitslosenquote bez. auf alle zivile Erwerbsp.
13211;Arbeitsmarktstatistik der Bundesagentur für Arbeit;JAHR;Jahr;2022;KREISE;Kreise und kreisfreie Städte;06535;Vogelsbergkreis;ERWAQ8;Arbeitslosenquote nach Schwerpunkten;ARBEITSQUO06;Frauen;4,0;Prozent;ERWP10;Arbeitslosenquote bez. auf alle zivile Erwerbsp.
13211;Arbeitsmarktstatistik der Bundesagentur für Arbeit;JAHR;Jahr;2013;KREISE;Kreise und kreisfreie Städte;06636;Werra-Meißner-Kreis;ERWAQ8;Arbeitslosenquote nach Schwerpunkten;ARBEITSQUO07;ausländisch;18,5;Prozent;ERWP10;Arbeitslosenquote bez. auf alle zivile Erwerbsp.
13211;Arbeitsmarktstatistik der Bundesagentur für Arbeit;JAHR;Jahr;2023;KREISE;Kreise und kreisfreie Städte;06534;Marburg-Biedenkopf, Landkreis;ERWAQ8;Arbeitslosenquote nach Schwerpunkten;ARBEITSQUO09;15 bis unter 25 Jahre;3,9;Prozent;ERWP10;Arbeitslosenquote bez. auf alle zivile Erwerbsp.
13211;Arbeitsmarktstatistik der Bundesagentur für Arbeit;JAHR;Jahr;2017;KREISE;Kreise und kreisfreie Städte;06636;Werra-Meißner-Kreis;ERWAQ8;Arbeitslosenquote nach Schwerpunkten;ARBEITSQUO06;Frauen;5,1;Prozent;ERWP10;Arbeitslosenquote bez. auf alle zivile Erwerbsp.
13211;Arbeitsmarktstatistik der Bundesagentur für Arbeit;JAHR;Jahr;2022;KREISE;Kreise und kreisfreie Städte;06633;Kassel, Landkreis;ERWAQ8;Arbeitslosenquote nach Schwerpunkten;ARBEITSQUO06;Frauen;4,0;Prozent;ERWP10;Arbeitslosenquote bez. auf alle zivile Erwerbsp.
13211;Arbeitsmarktstatistik der Bundesagentur für Arbeit;JAHR;Jahr;2018;KREISE;Kreise und kreisfreie Städte;12061;Dahme-Spreewald, Landkreis;ERWAQ8;Arbeitslosenquote nach Schwerpunkten;ARBEITSQUO05;Männer;4,4;Prozent;ERWP10;Arbeitslosenquote bez. auf alle zivile Erwerbsp.
13211;Arbeitsmarktstatistik der Bundesagentur für Arbeit;JAHR;Jahr;2025;KREISE;Kreise und kreisfreie Städte;06532;Lahn-Dill-Kreis;ERWAQ8;Arbeitslosenquote nach Schwerpunkten;ARBEITSQUO07;ausländisch;20,9;Prozent;ERWP10;Arbeitslosenquote bez. auf alle zivile Erwerbsp.
13211;Arbeitsmarktstatistik der Bundesagentur für Arbeit;JAHR;Jahr;2011;KREISE;Kreise und kreisfreie Städte;12061;Dahme-Spreewald, Landkreis;ERWAQ8;Arbeitslosenquote nach Schwerpunkten;ARBEITSQUO06;Frauen;7,2;Prozent;ERWP10;Arbeitslosenquote bez. auf alle zivile Erwerbsp.
13211;Arbeitsmarktstatistik der Bundesagentur für Arbeit;JAHR;Jahr;2015;KREISE;Kreise und kreisfreie Städte;06439;Rheingau-Taunus-Kreis;ERWAQ8;Arbeitslosenquote nach Schwerpunkten;ARBEITSQUO05;Männer;4,3;Prozent;ERWP10;Arbeitslosenquote bez. auf alle zivile Erwerbsp.
13211;Arbeitsmarktstatistik der Bundesagentur für Arbeit;JAHR;Jahr;2014;KREISE;Kreise und kreisfreie Städte;12066;Oberspreewald-Lausitz, Landkreis;ERWAQ8;Arbeitslosenquote nach Schwerpunkten;ARBEITSQUO09;15 bis unter 25 Jahre;10,0;Prozent;ERWP10;Arbeitslosenquote bez. auf alle zivile Erwerbsp.
13211;Arbeitsmarktstatistik der Bundesagentur für Arbeit;JAHR;Jahr;2018;KREISE;Kreise und kreisfreie Städte;06439;Rheingau-Taunus-Kreis;ERWAQ8;Arbeitslosenquote nach Schwerpunkten;ARBEITSQUO09;15 bis unter 25 Jahre;3,4;Prozent;ERWP10;Arbeitslosenquote bez. auf alle zivile Erwerbsp.
13211;Arbeitsmarktstatistik der Bundesagentur für Arbeit;JAHR;Jahr;2021;KREISE;Kreise und kreisfreie Städte;12065;Oberhavel, Landkreis;ERWAQ8;Arbeitslosenquote nach Schwerpunkten;ARBEITSQUO06;Frauen;4,6;Prozent;ERWP10;Arbeitslosenquote bez. auf alle zivile Erwerbsp.
13211;Arbeitsmarktstatistik der Bundesagentur für Arbeit;JAHR;Jahr;2013;KREISE;Kreise und kreisfreie Städte;06531;Gießen, Landkreis;ERWAQ8;Arbeitslosenquote nach Schwerpunkten;ARBEITSQUO09;15 bis unter 25 Jahre;6,2;Prozent;ERWP10;Arbeitslosenquote bez. auf alle zivile Erwerbsp.
13211;Arbeitsmarktstatistik der Bundesagentur für Arbeit;JAHR;Jahr;2018;KREISE;Kreise und kreisfreie Städte;06439;Rheingau-Taunus-Kreis;ERWAQ8;Arbeitslosenquote nach Schwerpunkten;ARBEITSQUO05;Männer;4,3;Prozent;ERWP10;Arbeitslosenquote bez. auf alle zivile Erwerbsp.
13211;Arbeitsmarktstatistik der Bundesagentur für Arbeit;JAHR;Jahr;2016;KREISE;Kreise und kreisfreie Städte;06531;Gießen, Landkreis;ERWAQ8;Arbeitslosenquote nach Schwerpunkten;ARBEITSQUO05;Männer;6,9;Prozent;ERWP10;Arbeitslosenquote bez. auf alle zivile Erwerbsp.
13211;Arbeitsmarktstatistik der Bundesagentur für Arbeit;JAHR;Jahr;2017;KREISE;Kreise und kreisfreie Städte;06535;Vogelsbergkreis;ERWAQ8;Arbeitslosenquote nach Schwerpunkten;ARBEITSQUO07;ausländisch;.;Prozent;ERWP10;Arbeitslosenquote bez. auf alle zivile Erwerbsp.
13211;Arbeitsmarktstatistik der Bundesagentur für Arbeit;JAHR;Jahr;2020;KREISE;Kreise und kreisfreie Städte;12066;Oberspreewald-Lausitz, Landkreis;ERWAQ8;Arbeitslosenquote nach Schwerpunkten;ARBEITSQUO07;ausländisch;16,0;Prozent;ERWP10;Arbeitslosenquote bez. auf alle zivile Erwerbsp.
13211;Arbeitsmarktstatistik der Bundesagentur für Arbeit;JAHR;Jahr;2018;KREISE;Kreise und kreisfreie Städte;06534;Marburg-Biedenkopf, Landkreis;ERWAQ8;Arbeitslosenquote nach Schwerpunkten;ARBEITSQUO06;Frauen;3,4;Prozent;ERWP10;Arbeitslosenquote bez. auf alle zivile Erwerbsp.
13211;Arbeitsmarktstatistik der Bundesagentur für Arbeit;JAHR;Jahr;2022;KREISE;Kreise und kreisfreie Städte;12064;Märkisch-Oderland, Landkreis;ERWAQ8;Arbeitslosenquote nach Schwerpunkten;ARBEITSQUO09;15 bis unter 25 Jahre;6,6;Prozent;ERWP10;Arbeitslosenquote bez. auf alle zivile Erwerbsp.
13211;Arbeitsmarktstatistik der Bundesagentur für Arbeit;JAHR;Jahr;2025;KREISE;Kreise und kreisfreie Städte;12064;Märkisch-Oderland, Landkreis;ERWAQ8;Arbeitslosenquote nach Schwerpunkten;ARBEITSQUO09;15 bis unter 25 Jahre;7,8;Prozent;ERWP10;Arbeitslosenquote bez. auf alle zivile Erwerbsp.
13211;Arbeitsmarktstatistik der Bundesagentur für Arbeit;JAHR;Jahr;2020;KREISE;Kreise und kreisfreie Städte;06532;Lahn-Dill-Kreis;ERWAQ8;Arbeitslosenquote nach Schwerpunkten;ARBEITSQUO05;Männer;5,9;Prozent;ERWP10;Arbeitslosenquote bez. auf alle zivile Erwerbsp.
13211;Arbeitsmarktstatistik der Bundesagentur für Arbeit;JAHR;Jahr;2019;KREISE;Kreise und kreisfreie Städte;06533;Limburg-Weilburg, Landkreis;ERWAQ8;Arbeitslosenquote nach Schwerpunkten;ARBEITSQUO05;Männer;4,2;Prozent;ERWP10;Arbeitslosenquote bez. auf alle zivile Erwerbsp.
13211;Arbeitsmarktstatistik der Bundesagentur für Arbeit;JAHR;Jahr;2025;KREISE;Kreise und kreisfreie Städte;12063;Havelland, Landkreis;ERWAQ8;Arbeitslosenquote nach Schwerpunkten;ARBEITSQUO05;Männer;7,3;Prozent;ERWP10;Arbeitslosenquote bez. auf alle zivile Erwerbsp.
13211;Arbeitsmarktstatistik der Bundesagentur für Arbeit;JAHR;Jahr;2023;KREISE;Kreise und kreisfreie Städte;06533;Limburg-Weilburg, Landkreis;ERWAQ8;Arbeitslosenquote nach Schwerpunkten;ARBEITSQUO05;Männer;4,8;Prozent;ERWP10;Arbeitslosenquote bez. auf alle zivile Erwerbsp.
13211;Arbeitsmarktstatistik der Bundesagentur für Arbeit;JAHR;Jahr;2017;KREISE;Kreise und kreisfreie Städte;06633;Kassel, Landkreis;ERWAQ8;Arbeitslosenquote nach Schwerpunkten;ARBEITSQUO07;ausländisch;.;Prozent;ERWP10;Arbeitslosenquote bez. auf alle zivile Erwerbsp.
13211;Arbeitsmarktstatistik der Bundesagentur für Arbeit;JAHR;Jahr;2014;KREISE;Kreise und kreisfreie Städte;06636;Werra-Meißner-Kreis;ERWAQ8;Arbeitslosenquote nach Schwerpunkten;ARBEITSQUO06;Frauen;6,3;Prozent;ERWP10;Arbeitslosenquote bez. auf alle zivile Erwerbsp.
13211;Arbeitsmarktstatistik der Bundesagentur für Arbeit;JAHR;Jahr;2019;KREISE;Kreise und kreisfreie Städte;12065;Oberhavel, Landkreis;ERWAQ8;Arbeitslosenquote nach Schwerpunkten;ARBEITSQUO07;ausländisch;17,1;Prozent;ERWP10;Arbeitslosenquote bez. auf alle zivile Erwerbsp.
13211;Arbeitsmarktstatistik der Bundesagentur für Arbeit;JAHR;Jahr;2024;KREISE;Kreise und kreisfreie Städte;06636;Werra-Meißner-Kreis;ERWAQ8;Arbeitslosenquote nach Schwerpunkten;ARBEITSQUO07;ausländisch;18,0;Prozent;ERWP10;Arbeitslosenquote bez. auf alle zivile Erwerbsp.
13211;Arbeitsmarktstatistik der Bundesagentur für Arbeit;JAHR;Jahr;2011;KREISE;Kreise und kreisfreie Städte;12066;Oberspreewald-Lausitz, Landkreis;ERWAQ8;Arbeitslosenquote nach Schwerpunkten;ARBEITSQUO05;Männer;14,6;Prozent;ERWP10;Arbeitslosenquote bez. auf alle zivile Erwerbsp.
13211;Arbeitsmarktstatistik der Bundesagentur für Arbeit;JAHR;Jahr;2010;KREISE;Kreise und kreisfreie Städte;12067;Oder-Spree, Landkreis;ERWAQ8;Arbeitslosenquote nach Schwerpunkten;ARBEITSQUO06;Frauen;10,1;Prozent;ERWP10;Arbeitslosenquote bez. auf alle zivile Erwerbsp.
13211;Arbeitsmarktstatistik der Bundesagentur für Arbeit;JAHR;Jahr;2011;KREISE;Kreise und kreisfreie Städte;12066;Oberspreewald-Lausitz, Landkreis;ERWAQ8;Arbeitslosenquote nach Schwerpunkten;ARBEITSQUO09;15 bis unter 25 Jahre;12,0;Prozent;ERWP10;Arbeitslosenquote bez. auf alle zivile Erwerbsp.
13211;Arbeitsmarktstatistik der Bundesagentur für Arbeit;JAHR;Jahr;2017;KREISE;Kreise und kreisfreie Städte;12067;Oder-Spree, Landkreis;ERWAQ8;Arbeitslosenquote nach Schwerpunkten;ARBEITSQUO09;15 bis unter 25 Jahre;10,7;Prozent;ERWP10;Arbeitslosenquote bez. auf alle zivile Erwerbsp.
13211;Arbeitsmarktstatistik der Bundesagentur für Arbeit;JAHR;Jahr;2016;KREISE;Kreise und kreisfreie Städte;12065;Oberhavel, Landkreis;ERWAQ8;Arbeitslosenquote nach Schwerpunkten;ARBEITSQUO07;ausländisch;22,2;Prozent;ERWP10;Arbeitslosenquote bez. auf alle zivile Erwerbsp.
13211;Arbeitsmarktstatistik der Bundesagentur für Arbeit;JAHR;Jahr;2017;KREISE;Kreise und kreisfreie Städte;12064;Märkisch-Oderland, Landkreis;ERWAQ8;Arbeitslosenquote nach Schwerpunkten;ARBEITSQUO06;Frauen;5,9;Prozent;ERWP10;Arbeitslosenquote bez. auf alle zivile Erwerbsp.
13211;Arbeitsmarktstatistik der Bundesagentur für Arbeit;JAHR;Jahr;2018;KREISE;Kreise und kreisfreie Städte;12063;Havelland, Landkreis;ERWAQ8;Arbeitslosenquote nach Schwerpunkten;ARBEITSQUO05;Männer;6,0;Prozent;ERWP10;Arbeitslosenquote bez. auf alle zivile Erwerbsp.
13211;Arbeitsmarktstatistik der Bundesagentur für Arbeit;JAHR;Jahr;2014;KREISE;Kreise und kreisfreie Städte;12067;Oder-Spree, Landkreis;ERWAQ8;Arbeitslosenquote nach Schwerpunkten;ARBEITSQUO05;Männer;9,4;Prozent;ERWP10;Arbeitslosenquote bez. auf alle zivile Erwerbsp.
13211;Arbeitsmarktstatistik der Bundesagentur für Arbeit;JAHR;Jahr;2011;KREISE;Kreise und kreisfreie Städte;06439;Rheingau-Taunus-Kreis;ERWAQ8;Arbeitslosenquote nach Schwerpunkten;ARBEITSQUO06;Frauen;4,7;Prozent;ERWP10;Arbeitslosenquote bez. auf alle zivile Erwerbsp.
13211;Arbeitsmarktstatistik der Bundesagentur für Arbeit;JAHR;Jahr;2017;KREISE;Kreise und kreisfreie Städte;12067;Oder-Spree, Landkreis;ERWAQ8;Arbeitslosenquote nach Schwerpunkten;ARBEITSQUO05;Männer;7,7;Prozent;ERWP10;Arbeitslosenquote bez. auf alle zivile Erwerbsp.
13211;Arbeitsmarktstatistik der Bundesagentur für Arbeit;JAHR;Jahr;2010;KREISE;Kreise und kreisfreie Städte;06636;Werra-Meißner-Kreis;ERWAQ8;Arbeitslosenquote nach Schwerpunkten;ARBEITSQUO07;ausländisch;21,7;Prozent;ERWP10;Arbeitslosenquote bez. auf alle zivile Erwerbsp.
13211;Arbeitsmarktstatistik der Bundesagentur für Arbeit;JAHR;Jahr;2022;KREISE;Kreise und kreisfreie Städte;06439;Rheingau-Taunus-Kreis;ERWAQ8;Arbeitslosenquote nach Schwerpunkten;ARBEITSQUO06;Frauen;4,0;Prozent;ERWP10;Arbeitslosenquote bez. auf alle zivile Erwerbsp.
13211;Arbeitsmarktstatistik der Bundesagentur für Arbeit;JAHR;Jahr;2014;KREISE;Kreise und kreisfreie Städte;06534;Marburg-Biedenkopf, Landkreis;ERWAQ8;Arbeitslosenquote nach Schwerpunkten;ARBEITSQUO07;ausländisch;10,4;Prozent;ERWP10;Arbeitslosenquote bez. auf alle zivile Erwerbsp.
13211;Arbeitsmarktstatistik der Bundesagentur für Arbeit;JAHR;Jahr;2013;KREISE;Kreise und kreisfreie Städte;06532;Lahn-Dill-Kreis;ERWAQ8;Arbeitslosenquote nach Schwerpunkten;ARBEITSQUO05;Männer;5,9;Prozent;ERWP10;Arbeitslosenquote bez. auf alle zivile Erwerbsp.
13211;Arbeitsmarktstatistik der Bundesagentur für Arbeit;JAHR;Jahr;2021;KREISE;Kreise und kreisfreie Städte;12067;Oder-Spree, Landkreis;ERWAQ8;Arbeitslosenquote nach Schwerpunkten;ARBEITSQUO05;Männer;6,7;Prozent;ERWP10;Arbeitslosenquote bez. auf alle zivile Erwerbsp.
13211;Arbeitsmarktstatistik der Bundesagentur für Arbeit;JAHR;Jahr;2024;KREISE;Kreise und kreisfreie Städte;12064;Märkisch-Oderland, Landkreis;ERWAQ8;Arbeitslosenquote nach Schwerpunkten;ARBEITSQUO06;Frauen;5,1;Prozent;ERWP10;Arbeitslosenquote bez. auf alle zivile Erwerbsp.
13211;Arbeitsmarktstatistik der Bundesagentur für Arbeit;JAHR;Jahr;2011;KREISE;Kreise und kreisfreie Städte;06534;Marburg-Biedenkopf, Landkreis;ERWAQ8;Arbeitslosenquote nach Schwerpunkten;ARBEITSQUO07;ausländisch;13,0;Prozent;ERWP10;Arbeitslosenquote bez. auf alle zivile Erwerbsp.
13211;Arbeitsmarktstatistik der Bundesagentur für Arbeit;JAHR;Jahr;2016;KREISE;Kreise und kreisfreie Städte;06532;Lahn-Dill-Kreis;ERWAQ8;Arbeitslosenquote nach Schwerpunkten;ARBEITSQUO09;15 bis unter 25 Jahre;4,8;Prozent;ERWP10;Arbeitslosenquote bez. auf alle zivile Erwerbsp.
13211;Arbeitsmarktstatistik der Bundesagentur für Arbeit;JAHR;Jahr;2012;KREISE;Kreise und kreisfreie Städte;06533;Limburg-Weilburg, Landkreis;ERWAQ8;Arbeitslosenquote nach Schwerpunkten;ARBEITSQUO06;Frauen;6,0;Prozent;ERWP10;Arbeitslosenquote bez. auf alle zivile Erwerbsp.
13211;Arbeitsmarktstatistik der Bundesagentur für Arbeit;JAHR;Jahr;2015;KREISE;Kreise und kreisfreie Städte;06533;Limburg-Weilburg, Landkreis;ERWAQ8;Arbeitslosenquote nach Schwerpunkten;ARBEITSQUO06;Frauen;5,3;Prozent;ERWP10;Arbeitslosenquote bez. auf alle zivile Erwerbsp.
13211;Arbeitsmarktstatistik der Bundesagentur für Arbeit;JAHR;Jahr;2023;KREISE;Kreise und kreisfreie Städte;12065;Oberhavel, Landkreis;ERWAQ8;Arbeitslosenquote nach Schwerpunkten;ARBEITSQUO07;ausländisch;23,2;Prozent;ERWP10;Arbeitslosenquote bez. auf alle zivile Erwerbsp.
13211;Arbeitsmarktstatistik der Bundesagentur für Arbeit;JAHR;Jahr;2022;KREISE;Kreise und kreisfreie Städte;12063;Havelland, Landkreis;ERWAQ8;Arbeitslosenquote nach Schwerpunkten;ARBEITSQUO05;Männer;5,6;Prozent;ERWP10;Arbeitslosenquote bez. auf alle zivile Erwerbsp.
13211;Arbeitsmarktstatistik der Bundesagentur für Arbeit;JAHR;Jahr;2021;KREISE;Kreise und kreisfreie Städte;06534;Marburg-Biedenkopf, Landkreis;ERWAQ8;Arbeitslosenquote nach Schwerpunkten;ARBEITSQUO07;ausländisch;10,8;Prozent;ERWP10;Arbeitslosenquote bez. auf alle zivile Erwerbsp.
13211;Arbeitsmarktstatistik der Bundesagentur für Arbeit;JAHR;Jahr;2019;KREISE;Kreise und kreisfreie Städte;06534;Marburg-Biedenkopf, Landkreis;ERWAQ8;Arbeitslosenquote nach Schwerpunkten;ARBEITSQUO09;15 bis unter 25 Jahre;3,8;Prozent;ERWP10;Arbeitslosenquote bez. auf alle zivile Erwerbsp.
13211;Arbeitsmarktstatistik der Bundesagentur für Arbeit;JAHR;Jahr;2020;KREISE;Kreise und kreisfreie Städte;06535;Vogelsbergkreis;ERWAQ8;Arbeitslosenquote nach Schwerpunkten;ARBEITSQUO09;15 bis unter 25 Jahre;4,2;Prozent;ERWP10;Arbeitslosenquote bez. auf alle zivile Erwerbsp.
13211;Arbeitsmarktstatistik der Bundesagentur für Arbeit;JAHR;Jahr;2018;KREISE;Kreise und kreisfreie Städte;06633;Kassel, Landkreis;ERWAQ8;Arbeitslosenquote nach Schwerpunkten;ARBEITSQUO09;15 bis unter 25 Jahre;4,3;Prozent;ERWP10;Arbeitslosenquote bez. auf alle zivile Erwerbsp.
13211;Arbeitsmarktstatistik der Bundesagentur für Arbeit;JAHR;Jahr;2025;KREISE;Kreise und kreisfreie Städte;06534;Marburg-Biedenkopf, Landkreis;ERWAQ8;Arbeitslosenquote nach Schwerpunkten;ARBEITSQUO06;Frauen;4,3;Prozent;ERWP10;Arbeitslosenquote bez. auf alle zivile Erwerbsp.
13211;Arbeitsmarktstatistik der Bundesagentur für Arbeit;JAHR;Jahr;2016;KREISE;Kreise und kreisfreie Städte;12061;Dahme-Spreewald, Landkreis;ERWAQ8;Arbeitslosenquote nach Schwerpunkten;ARBEITSQUO07;ausländisch;11,5;Prozent;ERWP10;Arbeitslosenquote bez. auf alle zivile Erwerbsp.
13211;Arbeitsmarktstatistik der Bundesagentur für Arbeit;JAHR;Jahr;2025;KREISE;Kreise und kreisfreie Städte;06534;Marburg-Biedenkopf, Landkreis;ERWAQ8;Arbeitslosenquote nach Schwerpunkten;ARBEITSQUO07;ausländisch;14,0;Prozent;ERWP10;Arbeitslosenquote bez. auf alle zivile Erwerbsp.
13211;Arbeitsmarktstatistik der Bundesagentur für Arbeit;JAHR;Jahr;2010;KREISE;Kreise und kreisfreie Städte;12064;Märkisch-Oderland, Landkreis;ERWAQ8;Arbeitslosenquote nach Schwerpunkten;ARBEITSQUO07;ausländisch;24,9;Prozent;ERWP10;Arbeitslosenquote bez. auf alle zivile Erwerbsp.
13211;Arbeitsmarktstatistik der Bundesagentur für Arbeit;JAHR;Jahr;2020;KREISE;Kreise und kreisfreie Städte;06633;Kassel, Landkreis;ERWAQ8;Arbeitslosenquote nach Schwerpunkten;ARBEITSQUO09;15 bis unter 25 Jahre;5,3;Prozent;ERWP10;Arbeitslosenquote bez. auf alle zivile Erwerbsp.
13211;Arbeitsmarktstatistik der Bundesagentur für Arbeit;JAHR;Jahr;2014;KREISE;Kreise und kreisfreie Städte;12064;Märkisch-Oderland, Landkreis;ERWAQ8;Arbeitslosenquote nach Schwerpunkten;ARBEITSQUO09;15 bis unter 25 Jahre;8,5;Prozent;ERWP10;Arbeitslosenquote bez. auf alle zivile Erwerbsp.
13211;Arbeitsmarktstatistik der Bundesagentur für Arbeit;JAHR;Jahr;2013;KREISE;Kreise und kreisfreie Städte;12064;Märkisch-Oderland, Landkreis;ERWAQ8;Arbeitslosenquote nach Schwerpunkten;ARBEITSQUO07;ausländisch;22,6;Prozent;ERWP10;Arbeitslosenquote bez. auf alle zivile Erwerbsp.
13211;Arbeitsmarktstatistik der Bundesagentur für Arbeit;JAHR;Jahr;2019;KREISE;Kreise und kreisfreie Städte;12067;Oder-Spree, Landkreis;ERWAQ8;Arbeitslosenquote nach Schwerpunkten;ARBEITSQUO06;Frauen;5,6;Prozent;ERWP10;Arbeitslosenquote bez. auf alle zivile Erwerbsp.
13211;Arbeitsmarktstatistik der Bundesagentur für Arbeit;JAHR;Jahr;2013;KREISE;Kreise und kreisfreie Städte;06533;Limburg-Weilburg, Landkreis;ERWAQ8;Arbeitslosenquote nach Schwerpunkten;ARBEITSQUO09;15 bis unter 25 Jahre;5,6;Prozent;ERWP10;Arbeitslosenquote bez. auf alle zivile Erwerbsp.
13211;Arbeitsmarktstatistik der Bundesagentur für Arbeit;JAHR;Jahr;2021;KREISE;Kreise und kreisfreie Städte;12066;Oberspreewald-Lausitz, Landkreis;ERWAQ8;Arbeitslosenquote nach Schwerpunkten;ARBEITSQUO09;15 bis unter 25 Jahre;4,4;Prozent;ERWP10;Arbeitslosenquote bez. auf alle zivile Erwerbsp.
13211;Arbeitsmarktstatistik der Bundesagentur für Arbeit;JAHR;Jahr;2022;KREISE;Kreise und kreisfreie Städte;06439;Rheingau-Taunus-Kreis;ERWAQ8;Arbeitslosenquote nach Schwerpunkten;ARBEITSQUO05;Männer;4,0;Prozent;ERWP10;Arbeitslosenquote bez. auf alle zivile Erwerbsp.
13211;Arbeitsmarktstatistik der Bundesagentur für Arbeit;JAHR;Jahr;2021;KREISE;Kreise und kreisfreie Städte;12067;Oder-Spree, Landkreis;ERWAQ8;Arbeitslosenquote nach Schwerpunkten;ARBEITSQUO06;Frauen;5,6;Prozent;ERWP10;Arbeitslosenquote bez. auf alle zivile Erwerbsp.
13211;Arbeitsmarktstatistik der Bundesagentur für Arbeit;JAHR;Jahr;2024;KREISE;Kreise und kreisfreie Städte;12064;Märkisch-Oderland, Landkreis;ERWAQ8;Arbeitslosenquote nach Schwerpunkten;ARBEITSQUO07;ausländisch;19,8;Prozent;ERWP10;Arbeitslosenquote bez. auf alle zivile Erwerbsp.
13211;Arbeitsmarktstatistik der Bundesagentur für Arbeit;JAHR;Jahr;2025;KREISE;Kreise und kreisfreie Städte;12066;Oberspreewald-Lausitz, Landkreis;ERWAQ8;Arbeitslosenquote nach Schwerpunkten;ARBEITSQUO09;15 bis unter 25 Jahre;6,6;Prozent;ERWP10;Arbeitslosenquote bez. auf alle zivile Erwerbsp.
13211;Arbeitsmarktstatistik der Bundesagentur für Arbeit;JAHR;Jahr;2018;KREISE;Kreise und kreisfreie Städte;06535;Vogelsbergkreis;ERWAQ8;Arbeitslosenquote nach Schwerpunkten;ARBEITSQUO09;15 bis unter 25 Jahre;3,7;Prozent;ERWP10;Arbeitslosenquote bez. auf alle zivile Erwerbsp.
13211;Arbeitsmarktstatistik der Bundesagentur für Arbeit;JAHR;Jahr;2020;KREISE;Kreise und kreisfreie Städte;12064;Märkisch-Oderland, Landkreis;ERWAQ8;Arbeitslosenquote nach Schwerpunkten;ARBEITSQUO07;ausländisch;17,2;Prozent;ERWP10;Arbeitslosenquote bez. auf alle zivile Erwerbsp.
13211;Arbeitsmarktstatistik der Bundesagentur für Arbeit;JAHR;Jahr;2017;KREISE;Kreise und kreisfreie Städte;06533;Limburg-Weilburg, Landkreis;ERWAQ8;Arbeitslosenquote nach Schwerpunkten;ARBEITSQUO07;ausländisch;.;Prozent;ERWP10;Arbeitslosenquote bez. auf alle zivile Erwerbsp.
13211;Arbeitsmarktstatistik der Bundesagentur für Arbeit;JAHR;Jahr;2022;KREISE;Kreise und kreisfreie Städte;12066;Oberspreewald-Lausitz, Landkreis;ERWAQ8;Arbeitslosenquote nach Schwerpunkten;ARBEITSQUO09;15 bis unter 25 Jahre;5,0;Prozent;ERWP10;Arbeitslosenquote bez. auf alle zivile Erwerbsp.
13211;Arbeitsmarktstatistik der Bundesagentur für Arbeit;JAHR;Jahr;2019;KREISE;Kreise und kreisfreie Städte;06531;Gießen, Landkreis;ERWAQ8;Arbeitslosenquote nach Schwerpunkten;ARBEITSQUO05;Männer;5,8;Prozent;ERWP10;Arbeitslosenquote bez. auf alle zivile Erwerbsp.
13211;Arbeitsmarktstatistik der Bundesagentur für Arbeit;JAHR;Jahr;2015;KREISE;Kreise und kreisfreie Städte;06633;Kassel, Landkreis;ERWAQ8;Arbeitslosenquote nach Schwerpunkten;ARBEITSQUO06;Frauen;4,7;Prozent;ERWP10;Arbeitslosenquote bez. auf alle zivile Erwerbsp.
13211;Arbeitsmarktstatistik der Bundesagentur für Arbeit;JAHR;Jahr;2025;KREISE;Kreise und kreisfreie Städte;12061;Dahme-Spreewald, Landkreis;ERWAQ8;Arbeitslosenquote nach Schwerpunkten;ARBEITSQUO05;Männer;4,3;Prozent;ERWP10;Arbeitslosenquote bez. auf alle zivile Erwerbsp.
13211;Arbeitsmarktstatistik der Bundesagentur für Arbeit;JAHR;Jahr;2023;KREISE;Kreise und kreisfreie Städte;06531;Gießen, Landkreis;ERWAQ8;Arbeitslosenquote nach Schwerpunkten;ARBEITSQUO05;Männer;5,7;Prozent;ERWP10;Arbeitslosenquote bez. auf alle zivile Erwerbsp.
13211;Arbeitsmarktstatistik der Bundesagentur für Arbeit;JAHR;Jahr;2022;KREISE;Kreise und kreisfreie Städte;06532;Lahn-Dill-Kreis;ERWAQ8;Arbeitslosenquote nach Schwerpunkten;ARBEITSQUO07;ausländisch;16,8;Prozent;ERWP10;Arbeitslosenquote bez. auf alle zivile Erwerbsp.
13211;Arbeitsmarktstatistik der Bundesagentur für Arbeit;JAHR;Jahr;2012;KREISE;Kreise und kreisfreie Städte;06636;Werra-Meißner-Kreis;ERWAQ8;Arbeitslosenquote nach Schwerpunkten;ARBEITSQUO05;Männer;6,7;Prozent;ERWP10;Arbeitslosenquote bez. auf alle zivile Erwerbsp.
13211;Arbeitsmarktstatistik der Bundesagentur für Arbeit;JAHR;Jahr;2019;KREISE;Kreise und kreisfreie Städte;12063;Havelland, Landkreis;ERWAQ8;Arbeitslosenquote nach Schwerpunkten;ARBEITSQUO07;ausländisch;15,7;Prozent;ERWP10;Arbeitslosenquote bez. auf alle zivile Erwerbsp.
13211;Arbeitsmarktstatistik der Bundesagentur für Arbeit;JAHR;Jahr;2010;KREISE;Kreise und kreisfreie Städte;12065;Oberhavel, Landkreis;ERWAQ8;Arbeitslosenquote nach Schwerpunkten;ARBEITSQUO06;Frauen;9,5;Prozent;ERWP10;Arbeitslosenquote bez. auf alle zivile Erwerbsp.
13211;Arbeitsmarktstatistik der Bundesagentur für Arbeit;JAHR;Jahr;2017;KREISE;Kreise und kreisfreie Städte;12065;Oberhavel, Landkreis;ERWAQ8;Arbeitslosenquote nach Schwerpunkten;ARBEITSQUO09;15 bis unter 25 Jahre;7,5;Prozent;ERWP10;Arbeitslosenquote bez. auf alle zivile Erwerbsp.
13211;Arbeitsmarktstatistik der Bundesagentur für Arbeit;JAHR;Jahr;2018;KREISE;Kreise und kreisfreie Städte;12064;Märkisch-Oderland, Landkreis;ERWAQ8;Arbeitslosenquote nach Schwerpunkten;ARBEITSQUO09;15 bis unter 25 Jahre;8,0;Prozent;ERWP10;Arbeitslosenquote bez. auf alle zivile Erwerbsp.
13211;Arbeitsmarktstatistik der Bundesagentur für Arbeit;JAHR;Jahr;2011;KREISE;Kreise und kreisfreie Städte;12064;Märkisch-Oderland, Landkreis;ERWAQ8;Arbeitslosenquote nach Schwerpunkten;ARBEITSQUO09;15 bis unter 25 Jahre;9,9;Prozent;ERWP10;Arbeitslosenquote bez. auf alle zivile Erwerbsp.
13211;Arbeitsmarktstatistik der Bundesagentur für Arbeit;JAHR;Jahr;2013;KREISE;Kreise und kreisfreie Städte;12066;Oberspreewald-Lausitz, Landkreis;ERWAQ8;Arbeitslosenquote nach Schwerpunkten;ARBEITSQUO06;Frauen;14,0;Prozent;ERWP10;Arbeitslosenquote bez. auf alle zivile Erwerbsp.
13211;Arbeitsmarktstatistik der Bundesagentur für Arbeit;JAHR;Jahr;2015;KREISE;Kreise und kreisfreie Städte;12061;Dahme-Spreewald, Landkreis;ERWAQ8;Arbeitslosenquote nach Schwerpunkten;ARBEITSQUO05;Männer;6,4;Prozent;ERWP10;Arbeitslosenquote bez. auf alle zivile Erwerbsp.
13211;Arbeitsmarktstatistik der Bundesagentur für Arbeit;JAHR;Jahr;2016;KREISE;Kreise und kreisfreie Städte;12063;Havelland, Landkreis;ERWAQ8;Arbeitslosenquote nach Schwerpunkten;ARBEITSQUO07;ausländisch;25,0;Prozent;ERWP10;Arbeitslosenquote bez. auf alle zivile Erwerbsp.
13211;Arbeitsmarktstatistik der Bundesagentur für Arbeit;JAHR;Jahr;2017;KREISE;Kreise und kreisfreie Städte;12066;Oberspreewald-Lausitz, Landkreis;ERWAQ8;Arbeitslosenquote nach Schwerpunkten;ARBEITSQUO06;Frauen;9,0;Prozent;ERWP10;Arbeitslosenquote bez. auf alle zivile Erwerbsp.
13211;Arbeitsmarktstatistik der Bundesagentur für Arbeit;JAHR;Jahr;2016;KREISE;Kreise und kreisfreie Städte;12066;Oberspreewald-Lausitz, Landkreis;ERWAQ8;Arbeitslosenquote nach Schwerpunkten;ARBEITSQUO06;Frauen;10,4;Prozent;ERWP10;Arbeitslosenquote bez. auf alle zivile Erwerbsp.
13211;Arbeitsmarktstatistik der Bundesagentur für Arbeit;JAHR;Jahr;2014;KREISE;Kreise und kreisfreie Städte;06532;Lahn-Dill-Kreis;ERWAQ8;Arbeitslosenquote nach Schwerpunkten;ARBEITSQUO07;ausländisch;16,4;Prozent;ERWP10;Arbeitslosenquote bez. auf alle zivile Erwerbsp.
13211;Arbeitsmarktstatistik der Bundesagentur für Arbeit;JAHR;Jahr;2012;KREISE;Kreise und kreisfreie Städte;06534;Marburg-Biedenkopf, Landkreis;ERWAQ8;Arbeitslosenquote nach Schwerpunkten;ARBEITSQUO09;15 bis unter 25 Jahre;4,4;Prozent;ERWP10;Arbeitslosenquote bez. auf alle zivile Erwerbsp.
13211;Arbeitsmarktstatistik der Bundesagentur für Arbeit;JAHR;Jahr;2011;KREISE;Kreise und kreisfreie Städte;06633;Kassel, Landkreis;ERWAQ8;Arbeitslosenquote nach Schwerpunkten;ARBEITSQUO06;Frauen;5,1;Prozent;ERWP10;Arbeitslosenquote bez. auf alle zivile Erwerbsp.
13211;Arbeitsmarktstatistik der Bundesagentur für Arbeit;JAHR;Jahr;2011;KREISE;Kreise und kreisfreie Städte;06532;Lahn-Dill-Kreis;ERWAQ8;Arbeitslosenquote nach Schwerpunkten;ARBEITSQUO07;ausländisch;16,4;Prozent;ERWP10;Arbeitslosenquote bez. auf alle zivile Erwerbsp.
13211;Arbeitsmarktstatistik der Bundesagentur für Arbeit;JAHR;Jahr;2016;KREISE;Kreise und kreisfreie Städte;06534;Marburg-Biedenkopf, Landkreis;ERWAQ8;Arbeitslosenquote nach Schwerpunkten;ARBEITSQUO09;15 bis unter 25 Jahre;4,0;Prozent;ERWP10;Arbeitslosenquote bez. auf alle zivile Erwerbsp.
13211;Arbeitsmarktstatistik der Bundesagentur für Arbeit;JAHR;Jahr;2012;KREISE;Kreise und kreisfreie Städte;06535;Vogelsbergkreis;ERWAQ8;Arbeitslosenquote nach Schwerpunkten;ARBEITSQUO06;Frauen;4,6;Prozent;ERWP10;Arbeitslosenquote bez. auf alle zivile Erwerbsp.
13211;Arbeitsmarktstatistik der Bundesagentur für Arbeit;JAHR;Jahr;2024;KREISE;Kreise und kreisfreie Städte;12066;Oberspreewald-Lausitz, Landkreis;ERWAQ8;Arbeitslosenquote nach Schwerpunkten;ARBEITSQUO06;Frauen;6,9;Prozent;ERWP10;Arbeitslosenquote bez. auf alle zivile Erwerbsp.
13211;Arbeitsmarktstatistik der Bundesagentur für Arbeit;JAHR;Jahr;2011;KREISE;Kreise und kreisfreie Städte;06535;Vogelsbergkreis;ERWAQ8;Arbeitslosenquote nach Schwerpunkten;ARBEITSQUO06;Frauen;5,0;Prozent;ERWP10;Arbeitslosenquote bez. auf alle zivile Erwerbsp.
13211;Arbeitsmarktstatistik der Bundesagentur für Arbeit;JAHR;Jahr;2015;KREISE;Kreise und kreisfreie Städte;06532;Lahn-Dill-Kreis;ERWAQ8;Arbeitslosenquote nach Schwerpunkten;ARBEITSQUO07;ausländisch;16,9;Prozent;ERWP10;Arbeitslosenquote bez. auf alle zivile Erwerbsp.
13211;Arbeitsmarktstatistik der Bundesagentur für Arbeit;JAHR;Jahr;2015;KREISE;Kreise und kreisfreie Städte;06534;Marburg-Biedenkopf, Landkreis;ERWAQ8;Arbeitslosenquote nach Schwerpunkten;ARBEITSQUO09;15 bis unter 25 Jahre;3,3;Prozent;ERWP10;Arbeitslosenquote bez. auf alle zivile Erwerbsp.
13211;Arbeitsmarktstatistik der Bundesagentur für Arbeit;JAHR;Jahr;2020;KREISE;Kreise und kreisfreie Städte;12066;Oberspreewald-Lausitz, Landkreis;ERWAQ8;Arbeitslosenquote nach Schwerpunkten;ARBEITSQUO06;Frauen;7,2;Prozent;ERWP10;Arbeitslosenquote bez. auf alle zivile Erwerbsp.
13211;Arbeitsmarktstatistik der Bundesagentur für Arbeit;JAHR;Jahr;2015;KREISE;Kreise und kreisfreie Städte;06535;Vogelsbergkreis;ERWAQ8;Arbeitslosenquote nach Schwerpunkten;ARBEITSQUO06;Frauen;3,7;Prozent;ERWP10;Arbeitslosenquote bez. auf alle zivile Erwerbsp.
13211;Arbeitsmarktstatistik der Bundesagentur für Arbeit;JAHR;Jahr;2018;KREISE;Kreise und kreisfreie Städte;06532;Lahn-Dill-Kreis;ERWAQ8;Arbeitslosenquote nach Schwerpunkten;ARBEITSQUO07;ausländisch;.;Prozent;ERWP10;Arbeitslosenquote bez. auf alle zivile Erwerbsp.
13211;Arbeitsmarktstatistik der Bundesagentur für Arbeit;JAHR;Jahr;2023;KREISE;Kreise und kreisfreie Städte;12063;Havelland, Landkreis;ERWAQ8;Arbeitslosenquote nach Schwerpunkten;ARBEITSQUO07;ausländisch;23,7;Prozent;ERWP10;Arbeitslosenquote bez. auf alle zivile Erwerbsp.
13211;Arbeitsmarktstatistik der Bundesagentur für Arbeit;JAHR;Jahr;2022;KREISE;Kreise und kreisfreie Städte;12061;Dahme-Spreewald, Landkreis;ERWAQ8;Arbeitslosenquote nach Schwerpunkten;ARBEITSQUO05;Männer;3,9;Prozent;ERWP10;Arbeitslosenquote bez. auf alle zivile Erwerbsp.
13211;Arbeitsmarktstatistik der Bundesagentur für Arbeit;JAHR;Jahr;2022;KREISE;Kreise und kreisfreie Städte;06535;Vogelsbergkreis;ERWAQ8;Arbeitslosenquote nach Schwerpunkten;ARBEITSQUO05;Männer;4,1;Prozent;ERWP10;Arbeitslosenquote bez. auf alle zivile Erwerbsp.
13211;Arbeitsmarktstatistik der Bundesagentur für Arbeit;JAHR;Jahr;2018;KREISE;Kreise und kreisfreie Städte;06533;Limburg-Weilburg, Landkreis;ERWAQ8;Arbeitslosenquote nach Schwerpunkten;ARBEITSQUO09;15 bis unter 25 Jahre;3,7;Prozent;ERWP10;Arbeitslosenquote bez. auf alle zivile Erwerbsp.
13211;Arbeitsmarktstatistik der Bundesagentur für Arbeit;JAHR;Jahr;2017;KREISE;Kreise und kreisfreie Städte;06636;Werra-Meißner-Kreis;ERWAQ8;Arbeitslosenquote nach Schwerpunkten;ARBEITSQUO05;Männer;6,0;Prozent;ERWP10;Arbeitslosenquote bez. auf alle zivile Erwerbsp.
13211;Arbeitsmarktstatistik der Bundesagentur für Arbeit;JAHR;Jahr;2012;KREISE;Kreise und kreisfreie Städte;06633;Kassel, Landkreis;ERWAQ8;Arbeitslosenquote nach Schwerpunkten;ARBEITSQUO06;Frauen;5,0;Prozent;ERWP10;Arbeitslosenquote bez. auf alle zivile Erwerbsp.
13211;Arbeitsmarktstatistik der Bundesagentur für Arbeit;JAHR;Jahr;2013;KREISE;Kreise und kreisfreie Städte;06636;Werra-Meißner-Kreis;ERWAQ8;Arbeitslosenquote nach Schwerpunkten;ARBEITSQUO06;Frauen;6,5;Prozent;ERWP10;Arbeitslosenquote bez. auf alle zivile Erwerbsp.
13211;Arbeitsmarktstatistik der Bundesagentur für Arbeit;JAHR;Jahr;2016;KREISE;Kreise und kreisfreie Städte;06633;Kassel, Landkreis;ERWAQ8;Arbeitslosenquote nach Schwerpunkten;ARBEITSQUO07;ausländisch;15,3;Prozent;ERWP10;Arbeitslosenquote bez. auf alle zivile Erwerbsp.
13211;Arbeitsmarktstatistik der Bundesagentur für Arbeit;JAHR;Jahr;2022;KREISE;Kreise und kreisfreie Städte;06633;Kassel, Landkreis;ERWAQ8;Arbeitslosenquote nach Schwerpunkten;ARBEITSQUO05;Männer;4,1;Prozent;ERWP10;Arbeitslosenquote bez. auf alle zivile Erwerbsp.
13211;Arbeitsmarktstatistik der Bundesagentur für Arbeit;JAHR;Jahr;2011;KREISE;Kreise und kreisfreie Städte;12065;Oberhavel, Landkreis;ERWAQ8;Arbeitslosenquote nach Schwerpunkten;ARBEITSQUO06;Frauen;9,0;Prozent;ERWP10;Arbeitslosenquote bez. auf alle zivile Erwerbsp.
13211;Arbeitsmarktstatistik der Bundesagentur für Arbeit;JAHR;Jahr;2025;KREISE;Kreise und kreisfreie Städte;06532;Lahn-Dill-Kreis;ERWAQ8;Arbeitslosenquote nach Schwerpunkten;ARBEITSQUO06;Frauen;5,8;Prozent;ERWP10;Arbeitslosenquote bez. auf alle zivile Erwerbsp.
13211;Arbeitsmarktstatistik der Bundesagentur für Arbeit;JAHR;Jahr;2010;KREISE;Kreise und kreisfreie Städte;12066;Oberspreewald-Lausitz, Landkreis;ERWAQ8;Arbeitslosenquote nach Schwerpunkten;ARBEITSQUO09;15 bis unter 25 Jahre;13,6;Prozent;ERWP10;Arbeitslosenquote bez. auf alle zivile Erwerbsp.
13211;Arbeitsmarktstatistik der Bundesagentur für Arbeit;JAHR;Jahr;2013;KREISE;Kreise und kreisfreie Städte;12066;Oberspreewald-Lausitz, Landkreis;ERWAQ8;Arbeitslosenquote nach Schwerpunkten;ARBEITSQUO07;ausländisch;20,7;Prozent;ERWP10;Arbeitslosenquote bez. auf alle zivile Erwerbsp.
13211;Arbeitsmarktstatistik der Bundesagentur für Arbeit;JAHR;Jahr;2015;KREISE;Kreise und kreisfreie Städte;12064;Märkisch-Oderland, Landkreis;ERWAQ8;Arbeitslosenquote nach Schwerpunkten;ARBEITSQUO09;15 bis unter 25 Jahre;8,3;Prozent;ERWP10;Arbeitslosenquote bez. auf alle zivile Erwerbsp.
13211;Arbeitsmarktstatistik der Bundesagentur für Arbeit;JAHR;Jahr;2012;KREISE;Kreise und kreisfreie Städte;12064;Märkisch-Oderland, Landkreis;ERWAQ8;Arbeitslosenquote nach Schwerpunkten;ARBEITSQUO05;Männer;11,0;Prozent;ERWP10;Arbeitslosenquote bez. auf alle zivile Erwerbsp.
13211;Arbeitsmarktstatistik der Bundesagentur für Arbeit;JAHR;Jahr;2015;KREISE;Kreise und kreisfreie Städte;12061;Dahme-Spreewald, Landkreis;ERWAQ8;Arbeitslosenquote nach Schwerpunkten;ARBEITSQUO06;Frauen;5,6;Prozent;ERWP10;Arbeitslosenquote bez. auf alle zivile Erwerbsp.
13211;Arbeitsmarktstatistik der Bundesagentur für Arbeit;JAHR;Jahr;2010;KREISE;Kreise und kreisfreie Städte;06533;Limburg-Weilburg, Landkreis;ERWAQ8;Arbeitslosenquote nach Schwerpunkten;ARBEITSQUO09;15 bis unter 25 Jahre;5,8;Prozent;ERWP10;Arbeitslosenquote bez. auf alle zivile Erwerbsp.
13211;Arbeitsmarktstatistik der Bundesagentur für Arbeit;JAHR;Jahr;2011;KREISE;Kreise und kreisfreie Städte;06439;Rheingau-Taunus-Kreis;ERWAQ8;Arbeitslosenquote nach Schwerpunkten;ARBEITSQUO05;Männer;4,6;Prozent;ERWP10;Arbeitslosenquote bez. auf alle zivile Erwerbsp.
13211;Arbeitsmarktstatistik der Bundesagentur für Arbeit;JAHR;Jahr;2019;KREISE;Kreise und kreisfreie Städte;12065;Oberhavel, Landkreis;ERWAQ8;Arbeitslosenquote nach Schwerpunkten;ARBEITSQUO06;Frauen;4,6;Prozent;ERWP10;Arbeitslosenquote bez. auf alle zivile Erwerbsp.
13211;Arbeitsmarktstatistik der Bundesagentur für Arbeit;JAHR;Jahr;2014;KREISE;Kreise und kreisfreie Städte;06534;Marburg-Biedenkopf, Landkreis;ERWAQ8;Arbeitslosenquote nach Schwerpunkten;ARBEITSQUO06;Frauen;4,1;Prozent;ERWP10;Arbeitslosenquote bez. auf alle zivile Erwerbsp.
13211;Arbeitsmarktstatistik der Bundesagentur für Arbeit;JAHR;Jahr;2013;KREISE;Kreise und kreisfreie Städte;06535;Vogelsbergkreis;ERWAQ8;Arbeitslosenquote nach Schwerpunkten;ARBEITSQUO09;15 bis unter 25 Jahre;5,0;Prozent;ERWP10;Arbeitslosenquote bez. auf alle zivile Erwerbsp.
13211;Arbeitsmarktstatistik der Bundesagentur für Arbeit;JAHR;Jahr;2019;KREISE;Kreise und kreisfreie Städte;06439;Rheingau-Taunus-Kreis;ERWAQ8;Arbeitslosenquote nach Schwerpunkten;ARBEITSQUO05;Männer;4,1;Prozent;ERWP10;Arbeitslosenquote bez. auf alle zivile Erwerbsp.
13211;Arbeitsmarktstatistik der Bundesagentur für Arbeit;JAHR;Jahr;2020;KREISE;Kreise und kreisfreie Städte;06439;Rheingau-Taunus-Kreis;ERWAQ8;Arbeitslosenquote nach Schwerpunkten;ARBEITSQUO09;15 bis unter 25 Jahre;4,2;Prozent;ERWP10;Arbeitslosenquote bez. auf alle zivile Erwerbsp.
13211;Arbeitsmarktstatistik der Bundesagentur für Arbeit;JAHR;Jahr;2024;KREISE;Kreise und kreisfreie Städte;12066;Oberspreewald-Lausitz, Landkreis;ERWAQ8;Arbeitslosenquote nach Schwerpunkten;ARBEITSQUO07;ausländisch;22,0;Prozent;ERWP10;Arbeitslosenquote bez. auf alle zivile Erwerbsp.
13211;Arbeitsmarktstatistik der Bundesagentur für Arbeit;JAHR;Jahr;2022;KREISE;Kreise und kreisfreie Städte;12063;Havelland, Landkreis;ERWAQ8;Arbeitslosenquote nach Schwerpunkten;ARBEITSQUO06;Frauen;4,7;Prozent;ERWP10;Arbeitslosenquote bez. auf alle zivile Erwerbsp.
13211;Arbeitsmarktstatistik der Bundesagentur für Arbeit;JAHR;Jahr;2017;KREISE;Kreise und kreisfreie Städte;06531;Gießen, Landkreis;ERWAQ8;Arbeitslosenquote nach Schwerpunkten;ARBEITSQUO07;ausländisch;.;Prozent;ERWP10;Arbeitslosenquote bez. auf alle zivile Erwerbsp.
13211;Arbeitsmarktstatistik der Bundesagentur für Arbeit;JAHR;Jahr;2015;KREISE;Kreise und kreisfreie Städte;06533;Limburg-Weilburg, Landkreis;ERWAQ8;Arbeitslosenquote nach Schwerpunkten;ARBEITSQUO05;Männer;5,2;Prozent;ERWP10;Arbeitslosenquote bez. auf alle zivile Erwerbsp.
13211;Arbeitsmarktstatistik der Bundesagentur für Arbeit;JAHR;Jahr;2016;KREISE;Kreise und kreisfreie Städte;06535;Vogelsbergkreis;ERWAQ8;Arbeitslosenquote nach Schwerpunkten;ARBEITSQUO07;ausländisch;15,5;Prozent;ERWP10;Arbeitslosenquote bez. auf alle zivile Erwerbsp.
13211;Arbeitsmarktstatistik der Bundesagentur für Arbeit;JAHR;Jahr;2023;KREISE;Kreise und kreisfreie Städte;06533;Limburg-Weilburg, Landkreis;ERWAQ8;Arbeitslosenquote nach Schwerpunkten;ARBEITSQUO06;Frauen;4,6;Prozent;ERWP10;Arbeitslosenquote bez. auf alle zivile Erwerbsp.
13211;Arbeitsmarktstatistik der Bundesagentur für Arbeit;JAHR;Jahr;2025;KREISE;Kreise und kreisfreie Städte;12067;Oder-Spree, Landkreis;ERWAQ8;Arbeitslosenquote nach Schwerpunkten;ARBEITSQUO05;Männer;7,1;Prozent;ERWP10;Arbeitslosenquote bez. auf alle zivile Erwerbsp.
13211;Arbeitsmarktstatistik der Bundesagentur für Arbeit;JAHR;Jahr;2014;KREISE;Kreise und kreisfreie Städte;06636;Werra-Meißner-Kreis;ERWAQ8;Arbeitslosenquote nach Schwerpunkten;ARBEITSQUO07;ausländisch;19,3;Prozent;ERWP10;Arbeitslosenquote bez. auf alle zivile Erwerbsp.
13211;Arbeitsmarktstatistik der Bundesagentur für Arbeit;JAHR;Jahr;2021;KREISE;Kreise und kreisfreie Städte;06533;Limburg-Weilburg, Landkreis;ERWAQ8;Arbeitslosenquote nach Schwerpunkten;ARBEITSQUO09;15 bis unter 25 Jahre;4,2;Prozent;ERWP10;Arbeitslosenquote bez. auf alle zivile Erwerbsp.
13211;Arbeitsmarktstatistik der Bundesagentur für Arbeit;JAHR;Jahr;2019;KREISE;Kreise und kreisfreie Städte;12063;Havelland, Landkreis;ERWAQ8;Arbeitslosenquote nach Schwerpunkten;ARBEITSQUO06;Frauen;4,6;Prozent;ERWP10;Arbeitslosenquote bez. auf alle zivile Erwerbsp.
13211;Arbeitsmarktstatistik der Bundesagentur für Arbeit;JAHR;Jahr;2010;KREISE;Kreise und kreisfreie Städte;12067;Oder-Spree, Landkreis;ERWAQ8;Arbeitslosenquote nach Schwerpunkten;ARBEITSQUO05;Männer;11,5;Prozent;ERWP10;Arbeitslosenquote bez. auf alle zivile Erwerbsp.
13211;Arbeitsmarktstatistik der Bundesagentur für Arbeit;JAHR;Jahr;2017;KREISE;Kreise und kreisfreie Städte;12063;Havelland, Landkreis;ERWAQ8;Arbeitslosenquote nach Schwerpunkten;ARBEITSQUO09;15 bis unter 25 Jahre;8,3;Prozent;ERWP10;Arbeitslosenquote bez. auf alle zivile Erwerbsp.
13211;Arbeitsmarktstatistik der Bundesagentur für Arbeit;JAHR;Jahr;2018;KREISE;Kreise und kreisfreie Städte;12066;Oberspreewald-Lausitz, Landkreis;ERWAQ8;Arbeitslosenquote nach Schwerpunkten;ARBEITSQUO09;15 bis unter 25 Jahre;6,4;Prozent;ERWP10;Arbeitslosenquote bez. auf alle zivile Erwerbsp.
13211;Arbeitsmarktstatistik der Bundesagentur für Arbeit;JAHR;Jahr;2024;KREISE;Kreise und kreisfreie Städte;06636;Werra-Meißner-Kreis;ERWAQ8;Arbeitslosenquote nach Schwerpunkten;ARBEITSQUO06;Frauen;4,9;Prozent;ERWP10;Arbeitslosenquote bez. auf alle zivile Erwerbsp.
13211;Arbeitsmarktstatistik der Bundesagentur für Arbeit;JAHR;Jahr;2024;KREISE;Kreise und kreisfreie Städte;06532;Lahn-Dill-Kreis;ERWAQ8;Arbeitslosenquote nach Schwerpunkten;ARBEITSQUO05;Männer;6,0;Prozent;ERWP10;Arbeitslosenquote bez. auf alle zivile Erwerbsp.
13211;Arbeitsmarktstatistik der Bundesagentur für Arbeit;JAHR;Jahr;2014;KREISE;Kreise und kreisfreie Städte;12063;Havelland, Landkreis;ERWAQ8;Arbeitslosenquote nach Schwerpunkten;ARBEITSQUO05;Männer;8,8;Prozent;ERWP10;Arbeitslosenquote bez. auf alle zivile Erwerbsp.
13211;Arbeitsmarktstatistik der Bundesagentur für Arbeit;JAHR;Jahr;2015;KREISE;Kreise und kreisfreie Städte;06439;Rheingau-Taunus-Kreis;ERWAQ8;Arbeitslosenquote nach Schwerpunkten;ARBEITSQUO06;Frauen;4,3;Prozent;ERWP10;Arbeitslosenquote bez. auf alle zivile Erwerbsp.
13211;Arbeitsmarktstatistik der Bundesagentur für Arbeit;JAHR;Jahr;2015;KREISE;Kreise und kreisfreie Städte;12065;Oberhavel, Landkreis;ERWAQ8;Arbeitslosenquote nach Schwerpunkten;ARBEITSQUO07;ausländisch;14,4;Prozent;ERWP10;Arbeitslosenquote bez. auf alle zivile Erwerbsp.
13211;Arbeitsmarktstatistik der Bundesagentur für Arbeit;JAHR;Jahr;2010;KREISE;Kreise und kreisfreie Städte;06534;Marburg-Biedenkopf, Landkreis;ERWAQ8;Arbeitslosenquote nach Schwerpunkten;ARBEITSQUO07;ausländisch;14,0;Prozent;ERWP10;Arbeitslosenquote bez. auf alle zivile Erwerbsp.
13211;Arbeitsmarktstatistik der Bundesagentur für Arbeit;JAHR;Jahr;2013;KREISE;Kreise und kreisfreie Städte;12064;Märkisch-Oderland, Landkreis;ERWAQ8;Arbeitslosenquote nach Schwerpunkten;ARBEITSQUO06;Frauen;8,6;Prozent;ERWP10;Arbeitslosenquote bez. auf alle zivile Erwerbsp.
13211;Arbeitsmarktstatistik der Bundesagentur für Arbeit;JAHR;Jahr;2018;KREISE;Kreise und kreisfreie Städte;12067;Oder-Spree, Landkreis;ERWAQ8;Arbeitslosenquote nach Schwerpunkten;ARBEITSQUO05;Männer;7,1;Prozent;ERWP10;Arbeitslosenquote bez. auf alle zivile Erwerbsp.
13211;Arbeitsmarktstatistik der Bundesagentur für Arbeit;JAHR;Jahr;2016;KREISE;Kreise und kreisfreie Städte;12067;Oder-Spree, Landkreis;ERWAQ8;Arbeitslosenquote nach Schwerpunkten;ARBEITSQUO09;15 bis unter 25 Jahre;10,9;Prozent;ERWP10;Arbeitslosenquote bez. auf alle zivile Erwerbsp.
13211;Arbeitsmarktstatistik der Bundesagentur für Arbeit;JAHR;Jahr;2021;KREISE;Kreise und kreisfreie Städte;12063;Havelland, Landkreis;ERWAQ8;Arbeitslosenquote nach Schwerpunkten;ARBEITSQUO05;Männer;6,0;Prozent;ERWP10;Arbeitslosenquote bez. auf alle zivile Erwerbsp.
13211;Arbeitsmarktstatistik der Bundesagentur für Arbeit;JAHR;Jahr;2020;KREISE;Kreise und kreisfreie Städte;12063;Havelland, Landkreis;ERWAQ8;Arbeitslosenquote nach Schwerpunkten;ARBEITSQUO09;15 bis unter 25 Jahre;7,8;Prozent;ERWP10;Arbeitslosenquote bez. auf alle zivile Erwerbsp.
13211;Arbeitsmarktstatistik der Bundesagentur für Arbeit;JAHR;Jahr;2012;KREISE;Kreise und kreisfreie Städte;06532;Lahn-Dill-Kreis;ERWAQ8;Arbeitslosenquote nach Schwerpunkten;ARBEITSQUO09;15 bis unter 25 Jahre;5,2;Prozent;ERWP10;Arbeitslosenquote bez. auf alle zivile Erwerbsp.
13211;Arbeitsmarktstatistik der Bundesagentur für Arbeit;JAHR;Jahr;2023;KREISE;Kreise und kreisfreie Städte;12061;Dahme-Spreewald, Landkreis;ERWAQ8;Arbeitslosenquote nach Schwerpunkten;ARBEITSQUO07;ausländisch;11,0;Prozent;ERWP10;Arbeitslosenquote bez. auf alle zivile Erwerbsp.
13211;Arbeitsmarktstatistik der Bundesagentur für Arbeit;JAHR;Jahr;2018;KREISE;Kreise und kreisfreie Städte;06534;Marburg-Biedenkopf, Landkreis;ERWAQ8;Arbeitslosenquote nach Schwerpunkten;ARBEITSQUO07;ausländisch;.;Prozent;ERWP10;Arbeitslosenquote bez. auf alle zivile Erwerbsp.
13211;Arbeitsmarktstatistik der Bundesagentur für Arbeit;JAHR;Jahr;2016;KREISE;Kreise und kreisfreie Städte;06533;Limburg-Weilburg, Landkreis;ERWAQ8;Arbeitslosenquote nach Schwerpunkten;ARBEITSQUO06;Frauen;4,7;Prozent;ERWP10;Arbeitslosenquote bez. auf alle zivile Erwerbsp.
13211;Arbeitsmarktstatistik der Bundesagentur für Arbeit;JAHR;Jahr;2020;KREISE;Kreise und kreisfreie Städte;12064;Märkisch-Oderland, Landkreis;ERWAQ8;Arbeitslosenquote nach Schwerpunkten;ARBEITSQUO06;Frauen;5,2;Prozent;ERWP10;Arbeitslosenquote bez. auf alle zivile Erwerbsp.
13211;Arbeitsmarktstatistik der Bundesagentur für Arbeit;JAHR;Jahr;2017;KREISE;Kreise und kreisfreie Städte;06532;Lahn-Dill-Kreis;ERWAQ8;Arbeitslosenquote nach Schwerpunkten;ARBEITSQUO05;Männer;5,4;Prozent;ERWP10;Arbeitslosenquote bez. auf alle zivile Erwerbsp.
13211;Arbeitsmarktstatistik der Bundesagentur für Arbeit;JAHR;Jahr;2015;KREISE;Kreise und kreisfreie Städte;06636;Werra-Meißner-Kreis;ERWAQ8;Arbeitslosenquote nach Schwerpunkten;ARBEITSQUO09;15 bis unter 25 Jahre;6,7;Prozent;ERWP10;Arbeitslosenquote bez. auf alle zivile Erwerbsp.
13211;Arbeitsmarktstatistik der Bundesagentur für Arbeit;JAHR;Jahr;2018;KREISE;Kreise und kreisfreie Städte;06531;Gießen, Landkreis;ERWAQ8;Arbeitslosenquote nach Schwerpunkten;ARBEITSQUO09;15 bis unter 25 Jahre;4,2;Prozent;ERWP10;Arbeitslosenquote bez. auf alle zivile Erwerbsp.
13211;Arbeitsmarktstatistik der Bundesagentur für Arbeit;JAHR;Jahr;2022;KREISE;Kreise und kreisfreie Städte;06533;Limburg-Weilburg, Landkreis;ERWAQ8;Arbeitslosenquote nach Schwerpunkten;ARBEITSQUO05;Männer;4,3;Prozent;ERWP10;Arbeitslosenquote bez. auf alle zivile Erwerbsp.
13211;Arbeitsmarktstatistik der Bundesagentur für Arbeit;JAHR;Jahr;2023;KREISE;Kreise und kreisfreie Städte;06532;Lahn-Dill-Kreis;ERWAQ8;Arbeitslosenquote nach Schwerpunkten;ARBEITSQUO09;15 bis unter 25 Jahre;5,2;Prozent;ERWP10;Arbeitslosenquote bez. auf alle zivile Erwerbsp.
13211;Arbeitsmarktstatistik der Bundesagentur für Arbeit;JAHR;Jahr;2019;KREISE;Kreise und kreisfreie Städte;06636;Werra-Meißner-Kreis;ERWAQ8;Arbeitslosenquote nach Schwerpunkten;ARBEITSQUO09;15 bis unter 25 Jahre;5,0;Prozent;ERWP10;Arbeitslosenquote bez. auf alle zivile Erwerbsp.
13211;Arbeitsmarktstatistik der Bundesagentur für Arbeit;JAHR;Jahr;2021;KREISE;Kreise und kreisfreie Städte;06636;Werra-Meißner-Kreis;ERWAQ8;Arbeitslosenquote nach Schwerpunkten;ARBEITSQUO07;ausländisch;16,1;Prozent;ERWP10;Arbeitslosenquote bez. auf alle zivile Erwerbsp.
13211;Arbeitsmarktstatistik der Bundesagentur für Arbeit;JAHR;Jahr;2011;KREISE;Kreise und kreisfreie Städte;12067;Oder-Spree, Landkreis;ERWAQ8;Arbeitslosenquote nach Schwerpunkten;ARBEITSQUO07;ausländisch;27,0;Prozent;ERWP10;Arbeitslosenquote bez. auf alle zivile Erwerbsp.
13211;Arbeitsmarktstatistik der Bundesagentur für Arbeit;JAHR;Jahr;2025;KREISE;Kreise und kreisfreie Städte;06636;Werra-Meißner-Kreis;ERWAQ8;Arbeitslosenquote nach Schwerpunkten;ARBEITSQUO07;ausländisch;17,0;Prozent;ERWP10;Arbeitslosenquote bez. auf alle zivile Erwerbsp.
13211;Arbeitsmarktstatistik der Bundesagentur für Arbeit;JAHR;Jahr;2011;KREISE;Kreise und kreisfreie Städte;12063;Havelland, Landkreis;ERWAQ8;Arbeitslosenquote nach Schwerpunkten;ARBEITSQUO06;Frauen;9,0;Prozent;ERWP10;Arbeitslosenquote bez. auf alle zivile Erwerbsp.
13211;Arbeitsmarktstatistik der Bundesagentur für Arbeit;JAHR;Jahr;2016;KREISE;Kreise und kreisfreie Städte;06439;Rheingau-Taunus-Kreis;ERWAQ8;Arbeitslosenquote nach Schwerpunkten;ARBEITSQUO07;ausländisch;13,7;Prozent;ERWP10;Arbeitslosenquote bez. auf alle zivile Erwerbsp.
13211;Arbeitsmarktstatistik der Bundesagentur für Arbeit;JAHR;Jahr;2015;KREISE;Kreise und kreisfreie Städte;12063;Havelland, Landkreis;ERWAQ8;Arbeitslosenquote nach Schwerpunkten;ARBEITSQUO06;Frauen;7,4;Prozent;ERWP10;Arbeitslosenquote bez. auf alle zivile Erwerbsp.
13211;Arbeitsmarktstatistik der Bundesagentur für Arbeit;JAHR;Jahr;2010;KREISE;Kreise und kreisfreie Städte;06532;Lahn-Dill-Kreis;ERWAQ8;Arbeitslosenquote nach Schwerpunkten;ARBEITSQUO06;Frauen;7,0;Prozent;ERWP10;Arbeitslosenquote bez. auf alle zivile Erwerbsp.
13211;Arbeitsmarktstatistik der Bundesagentur für Arbeit;JAHR;Jahr;2012;KREISE;Kreise und kreisfreie Städte;12066;Oberspreewald-Lausitz, Landkreis;ERWAQ8;Arbeitslosenquote nach Schwerpunkten;ARBEITSQUO05;Männer;13,7;Prozent;ERWP10;Arbeitslosenquote bez. auf alle zivile Erwerbsp.
13211;Arbeitsmarktstatistik der Bundesagentur für Arbeit;JAHR;Jahr;2012;KREISE;Kreise und kreisfreie Städte;06439;Rheingau-Taunus-Kreis;ERWAQ8;Arbeitslosenquote nach Schwerpunkten;ARBEITSQUO07;ausländisch;12,0;Prozent;ERWP10;Arbeitslosenquote bez. auf alle zivile Erwerbsp.
13211;Arbeitsmarktstatistik der Bundesagentur für Arbeit;JAHR;Jahr;2010;KREISE;Kreise und kreisfreie Städte;06531;Gießen, Landkreis;ERWAQ8;Arbeitslosenquote nach Schwerpunkten;ARBEITSQUO09;15 bis unter 25 Jahre;6,1;Prozent;ERWP10;Arbeitslosenquote bez. auf alle zivile Erwerbsp.
13211;Arbeitsmarktstatistik der Bundesagentur für Arbeit;JAHR;Jahr;2017;KREISE;Kreise und kreisfreie Städte;06439;Rheingau-Taunus-Kreis;ERWAQ8;Arbeitslosenquote nach Schwerpunkten;ARBEITSQUO09;15 bis unter 25 Jahre;4,7;Prozent;ERWP10;Arbeitslosenquote bez. auf alle zivile Erwerbsp.
13211;Arbeitsmarktstatistik der Bundesagentur für Arbeit;JAHR;Jahr;2016;KREISE;Kreise und kreisfreie Städte;12066;Oberspreewald-Lausitz, Landkreis;ERWAQ8;Arbeitslosenquote nach Schwerpunkten;ARBEITSQUO05;Männer;10,7;Prozent;ERWP10;Arbeitslosenquote bez. auf alle zivile Erwerbsp.
13211;Arbeitsmarktstatistik der Bundesagentur für Arbeit;JAHR;Jahr;2013;KREISE;Kreise und kreisfreie Städte;06439;Rheingau-Taunus-Kreis;ERWAQ8;Arbeitslosenquote nach Schwerpunkten;ARBEITSQUO09;15 bis unter 25 Jahre;3,3;Prozent;ERWP10;Arbeitslosenquote bez. auf alle zivile Erwerbsp.
13211;Arbeitsmarktstatistik der Bundesagentur für Arbeit;JAHR;Jahr;2015;KREISE;Kreise und kreisfreie Städte;06535;Vogelsbergkreis;ERWAQ8;Arbeitslosenquote nach Schwerpunkten;ARBEITSQUO05;Männer;4,3;Prozent;ERWP10;Arbeitslosenquote bez. auf alle zivile Erwerbsp.
13211;Arbeitsmarktstatistik der Bundesagentur für Arbeit;JAHR;Jahr;2014;KREISE;Kreise und kreisfreie Städte;06532;Lahn-Dill-Kreis;ERWAQ8;Arbeitslosenquote nach Schwerpunkten;ARBEITSQUO06;Frauen;6,2;Prozent;ERWP10;Arbeitslosenquote bez. auf alle zivile Erwerbsp.
13211;Arbeitsmarktstatistik der Bundesagentur für Arbeit;JAHR;Jahr;2014;KREISE;Kreise und kreisfreie Städte;06531;Gießen, Landkreis;ERWAQ8;Arbeitslosenquote nach Schwerpunkten;ARBEITSQUO09;15 bis unter 25 Jahre;5,9;Prozent;ERWP10;Arbeitslosenquote bez. auf alle zivile Erwerbsp.
13211;Arbeitsmarktstatistik der Bundesagentur für Arbeit;JAHR;Jahr;2023;KREISE;Kreise und kreisfreie Städte;12064;Märkisch-Oderland, Landkreis;ERWAQ8;Arbeitslosenquote nach Schwerpunkten;ARBEITSQUO05;Männer;5,9;Prozent;ERWP10;Arbeitslosenquote bez. auf alle zivile Erwerbsp.
13211;Arbeitsmarktstatistik der Bundesagentur für Arbeit;JAHR;Jahr;2022;KREISE;Kreise und kreisfreie Städte;12061;Dahme-Spreewald, Landkreis;ERWAQ8;Arbeitslosenquote nach Schwerpunkten;ARBEITSQUO06;Frauen;3,4;Prozent;ERWP10;Arbeitslosenquote bez. auf alle zivile Erwerbsp.
13211;Arbeitsmarktstatistik der Bundesagentur für Arbeit;JAHR;Jahr;2011;KREISE;Kreise und kreisfreie Städte;06535;Vogelsbergkreis;ERWAQ8;Arbeitslosenquote nach Schwerpunkten;ARBEITSQUO05;Männer;5,1;Prozent;ERWP10;Arbeitslosenquote bez. auf alle zivile Erwerbsp.
13211;Arbeitsmarktstatistik der Bundesagentur für Arbeit;JAHR;Jahr;2018;KREISE;Kreise und kreisfreie Städte;06532;Lahn-Dill-Kreis;ERWAQ8;Arbeitslosenquote nach Schwerpunkten;ARBEITSQUO06;Frauen;5,1;Prozent;ERWP10;Arbeitslosenquote bez. auf alle zivile Erwerbsp.
13211;Arbeitsmarktstatistik der Bundesagentur für Arbeit;JAHR;Jahr;2015;KREISE;Kreise und kreisfreie Städte;06633;Kassel, Landkreis;ERWAQ8;Arbeitslosenquote nach Schwerpunkten;ARBEITSQUO05;Männer;4,8;Prozent;ERWP10;Arbeitslosenquote bez. auf alle zivile Erwerbsp.
13211;Arbeitsmarktstatistik der Bundesagentur für Arbeit;JAHR;Jahr;2020;KREISE;Kreise und kreisfreie Städte;06534;Marburg-Biedenkopf, Landkreis;ERWAQ8;Arbeitslosenquote nach Schwerpunkten;ARBEITSQUO05;Männer;4,8;Prozent;ERWP10;Arbeitslosenquote bez. auf alle zivile Erwerbsp.
13211;Arbeitsmarktstatistik der Bundesagentur für Arbeit;JAHR;Jahr;2019;KREISE;Kreise und kreisfreie Städte;06535;Vogelsbergkreis;ERWAQ8;Arbeitslosenquote nach Schwerpunkten;ARBEITSQUO05;Männer;3,9;Prozent;ERWP10;Arbeitslosenquote bez. auf alle zivile Erwerbsp.
13211;Arbeitsmarktstatistik der Bundesagentur für Arbeit;JAHR;Jahr;2025;KREISE;Kreise und kreisfreie Städte;12065;Oberhavel, Landkreis;ERWAQ8;Arbeitslosenquote nach Schwerpunkten;ARBEITSQUO05;Männer;5,7;Prozent;ERWP10;Arbeitslosenquote bez. auf alle zivile Erwerbsp.
13211;Arbeitsmarktstatistik der Bundesagentur für Arbeit;JAHR;Jahr;2023;KREISE;Kreise und kreisfreie Städte;06531;Gießen, Landkreis;ERWAQ8;Arbeitslosenquote nach Schwerpunkten;ARBEITSQUO06;Frauen;5,2;Prozent;ERWP10;Arbeitslosenquote bez. auf alle zivile Erwerbsp.
13211;Arbeitsmarktstatistik der Bundesagentur für Arbeit;JAHR;Jahr;2011;KREISE;Kreise und kreisfreie Städte;06633;Kassel, Landkreis;ERWAQ8;Arbeitslosenquote nach Schwerpunkten;ARBEITSQUO05;Männer;4,8;Prozent;ERWP10;Arbeitslosenquote bez. auf alle zivile Erwerbsp.
13211;Arbeitsmarktstatistik der Bundesagentur für Arbeit;JAHR;Jahr;2021;KREISE;Kreise und kreisfreie Städte;06531;Gießen, Landkreis;ERWAQ8;Arbeitslosenquote nach Schwerpunkten;ARBEITSQUO09;15 bis unter 25 Jahre;4,1;Prozent;ERWP10;Arbeitslosenquote bez. auf alle zivile Erwerbsp.
13211;Arbeitsmarktstatistik der Bundesagentur für Arbeit;JAHR;Jahr;2023;KREISE;Kreise und kreisfreie Städte;06439;Rheingau-Taunus-Kreis;ERWAQ8;Arbeitslosenquote nach Schwerpunkten;ARBEITSQUO07;ausländisch;18,1;Prozent;ERWP10;Arbeitslosenquote bez. auf alle zivile Erwerbsp.
13211;Arbeitsmarktstatistik der Bundesagentur für Arbeit;JAHR;Jahr;2019;KREISE;Kreise und kreisfreie Städte;06633;Kassel, Landkreis;ERWAQ8;Arbeitslosenquote nach Schwerpunkten;ARBEITSQUO05;Männer;3,8;Prozent;ERWP10;Arbeitslosenquote bez. auf alle zivile Erwerbsp.
13211;Arbeitsmarktstatistik der Bundesagentur für Arbeit;JAHR;Jahr;2025;KREISE;Kreise und kreisfreie Städte;06531;Gießen, Landkreis;ERWAQ8;Arbeitslosenquote nach Schwerpunkten;ARBEITSQUO09;15 bis unter 25 Jahre;4,7;Prozent;ERWP10;Arbeitslosenquote bez. auf alle zivile Erwerbsp.
13211;Arbeitsmarktstatistik der Bundesagentur für Arbeit;JAHR;Jahr;2017;KREISE;Kreise und kreisfreie Städte;12061;Dahme-Spreewald, Landkreis;ERWAQ8;Arbeitslosenquote nach Schwerpunkten;ARBEITSQUO09;15 bis unter 25 Jahre;2,2;Prozent;ERWP10;Arbeitslosenquote bez. auf alle zivile Erwerbsp.
13211;Arbeitsmarktstatistik der Bundesagentur für Arbeit;JAHR;Jahr;2019;KREISE;Kreise und kreisfreie Städte;12061;Dahme-Spreewald, Landkreis;ERWAQ8;Arbeitslosenquote nach Schwerpunkten;ARBEITSQUO06;Frauen;3,3;Prozent;ERWP10;Arbeitslosenquote bez. auf alle zivile Erwerbsp.
13211;Arbeitsmarktstatistik der Bundesagentur für Arbeit;JAHR;Jahr;2022;KREISE;Kreise und kreisfreie Städte;06636;Werra-Meißner-Kreis;ERWAQ8;Arbeitslosenquote nach Schwerpunkten;ARBEITSQUO09;15 bis unter 25 Jahre;5,6;Prozent;ERWP10;Arbeitslosenquote bez. auf alle zivile Erwerbsp.
13211;Arbeitsmarktstatistik der Bundesagentur für Arbeit;JAHR;Jahr;2010;KREISE;Kreise und kreisfreie Städte;12065;Oberhavel, Landkreis;ERWAQ8;Arbeitslosenquote nach Schwerpunkten;ARBEITSQUO05;Männer;10,8;Prozent;ERWP10;Arbeitslosenquote bez. auf alle zivile Erwerbsp.
13211;Arbeitsmarktstatistik der Bundesagentur für Arbeit;JAHR;Jahr;2024;KREISE;Kreise und kreisfreie Städte;06534;Marburg-Biedenkopf, Landkreis;ERWAQ8;Arbeitslosenquote nach Schwerpunkten;ARBEITSQUO05;Männer;4,9;Prozent;ERWP10;Arbeitslosenquote bez. auf alle zivile Erwerbsp.
13211;Arbeitsmarktstatistik der Bundesagentur für Arbeit;JAHR;Jahr;2013;KREISE;Kreise und kreisfreie Städte;12061;Dahme-Spreewald, Landkreis;ERWAQ8;Arbeitslosenquote nach Schwerpunkten;ARBEITSQUO09;15 bis unter 25 Jahre;6,2;Prozent;ERWP10;Arbeitslosenquote bez. auf alle zivile Erwerbsp.
13211;Arbeitsmarktstatistik der Bundesagentur für Arbeit;JAHR;Jahr;2014;KREISE;Kreise und kreisfreie Städte;12065;Oberhavel, Landkreis;ERWAQ8;Arbeitslosenquote nach Schwerpunkten;ARBEITSQUO05;Männer;8,6;Prozent;ERWP10;Arbeitslosenquote bez. auf alle zivile Erwerbsp.
13211;Arbeitsmarktstatistik der Bundesagentur für Arbeit;JAHR;Jahr;2015;KREISE;Kreise und kreisfreie Städte;12067;Oder-Spree, Landkreis;ERWAQ8;Arbeitslosenquote nach Schwerpunkten;ARBEITSQUO07;ausländisch;27,4;Prozent;ERWP10;Arbeitslosenquote bez. auf alle zivile Erwerbsp.
13211;Arbeitsmarktstatistik der Bundesagentur für Arbeit;JAHR;Jahr;2018;KREISE;Kreise und kreisfreie Städte;12065;Oberhavel, Landkreis;ERWAQ8;Arbeitslosenquote nach Schwerpunkten;ARBEITSQUO05;Männer;5,9;Prozent;ERWP10;Arbeitslosenquote bez. auf alle zivile Erwerbsp.
13211;Arbeitsmarktstatistik der Bundesagentur für Arbeit;JAHR;Jahr;2019;KREISE;Kreise und kreisfreie Städte;12067;Oder-Spree, Landkreis;ERWAQ8;Arbeitslosenquote nach Schwerpunkten;ARBEITSQUO07;ausländisch;24,8;Prozent;ERWP10;Arbeitslosenquote bez. auf alle zivile Erwerbsp.
13211;Arbeitsmarktstatistik der Bundesagentur für Arbeit;JAHR;Jahr;2021;KREISE;Kreise und kreisfreie Städte;12065;Oberhavel, Landkreis;ERWAQ8;Arbeitslosenquote nach Schwerpunkten;ARBEITSQUO05;Männer;5,5;Prozent;ERWP10;Arbeitslosenquote bez. auf alle zivile Erwerbsp.
13211;Arbeitsmarktstatistik der Bundesagentur für Arbeit;JAHR;Jahr;2022;KREISE;Kreise und kreisfreie Städte;12067;Oder-Spree, Landkreis;ERWAQ8;Arbeitslosenquote nach Schwerpunkten;ARBEITSQUO07;ausländisch;23,8;Prozent;ERWP10;Arbeitslosenquote bez. auf alle zivile Erwerbsp.
13211;Arbeitsmarktstatistik der Bundesagentur für Arbeit;JAHR;Jahr;2011;KREISE;Kreise und kreisfreie Städte;06636;Werra-Meißner-Kreis;ERWAQ8;Arbeitslosenquote nach Schwerpunkten;ARBEITSQUO09;15 bis unter 25 Jahre;6,6;Prozent;ERWP10;Arbeitslosenquote bez. auf alle zivile Erwerbsp.
13211;Arbeitsmarktstatistik der Bundesagentur für Arbeit;JAHR;Jahr;2012;KREISE;Kreise und kreisfreie Städte;06531;Gießen, Landkreis;ERWAQ8;Arbeitslosenquote nach Schwerpunkten;ARBEITSQUO06;Frauen;6,7;Prozent;ERWP10;Arbeitslosenquote bez. auf alle zivile Erwerbsp.
13211;Arbeitsmarktstatistik der Bundesagentur für Arbeit;JAHR;Jahr;2020;KREISE;Kreise und kreisfreie Städte;12061;Dahme-Spreewald, Landkreis;ERWAQ8;Arbeitslosenquote nach Schwerpunkten;ARBEITSQUO09;15 bis unter 25 Jahre;3,0;Prozent;ERWP10;Arbeitslosenquote bez. auf alle zivile Erwerbsp.
13211;Arbeitsmarktstatistik der Bundesagentur für Arbeit;JAHR;Jahr;2016;KREISE;Kreise und kreisfreie Städte;06531;Gießen, Landkreis;ERWAQ8;Arbeitslosenquote nach Schwerpunkten;ARBEITSQUO06;Frauen;5,8;Prozent;ERWP10;Arbeitslosenquote bez. auf alle zivile Erwerbsp.
13211;Arbeitsmarktstatistik der Bundesagentur für Arbeit;JAHR;Jahr;2017;KREISE;Kreise und kreisfreie Städte;06534;Marburg-Biedenkopf, Landkreis;ERWAQ8;Arbeitslosenquote nach Schwerpunkten;ARBEITSQUO05;Männer;4,0;Prozent;ERWP10;Arbeitslosenquote bez. auf alle zivile Erwerbsp.
13211;Arbeitsmarktstatistik der Bundesagentur für Arbeit;JAHR;Jahr;2013;KREISE;Kreise und kreisfreie Städte;06534;Marburg-Biedenkopf, Landkreis;ERWAQ8;Arbeitslosenquote nach Schwerpunkten;ARBEITSQUO05;Männer;4,6;Prozent;ERWP10;Arbeitslosenquote bez. auf alle zivile Erwerbsp.
