statistics_code;statistics_label;time_code;time_label;time;1_variable_code;1_variable_label;1_variable_attribute_code;1_variable_attribute_label;2_variable_code;2_variable_label;2_variable_attribute_code;2_variable_attribute_label;value;value_unit;value_variable_code;value_variable_label
32221;Erhebung der nichtöffentlichen Wasserversorgung und Abwasserentsorgung;JAHR;Jahr;2010;KREISE;Kreise und kreisfreie Städte;06439;Rheingau-Taunus-Kreis;WASBZ1;Wasserentnahme und -bezug;WASBZ102;Fremdbezug von Wasser;293;1000 cbm;WAS001;Wasseraufkommen
32221;Erhebung der nichtöffentlichen Wasserversorgung und Abwasserentsorgung;JAHR;Jahr;2010;KREISE;Kreise und kreisfreie Städte;12067;Oder-Spree, Landkreis;WASBZ1;Wasserentnahme und -bezug;WASBZ102;Fremdbezug von Wasser;1082;1000 cbm;WAS001;Wasseraufkommen
32221;Erhebung der nichtöffentlichen Wasserversorgung und Abwasserentsorgung;JAHR;Jahr;2019;KREISE;Kreise und kreisfreie Städte;06633;Kassel, Landkreis;WASBZ1;Wasserentnahme und -bezug;WASBZ102;Fremdbezug von Wasser;130;1000 cbm;WAS001;Wasseraufkommen
32221;Erhebung der nichtöffentlichen Wasserversorgung und Abwasserentsorgung;JAHR;Jahr;2010;KREISE;Kreise und kreisfreie Städte;12061;Dahme-Spreewald, Landkreis;WASBZ1;Wasserentnahme und -bezug;WASBZ102;Fremdbezug von Wasser;981;1000 cbm;WAS001;Wasseraufkommen
32221;Erhebung der nichtöffentlichen Wasserversorgung und Abwasserentsorgung;JAHR;Jahr;2010;KREISE;Kreise und kreisfreie Städte;12065;Oberhavel, Landkreis;WASBZ1;Wasserentnahme und -bezug;WASBZ102;Fremdbezug von Wasser;384;1000 cbm;WAS001;Wasseraufkommen
32221;Erhebung der nichtöffentlichen Wasserversorgung und Abwasserentsorgung;JAHR;Jahr;2022;KREISE;Kreise und kreisfreie Städte;06636;Werra-Meißner-Kreis;WASBZ1;Wasserentnahme und -bezug;WASBZ102;Fremdbezug von Wasser;358;1000 cbm;WAS001;Wasseraufkommen
32221;Erhebung der nichtöffentlichen Wasserversorgung und Abwasserentsorgung;JAHR;Jahr;2010;KREISE;Kreise und kreisfreie Städte;12063;Havelland, Landkreis;WASBZ1;Wasserentnahme und -bezug;WASBZ102;Fremdbezug von Wasser;4813;1000 cbm;WAS001;Wasseraufkommen
32221;Erhebung der nichtöffentlichen Wasserversorgung und Abwasserentsorgung;JAHR;Jahr;2019;KREISE;Kreise und kreisfreie Städte;06531;Gießen, Landkreis;WASBZ1;Wasserentnahme und -bezug;WASBZ102;Fremdbezug von Wasser;785;1000 cbm;WAS001;Wasseraufkommen
32221;Erhebung der nichtöffentlichen Wasserversorgung und Abwasserentsorgung;JAHR;Jahr;2013;KREISE;Kreise und kreisfreie Städte;12064;Märkisch-Oderland, Landkreis;WASBZ1;Wasserentnahme und -bezug;WASBZ102;Fremdbezug von Wasser;144;1000 cbm;WAS001;Wasseraufkommen
32221;Erhebung der nichtöffentlichen Wasserversorgung und Abwasserentsorgung;JAHR;Jahr;2019;KREISE;Kreise und kreisfreie Städte;06533;Limburg-Weilburg, Landkreis;WASBZ1;Wasserentnahme und -bezug;WASBZ102;Fremdbezug von Wasser;330;1000 cbm;WAS001;Wasseraufkommen
32221;Erhebung der nichtöffentlichen Wasserversorgung und Abwasserentsorgung;JAHR;Jahr;2013;KREISE;Kreise und kreisfreie Städte;12066;Oberspreewald-Lausitz, Landkreis;WASBZ1;Wasserentnahme und -bezug;WASBZ102;Fremdbezug von Wasser;457;1000 cbm;WAS001;Wasseraufkommen
32221;Erhebung der nichtöffentlichen Wasserversorgung und Abwasserentsorgung;JAHR;Jahr;2016;KREISE;Kreise und kreisfreie Städte;12065;Oberhavel, Landkreis;WASBZ1;Wasserentnahme und -bezug;WASBZ102;Fremdbezug von Wasser;407;1000 cbm;WAS001;Wasseraufkommen
32221;Erhebung der nichtöffentlichen Wasserversorgung und Abwasserentsorgung;JAHR;Jahr;2010;KREISE;Kreise und kreisfreie Städte;06535;Vogelsbergkreis;WASBZ1;Wasserentnahme und -bezug;WASBZ102;Fremdbezug von Wasser;11;1000 cbm;WAS001;Wasseraufkommen
32221;Erhebung der nichtöffentlichen Wasserversorgung und Abwasserentsorgung;JAHR;Jahr;2016;KREISE;Kreise und kreisfreie Städte;12067;Oder-Spree, Landkreis;WASBZ1;Wasserentnahme und -bezug;WASBZ102;Fremdbezug von Wasser;6135;1000 cbm;WAS001;Wasseraufkommen
32221;Erhebung der nichtöffentlichen Wasserversorgung und Abwasserentsorgung;JAHR;Jahr;2010;KREISE;Kreise und kreisfreie Städte;06531;Gießen, Landkreis;WASBZ1;Wasserentnahme und -bezug;WASBZ102;Fremdbezug von Wasser;478;1000 cbm;WAS001;Wasseraufkommen
32221;Erhebung der nichtöffentlichen Wasserversorgung und Abwasserentsorgung;JAHR;Jahr;2010;KREISE;Kreise und kreisfreie Städte;06533;Limburg-Weilburg, Landkreis;WASBZ1;Wasserentnahme und -bezug;WASBZ102;Fremdbezug von Wasser;212;1000 cbm;WAS001;Wasseraufkommen
32221;Erhebung der nichtöffentlichen Wasserversorgung und Abwasserentsorgung;JAHR;Jahr;2016;KREISE;Kreise und kreisfreie Städte;06439;Rheingau-Taunus-Kreis;WASBZ1;Wasserentnahme und -bezug;WASBZ102;Fremdbezug von Wasser;298;1000 cbm;WAS001;Wasseraufkommen
32221;Erhebung der nichtöffentlichen Wasserversorgung und Abwasserentsorgung;JAHR;Jahr;2019;KREISE;Kreise und kreisfreie Städte;12063;Havelland, Landkreis;WASBZ1;Wasserentnahme und -bezug;WASBZ102;Fremdbezug von Wasser;5312;1000 cbm;WAS001;Wasseraufkommen
32221;Erhebung der nichtöffentlichen Wasserversorgung und Abwasserentsorgung;JAHR;Jahr;2022;KREISE;Kreise und kreisfreie Städte;06439;Rheingau-Taunus-Kreis;WASBZ1;Wasserentnahme und -bezug;WASBZ102;Fremdbezug von Wasser;425;1000 cbm;WAS001;Wasseraufkommen
32221;Erhebung der nichtöffentlichen Wasserversorgung und Abwasserentsorgung;JAHR;Jahr;2013;KREISE;Kreise und kreisfreie Städte;06531;Gießen, Landkreis;WASBZ1;Wasserentnahme und -bezug;WASBZ102;Fremdbezug von Wasser;789;1000 cbm;WAS001;Wasseraufkommen
32221;Erhebung der nichtöffentlichen Wasserversorgung und Abwasserentsorgung;JAHR;Jahr;2022;KREISE;Kreise und kreisfreie Städte;12066;Oberspreewald-Lausitz, Landkreis;WASBZ1;Wasserentnahme und -bezug;WASBZ102;Fremdbezug von Wasser;1652;1000 cbm;WAS001;Wasseraufkommen
32221;Erhebung der nichtöffentlichen Wasserversorgung und Abwasserentsorgung;JAHR;Jahr;2019;KREISE;Kreise und kreisfreie Städte;12061;Dahme-Spreewald, Landkreis;WASBZ1;Wasserentnahme und -bezug;WASBZ102;Fremdbezug von Wasser;760;1000 cbm;WAS001;Wasseraufkommen
32221;Erhebung der nichtöffentlichen Wasserversorgung und Abwasserentsorgung;JAHR;Jahr;2010;KREISE;Kreise und kreisfreie Städte;06633;Kassel, Landkreis;WASBZ1;Wasserentnahme und -bezug;WASBZ102;Fremdbezug von Wasser;234;1000 cbm;WAS001;Wasseraufkommen
32221;Erhebung der nichtöffentlichen Wasserversorgung und Abwasserentsorgung;JAHR;Jahr;2022;KREISE;Kreise und kreisfreie Städte;12064;Märkisch-Oderland, Landkreis;WASBZ1;Wasserentnahme und -bezug;WASBZ102;Fremdbezug von Wasser;85;1000 cbm;WAS001;Wasseraufkommen
32221;Erhebung der nichtöffentlichen Wasserversorgung und Abwasserentsorgung;JAHR;Jahr;2019;KREISE;Kreise und kreisfreie Städte;12067;Oder-Spree, Landkreis;WASBZ1;Wasserentnahme und -bezug;WASBZ102;Fremdbezug von Wasser;6441;1000 cbm;WAS001;Wasseraufkommen
32221;Erhebung der nichtöffentlichen Wasserversorgung und Abwasserentsorgung;JAHR;Jahr;2016;KREISE;Kreise und kreisfreie Städte;06535;Vogelsbergkreis;WASBZ1;Wasserentnahme und -bezug;WASBZ102;Fremdbezug von Wasser;121;1000 cbm;WAS001;Wasseraufkommen
32221;Erhebung der nichtöffentlichen Wasserversorgung und Abwasserentsorgung;JAHR;Jahr;2013;KREISE;Kreise und kreisfreie Städte;06535;Vogelsbergkreis;WASBZ1;Wasserentnahme und -bezug;WASBZ102;Fremdbezug von Wasser;119;1000 cbm;WAS001;Wasseraufkommen
32221;Erhebung der nichtöffentlichen Wasserversorgung und Abwasserentsorgung;JAHR;Jahr;2013;KREISE;Kreise und kreisfreie Städte;06533;Limburg-Weilburg, Landkreis;WASBZ1;Wasserentnahme und -bezug;WASBZ102;Fremdbezug von Wasser;272;1000 cbm;WAS001;Wasseraufkommen
32221;Erhebung der nichtöffentlichen Wasserversorgung und Abwasserentsorgung;JAHR;Jahr;2019;KREISE;Kreise und kreisfreie Städte;12065;Oberhavel, Landkreis;WASBZ1;Wasserentnahme und -bezug;WASBZ102;Fremdbezug von Wasser;516;1000 cbm;WAS001;Wasseraufkommen
32221;Erhebung der nichtöffentlichen Wasserversorgung und Abwasserentsorgung;JAHR;Jahr;2016;KREISE;Kreise und kreisfreie Städte;06533;Limburg-Weilburg, Landkreis;WASBZ1;Wasserentnahme und -bezug;WASBZ102;Fremdbezug von Wasser;365;1000 cbm;WAS001;Wasseraufkommen
32221;Erhebung der nichtöffentlichen Wasserversorgung und Abwasserentsorgung;JAHR;Jahr;2016;KREISE;Kreise und kreisfreie Städte;12061;Dahme-Spreewald, Landkreis;WASBZ1;Wasserentnahme und -bezug;WASBZ102;Fremdbezug von Wasser;769;1000 cbm;WAS001;Wasseraufkommen
32221;Erhebung der nichtöffentlichen Wasserversorgung und Abwasserentsorgung;JAHR;Jahr;2016;KREISE;Kreise und kreisfreie Städte;12063;Havelland, Landkreis;WASBZ1;Wasserentnahme und -bezug;WASBZ102;Fremdbezug von Wasser;520;1000 cbm;WAS001;Wasseraufkommen
32221;Erhebung der nichtöffentlichen Wasserversorgung und Abwasserentsorgung;JAHR;Jahr;2019;KREISE;Kreise und kreisfreie Städte;06535;Vogelsbergkreis;WASBZ1;Wasserentnahme und -bezug;WASBZ102;Fremdbezug von Wasser;153;1000 cbm;WAS001;Wasseraufkommen
32221;Erhebung der nichtöffentlichen Wasserversorgung und Abwasserentsorgung;JAHR;Jahr;2013;KREISE;Kreise und kreisfreie Städte;12061;Dahme-Spreewald, Landkreis;WASBZ1;Wasserentnahme und -bezug;WASBZ102;Fremdbezug von Wasser;751;1000 cbm;WAS001;Wasseraufkommen
32221;Erhebung der nichtöffentlichen Wasserversorgung und Abwasserentsorgung;JAHR;Jahr;2022;KREISE;Kreise und kreisfreie Städte;06535;Vogelsbergkreis;WASBZ1;Wasserentnahme und -bezug;WASBZ102;Fremdbezug von Wasser;141;1000 cbm;WAS001;Wasseraufkommen
32221;Erhebung der nichtöffentlichen Wasserversorgung und Abwasserentsorgung;JAHR;Jahr;2013;KREISE;Kreise und kreisfreie Städte;06633;Kassel, Landkreis;WASBZ1;Wasserentnahme und -bezug;WASBZ102;Fremdbezug von Wasser;568;1000 cbm;WAS001;Wasseraufkommen
32221;Erhebung der nichtöffentlichen Wasserversorgung und Abwasserentsorgung;JAHR;Jahr;2016;KREISE;Kreise und kreisfreie Städte;06633;Kassel, Landkreis;WASBZ1;Wasserentnahme und -bezug;WASBZ102;Fremdbezug von Wasser;164;1000 cbm;WAS001;Wasseraufkommen
32221;Erhebung der nichtöffentlichen Wasserversorgung und Abwasserentsorgung;JAHR;Jahr;2022;KREISE;Kreise und kreisfreie Städte;06531;Gießen, Landkreis;WASBZ1;Wasserentnahme und -bezug;WASBZ102;Fremdbezug von Wasser;794;1000 cbm;WAS001;Wasseraufkommen
32221;Erhebung der nichtöffentlichen Wasserversorgung und Abwasserentsorgung;JAHR;Jahr;2022;KREISE;Kreise und kreisfreie Städte;06533;Limburg-Weilburg, Landkreis;WASBZ1;Wasserentnahme und -bezug;WASBZ102;Fremdbezug von Wasser;372;1000 cbm;WAS001;Wasseraufkommen
32221;Erhebung der nichtöffentlichen Wasserversorgung und Abwasserentsorgung;JAHR;Jahr;2022;KREISE;Kreise und kreisfreie Städte;06633;Kassel, Landkreis;WASBZ1;Wasserentnahme und -bezug;WASBZ102;Fremdbezug von Wasser;134;1000 cbm;WAS001;Wasseraufkommen
32221;Erhebung der nichtöffentlichen Wasserversorgung und Abwasserentsorgung;JAHR;Jahr;2010;KREISE;Kreise und kreisfreie Städte;12066;Oberspreewald-Lausitz, Landkreis;WASBZ1;Wasserentnahme und -bezug;WASBZ102;Fremdbezug von Wasser;541;1000 cbm;WAS001;Wasseraufkommen
32221;Erhebung der nichtöffentlichen Wasserversorgung und Abwasserentsorgung;JAHR;Jahr;2010;KREISE;Kreise und kreisfreie Städte;12064;Märkisch-Oderland, Landkreis;WASBZ1;Wasserentnahme und -bezug;WASBZ102;Fremdbezug von Wasser;139;1000 cbm;WAS001;Wasseraufkommen
32221;Erhebung der nichtöffentlichen Wasserversorgung und Abwasserentsorgung;JAHR;Jahr;2019;KREISE;Kreise und kreisfreie Städte;06532;Lahn-Dill-Kreis;WASBZ1;Wasserentnahme und -bezug;WASBZ102;Fremdbezug von Wasser;458;1000 cbm;WAS001;Wasseraufkommen
32221;Erhebung der nichtöffentlichen Wasserversorgung und Abwasserentsorgung;JAHR;Jahr;2013;KREISE;Kreise und kreisfreie Städte;12063;Havelland, Landkreis;WASBZ1;Wasserentnahme und -bezug;WASBZ102;Fremdbezug von Wasser;3254;1000 cbm;WAS001;Wasseraufkommen
32221;Erhebung der nichtöffentlichen Wasserversorgung und Abwasserentsorgung;JAHR;Jahr;2019;KREISE;Kreise und kreisfreie Städte;06534;Marburg-Biedenkopf, Landkreis;WASBZ1;Wasserentnahme und -bezug;WASBZ102;Fremdbezug von Wasser;3836;1000 cbm;WAS001;Wasseraufkommen
32221;Erhebung der nichtöffentlichen Wasserversorgung und Abwasserentsorgung;JAHR;Jahr;2013;KREISE;Kreise und kreisfreie Städte;12065;Oberhavel, Landkreis;WASBZ1;Wasserentnahme und -bezug;WASBZ102;Fremdbezug von Wasser;497;1000 cbm;WAS001;Wasseraufkommen
32221;Erhebung der nichtöffentlichen Wasserversorgung und Abwasserentsorgung;JAHR;Jahr;2016;KREISE;Kreise und kreisfreie Städte;12066;Oberspreewald-Lausitz, Landkreis;WASBZ1;Wasserentnahme und -bezug;WASBZ102;Fremdbezug von Wasser;456;1000 cbm;WAS001;Wasseraufkommen
32221;Erhebung der nichtöffentlichen Wasserversorgung und Abwasserentsorgung;JAHR;Jahr;2010;KREISE;Kreise und kreisfreie Städte;06534;Marburg-Biedenkopf, Landkreis;WASBZ1;Wasserentnahme und -bezug;WASBZ102;Fremdbezug von Wasser;3506;1000 cbm;WAS001;Wasseraufkommen
32221;Erhebung der nichtöffentlichen Wasserversorgung und Abwasserentsorgung;JAHR;Jahr;2013;KREISE;Kreise und kreisfreie Städte;12067;Oder-Spree, Landkreis;WASBZ1;Wasserentnahme und -bezug;WASBZ102;Fremdbezug von Wasser;7098;1000 cbm;WAS001;Wasseraufkommen
32221;Erhebung der nichtöffentlichen Wasserversorgung und Abwasserentsorgung;JAHR;Jahr;2016;KREISE;Kreise und kreisfreie Städte;06531;Gießen, Landkreis;WASBZ1;Wasserentnahme und -bezug;WASBZ102;Fremdbezug von Wasser;817;1000 cbm;WAS001;Wasseraufkommen
32221;Erhebung der nichtöffentlichen Wasserversorgung und Abwasserentsorgung;JAHR;Jahr;2010;KREISE;Kreise und kreisfreie Städte;06532;Lahn-Dill-Kreis;WASBZ1;Wasserentnahme und -bezug;WASBZ102;Fremdbezug von Wasser;840;1000 cbm;WAS001;Wasseraufkommen
32221;Erhebung der nichtöffentlichen Wasserversorgung und Abwasserentsorgung;JAHR;Jahr;2019;KREISE;Kreise und kreisfreie Städte;06439;Rheingau-Taunus-Kreis;WASBZ1;Wasserentnahme und -bezug;WASBZ102;Fremdbezug von Wasser;364;1000 cbm;WAS001;Wasseraufkommen
32221;Erhebung der nichtöffentlichen Wasserversorgung und Abwasserentsorgung;JAHR;Jahr;2013;KREISE;Kreise und kreisfreie Städte;06439;Rheingau-Taunus-Kreis;WASBZ1;Wasserentnahme und -bezug;WASBZ102;Fremdbezug von Wasser;320;1000 cbm;WAS001;Wasseraufkommen
32221;Erhebung der nichtöffentlichen Wasserversorgung und Abwasserentsorgung;JAHR;Jahr;2022;KREISE;Kreise und kreisfreie Städte;12067;Oder-Spree, Landkreis;WASBZ1;Wasserentnahme und -bezug;WASBZ102;Fremdbezug von Wasser;6677;1000 cbm;WAS001;Wasseraufkommen
32221;Erhebung der nichtöffentlichen Wasserversorgung und Abwasserentsorgung;JAHR;Jahr;2013;KREISE;Kreise und kreisfreie Städte;06532;Lahn-Dill-Kreis;WASBZ1;Wasserentnahme und -bezug;WASBZ102;Fremdbezug von Wasser;430;1000 cbm;WAS001;Wasseraufkommen
32221;Erhebung der nichtöffentlichen Wasserversorgung und Abwasserentsorgung;JAHR;Jahr;2010;KREISE;Kreise und kreisfreie Städte;06636;Werra-Meißner-Kreis;WASBZ1;Wasserentnahme und -bezug;WASBZ102;Fremdbezug von Wasser;325;1000 cbm;WAS001;Wasseraufkommen
32221;Erhebung der nichtöffentlichen Wasserversorgung und Abwasserentsorgung;JAHR;Jahr;2022;KREISE;Kreise und kreisfreie Städte;12065;Oberhavel, Landkreis;WASBZ1;Wasserentnahme und -bezug;WASBZ102;Fremdbezug von Wasser;461;1000 cbm;WAS001;Wasseraufkommen
32221;Erhebung der nichtöffentlichen Wasserversorgung und Abwasserentsorgung;JAHR;Jahr;2022;KREISE;Kreise und kreisfreie Städte;12063;Havelland, Landkreis;WASBZ1;Wasserentnahme und -bezug;WASBZ102;Fremdbezug von Wasser;4636;1000 cbm;WAS001;Wasseraufkommen
32221;Erhebung der nichtöffentlichen Wasserversorgung und Abwasserentsorgung;JAHR;Jahr;2019;KREISE;Kreise und kreisfreie Städte;12066;Oberspreewald-Lausitz, Landkreis;WASBZ1;Wasserentnahme und -bezug;WASBZ102;Fremdbezug von Wasser;2195;1000 cbm;WAS001;Wasseraufkommen
32221;Erhebung der nichtöffentlichen Wasserversorgung und Abwasserentsorgung;JAHR;Jahr;2016;KREISE;Kreise und kreisfreie Städte;06534;Marburg-Biedenkopf, Landkreis;WASBZ1;Wasserentnahme und -bezug;WASBZ102;Fremdbezug von Wasser;3579;1000 cbm;WAS001;Wasseraufkommen
32221;Erhebung der nichtöffentlichen Wasserversorgung und Abwasserentsorgung;JAHR;Jahr;2022;KREISE;Kreise und kreisfreie Städte;12061;Dahme-Spreewald, Landkreis;WASBZ1;Wasserentnahme und -bezug;WASBZ102;Fremdbezug von Wasser;776;1000 cbm;WAS001;Wasseraufkommen
32221;Erhebung der nichtöffentlichen Wasserversorgung und Abwasserentsorgung;JAHR;Jahr;2016;KREISE;Kreise und kreisfreie Städte;06532;Lahn-Dill-Kreis;WASBZ1;Wasserentnahme und -bezug;WASBZ102;Fremdbezug von Wasser;493;1000 cbm;WAS001;Wasseraufkommen
32221;Erhebung der nichtöffentlichen Wasserversorgung und Abwasserentsorgung;JAHR;Jahr;2019;KREISE;Kreise und kreisfreie Städte;12064;Märkisch-Oderland, Landkreis;WASBZ1;Wasserentnahme und -bezug;WASBZ102;Fremdbezug von Wasser;110;1000 cbm;WAS001;Wasseraufkommen
32221;Erhebung der nichtöffentlichen Wasserversorgung und Abwasserentsorgung;JAHR;Jahr;2013;KREISE;Kreise und kreisfreie Städte;06534;Marburg-Biedenkopf, Landkreis;WASBZ1;Wasserentnahme und -bezug;WASBZ102;Fremdbezug von Wasser;3817;1000 cbm;WAS001;Wasseraufkommen
32221;Erhebung der nichtöffentlichen Wasserversorgung und Abwasserentsorgung;JAHR;Jahr;2016;KREISE;Kreise und kreisfreie Städte;12064;Märkisch-Oderland, Landkreis;WASBZ1;Wasserentnahme und -bezug;WASBZ102;Fremdbezug von Wasser;138;1000 cbm;WAS001;Wasseraufkommen
32221;Erhebung der nichtöffentlichen Wasserversorgung und Abwasserentsorgung;JAHR;Jahr;2016;KREISE;Kreise und kreisfreie Städte;06636;Werra-Meißner-Kreis;WASBZ1;Wasserentnahme und -bezug;WASBZ102;Fremdbezug von Wasser;383;1000 cbm;WAS001;Wasseraufkommen
32221;Erhebung der nichtöffentlichen Wasserversorgung und Abwasserentsorgung;JAHR;Jahr;2013;KREISE;Kreise und kreisfreie Städte;06636;Werra-Meißner-Kreis;WASBZ1;Wasserentnahme und -bezug;WASBZ102;Fremdbezug von Wasser;347;1000 cbm;WAS001;Wasseraufkommen
32221;Erhebung der nichtöffentlichen Wasserversorgung und Abwasserentsorgung;JAHR;Jahr;2019;KREISE;Kreise und kreisfreie Städte;06636;Werra-Meißner-Kreis;WASBZ1;Wasserentnahme und -bezug;WASBZ102;Fremdbezug von Wasser;307;1000 cbm;WAS001;Wasseraufkommen
32221;Erhebung der nichtöffentlichen Wasserversorgung und Abwasserentsorgung;JAHR;Jahr;2022;KREISE;Kreise und kreisfreie Städte;06532;Lahn-Dill-Kreis;WASBZ1;Wasserentnahme und -bezug;WASBZ102;Fremdbezug von Wasser;391;1000 cbm;WAS001;Wasseraufkommen
32221;Erhebung der nichtöffentlichen Wasserversorgung und Abwasserentsorgung;JAHR;Jahr;2022;KREISE;Kreise und kreisfreie Städte;06534;Marburg-Biedenkopf, Landkreis;WASBZ1;Wasserentnahme und -bezug;WASBZ102;Fremdbezug von Wasser;3696;1000 cbm;WAS001;Wasseraufkommen
32221;Erhebung der nichtöffentlichen Wasserversorgung und Abwasserentsorgung;JAHR;Jahr;2010;KREISE;Kreise und kreisfreie Städte;06532;Lahn-Dill-Kreis;WASAT2;Wasserart;WASAT1006;andere Wasserarten;-;1000 cbm;WAS001;Wasseraufkommen
32221;Erhebung der nichtöffentlichen Wasserversorgung und Abwasserentsorgung;JAHR;Jahr;2019;KREISE;Kreise und kreisfreie Städte;12063;Havelland, Landkreis;WASAT2;Wasserart;WASAT1001;Uferfiltrat;-;1000 cbm;WAS001;Wasseraufkommen
32221;Erhebung der nichtöffentlichen Wasserversorgung und Abwasserentsorgung;JAHR;Jahr;2013;KREISE;Kreise und kreisfreie Städte;06533;Limburg-Weilburg, Landkreis;WASAT2;Wasserart;WASAT1002;angereichertes Grundwasser;-;1000 cbm;WAS001;Wasseraufkommen
32221;Erhebung der nichtöffentlichen Wasserversorgung und Abwasserentsorgung;JAHR;Jahr;2019;KREISE;Kreise und kreisfreie Städte;12067;Oder-Spree, Landkreis;WASAT2;Wasserart;WASAT1004;Flusswasser;13269;1000 cbm;WAS001;Wasseraufkommen
32221;Erhebung der nichtöffentlichen Wasserversorgung und Abwasserentsorgung;JAHR;Jahr;2013;KREISE;Kreise und kreisfreie Städte;12061;Dahme-Spreewald, Landkreis;WASAT2;Wasserart;WASAT1005;Meer- und Brackwasser;-;1000 cbm;WAS001;Wasseraufkommen
32221;Erhebung der nichtöffentlichen Wasserversorgung und Abwasserentsorgung;JAHR;Jahr;2019;KREISE;Kreise und kreisfreie Städte;06533;Limburg-Weilburg, Landkreis;WASAT2;Wasserart;WASSERQUELL;Quellwasser;130;1000 cbm;WAS001;Wasseraufkommen
32221;Erhebung der nichtöffentlichen Wasserversorgung und Abwasserentsorgung;JAHR;Jahr;2019;KREISE;Kreise und kreisfreie Städte;12063;Havelland, Landkreis;WASAT2;Wasserart;WASAT1005;Meer- und Brackwasser;-;1000 cbm;WAS001;Wasseraufkommen
32221;Erhebung der nichtöffentlichen Wasserversorgung und Abwasserentsorgung;JAHR;Jahr;2022;KREISE;Kreise und kreisfreie Städte;12066;Oberspreewald-Lausitz, Landkreis;WASAT2;Wasserart;WASAT1002;angereichertes Grundwasser;-;1000 cbm;WAS001;Wasseraufkommen
32221;Erhebung der nichtöffentlichen Wasserversorgung und Abwasserentsorgung;JAHR;Jahr;2016;KREISE;Kreise und kreisfreie Städte;12066;Oberspreewald-Lausitz, Landkreis;WASAT2;Wasserart;WASAT1004;Flusswasser;2;1000 cbm;WAS001;Wasseraufkommen
32221;Erhebung der nichtöffentlichen Wasserversorgung und Abwasserentsorgung;JAHR;Jahr;2013;KREISE;Kreise und kreisfreie Städte;12065;Oberhavel, Landkreis;WASAT2;Wasserart;WASAT1004;Flusswasser;.;1000 cbm;WAS001;Wasseraufkommen
32221;Erhebung der nichtöffentlichen Wasserversorgung und Abwasserentsorgung;JAHR;Jahr;2013;KREISE;Kreise und kreisfreie Städte;12061;Dahme-Spreewald, Landkreis;WASAT2;Wasserart;WASAT1001;Uferfiltrat;-;1000 cbm;WAS001;Wasseraufkommen
32221;Erhebung der nichtöffentlichen Wasserversorgung und Abwasserentsorgung;JAHR;Jahr;2016;KREISE;Kreise und kreisfreie Städte;06532;Lahn-Dill-Kreis;WASAT2;Wasserart;WASSERQUELL;Quellwasser;38;1000 cbm;WAS001;Wasseraufkommen
32221;Erhebung der nichtöffentlichen Wasserversorgung und Abwasserentsorgung;JAHR;Jahr;2022;KREISE;Kreise und kreisfreie Städte;12064;Märkisch-Oderland, Landkreis;WASAT2;Wasserart;WASSERQUELL;Quellwasser;-;1000 cbm;WAS001;Wasseraufkommen
32221;Erhebung der nichtöffentlichen Wasserversorgung und Abwasserentsorgung;JAHR;Jahr;2022;KREISE;Kreise und kreisfreie Städte;06534;Marburg-Biedenkopf, Landkreis;WASAT2;Wasserart;WASAT1004;Flusswasser;8;1000 cbm;WAS001;Wasseraufkommen
32221;Erhebung der nichtöffentlichen Wasserversorgung und Abwasserentsorgung;JAHR;Jahr;2016;KREISE;Kreise und kreisfreie Städte;06636;Werra-Meißner-Kreis;WASAT2;Wasserart;WASAT1001;Uferfiltrat;-;1000 cbm;WAS001;Wasseraufkommen
32221;Erhebung der nichtöffentlichen Wasserversorgung und Abwasserentsorgung;JAHR;Jahr;2022;KREISE;Kreise und kreisfreie Städte;06439;Rheingau-Taunus-Kreis;WASAT2;Wasserart;WASSERGRUND;Grundwasser;74;1000 cbm;WAS001;Wasseraufkommen
32221;Erhebung der nichtöffentlichen Wasserversorgung und Abwasserentsorgung;JAHR;Jahr;2013;KREISE;Kreise und kreisfreie Städte;06532;Lahn-Dill-Kreis;WASAT2;Wasserart;WASSERQUELL;Quellwasser;188;1000 cbm;WAS001;Wasseraufkommen
32221;Erhebung der nichtöffentlichen Wasserversorgung und Abwasserentsorgung;JAHR;Jahr;2010;KREISE;Kreise und kreisfreie Städte;12065;Oberhavel, Landkreis;WASAT2;Wasserart;WASAT1004;Flusswasser;-;1000 cbm;WAS001;Wasseraufkommen
32221;Erhebung der nichtöffentlichen Wasserversorgung und Abwasserentsorgung;JAHR;Jahr;2022;KREISE;Kreise und kreisfreie Städte;06636;Werra-Meißner-Kreis;WASAT2;Wasserart;WASAT1003;See- und Talsperrenwasser;-;1000 cbm;WAS001;Wasseraufkommen
32221;Erhebung der nichtöffentlichen Wasserversorgung und Abwasserentsorgung;JAHR;Jahr;2013;KREISE;Kreise und kreisfreie Städte;06439;Rheingau-Taunus-Kreis;WASAT2;Wasserart;WASAT1001;Uferfiltrat;9;1000 cbm;WAS001;Wasseraufkommen
32221;Erhebung der nichtöffentlichen Wasserversorgung und Abwasserentsorgung;JAHR;Jahr;2016;KREISE;Kreise und kreisfreie Städte;06534;Marburg-Biedenkopf, Landkreis;WASAT2;Wasserart;WASAT1006;andere Wasserarten;5;1000 cbm;WAS001;Wasseraufkommen
32221;Erhebung der nichtöffentlichen Wasserversorgung und Abwasserentsorgung;JAHR;Jahr;2019;KREISE;Kreise und kreisfreie Städte;06534;Marburg-Biedenkopf, Landkreis;WASAT2;Wasserart;WASAT1002;angereichertes Grundwasser;43;1000 cbm;WAS001;Wasseraufkommen
32221;Erhebung der nichtöffentlichen Wasserversorgung und Abwasserentsorgung;JAHR;Jahr;2016;KREISE;Kreise und kreisfreie Städte;06534;Marburg-Biedenkopf, Landkreis;WASAT2;Wasserart;WASAT1002;angereichertes Grundwasser;140;1000 cbm;WAS001;Wasseraufkommen
32221;Erhebung der nichtöffentlichen Wasserversorgung und Abwasserentsorgung;JAHR;Jahr;2019;KREISE;Kreise und kreisfreie Städte;06534;Marburg-Biedenkopf, Landkreis;WASAT2;Wasserart;WASAT1006;andere Wasserarten;12;1000 cbm;WAS001;Wasseraufkommen
32221;Erhebung der nichtöffentlichen Wasserversorgung und Abwasserentsorgung;JAHR;Jahr;2010;KREISE;Kreise und kreisfreie Städte;06439;Rheingau-Taunus-Kreis;WASAT2;Wasserart;WASAT1005;Meer- und Brackwasser;-;1000 cbm;WAS001;Wasseraufkommen
32221;Erhebung der nichtöffentlichen Wasserversorgung und Abwasserentsorgung;JAHR;Jahr;2022;KREISE;Kreise und kreisfreie Städte;12065;Oberhavel, Landkreis;WASAT2;Wasserart;WASAT1006;andere Wasserarten;.;1000 cbm;WAS001;Wasseraufkommen
32221;Erhebung der nichtöffentlichen Wasserversorgung und Abwasserentsorgung;JAHR;Jahr;2013;KREISE;Kreise und kreisfreie Städte;06439;Rheingau-Taunus-Kreis;WASAT2;Wasserart;WASAT1005;Meer- und Brackwasser;-;1000 cbm;WAS001;Wasseraufkommen
32221;Erhebung der nichtöffentlichen Wasserversorgung und Abwasserentsorgung;JAHR;Jahr;2019;KREISE;Kreise und kreisfreie Städte;06531;Gießen, Landkreis;WASAT2;Wasserart;WASSERGRUND;Grundwasser;885;1000 cbm;WAS001;Wasseraufkommen
32221;Erhebung der nichtöffentlichen Wasserversorgung und Abwasserentsorgung;JAHR;Jahr;2019;KREISE;Kreise und kreisfreie Städte;06531;Gießen, Landkreis;WASAT2;Wasserart;WASAT1003;See- und Talsperrenwasser;-;1000 cbm;WAS001;Wasseraufkommen
32221;Erhebung der nichtöffentlichen Wasserversorgung und Abwasserentsorgung;JAHR;Jahr;2010;KREISE;Kreise und kreisfreie Städte;06439;Rheingau-Taunus-Kreis;WASAT2;Wasserart;WASAT1001;Uferfiltrat;-;1000 cbm;WAS001;Wasseraufkommen
32221;Erhebung der nichtöffentlichen Wasserversorgung und Abwasserentsorgung;JAHR;Jahr;2010;KREISE;Kreise und kreisfreie Städte;06532;Lahn-Dill-Kreis;WASAT2;Wasserart;WASAT1002;angereichertes Grundwasser;-;1000 cbm;WAS001;Wasseraufkommen
32221;Erhebung der nichtöffentlichen Wasserversorgung und Abwasserentsorgung;JAHR;Jahr;2013;KREISE;Kreise und kreisfreie Städte;06532;Lahn-Dill-Kreis;WASAT2;Wasserart;WASAT1006;andere Wasserarten;-;1000 cbm;WAS001;Wasseraufkommen
32221;Erhebung der nichtöffentlichen Wasserversorgung und Abwasserentsorgung;JAHR;Jahr;2010;KREISE;Kreise und kreisfreie Städte;06531;Gießen, Landkreis;WASAT2;Wasserart;WASAT1006;andere Wasserarten;-;1000 cbm;WAS001;Wasseraufkommen
32221;Erhebung der nichtöffentlichen Wasserversorgung und Abwasserentsorgung;JAHR;Jahr;2016;KREISE;Kreise und kreisfreie Städte;12061;Dahme-Spreewald, Landkreis;WASAT2;Wasserart;WASAT1005;Meer- und Brackwasser;-;1000 cbm;WAS001;Wasseraufkommen
32221;Erhebung der nichtöffentlichen Wasserversorgung und Abwasserentsorgung;JAHR;Jahr;2016;KREISE;Kreise und kreisfreie Städte;12061;Dahme-Spreewald, Landkreis;WASAT2;Wasserart;WASAT1001;Uferfiltrat;-;1000 cbm;WAS001;Wasseraufkommen
32221;Erhebung der nichtöffentlichen Wasserversorgung und Abwasserentsorgung;JAHR;Jahr;2013;KREISE;Kreise und kreisfreie Städte;06532;Lahn-Dill-Kreis;WASAT2;Wasserart;WASAT1002;angereichertes Grundwasser;-;1000 cbm;WAS001;Wasseraufkommen
32221;Erhebung der nichtöffentlichen Wasserversorgung und Abwasserentsorgung;JAHR;Jahr;2019;KREISE;Kreise und kreisfreie Städte;12064;Märkisch-Oderland, Landkreis;WASAT2;Wasserart;WASAT1001;Uferfiltrat;-;1000 cbm;WAS001;Wasseraufkommen
32221;Erhebung der nichtöffentlichen Wasserversorgung und Abwasserentsorgung;JAHR;Jahr;2022;KREISE;Kreise und kreisfreie Städte;12067;Oder-Spree, Landkreis;WASAT2;Wasserart;WASAT1006;andere Wasserarten;-;1000 cbm;WAS001;Wasseraufkommen
32221;Erhebung der nichtöffentlichen Wasserversorgung und Abwasserentsorgung;JAHR;Jahr;2019;KREISE;Kreise und kreisfreie Städte;06534;Marburg-Biedenkopf, Landkreis;WASAT2;Wasserart;WASSERQUELL;Quellwasser;-;1000 cbm;WAS001;Wasseraufkommen
32221;Erhebung der nichtöffentlichen Wasserversorgung und Abwasserentsorgung;JAHR;Jahr;2022;KREISE;Kreise und kreisfreie Städte;06439;Rheingau-Taunus-Kreis;WASAT2;Wasserart;WASAT1003;See- und Talsperrenwasser;-;1000 cbm;WAS001;Wasseraufkommen
32221;Erhebung der nichtöffentlichen Wasserversorgung und Abwasserentsorgung;JAHR;Jahr;2016;KREISE;Kreise und kreisfreie Städte;12067;Oder-Spree, Landkreis;WASAT2;Wasserart;WASAT1004;Flusswasser;20818;1000 cbm;WAS001;Wasseraufkommen
32221;Erhebung der nichtöffentlichen Wasserversorgung und Abwasserentsorgung;JAHR;Jahr;2019;KREISE;Kreise und kreisfreie Städte;12064;Märkisch-Oderland, Landkreis;WASAT2;Wasserart;WASAT1005;Meer- und Brackwasser;-;1000 cbm;WAS001;Wasseraufkommen
32221;Erhebung der nichtöffentlichen Wasserversorgung und Abwasserentsorgung;JAHR;Jahr;2016;KREISE;Kreise und kreisfreie Städte;06535;Vogelsbergkreis;WASAT2;Wasserart;WASAT1002;angereichertes Grundwasser;160;1000 cbm;WAS001;Wasseraufkommen
32221;Erhebung der nichtöffentlichen Wasserversorgung und Abwasserentsorgung;JAHR;Jahr;2010;KREISE;Kreise und kreisfreie Städte;06633;Kassel, Landkreis;WASAT2;Wasserart;WASAT1001;Uferfiltrat;-;1000 cbm;WAS001;Wasseraufkommen
32221;Erhebung der nichtöffentlichen Wasserversorgung und Abwasserentsorgung;JAHR;Jahr;2013;KREISE;Kreise und kreisfreie Städte;12064;Märkisch-Oderland, Landkreis;WASAT2;Wasserart;WASAT1004;Flusswasser;1150;1000 cbm;WAS001;Wasseraufkommen
32221;Erhebung der nichtöffentlichen Wasserversorgung und Abwasserentsorgung;JAHR;Jahr;2022;KREISE;Kreise und kreisfreie Städte;06636;Werra-Meißner-Kreis;WASAT2;Wasserart;WASSERGRUND;Grundwasser;742;1000 cbm;WAS001;Wasseraufkommen
32221;Erhebung der nichtöffentlichen Wasserversorgung und Abwasserentsorgung;JAHR;Jahr;2022;KREISE;Kreise und kreisfreie Städte;12067;Oder-Spree, Landkreis;WASAT2;Wasserart;WASAT1002;angereichertes Grundwasser;-;1000 cbm;WAS001;Wasseraufkommen
32221;Erhebung der nichtöffentlichen Wasserversorgung und Abwasserentsorgung;JAHR;Jahr;2010;KREISE;Kreise und kreisfreie Städte;06633;Kassel, Landkreis;WASAT2;Wasserart;WASAT1005;Meer- und Brackwasser;-;1000 cbm;WAS001;Wasseraufkommen
32221;Erhebung der nichtöffentlichen Wasserversorgung und Abwasserentsorgung;JAHR;Jahr;2013;KREISE;Kreise und kreisfreie Städte;06636;Werra-Meißner-Kreis;WASAT2;Wasserart;WASAT1005;Meer- und Brackwasser;-;1000 cbm;WAS001;Wasseraufkommen
32221;Erhebung der nichtöffentlichen Wasserversorgung und Abwasserentsorgung;JAHR;Jahr;2010;KREISE;Kreise und kreisfreie Städte;12061;Dahme-Spreewald, Landkreis;WASAT2;Wasserart;WASAT1005;Meer- und Brackwasser;-;1000 cbm;WAS001;Wasseraufkommen
32221;Erhebung der nichtöffentlichen Wasserversorgung und Abwasserentsorgung;JAHR;Jahr;2016;KREISE;Kreise und kreisfreie Städte;06533;Limburg-Weilburg, Landkreis;WASAT2;Wasserart;WASSERQUELL;Quellwasser;325;1000 cbm;WAS001;Wasseraufkommen
32221;Erhebung der nichtöffentlichen Wasserversorgung und Abwasserentsorgung;JAHR;Jahr;2010;KREISE;Kreise und kreisfreie Städte;12063;Havelland, Landkreis;WASAT2;Wasserart;WASAT1004;Flusswasser;-;1000 cbm;WAS001;Wasseraufkommen
32221;Erhebung der nichtöffentlichen Wasserversorgung und Abwasserentsorgung;JAHR;Jahr;2013;KREISE;Kreise und kreisfreie Städte;06636;Werra-Meißner-Kreis;WASAT2;Wasserart;WASAT1001;Uferfiltrat;-;1000 cbm;WAS001;Wasseraufkommen
32221;Erhebung der nichtöffentlichen Wasserversorgung und Abwasserentsorgung;JAHR;Jahr;2022;KREISE;Kreise und kreisfreie Städte;12065;Oberhavel, Landkreis;WASAT2;Wasserart;WASSERQUELL;Quellwasser;-;1000 cbm;WAS001;Wasseraufkommen
32221;Erhebung der nichtöffentlichen Wasserversorgung und Abwasserentsorgung;JAHR;Jahr;2022;KREISE;Kreise und kreisfreie Städte;06531;Gießen, Landkreis;WASAT2;Wasserart;WASAT1001;Uferfiltrat;-;1000 cbm;WAS001;Wasseraufkommen
32221;Erhebung der nichtöffentlichen Wasserversorgung und Abwasserentsorgung;JAHR;Jahr;2022;KREISE;Kreise und kreisfreie Städte;06533;Limburg-Weilburg, Landkreis;WASAT2;Wasserart;WASAT1004;Flusswasser;-;1000 cbm;WAS001;Wasseraufkommen
32221;Erhebung der nichtöffentlichen Wasserversorgung und Abwasserentsorgung;JAHR;Jahr;2019;KREISE;Kreise und kreisfreie Städte;06636;Werra-Meißner-Kreis;WASAT2;Wasserart;WASAT1001;Uferfiltrat;-;1000 cbm;WAS001;Wasseraufkommen
32221;Erhebung der nichtöffentlichen Wasserversorgung und Abwasserentsorgung;JAHR;Jahr;2019;KREISE;Kreise und kreisfreie Städte;06636;Werra-Meißner-Kreis;WASAT2;Wasserart;WASAT1005;Meer- und Brackwasser;-;1000 cbm;WAS001;Wasseraufkommen
32221;Erhebung der nichtöffentlichen Wasserversorgung und Abwasserentsorgung;JAHR;Jahr;2019;KREISE;Kreise und kreisfreie Städte;06633;Kassel, Landkreis;WASAT2;Wasserart;WASAT1002;angereichertes Grundwasser;-;1000 cbm;WAS001;Wasseraufkommen
32221;Erhebung der nichtöffentlichen Wasserversorgung und Abwasserentsorgung;JAHR;Jahr;2019;KREISE;Kreise und kreisfreie Städte;06633;Kassel, Landkreis;WASAT2;Wasserart;WASAT1006;andere Wasserarten;200;1000 cbm;WAS001;Wasseraufkommen
32221;Erhebung der nichtöffentlichen Wasserversorgung und Abwasserentsorgung;JAHR;Jahr;2022;KREISE;Kreise und kreisfreie Städte;12061;Dahme-Spreewald, Landkreis;WASAT2;Wasserart;WASSERGRUND;Grundwasser;3937;1000 cbm;WAS001;Wasseraufkommen
32221;Erhebung der nichtöffentlichen Wasserversorgung und Abwasserentsorgung;JAHR;Jahr;2016;KREISE;Kreise und kreisfreie Städte;06633;Kassel, Landkreis;WASAT2;Wasserart;WASAT1002;angereichertes Grundwasser;310;1000 cbm;WAS001;Wasseraufkommen
32221;Erhebung der nichtöffentlichen Wasserversorgung und Abwasserentsorgung;JAHR;Jahr;2016;KREISE;Kreise und kreisfreie Städte;06636;Werra-Meißner-Kreis;WASAT2;Wasserart;WASAT1005;Meer- und Brackwasser;-;1000 cbm;WAS001;Wasseraufkommen
32221;Erhebung der nichtöffentlichen Wasserversorgung und Abwasserentsorgung;JAHR;Jahr;2010;KREISE;Kreise und kreisfreie Städte;12067;Oder-Spree, Landkreis;WASAT2;Wasserart;WASAT1003;See- und Talsperrenwasser;-;1000 cbm;WAS001;Wasseraufkommen
32221;Erhebung der nichtöffentlichen Wasserversorgung und Abwasserentsorgung;JAHR;Jahr;2010;KREISE;Kreise und kreisfreie Städte;12064;Märkisch-Oderland, Landkreis;WASAT2;Wasserart;WASAT1004;Flusswasser;-;1000 cbm;WAS001;Wasseraufkommen
32221;Erhebung der nichtöffentlichen Wasserversorgung und Abwasserentsorgung;JAHR;Jahr;2016;KREISE;Kreise und kreisfreie Städte;06633;Kassel, Landkreis;WASAT2;Wasserart;WASAT1006;andere Wasserarten;63;1000 cbm;WAS001;Wasseraufkommen
32221;Erhebung der nichtöffentlichen Wasserversorgung und Abwasserentsorgung;JAHR;Jahr;2010;KREISE;Kreise und kreisfreie Städte;12061;Dahme-Spreewald, Landkreis;WASAT2;Wasserart;WASAT1001;Uferfiltrat;-;1000 cbm;WAS001;Wasseraufkommen
32221;Erhebung der nichtöffentlichen Wasserversorgung und Abwasserentsorgung;JAHR;Jahr;2013;KREISE;Kreise und kreisfreie Städte;06533;Limburg-Weilburg, Landkreis;WASAT2;Wasserart;WASSERQUELL;Quellwasser;412;1000 cbm;WAS001;Wasseraufkommen
32221;Erhebung der nichtöffentlichen Wasserversorgung und Abwasserentsorgung;JAHR;Jahr;2019;KREISE;Kreise und kreisfreie Städte;06535;Vogelsbergkreis;WASAT2;Wasserart;WASAT1002;angereichertes Grundwasser;152;1000 cbm;WAS001;Wasseraufkommen
32221;Erhebung der nichtöffentlichen Wasserversorgung und Abwasserentsorgung;JAHR;Jahr;2016;KREISE;Kreise und kreisfreie Städte;06535;Vogelsbergkreis;WASAT2;Wasserart;WASAT1006;andere Wasserarten;34;1000 cbm;WAS001;Wasseraufkommen
32221;Erhebung der nichtöffentlichen Wasserversorgung und Abwasserentsorgung;JAHR;Jahr;2022;KREISE;Kreise und kreisfreie Städte;12063;Havelland, Landkreis;WASAT2;Wasserart;WASAT1003;See- und Talsperrenwasser;-;1000 cbm;WAS001;Wasseraufkommen
32221;Erhebung der nichtöffentlichen Wasserversorgung und Abwasserentsorgung;JAHR;Jahr;2019;KREISE;Kreise und kreisfreie Städte;06532;Lahn-Dill-Kreis;WASAT2;Wasserart;WASAT1003;See- und Talsperrenwasser;-;1000 cbm;WAS001;Wasseraufkommen
32221;Erhebung der nichtöffentlichen Wasserversorgung und Abwasserentsorgung;JAHR;Jahr;2019;KREISE;Kreise und kreisfreie Städte;06535;Vogelsbergkreis;WASAT2;Wasserart;WASAT1006;andere Wasserarten;-;1000 cbm;WAS001;Wasseraufkommen
32221;Erhebung der nichtöffentlichen Wasserversorgung und Abwasserentsorgung;JAHR;Jahr;2022;KREISE;Kreise und kreisfreie Städte;12066;Oberspreewald-Lausitz, Landkreis;WASAT2;Wasserart;WASAT1006;andere Wasserarten;.;1000 cbm;WAS001;Wasseraufkommen
32221;Erhebung der nichtöffentlichen Wasserversorgung und Abwasserentsorgung;JAHR;Jahr;2013;KREISE;Kreise und kreisfreie Städte;06531;Gießen, Landkreis;WASAT2;Wasserart;WASAT1006;andere Wasserarten;-;1000 cbm;WAS001;Wasseraufkommen
32221;Erhebung der nichtöffentlichen Wasserversorgung und Abwasserentsorgung;JAHR;Jahr;2022;KREISE;Kreise und kreisfreie Städte;06636;Werra-Meißner-Kreis;WASAT2;Wasserart;WASSERQUELL;Quellwasser;-;1000 cbm;WAS001;Wasseraufkommen
32221;Erhebung der nichtöffentlichen Wasserversorgung und Abwasserentsorgung;JAHR;Jahr;2013;KREISE;Kreise und kreisfreie Städte;06531;Gießen, Landkreis;WASAT2;Wasserart;WASAT1002;angereichertes Grundwasser;-;1000 cbm;WAS001;Wasseraufkommen
32221;Erhebung der nichtöffentlichen Wasserversorgung und Abwasserentsorgung;JAHR;Jahr;2010;KREISE;Kreise und kreisfreie Städte;06531;Gießen, Landkreis;WASAT2;Wasserart;WASAT1002;angereichertes Grundwasser;65;1000 cbm;WAS001;Wasseraufkommen
32221;Erhebung der nichtöffentlichen Wasserversorgung und Abwasserentsorgung;JAHR;Jahr;2019;KREISE;Kreise und kreisfreie Städte;06439;Rheingau-Taunus-Kreis;WASAT2;Wasserart;WASAT1002;angereichertes Grundwasser;-;1000 cbm;WAS001;Wasseraufkommen
32221;Erhebung der nichtöffentlichen Wasserversorgung und Abwasserentsorgung;JAHR;Jahr;2013;KREISE;Kreise und kreisfreie Städte;06535;Vogelsbergkreis;WASAT2;Wasserart;WASAT1005;Meer- und Brackwasser;-;1000 cbm;WAS001;Wasseraufkommen
32221;Erhebung der nichtöffentlichen Wasserversorgung und Abwasserentsorgung;JAHR;Jahr;2016;KREISE;Kreise und kreisfreie Städte;12064;Märkisch-Oderland, Landkreis;WASAT2;Wasserart;WASAT1001;Uferfiltrat;-;1000 cbm;WAS001;Wasseraufkommen
32221;Erhebung der nichtöffentlichen Wasserversorgung und Abwasserentsorgung;JAHR;Jahr;2022;KREISE;Kreise und kreisfreie Städte;12064;Märkisch-Oderland, Landkreis;WASAT2;Wasserart;WASAT1003;See- und Talsperrenwasser;.;1000 cbm;WAS001;Wasseraufkommen
32221;Erhebung der nichtöffentlichen Wasserversorgung und Abwasserentsorgung;JAHR;Jahr;2010;KREISE;Kreise und kreisfreie Städte;06636;Werra-Meißner-Kreis;WASAT2;Wasserart;WASAT1005;Meer- und Brackwasser;-;1000 cbm;WAS001;Wasseraufkommen
32221;Erhebung der nichtöffentlichen Wasserversorgung und Abwasserentsorgung;JAHR;Jahr;2019;KREISE;Kreise und kreisfreie Städte;06531;Gießen, Landkreis;WASAT2;Wasserart;WASSERQUELL;Quellwasser;3;1000 cbm;WAS001;Wasseraufkommen
32221;Erhebung der nichtöffentlichen Wasserversorgung und Abwasserentsorgung;JAHR;Jahr;2010;KREISE;Kreise und kreisfreie Städte;06636;Werra-Meißner-Kreis;WASAT2;Wasserart;WASAT1004;Flusswasser;-;1000 cbm;WAS001;Wasseraufkommen
32221;Erhebung der nichtöffentlichen Wasserversorgung und Abwasserentsorgung;JAHR;Jahr;2019;KREISE;Kreise und kreisfreie Städte;12061;Dahme-Spreewald, Landkreis;WASAT2;Wasserart;WASAT1001;Uferfiltrat;-;1000 cbm;WAS001;Wasseraufkommen
32221;Erhebung der nichtöffentlichen Wasserversorgung und Abwasserentsorgung;JAHR;Jahr;2019;KREISE;Kreise und kreisfreie Städte;12065;Oberhavel, Landkreis;WASAT2;Wasserart;WASAT1005;Meer- und Brackwasser;-;1000 cbm;WAS001;Wasseraufkommen
32221;Erhebung der nichtöffentlichen Wasserversorgung und Abwasserentsorgung;JAHR;Jahr;2019;KREISE;Kreise und kreisfreie Städte;12061;Dahme-Spreewald, Landkreis;WASAT2;Wasserart;WASAT1002;angereichertes Grundwasser;-;1000 cbm;WAS001;Wasseraufkommen
32221;Erhebung der nichtöffentlichen Wasserversorgung und Abwasserentsorgung;JAHR;Jahr;2013;KREISE;Kreise und kreisfreie Städte;12063;Havelland, Landkreis;WASAT2;Wasserart;WASAT1004;Flusswasser;22235;1000 cbm;WAS001;Wasseraufkommen
32221;Erhebung der nichtöffentlichen Wasserversorgung und Abwasserentsorgung;JAHR;Jahr;2013;KREISE;Kreise und kreisfreie Städte;12063;Havelland, Landkreis;WASAT2;Wasserart;WASAT1001;Uferfiltrat;-;1000 cbm;WAS001;Wasseraufkommen
32221;Erhebung der nichtöffentlichen Wasserversorgung und Abwasserentsorgung;JAHR;Jahr;2022;KREISE;Kreise und kreisfreie Städte;06532;Lahn-Dill-Kreis;WASAT2;Wasserart;WASAT1001;Uferfiltrat;9;1000 cbm;WAS001;Wasseraufkommen
32221;Erhebung der nichtöffentlichen Wasserversorgung und Abwasserentsorgung;JAHR;Jahr;2022;KREISE;Kreise und kreisfreie Städte;06532;Lahn-Dill-Kreis;WASAT2;Wasserart;WASAT1004;Flusswasser;1805;1000 cbm;WAS001;Wasseraufkommen
32221;Erhebung der nichtöffentlichen Wasserversorgung und Abwasserentsorgung;JAHR;Jahr;2010;KREISE;Kreise und kreisfreie Städte;06532;Lahn-Dill-Kreis;WASAT2;Wasserart;WASSERQUELL;Quellwasser;163;1000 cbm;WAS001;Wasseraufkommen
32221;Erhebung der nichtöffentlichen Wasserversorgung und Abwasserentsorgung;JAHR;Jahr;2022;KREISE;Kreise und kreisfreie Städte;12064;Märkisch-Oderland, Landkreis;WASAT2;Wasserart;WASSERGRUND;Grundwasser;12927;1000 cbm;WAS001;Wasseraufkommen
32221;Erhebung der nichtöffentlichen Wasserversorgung und Abwasserentsorgung;JAHR;Jahr;2013;KREISE;Kreise und kreisfreie Städte;06531;Gießen, Landkreis;WASAT2;Wasserart;WASSERGRUND;Grundwasser;982;1000 cbm;WAS001;Wasseraufkommen
32221;Erhebung der nichtöffentlichen Wasserversorgung und Abwasserentsorgung;JAHR;Jahr;2016;KREISE;Kreise und kreisfreie Städte;06531;Gießen, Landkreis;WASAT2;Wasserart;WASSERGRUND;Grundwasser;769;1000 cbm;WAS001;Wasseraufkommen
32221;Erhebung der nichtöffentlichen Wasserversorgung und Abwasserentsorgung;JAHR;Jahr;2016;KREISE;Kreise und kreisfreie Städte;06633;Kassel, Landkreis;WASAT2;Wasserart;WASAT1005;Meer- und Brackwasser;-;1000 cbm;WAS001;Wasseraufkommen
32221;Erhebung der nichtöffentlichen Wasserversorgung und Abwasserentsorgung;JAHR;Jahr;2013;KREISE;Kreise und kreisfreie Städte;06633;Kassel, Landkreis;WASAT2;Wasserart;WASAT1005;Meer- und Brackwasser;-;1000 cbm;WAS001;Wasseraufkommen
32221;Erhebung der nichtöffentlichen Wasserversorgung und Abwasserentsorgung;JAHR;Jahr;2010;KREISE;Kreise und kreisfreie Städte;12066;Oberspreewald-Lausitz, Landkreis;WASAT2;Wasserart;WASAT1003;See- und Talsperrenwasser;-;1000 cbm;WAS001;Wasseraufkommen
32221;Erhebung der nichtöffentlichen Wasserversorgung und Abwasserentsorgung;JAHR;Jahr;2016;KREISE;Kreise und kreisfreie Städte;06532;Lahn-Dill-Kreis;WASAT2;Wasserart;WASAT1006;andere Wasserarten;79;1000 cbm;WAS001;Wasseraufkommen
32221;Erhebung der nichtöffentlichen Wasserversorgung und Abwasserentsorgung;JAHR;Jahr;2013;KREISE;Kreise und kreisfreie Städte;12064;Märkisch-Oderland, Landkreis;WASAT2;Wasserart;WASAT1001;Uferfiltrat;-;1000 cbm;WAS001;Wasseraufkommen
32221;Erhebung der nichtöffentlichen Wasserversorgung und Abwasserentsorgung;JAHR;Jahr;2016;KREISE;Kreise und kreisfreie Städte;06535;Vogelsbergkreis;WASAT2;Wasserart;WASAT1005;Meer- und Brackwasser;-;1000 cbm;WAS001;Wasseraufkommen
32221;Erhebung der nichtöffentlichen Wasserversorgung und Abwasserentsorgung;JAHR;Jahr;2022;KREISE;Kreise und kreisfreie Städte;12063;Havelland, Landkreis;WASAT2;Wasserart;WASAT1006;andere Wasserarten;.;1000 cbm;WAS001;Wasseraufkommen
32221;Erhebung der nichtöffentlichen Wasserversorgung und Abwasserentsorgung;JAHR;Jahr;2019;KREISE;Kreise und kreisfreie Städte;06533;Limburg-Weilburg, Landkreis;WASAT2;Wasserart;WASSERGRUND;Grundwasser;355;1000 cbm;WAS001;Wasseraufkommen
32221;Erhebung der nichtöffentlichen Wasserversorgung und Abwasserentsorgung;JAHR;Jahr;2019;KREISE;Kreise und kreisfreie Städte;06533;Limburg-Weilburg, Landkreis;WASAT2;Wasserart;WASAT1003;See- und Talsperrenwasser;1128;1000 cbm;WAS001;Wasseraufkommen
32221;Erhebung der nichtöffentlichen Wasserversorgung und Abwasserentsorgung;JAHR;Jahr;2019;KREISE;Kreise und kreisfreie Städte;06532;Lahn-Dill-Kreis;WASAT2;Wasserart;WASAT1006;andere Wasserarten;138;1000 cbm;WAS001;Wasseraufkommen
32221;Erhebung der nichtöffentlichen Wasserversorgung und Abwasserentsorgung;JAHR;Jahr;2016;KREISE;Kreise und kreisfreie Städte;06439;Rheingau-Taunus-Kreis;WASAT2;Wasserart;WASAT1005;Meer- und Brackwasser;-;1000 cbm;WAS001;Wasseraufkommen
32221;Erhebung der nichtöffentlichen Wasserversorgung und Abwasserentsorgung;JAHR;Jahr;2013;KREISE;Kreise und kreisfreie Städte;06534;Marburg-Biedenkopf, Landkreis;WASAT2;Wasserart;WASAT1006;andere Wasserarten;-;1000 cbm;WAS001;Wasseraufkommen
32221;Erhebung der nichtöffentlichen Wasserversorgung und Abwasserentsorgung;JAHR;Jahr;2010;KREISE;Kreise und kreisfreie Städte;06535;Vogelsbergkreis;WASAT2;Wasserart;WASAT1005;Meer- und Brackwasser;-;1000 cbm;WAS001;Wasseraufkommen
32221;Erhebung der nichtöffentlichen Wasserversorgung und Abwasserentsorgung;JAHR;Jahr;2019;KREISE;Kreise und kreisfreie Städte;06439;Rheingau-Taunus-Kreis;WASAT2;Wasserart;WASAT1005;Meer- und Brackwasser;-;1000 cbm;WAS001;Wasseraufkommen
32221;Erhebung der nichtöffentlichen Wasserversorgung und Abwasserentsorgung;JAHR;Jahr;2010;KREISE;Kreise und kreisfreie Städte;06534;Marburg-Biedenkopf, Landkreis;WASAT2;Wasserart;WASAT1006;andere Wasserarten;-;1000 cbm;WAS001;Wasseraufkommen
32221;Erhebung der nichtöffentlichen Wasserversorgung und Abwasserentsorgung;JAHR;Jahr;2016;KREISE;Kreise und kreisfreie Städte;12063;Havelland, Landkreis;WASAT2;Wasserart;WASAT1001;Uferfiltrat;-;1000 cbm;WAS001;Wasseraufkommen
32221;Erhebung der nichtöffentlichen Wasserversorgung und Abwasserentsorgung;JAHR;Jahr;2019;KREISE;Kreise und kreisfreie Städte;12066;Oberspreewald-Lausitz, Landkreis;WASAT2;Wasserart;WASAT1005;Meer- und Brackwasser;-;1000 cbm;WAS001;Wasseraufkommen
32221;Erhebung der nichtöffentlichen Wasserversorgung und Abwasserentsorgung;JAHR;Jahr;2022;KREISE;Kreise und kreisfreie Städte;12065;Oberhavel, Landkreis;WASAT2;Wasserart;WASAT1003;See- und Talsperrenwasser;.;1000 cbm;WAS001;Wasseraufkommen
32221;Erhebung der nichtöffentlichen Wasserversorgung und Abwasserentsorgung;JAHR;Jahr;2022;KREISE;Kreise und kreisfreie Städte;12067;Oder-Spree, Landkreis;WASAT2;Wasserart;WASAT1005;Meer- und Brackwasser;-;1000 cbm;WAS001;Wasseraufkommen
32221;Erhebung der nichtöffentlichen Wasserversorgung und Abwasserentsorgung;JAHR;Jahr;2019;KREISE;Kreise und kreisfreie Städte;06532;Lahn-Dill-Kreis;WASAT2;Wasserart;WASSERQUELL;Quellwasser;13;1000 cbm;WAS001;Wasseraufkommen
32221;Erhebung der nichtöffentlichen Wasserversorgung und Abwasserentsorgung;JAHR;Jahr;2016;KREISE;Kreise und kreisfreie Städte;06531;Gießen, Landkreis;WASAT2;Wasserart;WASSERQUELL;Quellwasser;-;1000 cbm;WAS001;Wasseraufkommen
32221;Erhebung der nichtöffentlichen Wasserversorgung und Abwasserentsorgung;JAHR;Jahr;2010;KREISE;Kreise und kreisfreie Städte;12061;Dahme-Spreewald, Landkreis;WASAT2;Wasserart;WASAT1004;Flusswasser;-;1000 cbm;WAS001;Wasseraufkommen
32221;Erhebung der nichtöffentlichen Wasserversorgung und Abwasserentsorgung;JAHR;Jahr;2022;KREISE;Kreise und kreisfreie Städte;12063;Havelland, Landkreis;WASAT2;Wasserart;WASSERQUELL;Quellwasser;-;1000 cbm;WAS001;Wasseraufkommen
32221;Erhebung der nichtöffentlichen Wasserversorgung und Abwasserentsorgung;JAHR;Jahr;2022;KREISE;Kreise und kreisfreie Städte;06535;Vogelsbergkreis;WASAT2;Wasserart;WASAT1003;See- und Talsperrenwasser;-;1000 cbm;WAS001;Wasseraufkommen
32221;Erhebung der nichtöffentlichen Wasserversorgung und Abwasserentsorgung;JAHR;Jahr;2022;KREISE;Kreise und kreisfreie Städte;06533;Limburg-Weilburg, Landkreis;WASAT2;Wasserart;WASAT1001;Uferfiltrat;50;1000 cbm;WAS001;Wasseraufkommen
32221;Erhebung der nichtöffentlichen Wasserversorgung und Abwasserentsorgung;JAHR;Jahr;2022;KREISE;Kreise und kreisfreie Städte;12063;Havelland, Landkreis;WASAT2;Wasserart;WASSERGRUND;Grundwasser;956;1000 cbm;WAS001;Wasseraufkommen
32221;Erhebung der nichtöffentlichen Wasserversorgung und Abwasserentsorgung;JAHR;Jahr;2010;KREISE;Kreise und kreisfreie Städte;06531;Gießen, Landkreis;WASAT2;Wasserart;WASSERQUELL;Quellwasser;3;1000 cbm;WAS001;Wasseraufkommen
32221;Erhebung der nichtöffentlichen Wasserversorgung und Abwasserentsorgung;JAHR;Jahr;2022;KREISE;Kreise und kreisfreie Städte;06531;Gießen, Landkreis;WASAT2;Wasserart;WASAT1004;Flusswasser;654;1000 cbm;WAS001;Wasseraufkommen
32221;Erhebung der nichtöffentlichen Wasserversorgung und Abwasserentsorgung;JAHR;Jahr;2013;KREISE;Kreise und kreisfreie Städte;06532;Lahn-Dill-Kreis;WASAT2;Wasserart;WASSERGRUND;Grundwasser;714;1000 cbm;WAS001;Wasseraufkommen
32221;Erhebung der nichtöffentlichen Wasserversorgung und Abwasserentsorgung;JAHR;Jahr;2016;KREISE;Kreise und kreisfreie Städte;06532;Lahn-Dill-Kreis;WASAT2;Wasserart;WASSERGRUND;Grundwasser;689;1000 cbm;WAS001;Wasseraufkommen
32221;Erhebung der nichtöffentlichen Wasserversorgung und Abwasserentsorgung;JAHR;Jahr;2013;KREISE;Kreise und kreisfreie Städte;06531;Gießen, Landkreis;WASAT2;Wasserart;WASSERQUELL;Quellwasser;-;1000 cbm;WAS001;Wasseraufkommen
32221;Erhebung der nichtöffentlichen Wasserversorgung und Abwasserentsorgung;JAHR;Jahr;2022;KREISE;Kreise und kreisfreie Städte;06633;Kassel, Landkreis;WASAT2;Wasserart;WASAT1003;See- und Talsperrenwasser;-;1000 cbm;WAS001;Wasseraufkommen
32221;Erhebung der nichtöffentlichen Wasserversorgung und Abwasserentsorgung;JAHR;Jahr;2022;KREISE;Kreise und kreisfreie Städte;06636;Werra-Meißner-Kreis;WASAT2;Wasserart;WASAT1002;angereichertes Grundwasser;-;1000 cbm;WAS001;Wasseraufkommen
32221;Erhebung der nichtöffentlichen Wasserversorgung und Abwasserentsorgung;JAHR;Jahr;2010;KREISE;Kreise und kreisfreie Städte;12065;Oberhavel, Landkreis;WASAT2;Wasserart;WASAT1003;See- und Talsperrenwasser;-;1000 cbm;WAS001;Wasseraufkommen
32221;Erhebung der nichtöffentlichen Wasserversorgung und Abwasserentsorgung;JAHR;Jahr;2010;KREISE;Kreise und kreisfreie Städte;12063;Havelland, Landkreis;WASAT2;Wasserart;WASAT1001;Uferfiltrat;61;1000 cbm;WAS001;Wasseraufkommen
32221;Erhebung der nichtöffentlichen Wasserversorgung und Abwasserentsorgung;JAHR;Jahr;2013;KREISE;Kreise und kreisfreie Städte;06439;Rheingau-Taunus-Kreis;WASAT2;Wasserart;WASAT1002;angereichertes Grundwasser;-;1000 cbm;WAS001;Wasseraufkommen
32221;Erhebung der nichtöffentlichen Wasserversorgung und Abwasserentsorgung;JAHR;Jahr;2016;KREISE;Kreise und kreisfreie Städte;06533;Limburg-Weilburg, Landkreis;WASAT2;Wasserart;WASAT1006;andere Wasserarten;188;1000 cbm;WAS001;Wasseraufkommen
32221;Erhebung der nichtöffentlichen Wasserversorgung und Abwasserentsorgung;JAHR;Jahr;2019;KREISE;Kreise und kreisfreie Städte;06534;Marburg-Biedenkopf, Landkreis;WASAT2;Wasserart;WASAT1003;See- und Talsperrenwasser;-;1000 cbm;WAS001;Wasseraufkommen
32221;Erhebung der nichtöffentlichen Wasserversorgung und Abwasserentsorgung;JAHR;Jahr;2019;KREISE;Kreise und kreisfreie Städte;06532;Lahn-Dill-Kreis;WASAT2;Wasserart;WASSERGRUND;Grundwasser;558;1000 cbm;WAS001;Wasseraufkommen
32221;Erhebung der nichtöffentlichen Wasserversorgung und Abwasserentsorgung;JAHR;Jahr;2022;KREISE;Kreise und kreisfreie Städte;12064;Märkisch-Oderland, Landkreis;WASAT2;Wasserart;WASAT1006;andere Wasserarten;.;1000 cbm;WAS001;Wasseraufkommen
32221;Erhebung der nichtöffentlichen Wasserversorgung und Abwasserentsorgung;JAHR;Jahr;2019;KREISE;Kreise und kreisfreie Städte;06533;Limburg-Weilburg, Landkreis;WASAT2;Wasserart;WASAT1006;andere Wasserarten;159;1000 cbm;WAS001;Wasseraufkommen
32221;Erhebung der nichtöffentlichen Wasserversorgung und Abwasserentsorgung;JAHR;Jahr;2010;KREISE;Kreise und kreisfreie Städte;06533;Limburg-Weilburg, Landkreis;WASAT2;Wasserart;WASAT1006;andere Wasserarten;-;1000 cbm;WAS001;Wasseraufkommen
32221;Erhebung der nichtöffentlichen Wasserversorgung und Abwasserentsorgung;JAHR;Jahr;2013;KREISE;Kreise und kreisfreie Städte;06533;Limburg-Weilburg, Landkreis;WASAT2;Wasserart;WASAT1006;andere Wasserarten;-;1000 cbm;WAS001;Wasseraufkommen
32221;Erhebung der nichtöffentlichen Wasserversorgung und Abwasserentsorgung;JAHR;Jahr;2016;KREISE;Kreise und kreisfreie Städte;06439;Rheingau-Taunus-Kreis;WASAT2;Wasserart;WASAT1002;angereichertes Grundwasser;-;1000 cbm;WAS001;Wasseraufkommen
32221;Erhebung der nichtöffentlichen Wasserversorgung und Abwasserentsorgung;JAHR;Jahr;2019;KREISE;Kreise und kreisfreie Städte;12067;Oder-Spree, Landkreis;WASAT2;Wasserart;WASAT1001;Uferfiltrat;-;1000 cbm;WAS001;Wasseraufkommen
32221;Erhebung der nichtöffentlichen Wasserversorgung und Abwasserentsorgung;JAHR;Jahr;2019;KREISE;Kreise und kreisfreie Städte;12067;Oder-Spree, Landkreis;WASAT2;Wasserart;WASAT1005;Meer- und Brackwasser;-;1000 cbm;WAS001;Wasseraufkommen
32221;Erhebung der nichtöffentlichen Wasserversorgung und Abwasserentsorgung;JAHR;Jahr;2019;KREISE;Kreise und kreisfreie Städte;12063;Havelland, Landkreis;WASAT2;Wasserart;WASAT1006;andere Wasserarten;109;1000 cbm;WAS001;Wasseraufkommen
32221;Erhebung der nichtöffentlichen Wasserversorgung und Abwasserentsorgung;JAHR;Jahr;2013;KREISE;Kreise und kreisfreie Städte;12061;Dahme-Spreewald, Landkreis;WASAT2;Wasserart;WASAT1006;andere Wasserarten;-;1000 cbm;WAS001;Wasseraufkommen
32221;Erhebung der nichtöffentlichen Wasserversorgung und Abwasserentsorgung;JAHR;Jahr;2016;KREISE;Kreise und kreisfreie Städte;12066;Oberspreewald-Lausitz, Landkreis;WASAT2;Wasserart;WASAT1003;See- und Talsperrenwasser;-;1000 cbm;WAS001;Wasseraufkommen
32221;Erhebung der nichtöffentlichen Wasserversorgung und Abwasserentsorgung;JAHR;Jahr;2019;KREISE;Kreise und kreisfreie Städte;12063;Havelland, Landkreis;WASAT2;Wasserart;WASAT1004;Flusswasser;27764;1000 cbm;WAS001;Wasseraufkommen
32221;Erhebung der nichtöffentlichen Wasserversorgung und Abwasserentsorgung;JAHR;Jahr;2016;KREISE;Kreise und kreisfreie Städte;06534;Marburg-Biedenkopf, Landkreis;WASAT2;Wasserart;WASAT1001;Uferfiltrat;152;1000 cbm;WAS001;Wasseraufkommen
32221;Erhebung der nichtöffentlichen Wasserversorgung und Abwasserentsorgung;JAHR;Jahr;2013;KREISE;Kreise und kreisfreie Städte;12065;Oberhavel, Landkreis;WASAT2;Wasserart;WASSERGRUND;Grundwasser;852;1000 cbm;WAS001;Wasseraufkommen
32221;Erhebung der nichtöffentlichen Wasserversorgung und Abwasserentsorgung;JAHR;Jahr;2016;KREISE;Kreise und kreisfreie Städte;12066;Oberspreewald-Lausitz, Landkreis;WASAT2;Wasserart;WASAT1005;Meer- und Brackwasser;-;1000 cbm;WAS001;Wasseraufkommen
32221;Erhebung der nichtöffentlichen Wasserversorgung und Abwasserentsorgung;JAHR;Jahr;2022;KREISE;Kreise und kreisfreie Städte;12066;Oberspreewald-Lausitz, Landkreis;WASAT2;Wasserart;WASAT1001;Uferfiltrat;-;1000 cbm;WAS001;Wasseraufkommen
32221;Erhebung der nichtöffentlichen Wasserversorgung und Abwasserentsorgung;JAHR;Jahr;2010;KREISE;Kreise und kreisfreie Städte;12064;Märkisch-Oderland, Landkreis;WASAT2;Wasserart;WASAT1005;Meer- und Brackwasser;-;1000 cbm;WAS001;Wasseraufkommen
32221;Erhebung der nichtöffentlichen Wasserversorgung und Abwasserentsorgung;JAHR;Jahr;2016;KREISE;Kreise und kreisfreie Städte;06636;Werra-Meißner-Kreis;WASAT2;Wasserart;WASAT1004;Flusswasser;1266;1000 cbm;WAS001;Wasseraufkommen
32221;Erhebung der nichtöffentlichen Wasserversorgung und Abwasserentsorgung;JAHR;Jahr;2016;KREISE;Kreise und kreisfreie Städte;06636;Werra-Meißner-Kreis;WASAT2;Wasserart;WASAT1002;angereichertes Grundwasser;-;1000 cbm;WAS001;Wasseraufkommen
32221;Erhebung der nichtöffentlichen Wasserversorgung und Abwasserentsorgung;JAHR;Jahr;2022;KREISE;Kreise und kreisfreie Städte;06534;Marburg-Biedenkopf, Landkreis;WASAT2;Wasserart;WASAT1005;Meer- und Brackwasser;-;1000 cbm;WAS001;Wasseraufkommen
32221;Erhebung der nichtöffentlichen Wasserversorgung und Abwasserentsorgung;JAHR;Jahr;2016;KREISE;Kreise und kreisfreie Städte;12061;Dahme-Spreewald, Landkreis;WASAT2;Wasserart;WASSERQUELL;Quellwasser;-;1000 cbm;WAS001;Wasseraufkommen
32221;Erhebung der nichtöffentlichen Wasserversorgung und Abwasserentsorgung;JAHR;Jahr;2022;KREISE;Kreise und kreisfreie Städte;12066;Oberspreewald-Lausitz, Landkreis;WASAT2;Wasserart;WASSERGRUND;Grundwasser;3496;1000 cbm;WAS001;Wasseraufkommen
32221;Erhebung der nichtöffentlichen Wasserversorgung und Abwasserentsorgung;JAHR;Jahr;2016;KREISE;Kreise und kreisfreie Städte;06533;Limburg-Weilburg, Landkreis;WASAT2;Wasserart;WASSERGRUND;Grundwasser;240;1000 cbm;WAS001;Wasseraufkommen
32221;Erhebung der nichtöffentlichen Wasserversorgung und Abwasserentsorgung;JAHR;Jahr;2019;KREISE;Kreise und kreisfreie Städte;06633;Kassel, Landkreis;WASAT2;Wasserart;WASAT1005;Meer- und Brackwasser;-;1000 cbm;WAS001;Wasseraufkommen
32221;Erhebung der nichtöffentlichen Wasserversorgung und Abwasserentsorgung;JAHR;Jahr;2019;KREISE;Kreise und kreisfreie Städte;06633;Kassel, Landkreis;WASAT2;Wasserart;WASAT1003;See- und Talsperrenwasser;-;1000 cbm;WAS001;Wasseraufkommen
32221;Erhebung der nichtöffentlichen Wasserversorgung und Abwasserentsorgung;JAHR;Jahr;2019;KREISE;Kreise und kreisfreie Städte;12066;Oberspreewald-Lausitz, Landkreis;WASAT2;Wasserart;WASSERGRUND;Grundwasser;6233;1000 cbm;WAS001;Wasseraufkommen
32221;Erhebung der nichtöffentlichen Wasserversorgung und Abwasserentsorgung;JAHR;Jahr;2019;KREISE;Kreise und kreisfreie Städte;06636;Werra-Meißner-Kreis;WASAT2;Wasserart;WASAT1006;andere Wasserarten;66;1000 cbm;WAS001;Wasseraufkommen
32221;Erhebung der nichtöffentlichen Wasserversorgung und Abwasserentsorgung;JAHR;Jahr;2010;KREISE;Kreise und kreisfreie Städte;06534;Marburg-Biedenkopf, Landkreis;WASAT2;Wasserart;WASSERQUELL;Quellwasser;5;1000 cbm;WAS001;Wasseraufkommen
32221;Erhebung der nichtöffentlichen Wasserversorgung und Abwasserentsorgung;JAHR;Jahr;2013;KREISE;Kreise und kreisfreie Städte;12066;Oberspreewald-Lausitz, Landkreis;WASAT2;Wasserart;WASAT1001;Uferfiltrat;-;1000 cbm;WAS001;Wasseraufkommen
32221;Erhebung der nichtöffentlichen Wasserversorgung und Abwasserentsorgung;JAHR;Jahr;2022;KREISE;Kreise und kreisfreie Städte;12061;Dahme-Spreewald, Landkreis;WASAT2;Wasserart;WASAT1006;andere Wasserarten;-;1000 cbm;WAS001;Wasseraufkommen
32221;Erhebung der nichtöffentlichen Wasserversorgung und Abwasserentsorgung;JAHR;Jahr;2019;KREISE;Kreise und kreisfreie Städte;06535;Vogelsbergkreis;WASAT2;Wasserart;WASAT1003;See- und Talsperrenwasser;-;1000 cbm;WAS001;Wasseraufkommen
32221;Erhebung der nichtöffentlichen Wasserversorgung und Abwasserentsorgung;JAHR;Jahr;2019;KREISE;Kreise und kreisfreie Städte;06535;Vogelsbergkreis;WASAT2;Wasserart;WASAT1005;Meer- und Brackwasser;-;1000 cbm;WAS001;Wasseraufkommen
32221;Erhebung der nichtöffentlichen Wasserversorgung und Abwasserentsorgung;JAHR;Jahr;2016;KREISE;Kreise und kreisfreie Städte;06533;Limburg-Weilburg, Landkreis;WASAT2;Wasserart;WASAT1003;See- und Talsperrenwasser;-;1000 cbm;WAS001;Wasseraufkommen
32221;Erhebung der nichtöffentlichen Wasserversorgung und Abwasserentsorgung;JAHR;Jahr;2016;KREISE;Kreise und kreisfreie Städte;06533;Limburg-Weilburg, Landkreis;WASAT2;Wasserart;WASAT1001;Uferfiltrat;-;1000 cbm;WAS001;Wasseraufkommen
32221;Erhebung der nichtöffentlichen Wasserversorgung und Abwasserentsorgung;JAHR;Jahr;2010;KREISE;Kreise und kreisfreie Städte;06533;Limburg-Weilburg, Landkreis;WASAT2;Wasserart;WASAT1001;Uferfiltrat;-;1000 cbm;WAS001;Wasseraufkommen
32221;Erhebung der nichtöffentlichen Wasserversorgung und Abwasserentsorgung;JAHR;Jahr;2013;KREISE;Kreise und kreisfreie Städte;12067;Oder-Spree, Landkreis;WASAT2;Wasserart;WASSERQUELL;Quellwasser;-;1000 cbm;WAS001;Wasseraufkommen
32221;Erhebung der nichtöffentlichen Wasserversorgung und Abwasserentsorgung;JAHR;Jahr;2013;KREISE;Kreise und kreisfreie Städte;06533;Limburg-Weilburg, Landkreis;WASAT2;Wasserart;WASAT1005;Meer- und Brackwasser;-;1000 cbm;WAS001;Wasseraufkommen
32221;Erhebung der nichtöffentlichen Wasserversorgung und Abwasserentsorgung;JAHR;Jahr;2010;KREISE;Kreise und kreisfreie Städte;06533;Limburg-Weilburg, Landkreis;WASAT2;Wasserart;WASAT1003;See- und Talsperrenwasser;-;1000 cbm;WAS001;Wasseraufkommen
32221;Erhebung der nichtöffentlichen Wasserversorgung und Abwasserentsorgung;JAHR;Jahr;2016;KREISE;Kreise und kreisfreie Städte;12067;Oder-Spree, Landkreis;WASAT2;Wasserart;WASAT1003;See- und Talsperrenwasser;1748;1000 cbm;WAS001;Wasseraufkommen
32221;Erhebung der nichtöffentlichen Wasserversorgung und Abwasserentsorgung;JAHR;Jahr;2022;KREISE;Kreise und kreisfreie Städte;12065;Oberhavel, Landkreis;WASAT2;Wasserart;WASAT1001;Uferfiltrat;-;1000 cbm;WAS001;Wasseraufkommen
32221;Erhebung der nichtöffentlichen Wasserversorgung und Abwasserentsorgung;JAHR;Jahr;2019;KREISE;Kreise und kreisfreie Städte;12064;Märkisch-Oderland, Landkreis;WASAT2;Wasserart;WASAT1004;Flusswasser;205;1000 cbm;WAS001;Wasseraufkommen
32221;Erhebung der nichtöffentlichen Wasserversorgung und Abwasserentsorgung;JAHR;Jahr;2016;KREISE;Kreise und kreisfreie Städte;06535;Vogelsbergkreis;WASAT2;Wasserart;WASAT1001;Uferfiltrat;-;1000 cbm;WAS001;Wasseraufkommen
32221;Erhebung der nichtöffentlichen Wasserversorgung und Abwasserentsorgung;JAHR;Jahr;2013;KREISE;Kreise und kreisfreie Städte;12064;Märkisch-Oderland, Landkreis;WASAT2;Wasserart;WASSERGRUND;Grundwasser;13044;1000 cbm;WAS001;Wasseraufkommen
32221;Erhebung der nichtöffentlichen Wasserversorgung und Abwasserentsorgung;JAHR;Jahr;2016;KREISE;Kreise und kreisfreie Städte;12065;Oberhavel, Landkreis;WASAT2;Wasserart;WASAT1005;Meer- und Brackwasser;-;1000 cbm;WAS001;Wasseraufkommen
32221;Erhebung der nichtöffentlichen Wasserversorgung und Abwasserentsorgung;JAHR;Jahr;2016;KREISE;Kreise und kreisfreie Städte;12061;Dahme-Spreewald, Landkreis;WASAT2;Wasserart;WASAT1002;angereichertes Grundwasser;-;1000 cbm;WAS001;Wasseraufkommen
32221;Erhebung der nichtöffentlichen Wasserversorgung und Abwasserentsorgung;JAHR;Jahr;2010;KREISE;Kreise und kreisfreie Städte;12061;Dahme-Spreewald, Landkreis;WASAT2;Wasserart;WASAT1002;angereichertes Grundwasser;-;1000 cbm;WAS001;Wasseraufkommen
32221;Erhebung der nichtöffentlichen Wasserversorgung und Abwasserentsorgung;JAHR;Jahr;2016;KREISE;Kreise und kreisfreie Städte;06633;Kassel, Landkreis;WASAT2;Wasserart;WASAT1001;Uferfiltrat;-;1000 cbm;WAS001;Wasseraufkommen
32221;Erhebung der nichtöffentlichen Wasserversorgung und Abwasserentsorgung;JAHR;Jahr;2022;KREISE;Kreise und kreisfreie Städte;06535;Vogelsbergkreis;WASAT2;Wasserart;WASAT1005;Meer- und Brackwasser;-;1000 cbm;WAS001;Wasseraufkommen
32221;Erhebung der nichtöffentlichen Wasserversorgung und Abwasserentsorgung;JAHR;Jahr;2022;KREISE;Kreise und kreisfreie Städte;06531;Gießen, Landkreis;WASAT2;Wasserart;WASAT1002;angereichertes Grundwasser;-;1000 cbm;WAS001;Wasseraufkommen
32221;Erhebung der nichtöffentlichen Wasserversorgung und Abwasserentsorgung;JAHR;Jahr;2010;KREISE;Kreise und kreisfreie Städte;06533;Limburg-Weilburg, Landkreis;WASAT2;Wasserart;WASSERQUELL;Quellwasser;586;1000 cbm;WAS001;Wasseraufkommen
32221;Erhebung der nichtöffentlichen Wasserversorgung und Abwasserentsorgung;JAHR;Jahr;2022;KREISE;Kreise und kreisfreie Städte;12065;Oberhavel, Landkreis;WASAT2;Wasserart;WASSERGRUND;Grundwasser;1204;1000 cbm;WAS001;Wasseraufkommen
32221;Erhebung der nichtöffentlichen Wasserversorgung und Abwasserentsorgung;JAHR;Jahr;2010;KREISE;Kreise und kreisfreie Städte;06636;Werra-Meißner-Kreis;WASAT2;Wasserart;WASSERGRUND;Grundwasser;140;1000 cbm;WAS001;Wasseraufkommen
32221;Erhebung der nichtöffentlichen Wasserversorgung und Abwasserentsorgung;JAHR;Jahr;2016;KREISE;Kreise und kreisfreie Städte;06439;Rheingau-Taunus-Kreis;WASAT2;Wasserart;WASSERQUELL;Quellwasser;365;1000 cbm;WAS001;Wasseraufkommen
32221;Erhebung der nichtöffentlichen Wasserversorgung und Abwasserentsorgung;JAHR;Jahr;2016;KREISE;Kreise und kreisfreie Städte;06534;Marburg-Biedenkopf, Landkreis;WASAT2;Wasserart;WASSERGRUND;Grundwasser;420;1000 cbm;WAS001;Wasseraufkommen
32221;Erhebung der nichtöffentlichen Wasserversorgung und Abwasserentsorgung;JAHR;Jahr;2019;KREISE;Kreise und kreisfreie Städte;12065;Oberhavel, Landkreis;WASAT2;Wasserart;WASSERGRUND;Grundwasser;1286;1000 cbm;WAS001;Wasseraufkommen
32221;Erhebung der nichtöffentlichen Wasserversorgung und Abwasserentsorgung;JAHR;Jahr;2022;KREISE;Kreise und kreisfreie Städte;06633;Kassel, Landkreis;WASAT2;Wasserart;WASAT1005;Meer- und Brackwasser;-;1000 cbm;WAS001;Wasseraufkommen
32221;Erhebung der nichtöffentlichen Wasserversorgung und Abwasserentsorgung;JAHR;Jahr;2010;KREISE;Kreise und kreisfreie Städte;12065;Oberhavel, Landkreis;WASAT2;Wasserart;WASAT1005;Meer- und Brackwasser;-;1000 cbm;WAS001;Wasseraufkommen
32221;Erhebung der nichtöffentlichen Wasserversorgung und Abwasserentsorgung;JAHR;Jahr;2013;KREISE;Kreise und kreisfreie Städte;06633;Kassel, Landkreis;WASAT2;Wasserart;WASAT1006;andere Wasserarten;-;1000 cbm;WAS001;Wasseraufkommen
32221;Erhebung der nichtöffentlichen Wasserversorgung und Abwasserentsorgung;JAHR;Jahr;2016;KREISE;Kreise und kreisfreie Städte;06531;Gießen, Landkreis;WASAT2;Wasserart;WASAT1006;andere Wasserarten;-;1000 cbm;WAS001;Wasseraufkommen
32221;Erhebung der nichtöffentlichen Wasserversorgung und Abwasserentsorgung;JAHR;Jahr;2013;KREISE;Kreise und kreisfreie Städte;12065;Oberhavel, Landkreis;WASAT2;Wasserart;WASAT1001;Uferfiltrat;-;1000 cbm;WAS001;Wasseraufkommen
32221;Erhebung der nichtöffentlichen Wasserversorgung und Abwasserentsorgung;JAHR;Jahr;2016;KREISE;Kreise und kreisfreie Städte;06532;Lahn-Dill-Kreis;WASAT2;Wasserart;WASAT1003;See- und Talsperrenwasser;-;1000 cbm;WAS001;Wasseraufkommen
32221;Erhebung der nichtöffentlichen Wasserversorgung und Abwasserentsorgung;JAHR;Jahr;2019;KREISE;Kreise und kreisfreie Städte;06531;Gießen, Landkreis;WASAT2;Wasserart;WASAT1002;angereichertes Grundwasser;-;1000 cbm;WAS001;Wasseraufkommen
32221;Erhebung der nichtöffentlichen Wasserversorgung und Abwasserentsorgung;JAHR;Jahr;2010;KREISE;Kreise und kreisfreie Städte;06439;Rheingau-Taunus-Kreis;WASAT2;Wasserart;WASAT1004;Flusswasser;-;1000 cbm;WAS001;Wasseraufkommen
32221;Erhebung der nichtöffentlichen Wasserversorgung und Abwasserentsorgung;JAHR;Jahr;2019;KREISE;Kreise und kreisfreie Städte;06534;Marburg-Biedenkopf, Landkreis;WASAT2;Wasserart;WASAT1005;Meer- und Brackwasser;-;1000 cbm;WAS001;Wasseraufkommen
32221;Erhebung der nichtöffentlichen Wasserversorgung und Abwasserentsorgung;JAHR;Jahr;2010;KREISE;Kreise und kreisfreie Städte;06534;Marburg-Biedenkopf, Landkreis;WASAT2;Wasserart;WASAT1001;Uferfiltrat;6;1000 cbm;WAS001;Wasseraufkommen
32221;Erhebung der nichtöffentlichen Wasserversorgung und Abwasserentsorgung;JAHR;Jahr;2016;KREISE;Kreise und kreisfreie Städte;06439;Rheingau-Taunus-Kreis;WASAT2;Wasserart;WASAT1004;Flusswasser;10;1000 cbm;WAS001;Wasseraufkommen
32221;Erhebung der nichtöffentlichen Wasserversorgung und Abwasserentsorgung;JAHR;Jahr;2013;KREISE;Kreise und kreisfreie Städte;06534;Marburg-Biedenkopf, Landkreis;WASAT2;Wasserart;WASAT1005;Meer- und Brackwasser;-;1000 cbm;WAS001;Wasseraufkommen
32221;Erhebung der nichtöffentlichen Wasserversorgung und Abwasserentsorgung;JAHR;Jahr;2010;KREISE;Kreise und kreisfreie Städte;06532;Lahn-Dill-Kreis;WASAT2;Wasserart;WASAT1003;See- und Talsperrenwasser;-;1000 cbm;WAS001;Wasseraufkommen
32221;Erhebung der nichtöffentlichen Wasserversorgung und Abwasserentsorgung;JAHR;Jahr;2013;KREISE;Kreise und kreisfreie Städte;06535;Vogelsbergkreis;WASAT2;Wasserart;WASAT1006;andere Wasserarten;-;1000 cbm;WAS001;Wasseraufkommen
32221;Erhebung der nichtöffentlichen Wasserversorgung und Abwasserentsorgung;JAHR;Jahr;2019;KREISE;Kreise und kreisfreie Städte;12065;Oberhavel, Landkreis;WASAT2;Wasserart;WASAT1004;Flusswasser;1733;1000 cbm;WAS001;Wasseraufkommen
32221;Erhebung der nichtöffentlichen Wasserversorgung und Abwasserentsorgung;JAHR;Jahr;2010;KREISE;Kreise und kreisfreie Städte;06636;Werra-Meißner-Kreis;WASAT2;Wasserart;WASAT1001;Uferfiltrat;-;1000 cbm;WAS001;Wasseraufkommen
32221;Erhebung der nichtöffentlichen Wasserversorgung und Abwasserentsorgung;JAHR;Jahr;2019;KREISE;Kreise und kreisfreie Städte;12065;Oberhavel, Landkreis;WASAT2;Wasserart;WASAT1001;Uferfiltrat;-;1000 cbm;WAS001;Wasseraufkommen
32221;Erhebung der nichtöffentlichen Wasserversorgung und Abwasserentsorgung;JAHR;Jahr;2013;KREISE;Kreise und kreisfreie Städte;06535;Vogelsbergkreis;WASAT2;Wasserart;WASAT1002;angereichertes Grundwasser;200;1000 cbm;WAS001;Wasseraufkommen
32221;Erhebung der nichtöffentlichen Wasserversorgung und Abwasserentsorgung;JAHR;Jahr;2019;KREISE;Kreise und kreisfreie Städte;12061;Dahme-Spreewald, Landkreis;WASAT2;Wasserart;WASAT1003;See- und Talsperrenwasser;-;1000 cbm;WAS001;Wasseraufkommen
32221;Erhebung der nichtöffentlichen Wasserversorgung und Abwasserentsorgung;JAHR;Jahr;2013;KREISE;Kreise und kreisfreie Städte;12067;Oder-Spree, Landkreis;WASAT2;Wasserart;WASSERGRUND;Grundwasser;1458;1000 cbm;WAS001;Wasseraufkommen
32221;Erhebung der nichtöffentlichen Wasserversorgung und Abwasserentsorgung;JAHR;Jahr;2016;KREISE;Kreise und kreisfreie Städte;12064;Märkisch-Oderland, Landkreis;WASAT2;Wasserart;WASAT1002;angereichertes Grundwasser;-;1000 cbm;WAS001;Wasseraufkommen
32221;Erhebung der nichtöffentlichen Wasserversorgung und Abwasserentsorgung;JAHR;Jahr;2016;KREISE;Kreise und kreisfreie Städte;12064;Märkisch-Oderland, Landkreis;WASAT2;Wasserart;WASAT1005;Meer- und Brackwasser;-;1000 cbm;WAS001;Wasseraufkommen
32221;Erhebung der nichtöffentlichen Wasserversorgung und Abwasserentsorgung;JAHR;Jahr;2019;KREISE;Kreise und kreisfreie Städte;12061;Dahme-Spreewald, Landkreis;WASAT2;Wasserart;WASAT1006;andere Wasserarten;1;1000 cbm;WAS001;Wasseraufkommen
32221;Erhebung der nichtöffentlichen Wasserversorgung und Abwasserentsorgung;JAHR;Jahr;2013;KREISE;Kreise und kreisfreie Städte;06633;Kassel, Landkreis;WASAT2;Wasserart;WASAT1002;angereichertes Grundwasser;324;1000 cbm;WAS001;Wasseraufkommen
32221;Erhebung der nichtöffentlichen Wasserversorgung und Abwasserentsorgung;JAHR;Jahr;2016;KREISE;Kreise und kreisfreie Städte;06534;Marburg-Biedenkopf, Landkreis;WASAT2;Wasserart;WASSERQUELL;Quellwasser;-;1000 cbm;WAS001;Wasseraufkommen
32221;Erhebung der nichtöffentlichen Wasserversorgung und Abwasserentsorgung;JAHR;Jahr;2022;KREISE;Kreise und kreisfreie Städte;12066;Oberspreewald-Lausitz, Landkreis;WASAT2;Wasserart;WASSERQUELL;Quellwasser;-;1000 cbm;WAS001;Wasseraufkommen
32221;Erhebung der nichtöffentlichen Wasserversorgung und Abwasserentsorgung;JAHR;Jahr;2016;KREISE;Kreise und kreisfreie Städte;06633;Kassel, Landkreis;WASAT2;Wasserart;WASSERGRUND;Grundwasser;5213;1000 cbm;WAS001;Wasseraufkommen
32221;Erhebung der nichtöffentlichen Wasserversorgung und Abwasserentsorgung;JAHR;Jahr;2022;KREISE;Kreise und kreisfreie Städte;06532;Lahn-Dill-Kreis;WASAT2;Wasserart;WASAT1002;angereichertes Grundwasser;-;1000 cbm;WAS001;Wasseraufkommen
32221;Erhebung der nichtöffentlichen Wasserversorgung und Abwasserentsorgung;JAHR;Jahr;2016;KREISE;Kreise und kreisfreie Städte;06535;Vogelsbergkreis;WASAT2;Wasserart;WASSERGRUND;Grundwasser;116;1000 cbm;WAS001;Wasseraufkommen
32221;Erhebung der nichtöffentlichen Wasserversorgung und Abwasserentsorgung;JAHR;Jahr;2022;KREISE;Kreise und kreisfreie Städte;06531;Gießen, Landkreis;WASAT2;Wasserart;WASAT1005;Meer- und Brackwasser;-;1000 cbm;WAS001;Wasseraufkommen
32221;Erhebung der nichtöffentlichen Wasserversorgung und Abwasserentsorgung;JAHR;Jahr;2010;KREISE;Kreise und kreisfreie Städte;12067;Oder-Spree, Landkreis;WASAT2;Wasserart;WASAT1006;andere Wasserarten;-;1000 cbm;WAS001;Wasseraufkommen
32221;Erhebung der nichtöffentlichen Wasserversorgung und Abwasserentsorgung;JAHR;Jahr;2010;KREISE;Kreise und kreisfreie Städte;12063;Havelland, Landkreis;WASAT2;Wasserart;WASAT1002;angereichertes Grundwasser;193;1000 cbm;WAS001;Wasseraufkommen
32221;Erhebung der nichtöffentlichen Wasserversorgung und Abwasserentsorgung;JAHR;Jahr;2022;KREISE;Kreise und kreisfreie Städte;06633;Kassel, Landkreis;WASAT2;Wasserart;WASAT1002;angereichertes Grundwasser;-;1000 cbm;WAS001;Wasseraufkommen
32221;Erhebung der nichtöffentlichen Wasserversorgung und Abwasserentsorgung;JAHR;Jahr;2013;KREISE;Kreise und kreisfreie Städte;12067;Oder-Spree, Landkreis;WASAT2;Wasserart;WASAT1004;Flusswasser;12745;1000 cbm;WAS001;Wasseraufkommen
32221;Erhebung der nichtöffentlichen Wasserversorgung und Abwasserentsorgung;JAHR;Jahr;2016;KREISE;Kreise und kreisfreie Städte;06531;Gießen, Landkreis;WASAT2;Wasserart;WASAT1003;See- und Talsperrenwasser;-;1000 cbm;WAS001;Wasseraufkommen
32221;Erhebung der nichtöffentlichen Wasserversorgung und Abwasserentsorgung;JAHR;Jahr;2019;KREISE;Kreise und kreisfreie Städte;06532;Lahn-Dill-Kreis;WASAT2;Wasserart;WASAT1002;angereichertes Grundwasser;-;1000 cbm;WAS001;Wasseraufkommen
32221;Erhebung der nichtöffentlichen Wasserversorgung und Abwasserentsorgung;JAHR;Jahr;2019;KREISE;Kreise und kreisfreie Städte;06533;Limburg-Weilburg, Landkreis;WASAT2;Wasserart;WASAT1005;Meer- und Brackwasser;-;1000 cbm;WAS001;Wasseraufkommen
32221;Erhebung der nichtöffentlichen Wasserversorgung und Abwasserentsorgung;JAHR;Jahr;2010;KREISE;Kreise und kreisfreie Städte;06535;Vogelsbergkreis;WASAT2;Wasserart;WASAT1001;Uferfiltrat;-;1000 cbm;WAS001;Wasseraufkommen
32221;Erhebung der nichtöffentlichen Wasserversorgung und Abwasserentsorgung;JAHR;Jahr;2016;KREISE;Kreise und kreisfreie Städte;06439;Rheingau-Taunus-Kreis;WASAT2;Wasserart;WASAT1001;Uferfiltrat;8;1000 cbm;WAS001;Wasseraufkommen
32221;Erhebung der nichtöffentlichen Wasserversorgung und Abwasserentsorgung;JAHR;Jahr;2013;KREISE;Kreise und kreisfreie Städte;12065;Oberhavel, Landkreis;WASAT2;Wasserart;WASSERQUELL;Quellwasser;-;1000 cbm;WAS001;Wasseraufkommen
32221;Erhebung der nichtöffentlichen Wasserversorgung und Abwasserentsorgung;JAHR;Jahr;2019;KREISE;Kreise und kreisfreie Städte;12067;Oder-Spree, Landkreis;WASAT2;Wasserart;WASSERQUELL;Quellwasser;21;1000 cbm;WAS001;Wasseraufkommen
32221;Erhebung der nichtöffentlichen Wasserversorgung und Abwasserentsorgung;JAHR;Jahr;2010;KREISE;Kreise und kreisfreie Städte;06534;Marburg-Biedenkopf, Landkreis;WASAT2;Wasserart;WASAT1004;Flusswasser;-;1000 cbm;WAS001;Wasseraufkommen
32221;Erhebung der nichtöffentlichen Wasserversorgung und Abwasserentsorgung;JAHR;Jahr;2019;KREISE;Kreise und kreisfreie Städte;06439;Rheingau-Taunus-Kreis;WASAT2;Wasserart;WASAT1003;See- und Talsperrenwasser;-;1000 cbm;WAS001;Wasseraufkommen
32221;Erhebung der nichtöffentlichen Wasserversorgung und Abwasserentsorgung;JAHR;Jahr;2013;KREISE;Kreise und kreisfreie Städte;06531;Gießen, Landkreis;WASAT2;Wasserart;WASAT1005;Meer- und Brackwasser;-;1000 cbm;WAS001;Wasseraufkommen
32221;Erhebung der nichtöffentlichen Wasserversorgung und Abwasserentsorgung;JAHR;Jahr;2010;KREISE;Kreise und kreisfreie Städte;06531;Gießen, Landkreis;WASAT2;Wasserart;WASAT1003;See- und Talsperrenwasser;-;1000 cbm;WAS001;Wasseraufkommen
32221;Erhebung der nichtöffentlichen Wasserversorgung und Abwasserentsorgung;JAHR;Jahr;2019;KREISE;Kreise und kreisfreie Städte;12066;Oberspreewald-Lausitz, Landkreis;WASAT2;Wasserart;WASAT1001;Uferfiltrat;-;1000 cbm;WAS001;Wasseraufkommen
32221;Erhebung der nichtöffentlichen Wasserversorgung und Abwasserentsorgung;JAHR;Jahr;2019;KREISE;Kreise und kreisfreie Städte;12066;Oberspreewald-Lausitz, Landkreis;WASAT2;Wasserart;WASAT1004;Flusswasser;1;1000 cbm;WAS001;Wasseraufkommen
32221;Erhebung der nichtöffentlichen Wasserversorgung und Abwasserentsorgung;JAHR;Jahr;2013;KREISE;Kreise und kreisfreie Städte;06534;Marburg-Biedenkopf, Landkreis;WASAT2;Wasserart;WASAT1002;angereichertes Grundwasser;-;1000 cbm;WAS001;Wasseraufkommen
32221;Erhebung der nichtöffentlichen Wasserversorgung und Abwasserentsorgung;JAHR;Jahr;2022;KREISE;Kreise und kreisfreie Städte;06439;Rheingau-Taunus-Kreis;WASAT2;Wasserart;WASAT1006;andere Wasserarten;-;1000 cbm;WAS001;Wasseraufkommen
32221;Erhebung der nichtöffentlichen Wasserversorgung und Abwasserentsorgung;JAHR;Jahr;2022;KREISE;Kreise und kreisfreie Städte;12067;Oder-Spree, Landkreis;WASAT2;Wasserart;WASAT1004;Flusswasser;.;1000 cbm;WAS001;Wasseraufkommen
32221;Erhebung der nichtöffentlichen Wasserversorgung und Abwasserentsorgung;JAHR;Jahr;2013;KREISE;Kreise und kreisfreie Städte;12066;Oberspreewald-Lausitz, Landkreis;WASAT2;Wasserart;WASSERGRUND;Grundwasser;4239;1000 cbm;WAS001;Wasseraufkommen
32221;Erhebung der nichtöffentlichen Wasserversorgung und Abwasserentsorgung;JAHR;Jahr;2016;KREISE;Kreise und kreisfreie Städte;12063;Havelland, Landkreis;WASAT2;Wasserart;WASAT1002;angereichertes Grundwasser;200;1000 cbm;WAS001;Wasseraufkommen
32221;Erhebung der nichtöffentlichen Wasserversorgung und Abwasserentsorgung;JAHR;Jahr;2022;KREISE;Kreise und kreisfreie Städte;12067;Oder-Spree, Landkreis;WASAT2;Wasserart;WASAT1001;Uferfiltrat;-;1000 cbm;WAS001;Wasseraufkommen
32221;Erhebung der nichtöffentlichen Wasserversorgung und Abwasserentsorgung;JAHR;Jahr;2016;KREISE;Kreise und kreisfreie Städte;12067;Oder-Spree, Landkreis;WASAT2;Wasserart;WASAT1006;andere Wasserarten;-;1000 cbm;WAS001;Wasseraufkommen
32221;Erhebung der nichtöffentlichen Wasserversorgung und Abwasserentsorgung;JAHR;Jahr;2013;KREISE;Kreise und kreisfreie Städte;12066;Oberspreewald-Lausitz, Landkreis;WASAT2;Wasserart;WASAT1004;Flusswasser;.;1000 cbm;WAS001;Wasseraufkommen
32221;Erhebung der nichtöffentlichen Wasserversorgung und Abwasserentsorgung;JAHR;Jahr;2010;KREISE;Kreise und kreisfreie Städte;06633;Kassel, Landkreis;WASAT2;Wasserart;WASAT1004;Flusswasser;-;1000 cbm;WAS001;Wasseraufkommen
32221;Erhebung der nichtöffentlichen Wasserversorgung und Abwasserentsorgung;JAHR;Jahr;2016;KREISE;Kreise und kreisfreie Städte;12063;Havelland, Landkreis;WASAT2;Wasserart;WASAT1005;Meer- und Brackwasser;-;1000 cbm;WAS001;Wasseraufkommen
32221;Erhebung der nichtöffentlichen Wasserversorgung und Abwasserentsorgung;JAHR;Jahr;2013;KREISE;Kreise und kreisfreie Städte;06636;Werra-Meißner-Kreis;WASAT2;Wasserart;WASAT1006;andere Wasserarten;-;1000 cbm;WAS001;Wasseraufkommen
32221;Erhebung der nichtöffentlichen Wasserversorgung und Abwasserentsorgung;JAHR;Jahr;2010;KREISE;Kreise und kreisfreie Städte;12063;Havelland, Landkreis;WASAT2;Wasserart;WASAT1005;Meer- und Brackwasser;-;1000 cbm;WAS001;Wasseraufkommen
32221;Erhebung der nichtöffentlichen Wasserversorgung und Abwasserentsorgung;JAHR;Jahr;2016;KREISE;Kreise und kreisfreie Städte;06535;Vogelsbergkreis;WASAT2;Wasserart;WASSERQUELL;Quellwasser;5;1000 cbm;WAS001;Wasseraufkommen
32221;Erhebung der nichtöffentlichen Wasserversorgung und Abwasserentsorgung;JAHR;Jahr;2013;KREISE;Kreise und kreisfreie Städte;06636;Werra-Meißner-Kreis;WASAT2;Wasserart;WASAT1003;See- und Talsperrenwasser;405;1000 cbm;WAS001;Wasseraufkommen
32221;Erhebung der nichtöffentlichen Wasserversorgung und Abwasserentsorgung;JAHR;Jahr;2022;KREISE;Kreise und kreisfreie Städte;12067;Oder-Spree, Landkreis;WASAT2;Wasserart;WASSERQUELL;Quellwasser;-;1000 cbm;WAS001;Wasseraufkommen
32221;Erhebung der nichtöffentlichen Wasserversorgung und Abwasserentsorgung;JAHR;Jahr;2022;KREISE;Kreise und kreisfreie Städte;06533;Limburg-Weilburg, Landkreis;WASAT2;Wasserart;WASAT1002;angereichertes Grundwasser;-;1000 cbm;WAS001;Wasseraufkommen
32221;Erhebung der nichtöffentlichen Wasserversorgung und Abwasserentsorgung;JAHR;Jahr;2022;KREISE;Kreise und kreisfreie Städte;06533;Limburg-Weilburg, Landkreis;WASAT2;Wasserart;WASAT1005;Meer- und Brackwasser;-;1000 cbm;WAS001;Wasseraufkommen
32221;Erhebung der nichtöffentlichen Wasserversorgung und Abwasserentsorgung;JAHR;Jahr;2010;KREISE;Kreise und kreisfreie Städte;06633;Kassel, Landkreis;WASAT2;Wasserart;WASSERQUELL;Quellwasser;23;1000 cbm;WAS001;Wasseraufkommen
32221;Erhebung der nichtöffentlichen Wasserversorgung und Abwasserentsorgung;JAHR;Jahr;2016;KREISE;Kreise und kreisfreie Städte;06633;Kassel, Landkreis;WASAT2;Wasserart;WASSERQUELL;Quellwasser;101;1000 cbm;WAS001;Wasseraufkommen
32221;Erhebung der nichtöffentlichen Wasserversorgung und Abwasserentsorgung;JAHR;Jahr;2019;KREISE;Kreise und kreisfreie Städte;06636;Werra-Meißner-Kreis;WASAT2;Wasserart;WASAT1003;See- und Talsperrenwasser;18;1000 cbm;WAS001;Wasseraufkommen
32221;Erhebung der nichtöffentlichen Wasserversorgung und Abwasserentsorgung;JAHR;Jahr;2022;KREISE;Kreise und kreisfreie Städte;06532;Lahn-Dill-Kreis;WASAT2;Wasserart;WASAT1005;Meer- und Brackwasser;-;1000 cbm;WAS001;Wasseraufkommen
32221;Erhebung der nichtöffentlichen Wasserversorgung und Abwasserentsorgung;JAHR;Jahr;2016;KREISE;Kreise und kreisfreie Städte;06633;Kassel, Landkreis;WASAT2;Wasserart;WASAT1004;Flusswasser;-;1000 cbm;WAS001;Wasseraufkommen
32221;Erhebung der nichtöffentlichen Wasserversorgung und Abwasserentsorgung;JAHR;Jahr;2022;KREISE;Kreise und kreisfreie Städte;06636;Werra-Meißner-Kreis;WASAT2;Wasserart;WASAT1006;andere Wasserarten;64;1000 cbm;WAS001;Wasseraufkommen
32221;Erhebung der nichtöffentlichen Wasserversorgung und Abwasserentsorgung;JAHR;Jahr;2022;KREISE;Kreise und kreisfreie Städte;12067;Oder-Spree, Landkreis;WASAT2;Wasserart;WASSERGRUND;Grundwasser;3029;1000 cbm;WAS001;Wasseraufkommen
32221;Erhebung der nichtöffentlichen Wasserversorgung und Abwasserentsorgung;JAHR;Jahr;2010;KREISE;Kreise und kreisfreie Städte;12064;Märkisch-Oderland, Landkreis;WASAT2;Wasserart;WASAT1002;angereichertes Grundwasser;-;1000 cbm;WAS001;Wasseraufkommen
32221;Erhebung der nichtöffentlichen Wasserversorgung und Abwasserentsorgung;JAHR;Jahr;2010;KREISE;Kreise und kreisfreie Städte;06535;Vogelsbergkreis;WASAT2;Wasserart;WASSERQUELL;Quellwasser;10;1000 cbm;WAS001;Wasseraufkommen
32221;Erhebung der nichtöffentlichen Wasserversorgung und Abwasserentsorgung;JAHR;Jahr;2013;KREISE;Kreise und kreisfreie Städte;12067;Oder-Spree, Landkreis;WASAT2;Wasserart;WASAT1001;Uferfiltrat;-;1000 cbm;WAS001;Wasseraufkommen
32221;Erhebung der nichtöffentlichen Wasserversorgung und Abwasserentsorgung;JAHR;Jahr;2019;KREISE;Kreise und kreisfreie Städte;06533;Limburg-Weilburg, Landkreis;WASAT2;Wasserart;WASAT1002;angereichertes Grundwasser;-;1000 cbm;WAS001;Wasseraufkommen
32221;Erhebung der nichtöffentlichen Wasserversorgung und Abwasserentsorgung;JAHR;Jahr;2022;KREISE;Kreise und kreisfreie Städte;12061;Dahme-Spreewald, Landkreis;WASAT2;Wasserart;WASAT1003;See- und Talsperrenwasser;.;1000 cbm;WAS001;Wasseraufkommen
32221;Erhebung der nichtöffentlichen Wasserversorgung und Abwasserentsorgung;JAHR;Jahr;2016;KREISE;Kreise und kreisfreie Städte;06535;Vogelsbergkreis;WASAT2;Wasserart;WASAT1004;Flusswasser;619;1000 cbm;WAS001;Wasseraufkommen
32221;Erhebung der nichtöffentlichen Wasserversorgung und Abwasserentsorgung;JAHR;Jahr;2013;KREISE;Kreise und kreisfreie Städte;06439;Rheingau-Taunus-Kreis;WASAT2;Wasserart;WASAT1006;andere Wasserarten;-;1000 cbm;WAS001;Wasseraufkommen
32221;Erhebung der nichtöffentlichen Wasserversorgung und Abwasserentsorgung;JAHR;Jahr;2019;KREISE;Kreise und kreisfreie Städte;06532;Lahn-Dill-Kreis;WASAT2;Wasserart;WASAT1005;Meer- und Brackwasser;-;1000 cbm;WAS001;Wasseraufkommen
32221;Erhebung der nichtöffentlichen Wasserversorgung und Abwasserentsorgung;JAHR;Jahr;2019;KREISE;Kreise und kreisfreie Städte;12067;Oder-Spree, Landkreis;WASAT2;Wasserart;WASSERGRUND;Grundwasser;3904;1000 cbm;WAS001;Wasseraufkommen
32221;Erhebung der nichtöffentlichen Wasserversorgung und Abwasserentsorgung;JAHR;Jahr;2010;KREISE;Kreise und kreisfreie Städte;06535;Vogelsbergkreis;WASAT2;Wasserart;WASAT1004;Flusswasser;-;1000 cbm;WAS001;Wasseraufkommen
32221;Erhebung der nichtöffentlichen Wasserversorgung und Abwasserentsorgung;JAHR;Jahr;2019;KREISE;Kreise und kreisfreie Städte;12066;Oberspreewald-Lausitz, Landkreis;WASAT2;Wasserart;WASSERQUELL;Quellwasser;-;1000 cbm;WAS001;Wasseraufkommen
32221;Erhebung der nichtöffentlichen Wasserversorgung und Abwasserentsorgung;JAHR;Jahr;2019;KREISE;Kreise und kreisfreie Städte;06439;Rheingau-Taunus-Kreis;WASAT2;Wasserart;WASAT1006;andere Wasserarten;-;1000 cbm;WAS001;Wasseraufkommen
32221;Erhebung der nichtöffentlichen Wasserversorgung und Abwasserentsorgung;JAHR;Jahr;2013;KREISE;Kreise und kreisfreie Städte;12066;Oberspreewald-Lausitz, Landkreis;WASAT2;Wasserart;WASSERQUELL;Quellwasser;-;1000 cbm;WAS001;Wasseraufkommen
32221;Erhebung der nichtöffentlichen Wasserversorgung und Abwasserentsorgung;JAHR;Jahr;2013;KREISE;Kreise und kreisfreie Städte;06532;Lahn-Dill-Kreis;WASAT2;Wasserart;WASAT1005;Meer- und Brackwasser;-;1000 cbm;WAS001;Wasseraufkommen
32221;Erhebung der nichtöffentlichen Wasserversorgung und Abwasserentsorgung;JAHR;Jahr;2019;KREISE;Kreise und kreisfreie Städte;12067;Oder-Spree, Landkreis;WASAT2;Wasserart;WASAT1002;angereichertes Grundwasser;-;1000 cbm;WAS001;Wasseraufkommen
32221;Erhebung der nichtöffentlichen Wasserversorgung und Abwasserentsorgung;JAHR;Jahr;2019;KREISE;Kreise und kreisfreie Städte;12067;Oder-Spree, Landkreis;WASAT2;Wasserart;WASAT1006;andere Wasserarten;-;1000 cbm;WAS001;Wasseraufkommen
32221;Erhebung der nichtöffentlichen Wasserversorgung und Abwasserentsorgung;JAHR;Jahr;2022;KREISE;Kreise und kreisfreie Städte;06532;Lahn-Dill-Kreis;WASAT2;Wasserart;WASSERQUELL;Quellwasser;20;1000 cbm;WAS001;Wasseraufkommen
32221;Erhebung der nichtöffentlichen Wasserversorgung und Abwasserentsorgung;JAHR;Jahr;2022;KREISE;Kreise und kreisfreie Städte;12066;Oberspreewald-Lausitz, Landkreis;WASAT2;Wasserart;WASAT1004;Flusswasser;-;1000 cbm;WAS001;Wasseraufkommen
32221;Erhebung der nichtöffentlichen Wasserversorgung und Abwasserentsorgung;JAHR;Jahr;2016;KREISE;Kreise und kreisfreie Städte;12066;Oberspreewald-Lausitz, Landkreis;WASAT2;Wasserart;WASAT1002;angereichertes Grundwasser;-;1000 cbm;WAS001;Wasseraufkommen
32221;Erhebung der nichtöffentlichen Wasserversorgung und Abwasserentsorgung;JAHR;Jahr;2013;KREISE;Kreise und kreisfreie Städte;12061;Dahme-Spreewald, Landkreis;WASAT2;Wasserart;WASAT1003;See- und Talsperrenwasser;.;1000 cbm;WAS001;Wasseraufkommen
32221;Erhebung der nichtöffentlichen Wasserversorgung und Abwasserentsorgung;JAHR;Jahr;2019;KREISE;Kreise und kreisfreie Städte;12063;Havelland, Landkreis;WASAT2;Wasserart;WASAT1003;See- und Talsperrenwasser;-;1000 cbm;WAS001;Wasseraufkommen
32221;Erhebung der nichtöffentlichen Wasserversorgung und Abwasserentsorgung;JAHR;Jahr;2016;KREISE;Kreise und kreisfreie Städte;12066;Oberspreewald-Lausitz, Landkreis;WASAT2;Wasserart;WASAT1006;andere Wasserarten;-;1000 cbm;WAS001;Wasseraufkommen
32221;Erhebung der nichtöffentlichen Wasserversorgung und Abwasserentsorgung;JAHR;Jahr;2013;KREISE;Kreise und kreisfreie Städte;12065;Oberhavel, Landkreis;WASAT2;Wasserart;WASAT1006;andere Wasserarten;-;1000 cbm;WAS001;Wasseraufkommen
32221;Erhebung der nichtöffentlichen Wasserversorgung und Abwasserentsorgung;JAHR;Jahr;2013;KREISE;Kreise und kreisfreie Städte;12061;Dahme-Spreewald, Landkreis;WASAT2;Wasserart;WASSERGRUND;Grundwasser;2836;1000 cbm;WAS001;Wasseraufkommen
32221;Erhebung der nichtöffentlichen Wasserversorgung und Abwasserentsorgung;JAHR;Jahr;2010;KREISE;Kreise und kreisfreie Städte;12064;Märkisch-Oderland, Landkreis;WASAT2;Wasserart;WASAT1006;andere Wasserarten;-;1000 cbm;WAS001;Wasseraufkommen
32221;Erhebung der nichtöffentlichen Wasserversorgung und Abwasserentsorgung;JAHR;Jahr;2016;KREISE;Kreise und kreisfreie Städte;06636;Werra-Meißner-Kreis;WASAT2;Wasserart;WASAT1003;See- und Talsperrenwasser;296;1000 cbm;WAS001;Wasseraufkommen
32221;Erhebung der nichtöffentlichen Wasserversorgung und Abwasserentsorgung;JAHR;Jahr;2019;KREISE;Kreise und kreisfreie Städte;06636;Werra-Meißner-Kreis;WASAT2;Wasserart;WASSERGRUND;Grundwasser;399;1000 cbm;WAS001;Wasseraufkommen
32221;Erhebung der nichtöffentlichen Wasserversorgung und Abwasserentsorgung;JAHR;Jahr;2022;KREISE;Kreise und kreisfreie Städte;06534;Marburg-Biedenkopf, Landkreis;WASAT2;Wasserart;WASAT1006;andere Wasserarten;9;1000 cbm;WAS001;Wasseraufkommen
32221;Erhebung der nichtöffentlichen Wasserversorgung und Abwasserentsorgung;JAHR;Jahr;2022;KREISE;Kreise und kreisfreie Städte;06534;Marburg-Biedenkopf, Landkreis;WASAT2;Wasserart;WASAT1002;angereichertes Grundwasser;75;1000 cbm;WAS001;Wasseraufkommen
32221;Erhebung der nichtöffentlichen Wasserversorgung und Abwasserentsorgung;JAHR;Jahr;2010;KREISE;Kreise und kreisfreie Städte;06636;Werra-Meißner-Kreis;WASAT2;Wasserart;WASSERQUELL;Quellwasser;5;1000 cbm;WAS001;Wasseraufkommen
32221;Erhebung der nichtöffentlichen Wasserversorgung und Abwasserentsorgung;JAHR;Jahr;2010;KREISE;Kreise und kreisfreie Städte;06633;Kassel, Landkreis;WASAT2;Wasserart;WASSERGRUND;Grundwasser;3525;1000 cbm;WAS001;Wasseraufkommen
32221;Erhebung der nichtöffentlichen Wasserversorgung und Abwasserentsorgung;JAHR;Jahr;2022;KREISE;Kreise und kreisfreie Städte;06636;Werra-Meißner-Kreis;WASAT2;Wasserart;WASAT1001;Uferfiltrat;-;1000 cbm;WAS001;Wasseraufkommen
32221;Erhebung der nichtöffentlichen Wasserversorgung und Abwasserentsorgung;JAHR;Jahr;2022;KREISE;Kreise und kreisfreie Städte;06636;Werra-Meißner-Kreis;WASAT2;Wasserart;WASAT1005;Meer- und Brackwasser;-;1000 cbm;WAS001;Wasseraufkommen
32221;Erhebung der nichtöffentlichen Wasserversorgung und Abwasserentsorgung;JAHR;Jahr;2010;KREISE;Kreise und kreisfreie Städte;12065;Oberhavel, Landkreis;WASAT2;Wasserart;WASAT1002;angereichertes Grundwasser;-;1000 cbm;WAS001;Wasseraufkommen
32221;Erhebung der nichtöffentlichen Wasserversorgung und Abwasserentsorgung;JAHR;Jahr;2010;KREISE;Kreise und kreisfreie Städte;06535;Vogelsbergkreis;WASAT2;Wasserart;WASSERGRUND;Grundwasser;174;1000 cbm;WAS001;Wasseraufkommen
32221;Erhebung der nichtöffentlichen Wasserversorgung und Abwasserentsorgung;JAHR;Jahr;2013;KREISE;Kreise und kreisfreie Städte;12065;Oberhavel, Landkreis;WASAT2;Wasserart;WASAT1002;angereichertes Grundwasser;-;1000 cbm;WAS001;Wasseraufkommen
32221;Erhebung der nichtöffentlichen Wasserversorgung und Abwasserentsorgung;JAHR;Jahr;2013;KREISE;Kreise und kreisfreie Städte;06439;Rheingau-Taunus-Kreis;WASAT2;Wasserart;WASAT1003;See- und Talsperrenwasser;-;1000 cbm;WAS001;Wasseraufkommen
32221;Erhebung der nichtöffentlichen Wasserversorgung und Abwasserentsorgung;JAHR;Jahr;2016;KREISE;Kreise und kreisfreie Städte;06534;Marburg-Biedenkopf, Landkreis;WASAT2;Wasserart;WASAT1004;Flusswasser;5;1000 cbm;WAS001;Wasseraufkommen
32221;Erhebung der nichtöffentlichen Wasserversorgung und Abwasserentsorgung;JAHR;Jahr;2019;KREISE;Kreise und kreisfreie Städte;06534;Marburg-Biedenkopf, Landkreis;WASAT2;Wasserart;WASAT1004;Flusswasser;5;1000 cbm;WAS001;Wasseraufkommen
32221;Erhebung der nichtöffentlichen Wasserversorgung und Abwasserentsorgung;JAHR;Jahr;2019;KREISE;Kreise und kreisfreie Städte;06531;Gießen, Landkreis;WASAT2;Wasserart;WASAT1001;Uferfiltrat;-;1000 cbm;WAS001;Wasseraufkommen
32221;Erhebung der nichtöffentlichen Wasserversorgung und Abwasserentsorgung;JAHR;Jahr;2010;KREISE;Kreise und kreisfreie Städte;12063;Havelland, Landkreis;WASAT2;Wasserart;WASSERQUELL;Quellwasser;-;1000 cbm;WAS001;Wasseraufkommen
32221;Erhebung der nichtöffentlichen Wasserversorgung und Abwasserentsorgung;JAHR;Jahr;2019;KREISE;Kreise und kreisfreie Städte;06531;Gießen, Landkreis;WASAT2;Wasserart;WASAT1005;Meer- und Brackwasser;-;1000 cbm;WAS001;Wasseraufkommen
32221;Erhebung der nichtöffentlichen Wasserversorgung und Abwasserentsorgung;JAHR;Jahr;2013;KREISE;Kreise und kreisfreie Städte;06439;Rheingau-Taunus-Kreis;WASAT2;Wasserart;WASSERGRUND;Grundwasser;93;1000 cbm;WAS001;Wasseraufkommen
32221;Erhebung der nichtöffentlichen Wasserversorgung und Abwasserentsorgung;JAHR;Jahr;2010;KREISE;Kreise und kreisfreie Städte;06439;Rheingau-Taunus-Kreis;WASAT2;Wasserart;WASAT1003;See- und Talsperrenwasser;-;1000 cbm;WAS001;Wasseraufkommen
32221;Erhebung der nichtöffentlichen Wasserversorgung und Abwasserentsorgung;JAHR;Jahr;2013;KREISE;Kreise und kreisfreie Städte;12063;Havelland, Landkreis;WASAT2;Wasserart;WASSERQUELL;Quellwasser;-;1000 cbm;WAS001;Wasseraufkommen
32221;Erhebung der nichtöffentlichen Wasserversorgung und Abwasserentsorgung;JAHR;Jahr;2019;KREISE;Kreise und kreisfreie Städte;12065;Oberhavel, Landkreis;WASAT2;Wasserart;WASSERQUELL;Quellwasser;2;1000 cbm;WAS001;Wasseraufkommen
32221;Erhebung der nichtöffentlichen Wasserversorgung und Abwasserentsorgung;JAHR;Jahr;2013;KREISE;Kreise und kreisfreie Städte;06532;Lahn-Dill-Kreis;WASAT2;Wasserart;WASAT1004;Flusswasser;2394;1000 cbm;WAS001;Wasseraufkommen
32221;Erhebung der nichtöffentlichen Wasserversorgung und Abwasserentsorgung;JAHR;Jahr;2016;KREISE;Kreise und kreisfreie Städte;12065;Oberhavel, Landkreis;WASAT2;Wasserart;WASSERQUELL;Quellwasser;-;1000 cbm;WAS001;Wasseraufkommen
32221;Erhebung der nichtöffentlichen Wasserversorgung und Abwasserentsorgung;JAHR;Jahr;2016;KREISE;Kreise und kreisfreie Städte;06439;Rheingau-Taunus-Kreis;WASAT2;Wasserart;WASSERGRUND;Grundwasser;90;1000 cbm;WAS001;Wasseraufkommen
32221;Erhebung der nichtöffentlichen Wasserversorgung und Abwasserentsorgung;JAHR;Jahr;2010;KREISE;Kreise und kreisfreie Städte;06532;Lahn-Dill-Kreis;WASAT2;Wasserart;WASAT1004;Flusswasser;-;1000 cbm;WAS001;Wasseraufkommen
32221;Erhebung der nichtöffentlichen Wasserversorgung und Abwasserentsorgung;JAHR;Jahr;2010;KREISE;Kreise und kreisfreie Städte;06439;Rheingau-Taunus-Kreis;WASAT2;Wasserart;WASSERGRUND;Grundwasser;114;1000 cbm;WAS001;Wasseraufkommen
32221;Erhebung der nichtöffentlichen Wasserversorgung und Abwasserentsorgung;JAHR;Jahr;2022;KREISE;Kreise und kreisfreie Städte;06533;Limburg-Weilburg, Landkreis;WASAT2;Wasserart;WASSERQUELL;Quellwasser;191;1000 cbm;WAS001;Wasseraufkommen
32221;Erhebung der nichtöffentlichen Wasserversorgung und Abwasserentsorgung;JAHR;Jahr;2013;KREISE;Kreise und kreisfreie Städte;06534;Marburg-Biedenkopf, Landkreis;WASAT2;Wasserart;WASAT1004;Flusswasser;175;1000 cbm;WAS001;Wasseraufkommen
32221;Erhebung der nichtöffentlichen Wasserversorgung und Abwasserentsorgung;JAHR;Jahr;2019;KREISE;Kreise und kreisfreie Städte;12066;Oberspreewald-Lausitz, Landkreis;WASAT2;Wasserart;WASAT1002;angereichertes Grundwasser;-;1000 cbm;WAS001;Wasseraufkommen
32221;Erhebung der nichtöffentlichen Wasserversorgung und Abwasserentsorgung;JAHR;Jahr;2022;KREISE;Kreise und kreisfreie Städte;12065;Oberhavel, Landkreis;WASAT2;Wasserart;WASAT1004;Flusswasser;.;1000 cbm;WAS001;Wasseraufkommen
32221;Erhebung der nichtöffentlichen Wasserversorgung und Abwasserentsorgung;JAHR;Jahr;2016;KREISE;Kreise und kreisfreie Städte;12065;Oberhavel, Landkreis;WASAT2;Wasserart;WASAT1002;angereichertes Grundwasser;-;1000 cbm;WAS001;Wasseraufkommen
32221;Erhebung der nichtöffentlichen Wasserversorgung und Abwasserentsorgung;JAHR;Jahr;2010;KREISE;Kreise und kreisfreie Städte;12061;Dahme-Spreewald, Landkreis;WASAT2;Wasserart;WASSERGRUND;Grundwasser;.;1000 cbm;WAS001;Wasseraufkommen
32221;Erhebung der nichtöffentlichen Wasserversorgung und Abwasserentsorgung;JAHR;Jahr;2019;KREISE;Kreise und kreisfreie Städte;12066;Oberspreewald-Lausitz, Landkreis;WASAT2;Wasserart;WASAT1006;andere Wasserarten;-;1000 cbm;WAS001;Wasseraufkommen
32221;Erhebung der nichtöffentlichen Wasserversorgung und Abwasserentsorgung;JAHR;Jahr;2013;KREISE;Kreise und kreisfreie Städte;12066;Oberspreewald-Lausitz, Landkreis;WASAT2;Wasserart;WASAT1006;andere Wasserarten;-;1000 cbm;WAS001;Wasseraufkommen
32221;Erhebung der nichtöffentlichen Wasserversorgung und Abwasserentsorgung;JAHR;Jahr;2016;KREISE;Kreise und kreisfreie Städte;12063;Havelland, Landkreis;WASAT2;Wasserart;WASAT1003;See- und Talsperrenwasser;-;1000 cbm;WAS001;Wasseraufkommen
32221;Erhebung der nichtöffentlichen Wasserversorgung und Abwasserentsorgung;JAHR;Jahr;2016;KREISE;Kreise und kreisfreie Städte;12065;Oberhavel, Landkreis;WASAT2;Wasserart;WASAT1006;andere Wasserarten;-;1000 cbm;WAS001;Wasseraufkommen
32221;Erhebung der nichtöffentlichen Wasserversorgung und Abwasserentsorgung;JAHR;Jahr;2013;KREISE;Kreise und kreisfreie Städte;06636;Werra-Meißner-Kreis;WASAT2;Wasserart;WASSERQUELL;Quellwasser;3;1000 cbm;WAS001;Wasseraufkommen
32221;Erhebung der nichtöffentlichen Wasserversorgung und Abwasserentsorgung;JAHR;Jahr;2016;KREISE;Kreise und kreisfreie Städte;06636;Werra-Meißner-Kreis;WASAT2;Wasserart;WASSERGRUND;Grundwasser;370;1000 cbm;WAS001;Wasseraufkommen
32221;Erhebung der nichtöffentlichen Wasserversorgung und Abwasserentsorgung;JAHR;Jahr;2010;KREISE;Kreise und kreisfreie Städte;12065;Oberhavel, Landkreis;WASAT2;Wasserart;WASAT1006;andere Wasserarten;-;1000 cbm;WAS001;Wasseraufkommen
32221;Erhebung der nichtöffentlichen Wasserversorgung und Abwasserentsorgung;JAHR;Jahr;2022;KREISE;Kreise und kreisfreie Städte;06535;Vogelsbergkreis;WASAT2;Wasserart;WASAT1006;andere Wasserarten;135;1000 cbm;WAS001;Wasseraufkommen
32221;Erhebung der nichtöffentlichen Wasserversorgung und Abwasserentsorgung;JAHR;Jahr;2022;KREISE;Kreise und kreisfreie Städte;06535;Vogelsbergkreis;WASAT2;Wasserart;WASAT1002;angereichertes Grundwasser;130;1000 cbm;WAS001;Wasseraufkommen
32221;Erhebung der nichtöffentlichen Wasserversorgung und Abwasserentsorgung;JAHR;Jahr;2016;KREISE;Kreise und kreisfreie Städte;12064;Märkisch-Oderland, Landkreis;WASAT2;Wasserart;WASSERQUELL;Quellwasser;-;1000 cbm;WAS001;Wasseraufkommen
32221;Erhebung der nichtöffentlichen Wasserversorgung und Abwasserentsorgung;JAHR;Jahr;2019;KREISE;Kreise und kreisfreie Städte;12061;Dahme-Spreewald, Landkreis;WASAT2;Wasserart;WASSERGRUND;Grundwasser;3783;1000 cbm;WAS001;Wasseraufkommen
32221;Erhebung der nichtöffentlichen Wasserversorgung und Abwasserentsorgung;JAHR;Jahr;2013;KREISE;Kreise und kreisfreie Städte;06636;Werra-Meißner-Kreis;WASAT2;Wasserart;WASSERGRUND;Grundwasser;223;1000 cbm;WAS001;Wasseraufkommen
32221;Erhebung der nichtöffentlichen Wasserversorgung und Abwasserentsorgung;JAHR;Jahr;2010;KREISE;Kreise und kreisfreie Städte;12066;Oberspreewald-Lausitz, Landkreis;WASAT2;Wasserart;WASAT1002;angereichertes Grundwasser;.;1000 cbm;WAS001;Wasseraufkommen
32221;Erhebung der nichtöffentlichen Wasserversorgung und Abwasserentsorgung;JAHR;Jahr;2016;KREISE;Kreise und kreisfreie Städte;12061;Dahme-Spreewald, Landkreis;WASAT2;Wasserart;WASSERGRUND;Grundwasser;3982;1000 cbm;WAS001;Wasseraufkommen
32221;Erhebung der nichtöffentlichen Wasserversorgung und Abwasserentsorgung;JAHR;Jahr;2010;KREISE;Kreise und kreisfreie Städte;12066;Oberspreewald-Lausitz, Landkreis;WASAT2;Wasserart;WASAT1006;andere Wasserarten;-;1000 cbm;WAS001;Wasseraufkommen
32221;Erhebung der nichtöffentlichen Wasserversorgung und Abwasserentsorgung;JAHR;Jahr;2010;KREISE;Kreise und kreisfreie Städte;06534;Marburg-Biedenkopf, Landkreis;WASAT2;Wasserart;WASSERGRUND;Grundwasser;874;1000 cbm;WAS001;Wasseraufkommen
32221;Erhebung der nichtöffentlichen Wasserversorgung und Abwasserentsorgung;JAHR;Jahr;2013;KREISE;Kreise und kreisfreie Städte;12066;Oberspreewald-Lausitz, Landkreis;WASAT2;Wasserart;WASAT1002;angereichertes Grundwasser;.;1000 cbm;WAS001;Wasseraufkommen
32221;Erhebung der nichtöffentlichen Wasserversorgung und Abwasserentsorgung;JAHR;Jahr;2022;KREISE;Kreise und kreisfreie Städte;12061;Dahme-Spreewald, Landkreis;WASAT2;Wasserart;WASAT1005;Meer- und Brackwasser;-;1000 cbm;WAS001;Wasseraufkommen
32221;Erhebung der nichtöffentlichen Wasserversorgung und Abwasserentsorgung;JAHR;Jahr;2010;KREISE;Kreise und kreisfreie Städte;06439;Rheingau-Taunus-Kreis;WASAT2;Wasserart;WASSERQUELL;Quellwasser;-;1000 cbm;WAS001;Wasseraufkommen
32221;Erhebung der nichtöffentlichen Wasserversorgung und Abwasserentsorgung;JAHR;Jahr;2016;KREISE;Kreise und kreisfreie Städte;06533;Limburg-Weilburg, Landkreis;WASAT2;Wasserart;WASAT1004;Flusswasser;76;1000 cbm;WAS001;Wasseraufkommen
32221;Erhebung der nichtöffentlichen Wasserversorgung und Abwasserentsorgung;JAHR;Jahr;2022;KREISE;Kreise und kreisfreie Städte;12061;Dahme-Spreewald, Landkreis;WASAT2;Wasserart;WASAT1001;Uferfiltrat;-;1000 cbm;WAS001;Wasseraufkommen
32221;Erhebung der nichtöffentlichen Wasserversorgung und Abwasserentsorgung;JAHR;Jahr;2022;KREISE;Kreise und kreisfreie Städte;12064;Märkisch-Oderland, Landkreis;WASAT2;Wasserart;WASAT1004;Flusswasser;26;1000 cbm;WAS001;Wasseraufkommen
32221;Erhebung der nichtöffentlichen Wasserversorgung und Abwasserentsorgung;JAHR;Jahr;2010;KREISE;Kreise und kreisfreie Städte;12064;Märkisch-Oderland, Landkreis;WASAT2;Wasserart;WASSERQUELL;Quellwasser;-;1000 cbm;WAS001;Wasseraufkommen
32221;Erhebung der nichtöffentlichen Wasserversorgung und Abwasserentsorgung;JAHR;Jahr;2019;KREISE;Kreise und kreisfreie Städte;06533;Limburg-Weilburg, Landkreis;WASAT2;Wasserart;WASAT1004;Flusswasser;-;1000 cbm;WAS001;Wasseraufkommen
32221;Erhebung der nichtöffentlichen Wasserversorgung und Abwasserentsorgung;JAHR;Jahr;2019;KREISE;Kreise und kreisfreie Städte;12064;Märkisch-Oderland, Landkreis;WASAT2;Wasserart;WASSERQUELL;Quellwasser;-;1000 cbm;WAS001;Wasseraufkommen
32221;Erhebung der nichtöffentlichen Wasserversorgung und Abwasserentsorgung;JAHR;Jahr;2013;KREISE;Kreise und kreisfreie Städte;06533;Limburg-Weilburg, Landkreis;WASAT2;Wasserart;WASAT1004;Flusswasser;234;1000 cbm;WAS001;Wasseraufkommen
32221;Erhebung der nichtöffentlichen Wasserversorgung und Abwasserentsorgung;JAHR;Jahr;2013;KREISE;Kreise und kreisfreie Städte;12064;Märkisch-Oderland, Landkreis;WASAT2;Wasserart;WASSERQUELL;Quellwasser;-;1000 cbm;WAS001;Wasseraufkommen
32221;Erhebung der nichtöffentlichen Wasserversorgung und Abwasserentsorgung;JAHR;Jahr;2010;KREISE;Kreise und kreisfreie Städte;06533;Limburg-Weilburg, Landkreis;WASAT2;Wasserart;WASAT1004;Flusswasser;-;1000 cbm;WAS001;Wasseraufkommen
32221;Erhebung der nichtöffentlichen Wasserversorgung und Abwasserentsorgung;JAHR;Jahr;2019;KREISE;Kreise und kreisfreie Städte;12065;Oberhavel, Landkreis;WASAT2;Wasserart;WASAT1003;See- und Talsperrenwasser;173;1000 cbm;WAS001;Wasseraufkommen
32221;Erhebung der nichtöffentlichen Wasserversorgung und Abwasserentsorgung;JAHR;Jahr;2013;KREISE;Kreise und kreisfreie Städte;06531;Gießen, Landkreis;WASAT2;Wasserart;WASAT1001;Uferfiltrat;-;1000 cbm;WAS001;Wasseraufkommen
32221;Erhebung der nichtöffentlichen Wasserversorgung und Abwasserentsorgung;JAHR;Jahr;2010;KREISE;Kreise und kreisfreie Städte;06636;Werra-Meißner-Kreis;WASAT2;Wasserart;WASAT1002;angereichertes Grundwasser;-;1000 cbm;WAS001;Wasseraufkommen
32221;Erhebung der nichtöffentlichen Wasserversorgung und Abwasserentsorgung;JAHR;Jahr;2013;KREISE;Kreise und kreisfreie Städte;06535;Vogelsbergkreis;WASAT2;Wasserart;WASAT1003;See- und Talsperrenwasser;24;1000 cbm;WAS001;Wasseraufkommen
32221;Erhebung der nichtöffentlichen Wasserversorgung und Abwasserentsorgung;JAHR;Jahr;2019;KREISE;Kreise und kreisfreie Städte;12061;Dahme-Spreewald, Landkreis;WASAT2;Wasserart;WASAT1004;Flusswasser;38;1000 cbm;WAS001;Wasseraufkommen
32221;Erhebung der nichtöffentlichen Wasserversorgung und Abwasserentsorgung;JAHR;Jahr;2019;KREISE;Kreise und kreisfreie Städte;12065;Oberhavel, Landkreis;WASAT2;Wasserart;WASAT1006;andere Wasserarten;4;1000 cbm;WAS001;Wasseraufkommen
32221;Erhebung der nichtöffentlichen Wasserversorgung und Abwasserentsorgung;JAHR;Jahr;2013;KREISE;Kreise und kreisfreie Städte;12063;Havelland, Landkreis;WASAT2;Wasserart;WASAT1006;andere Wasserarten;-;1000 cbm;WAS001;Wasseraufkommen
32221;Erhebung der nichtöffentlichen Wasserversorgung und Abwasserentsorgung;JAHR;Jahr;2022;KREISE;Kreise und kreisfreie Städte;12064;Märkisch-Oderland, Landkreis;WASAT2;Wasserart;WASAT1001;Uferfiltrat;-;1000 cbm;WAS001;Wasseraufkommen
32221;Erhebung der nichtöffentlichen Wasserversorgung und Abwasserentsorgung;JAHR;Jahr;2013;KREISE;Kreise und kreisfreie Städte;12063;Havelland, Landkreis;WASAT2;Wasserart;WASSERGRUND;Grundwasser;712;1000 cbm;WAS001;Wasseraufkommen
32221;Erhebung der nichtöffentlichen Wasserversorgung und Abwasserentsorgung;JAHR;Jahr;2016;KREISE;Kreise und kreisfreie Städte;12064;Märkisch-Oderland, Landkreis;WASAT2;Wasserart;WASAT1003;See- und Talsperrenwasser;378;1000 cbm;WAS001;Wasseraufkommen
32221;Erhebung der nichtöffentlichen Wasserversorgung und Abwasserentsorgung;JAHR;Jahr;2013;KREISE;Kreise und kreisfreie Städte;12067;Oder-Spree, Landkreis;WASAT2;Wasserart;WASAT1005;Meer- und Brackwasser;-;1000 cbm;WAS001;Wasseraufkommen
32221;Erhebung der nichtöffentlichen Wasserversorgung und Abwasserentsorgung;JAHR;Jahr;2016;KREISE;Kreise und kreisfreie Städte;12064;Märkisch-Oderland, Landkreis;WASAT2;Wasserart;WASAT1006;andere Wasserarten;3;1000 cbm;WAS001;Wasseraufkommen
32221;Erhebung der nichtöffentlichen Wasserversorgung und Abwasserentsorgung;JAHR;Jahr;2013;KREISE;Kreise und kreisfreie Städte;12063;Havelland, Landkreis;WASAT2;Wasserart;WASAT1003;See- und Talsperrenwasser;-;1000 cbm;WAS001;Wasseraufkommen
32221;Erhebung der nichtöffentlichen Wasserversorgung und Abwasserentsorgung;JAHR;Jahr;2022;KREISE;Kreise und kreisfreie Städte;06531;Gießen, Landkreis;WASAT2;Wasserart;WASSERGRUND;Grundwasser;849;1000 cbm;WAS001;Wasseraufkommen
32221;Erhebung der nichtöffentlichen Wasserversorgung und Abwasserentsorgung;JAHR;Jahr;2013;KREISE;Kreise und kreisfreie Städte;06633;Kassel, Landkreis;WASAT2;Wasserart;WASAT1003;See- und Talsperrenwasser;-;1000 cbm;WAS001;Wasseraufkommen
32221;Erhebung der nichtöffentlichen Wasserversorgung und Abwasserentsorgung;JAHR;Jahr;2016;KREISE;Kreise und kreisfreie Städte;06636;Werra-Meißner-Kreis;WASAT2;Wasserart;WASSERQUELL;Quellwasser;-;1000 cbm;WAS001;Wasseraufkommen
32221;Erhebung der nichtöffentlichen Wasserversorgung und Abwasserentsorgung;JAHR;Jahr;2016;KREISE;Kreise und kreisfreie Städte;12063;Havelland, Landkreis;WASAT2;Wasserart;WASSERQUELL;Quellwasser;-;1000 cbm;WAS001;Wasseraufkommen
32221;Erhebung der nichtöffentlichen Wasserversorgung und Abwasserentsorgung;JAHR;Jahr;2019;KREISE;Kreise und kreisfreie Städte;12064;Märkisch-Oderland, Landkreis;WASAT2;Wasserart;WASSERGRUND;Grundwasser;13722;1000 cbm;WAS001;Wasseraufkommen
32221;Erhebung der nichtöffentlichen Wasserversorgung und Abwasserentsorgung;JAHR;Jahr;2022;KREISE;Kreise und kreisfreie Städte;06532;Lahn-Dill-Kreis;WASAT2;Wasserart;WASAT1006;andere Wasserarten;129;1000 cbm;WAS001;Wasseraufkommen
32221;Erhebung der nichtöffentlichen Wasserversorgung und Abwasserentsorgung;JAHR;Jahr;2013;KREISE;Kreise und kreisfreie Städte;12061;Dahme-Spreewald, Landkreis;WASAT2;Wasserart;WASSERQUELL;Quellwasser;-;1000 cbm;WAS001;Wasseraufkommen
32221;Erhebung der nichtöffentlichen Wasserversorgung und Abwasserentsorgung;JAHR;Jahr;2022;KREISE;Kreise und kreisfreie Städte;06633;Kassel, Landkreis;WASAT2;Wasserart;WASAT1006;andere Wasserarten;175;1000 cbm;WAS001;Wasseraufkommen
32221;Erhebung der nichtöffentlichen Wasserversorgung und Abwasserentsorgung;JAHR;Jahr;2016;KREISE;Kreise und kreisfreie Städte;06633;Kassel, Landkreis;WASAT2;Wasserart;WASAT1003;See- und Talsperrenwasser;-;1000 cbm;WAS001;Wasseraufkommen
32221;Erhebung der nichtöffentlichen Wasserversorgung und Abwasserentsorgung;JAHR;Jahr;2010;KREISE;Kreise und kreisfreie Städte;12067;Oder-Spree, Landkreis;WASAT2;Wasserart;WASAT1002;angereichertes Grundwasser;-;1000 cbm;WAS001;Wasseraufkommen
32221;Erhebung der nichtöffentlichen Wasserversorgung und Abwasserentsorgung;JAHR;Jahr;2010;KREISE;Kreise und kreisfreie Städte;12066;Oberspreewald-Lausitz, Landkreis;WASAT2;Wasserart;WASAT1005;Meer- und Brackwasser;-;1000 cbm;WAS001;Wasseraufkommen
32221;Erhebung der nichtöffentlichen Wasserversorgung und Abwasserentsorgung;JAHR;Jahr;2013;KREISE;Kreise und kreisfreie Städte;12067;Oder-Spree, Landkreis;WASAT2;Wasserart;WASAT1002;angereichertes Grundwasser;-;1000 cbm;WAS001;Wasseraufkommen
32221;Erhebung der nichtöffentlichen Wasserversorgung und Abwasserentsorgung;JAHR;Jahr;2010;KREISE;Kreise und kreisfreie Städte;12061;Dahme-Spreewald, Landkreis;WASAT2;Wasserart;WASSERQUELL;Quellwasser;-;1000 cbm;WAS001;Wasseraufkommen
32221;Erhebung der nichtöffentlichen Wasserversorgung und Abwasserentsorgung;JAHR;Jahr;2016;KREISE;Kreise und kreisfreie Städte;06532;Lahn-Dill-Kreis;WASAT2;Wasserart;WASAT1004;Flusswasser;2493;1000 cbm;WAS001;Wasseraufkommen
32221;Erhebung der nichtöffentlichen Wasserversorgung und Abwasserentsorgung;JAHR;Jahr;2010;KREISE;Kreise und kreisfreie Städte;06533;Limburg-Weilburg, Landkreis;WASAT2;Wasserart;WASSERGRUND;Grundwasser;188;1000 cbm;WAS001;Wasseraufkommen
32221;Erhebung der nichtöffentlichen Wasserversorgung und Abwasserentsorgung;JAHR;Jahr;2019;KREISE;Kreise und kreisfreie Städte;06533;Limburg-Weilburg, Landkreis;WASAT2;Wasserart;WASAT1001;Uferfiltrat;90;1000 cbm;WAS001;Wasseraufkommen
32221;Erhebung der nichtöffentlichen Wasserversorgung und Abwasserentsorgung;JAHR;Jahr;2016;KREISE;Kreise und kreisfreie Städte;12064;Märkisch-Oderland, Landkreis;WASAT2;Wasserart;WASSERGRUND;Grundwasser;13647;1000 cbm;WAS001;Wasseraufkommen
32221;Erhebung der nichtöffentlichen Wasserversorgung und Abwasserentsorgung;JAHR;Jahr;2016;KREISE;Kreise und kreisfreie Städte;06535;Vogelsbergkreis;WASAT2;Wasserart;WASAT1003;See- und Talsperrenwasser;-;1000 cbm;WAS001;Wasseraufkommen
32221;Erhebung der nichtöffentlichen Wasserversorgung und Abwasserentsorgung;JAHR;Jahr;2022;KREISE;Kreise und kreisfreie Städte;12063;Havelland, Landkreis;WASAT2;Wasserart;WASAT1004;Flusswasser;.;1000 cbm;WAS001;Wasseraufkommen
32221;Erhebung der nichtöffentlichen Wasserversorgung und Abwasserentsorgung;JAHR;Jahr;2019;KREISE;Kreise und kreisfreie Städte;06532;Lahn-Dill-Kreis;WASAT2;Wasserart;WASAT1004;Flusswasser;2193;1000 cbm;WAS001;Wasseraufkommen
32221;Erhebung der nichtöffentlichen Wasserversorgung und Abwasserentsorgung;JAHR;Jahr;2016;KREISE;Kreise und kreisfreie Städte;06531;Gießen, Landkreis;WASAT2;Wasserart;WASAT1001;Uferfiltrat;-;1000 cbm;WAS001;Wasseraufkommen
32221;Erhebung der nichtöffentlichen Wasserversorgung und Abwasserentsorgung;JAHR;Jahr;2010;KREISE;Kreise und kreisfreie Städte;06535;Vogelsbergkreis;WASAT2;Wasserart;WASAT1003;See- und Talsperrenwasser;-;1000 cbm;WAS001;Wasseraufkommen
32221;Erhebung der nichtöffentlichen Wasserversorgung und Abwasserentsorgung;JAHR;Jahr;2010;KREISE;Kreise und kreisfreie Städte;06531;Gießen, Landkreis;WASAT2;Wasserart;WASAT1001;Uferfiltrat;-;1000 cbm;WAS001;Wasseraufkommen
32221;Erhebung der nichtöffentlichen Wasserversorgung und Abwasserentsorgung;JAHR;Jahr;2019;KREISE;Kreise und kreisfreie Städte;12063;Havelland, Landkreis;WASAT2;Wasserart;WASSERQUELL;Quellwasser;-;1000 cbm;WAS001;Wasseraufkommen
32221;Erhebung der nichtöffentlichen Wasserversorgung und Abwasserentsorgung;JAHR;Jahr;2016;KREISE;Kreise und kreisfreie Städte;12061;Dahme-Spreewald, Landkreis;WASAT2;Wasserart;WASAT1004;Flusswasser;11;1000 cbm;WAS001;Wasseraufkommen
32221;Erhebung der nichtöffentlichen Wasserversorgung und Abwasserentsorgung;JAHR;Jahr;2016;KREISE;Kreise und kreisfreie Städte;12063;Havelland, Landkreis;WASAT2;Wasserart;WASAT1006;andere Wasserarten;1;1000 cbm;WAS001;Wasseraufkommen
32221;Erhebung der nichtöffentlichen Wasserversorgung und Abwasserentsorgung;JAHR;Jahr;2013;KREISE;Kreise und kreisfreie Städte;06532;Lahn-Dill-Kreis;WASAT2;Wasserart;WASAT1001;Uferfiltrat;-;1000 cbm;WAS001;Wasseraufkommen
32221;Erhebung der nichtöffentlichen Wasserversorgung und Abwasserentsorgung;JAHR;Jahr;2022;KREISE;Kreise und kreisfreie Städte;06439;Rheingau-Taunus-Kreis;WASAT2;Wasserart;WASAT1002;angereichertes Grundwasser;-;1000 cbm;WAS001;Wasseraufkommen
32221;Erhebung der nichtöffentlichen Wasserversorgung und Abwasserentsorgung;JAHR;Jahr;2013;KREISE;Kreise und kreisfreie Städte;06534;Marburg-Biedenkopf, Landkreis;WASAT2;Wasserart;WASAT1003;See- und Talsperrenwasser;259;1000 cbm;WAS001;Wasseraufkommen
32221;Erhebung der nichtöffentlichen Wasserversorgung und Abwasserentsorgung;JAHR;Jahr;2019;KREISE;Kreise und kreisfreie Städte;12064;Märkisch-Oderland, Landkreis;WASAT2;Wasserart;WASAT1003;See- und Talsperrenwasser;268;1000 cbm;WAS001;Wasseraufkommen
32221;Erhebung der nichtöffentlichen Wasserversorgung und Abwasserentsorgung;JAHR;Jahr;2022;KREISE;Kreise und kreisfreie Städte;06531;Gießen, Landkreis;WASAT2;Wasserart;WASSERQUELL;Quellwasser;2;1000 cbm;WAS001;Wasseraufkommen
32221;Erhebung der nichtöffentlichen Wasserversorgung und Abwasserentsorgung;JAHR;Jahr;2022;KREISE;Kreise und kreisfreie Städte;12063;Havelland, Landkreis;WASAT2;Wasserart;WASAT1001;Uferfiltrat;-;1000 cbm;WAS001;Wasseraufkommen
32221;Erhebung der nichtöffentlichen Wasserversorgung und Abwasserentsorgung;JAHR;Jahr;2016;KREISE;Kreise und kreisfreie Städte;12067;Oder-Spree, Landkreis;WASAT2;Wasserart;WASAT1002;angereichertes Grundwasser;-;1000 cbm;WAS001;Wasseraufkommen
32221;Erhebung der nichtöffentlichen Wasserversorgung und Abwasserentsorgung;JAHR;Jahr;2010;KREISE;Kreise und kreisfreie Städte;06633;Kassel, Landkreis;WASAT2;Wasserart;WASAT1003;See- und Talsperrenwasser;-;1000 cbm;WAS001;Wasseraufkommen
32221;Erhebung der nichtöffentlichen Wasserversorgung und Abwasserentsorgung;JAHR;Jahr;2019;KREISE;Kreise und kreisfreie Städte;12064;Märkisch-Oderland, Landkreis;WASAT2;Wasserart;WASAT1006;andere Wasserarten;1;1000 cbm;WAS001;Wasseraufkommen
32221;Erhebung der nichtöffentlichen Wasserversorgung und Abwasserentsorgung;JAHR;Jahr;2022;KREISE;Kreise und kreisfreie Städte;06439;Rheingau-Taunus-Kreis;WASAT2;Wasserart;WASAT1005;Meer- und Brackwasser;-;1000 cbm;WAS001;Wasseraufkommen
32221;Erhebung der nichtöffentlichen Wasserversorgung und Abwasserentsorgung;JAHR;Jahr;2013;KREISE;Kreise und kreisfreie Städte;12064;Märkisch-Oderland, Landkreis;WASAT2;Wasserart;WASAT1006;andere Wasserarten;-;1000 cbm;WAS001;Wasseraufkommen
32221;Erhebung der nichtöffentlichen Wasserversorgung und Abwasserentsorgung;JAHR;Jahr;2016;KREISE;Kreise und kreisfreie Städte;12065;Oberhavel, Landkreis;WASAT2;Wasserart;WASAT1003;See- und Talsperrenwasser;337;1000 cbm;WAS001;Wasseraufkommen
32221;Erhebung der nichtöffentlichen Wasserversorgung und Abwasserentsorgung;JAHR;Jahr;2016;KREISE;Kreise und kreisfreie Städte;12067;Oder-Spree, Landkreis;WASAT2;Wasserart;WASAT1005;Meer- und Brackwasser;-;1000 cbm;WAS001;Wasseraufkommen
32221;Erhebung der nichtöffentlichen Wasserversorgung und Abwasserentsorgung;JAHR;Jahr;2013;KREISE;Kreise und kreisfreie Städte;12064;Märkisch-Oderland, Landkreis;WASAT2;Wasserart;WASAT1003;See- und Talsperrenwasser;451;1000 cbm;WAS001;Wasseraufkommen
32221;Erhebung der nichtöffentlichen Wasserversorgung und Abwasserentsorgung;JAHR;Jahr;2010;KREISE;Kreise und kreisfreie Städte;12063;Havelland, Landkreis;WASAT2;Wasserart;WASSERGRUND;Grundwasser;672;1000 cbm;WAS001;Wasseraufkommen
32221;Erhebung der nichtöffentlichen Wasserversorgung und Abwasserentsorgung;JAHR;Jahr;2013;KREISE;Kreise und kreisfreie Städte;12066;Oberspreewald-Lausitz, Landkreis;WASAT2;Wasserart;WASAT1005;Meer- und Brackwasser;-;1000 cbm;WAS001;Wasseraufkommen
32221;Erhebung der nichtöffentlichen Wasserversorgung und Abwasserentsorgung;JAHR;Jahr;2022;KREISE;Kreise und kreisfreie Städte;06532;Lahn-Dill-Kreis;WASAT2;Wasserart;WASSERGRUND;Grundwasser;644;1000 cbm;WAS001;Wasseraufkommen
32221;Erhebung der nichtöffentlichen Wasserversorgung und Abwasserentsorgung;JAHR;Jahr;2010;KREISE;Kreise und kreisfreie Städte;12063;Havelland, Landkreis;WASAT2;Wasserart;WASAT1006;andere Wasserarten;-;1000 cbm;WAS001;Wasseraufkommen
32221;Erhebung der nichtöffentlichen Wasserversorgung und Abwasserentsorgung;JAHR;Jahr;2013;KREISE;Kreise und kreisfreie Städte;06636;Werra-Meißner-Kreis;WASAT2;Wasserart;WASAT1002;angereichertes Grundwasser;-;1000 cbm;WAS001;Wasseraufkommen
32221;Erhebung der nichtöffentlichen Wasserversorgung und Abwasserentsorgung;JAHR;Jahr;2022;KREISE;Kreise und kreisfreie Städte;06533;Limburg-Weilburg, Landkreis;WASAT2;Wasserart;WASAT1006;andere Wasserarten;173;1000 cbm;WAS001;Wasseraufkommen
32221;Erhebung der nichtöffentlichen Wasserversorgung und Abwasserentsorgung;JAHR;Jahr;2019;KREISE;Kreise und kreisfreie Städte;12063;Havelland, Landkreis;WASAT2;Wasserart;WASSERGRUND;Grundwasser;867;1000 cbm;WAS001;Wasseraufkommen
32221;Erhebung der nichtöffentlichen Wasserversorgung und Abwasserentsorgung;JAHR;Jahr;2016;KREISE;Kreise und kreisfreie Städte;12063;Havelland, Landkreis;WASAT2;Wasserart;WASSERGRUND;Grundwasser;738;1000 cbm;WAS001;Wasseraufkommen
32221;Erhebung der nichtöffentlichen Wasserversorgung und Abwasserentsorgung;JAHR;Jahr;2010;KREISE;Kreise und kreisfreie Städte;12067;Oder-Spree, Landkreis;WASAT2;Wasserart;WASAT1005;Meer- und Brackwasser;-;1000 cbm;WAS001;Wasseraufkommen
32221;Erhebung der nichtöffentlichen Wasserversorgung und Abwasserentsorgung;JAHR;Jahr;2016;KREISE;Kreise und kreisfreie Städte;06531;Gießen, Landkreis;WASAT2;Wasserart;WASAT1004;Flusswasser;790;1000 cbm;WAS001;Wasseraufkommen
32221;Erhebung der nichtöffentlichen Wasserversorgung und Abwasserentsorgung;JAHR;Jahr;2016;KREISE;Kreise und kreisfreie Städte;06532;Lahn-Dill-Kreis;WASAT2;Wasserart;WASAT1001;Uferfiltrat;3;1000 cbm;WAS001;Wasseraufkommen
32221;Erhebung der nichtöffentlichen Wasserversorgung und Abwasserentsorgung;JAHR;Jahr;2019;KREISE;Kreise und kreisfreie Städte;06532;Lahn-Dill-Kreis;WASAT2;Wasserart;WASAT1001;Uferfiltrat;-;1000 cbm;WAS001;Wasseraufkommen
32221;Erhebung der nichtöffentlichen Wasserversorgung und Abwasserentsorgung;JAHR;Jahr;2016;KREISE;Kreise und kreisfreie Städte;06534;Marburg-Biedenkopf, Landkreis;WASAT2;Wasserart;WASAT1003;See- und Talsperrenwasser;171;1000 cbm;WAS001;Wasseraufkommen
32221;Erhebung der nichtöffentlichen Wasserversorgung und Abwasserentsorgung;JAHR;Jahr;2019;KREISE;Kreise und kreisfreie Städte;06531;Gießen, Landkreis;WASAT2;Wasserart;WASAT1004;Flusswasser;752;1000 cbm;WAS001;Wasseraufkommen
32221;Erhebung der nichtöffentlichen Wasserversorgung und Abwasserentsorgung;JAHR;Jahr;2010;KREISE;Kreise und kreisfreie Städte;06439;Rheingau-Taunus-Kreis;WASAT2;Wasserart;WASAT1002;angereichertes Grundwasser;-;1000 cbm;WAS001;Wasseraufkommen
32221;Erhebung der nichtöffentlichen Wasserversorgung und Abwasserentsorgung;JAHR;Jahr;2013;KREISE;Kreise und kreisfreie Städte;06531;Gießen, Landkreis;WASAT2;Wasserart;WASAT1004;Flusswasser;651;1000 cbm;WAS001;Wasseraufkommen
32221;Erhebung der nichtöffentlichen Wasserversorgung und Abwasserentsorgung;JAHR;Jahr;2010;KREISE;Kreise und kreisfreie Städte;06534;Marburg-Biedenkopf, Landkreis;WASAT2;Wasserart;WASAT1003;See- und Talsperrenwasser;-;1000 cbm;WAS001;Wasseraufkommen
32221;Erhebung der nichtöffentlichen Wasserversorgung und Abwasserentsorgung;JAHR;Jahr;2010;KREISE;Kreise und kreisfreie Städte;06532;Lahn-Dill-Kreis;WASAT2;Wasserart;WASAT1001;Uferfiltrat;-;1000 cbm;WAS001;Wasseraufkommen
32221;Erhebung der nichtöffentlichen Wasserversorgung und Abwasserentsorgung;JAHR;Jahr;2010;KREISE;Kreise und kreisfreie Städte;06532;Lahn-Dill-Kreis;WASAT2;Wasserart;WASSERGRUND;Grundwasser;759;1000 cbm;WAS001;Wasseraufkommen
32221;Erhebung der nichtöffentlichen Wasserversorgung und Abwasserentsorgung;JAHR;Jahr;2010;KREISE;Kreise und kreisfreie Städte;06531;Gießen, Landkreis;WASAT2;Wasserart;WASAT1004;Flusswasser;-;1000 cbm;WAS001;Wasseraufkommen
32221;Erhebung der nichtöffentlichen Wasserversorgung und Abwasserentsorgung;JAHR;Jahr;2013;KREISE;Kreise und kreisfreie Städte;06533;Limburg-Weilburg, Landkreis;WASAT2;Wasserart;WASAT1003;See- und Talsperrenwasser;1501;1000 cbm;WAS001;Wasseraufkommen
32221;Erhebung der nichtöffentlichen Wasserversorgung und Abwasserentsorgung;JAHR;Jahr;2019;KREISE;Kreise und kreisfreie Städte;12063;Havelland, Landkreis;WASAT2;Wasserart;WASAT1002;angereichertes Grundwasser;376;1000 cbm;WAS001;Wasseraufkommen
32221;Erhebung der nichtöffentlichen Wasserversorgung und Abwasserentsorgung;JAHR;Jahr;2019;KREISE;Kreise und kreisfreie Städte;12067;Oder-Spree, Landkreis;WASAT2;Wasserart;WASAT1003;See- und Talsperrenwasser;1818;1000 cbm;WAS001;Wasseraufkommen
32221;Erhebung der nichtöffentlichen Wasserversorgung und Abwasserentsorgung;JAHR;Jahr;2013;KREISE;Kreise und kreisfreie Städte;06533;Limburg-Weilburg, Landkreis;WASAT2;Wasserart;WASAT1001;Uferfiltrat;-;1000 cbm;WAS001;Wasseraufkommen
32221;Erhebung der nichtöffentlichen Wasserversorgung und Abwasserentsorgung;JAHR;Jahr;2016;KREISE;Kreise und kreisfreie Städte;12066;Oberspreewald-Lausitz, Landkreis;WASAT2;Wasserart;WASAT1001;Uferfiltrat;-;1000 cbm;WAS001;Wasseraufkommen
32221;Erhebung der nichtöffentlichen Wasserversorgung und Abwasserentsorgung;JAHR;Jahr;2022;KREISE;Kreise und kreisfreie Städte;12066;Oberspreewald-Lausitz, Landkreis;WASAT2;Wasserart;WASAT1005;Meer- und Brackwasser;-;1000 cbm;WAS001;Wasseraufkommen
32221;Erhebung der nichtöffentlichen Wasserversorgung und Abwasserentsorgung;JAHR;Jahr;2013;KREISE;Kreise und kreisfreie Städte;12061;Dahme-Spreewald, Landkreis;WASAT2;Wasserart;WASAT1004;Flusswasser;.;1000 cbm;WAS001;Wasseraufkommen
32221;Erhebung der nichtöffentlichen Wasserversorgung und Abwasserentsorgung;JAHR;Jahr;2022;KREISE;Kreise und kreisfreie Städte;12066;Oberspreewald-Lausitz, Landkreis;WASAT2;Wasserart;WASAT1003;See- und Talsperrenwasser;.;1000 cbm;WAS001;Wasseraufkommen
32221;Erhebung der nichtöffentlichen Wasserversorgung und Abwasserentsorgung;JAHR;Jahr;2013;KREISE;Kreise und kreisfreie Städte;12065;Oberhavel, Landkreis;WASAT2;Wasserart;WASAT1005;Meer- und Brackwasser;-;1000 cbm;WAS001;Wasseraufkommen
32221;Erhebung der nichtöffentlichen Wasserversorgung und Abwasserentsorgung;JAHR;Jahr;2013;KREISE;Kreise und kreisfreie Städte;12065;Oberhavel, Landkreis;WASAT2;Wasserart;WASAT1003;See- und Talsperrenwasser;.;1000 cbm;WAS001;Wasseraufkommen
32221;Erhebung der nichtöffentlichen Wasserversorgung und Abwasserentsorgung;JAHR;Jahr;2013;KREISE;Kreise und kreisfreie Städte;12061;Dahme-Spreewald, Landkreis;WASAT2;Wasserart;WASAT1002;angereichertes Grundwasser;-;1000 cbm;WAS001;Wasseraufkommen
32221;Erhebung der nichtöffentlichen Wasserversorgung und Abwasserentsorgung;JAHR;Jahr;2010;KREISE;Kreise und kreisfreie Städte;12064;Märkisch-Oderland, Landkreis;WASAT2;Wasserart;WASSERGRUND;Grundwasser;12885;1000 cbm;WAS001;Wasseraufkommen
32221;Erhebung der nichtöffentlichen Wasserversorgung und Abwasserentsorgung;JAHR;Jahr;2022;KREISE;Kreise und kreisfreie Städte;06533;Limburg-Weilburg, Landkreis;WASAT2;Wasserart;WASSERGRUND;Grundwasser;370;1000 cbm;WAS001;Wasseraufkommen
32221;Erhebung der nichtöffentlichen Wasserversorgung und Abwasserentsorgung;JAHR;Jahr;2022;KREISE;Kreise und kreisfreie Städte;06534;Marburg-Biedenkopf, Landkreis;WASAT2;Wasserart;WASAT1003;See- und Talsperrenwasser;-;1000 cbm;WAS001;Wasseraufkommen
32221;Erhebung der nichtöffentlichen Wasserversorgung und Abwasserentsorgung;JAHR;Jahr;2013;KREISE;Kreise und kreisfreie Städte;06633;Kassel, Landkreis;WASAT2;Wasserart;WASSERQUELL;Quellwasser;102;1000 cbm;WAS001;Wasseraufkommen
32221;Erhebung der nichtöffentlichen Wasserversorgung und Abwasserentsorgung;JAHR;Jahr;2022;KREISE;Kreise und kreisfreie Städte;06534;Marburg-Biedenkopf, Landkreis;WASAT2;Wasserart;WASAT1001;Uferfiltrat;69;1000 cbm;WAS001;Wasseraufkommen
32221;Erhebung der nichtöffentlichen Wasserversorgung und Abwasserentsorgung;JAHR;Jahr;2019;KREISE;Kreise und kreisfreie Städte;06636;Werra-Meißner-Kreis;WASAT2;Wasserart;WASAT1004;Flusswasser;968;1000 cbm;WAS001;Wasseraufkommen
32221;Erhebung der nichtöffentlichen Wasserversorgung und Abwasserentsorgung;JAHR;Jahr;2019;KREISE;Kreise und kreisfreie Städte;06633;Kassel, Landkreis;WASAT2;Wasserart;WASAT1001;Uferfiltrat;-;1000 cbm;WAS001;Wasseraufkommen
32221;Erhebung der nichtöffentlichen Wasserversorgung und Abwasserentsorgung;JAHR;Jahr;2019;KREISE;Kreise und kreisfreie Städte;06636;Werra-Meißner-Kreis;WASAT2;Wasserart;WASAT1002;angereichertes Grundwasser;-;1000 cbm;WAS001;Wasseraufkommen
32221;Erhebung der nichtöffentlichen Wasserversorgung und Abwasserentsorgung;JAHR;Jahr;2013;KREISE;Kreise und kreisfreie Städte;06533;Limburg-Weilburg, Landkreis;WASAT2;Wasserart;WASSERGRUND;Grundwasser;277;1000 cbm;WAS001;Wasseraufkommen
32221;Erhebung der nichtöffentlichen Wasserversorgung und Abwasserentsorgung;JAHR;Jahr;2016;KREISE;Kreise und kreisfreie Städte;06636;Werra-Meißner-Kreis;WASAT2;Wasserart;WASAT1006;andere Wasserarten;67;1000 cbm;WAS001;Wasseraufkommen
32221;Erhebung der nichtöffentlichen Wasserversorgung und Abwasserentsorgung;JAHR;Jahr;2019;KREISE;Kreise und kreisfreie Städte;06535;Vogelsbergkreis;WASAT2;Wasserart;WASSERGRUND;Grundwasser;118;1000 cbm;WAS001;Wasseraufkommen
32221;Erhebung der nichtöffentlichen Wasserversorgung und Abwasserentsorgung;JAHR;Jahr;2010;KREISE;Kreise und kreisfreie Städte;12064;Märkisch-Oderland, Landkreis;WASAT2;Wasserart;WASAT1003;See- und Talsperrenwasser;-;1000 cbm;WAS001;Wasseraufkommen
32221;Erhebung der nichtöffentlichen Wasserversorgung und Abwasserentsorgung;JAHR;Jahr;2010;KREISE;Kreise und kreisfreie Städte;12064;Märkisch-Oderland, Landkreis;WASAT2;Wasserart;WASAT1001;Uferfiltrat;-;1000 cbm;WAS001;Wasseraufkommen
32221;Erhebung der nichtöffentlichen Wasserversorgung und Abwasserentsorgung;JAHR;Jahr;2019;KREISE;Kreise und kreisfreie Städte;06535;Vogelsbergkreis;WASAT2;Wasserart;WASAT1001;Uferfiltrat;-;1000 cbm;WAS001;Wasseraufkommen
32221;Erhebung der nichtöffentlichen Wasserversorgung und Abwasserentsorgung;JAHR;Jahr;2013;KREISE;Kreise und kreisfreie Städte;12066;Oberspreewald-Lausitz, Landkreis;WASAT2;Wasserart;WASAT1003;See- und Talsperrenwasser;-;1000 cbm;WAS001;Wasseraufkommen
32221;Erhebung der nichtöffentlichen Wasserversorgung und Abwasserentsorgung;JAHR;Jahr;2016;KREISE;Kreise und kreisfreie Städte;06533;Limburg-Weilburg, Landkreis;WASAT2;Wasserart;WASAT1005;Meer- und Brackwasser;-;1000 cbm;WAS001;Wasseraufkommen
32221;Erhebung der nichtöffentlichen Wasserversorgung und Abwasserentsorgung;JAHR;Jahr;2022;KREISE;Kreise und kreisfreie Städte;12061;Dahme-Spreewald, Landkreis;WASAT2;Wasserart;WASAT1004;Flusswasser;.;1000 cbm;WAS001;Wasseraufkommen
32221;Erhebung der nichtöffentlichen Wasserversorgung und Abwasserentsorgung;JAHR;Jahr;2016;KREISE;Kreise und kreisfreie Städte;12066;Oberspreewald-Lausitz, Landkreis;WASAT2;Wasserart;WASSERGRUND;Grundwasser;4344;1000 cbm;WAS001;Wasseraufkommen
32221;Erhebung der nichtöffentlichen Wasserversorgung und Abwasserentsorgung;JAHR;Jahr;2022;KREISE;Kreise und kreisfreie Städte;12061;Dahme-Spreewald, Landkreis;WASAT2;Wasserart;WASAT1002;angereichertes Grundwasser;-;1000 cbm;WAS001;Wasseraufkommen
32221;Erhebung der nichtöffentlichen Wasserversorgung und Abwasserentsorgung;JAHR;Jahr;2022;KREISE;Kreise und kreisfreie Städte;06633;Kassel, Landkreis;WASAT2;Wasserart;WASSERQUELL;Quellwasser;665;1000 cbm;WAS001;Wasseraufkommen
32221;Erhebung der nichtöffentlichen Wasserversorgung und Abwasserentsorgung;JAHR;Jahr;2010;KREISE;Kreise und kreisfreie Städte;12067;Oder-Spree, Landkreis;WASAT2;Wasserart;WASSERQUELL;Quellwasser;-;1000 cbm;WAS001;Wasseraufkommen
32221;Erhebung der nichtöffentlichen Wasserversorgung und Abwasserentsorgung;JAHR;Jahr;2010;KREISE;Kreise und kreisfreie Städte;06531;Gießen, Landkreis;WASAT2;Wasserart;WASSERGRUND;Grundwasser;863;1000 cbm;WAS001;Wasseraufkommen
32221;Erhebung der nichtöffentlichen Wasserversorgung und Abwasserentsorgung;JAHR;Jahr;2019;KREISE;Kreise und kreisfreie Städte;12061;Dahme-Spreewald, Landkreis;WASAT2;Wasserart;WASSERQUELL;Quellwasser;-;1000 cbm;WAS001;Wasseraufkommen
32221;Erhebung der nichtöffentlichen Wasserversorgung und Abwasserentsorgung;JAHR;Jahr;2010;KREISE;Kreise und kreisfreie Städte;06533;Limburg-Weilburg, Landkreis;WASAT2;Wasserart;WASAT1005;Meer- und Brackwasser;-;1000 cbm;WAS001;Wasseraufkommen
32221;Erhebung der nichtöffentlichen Wasserversorgung und Abwasserentsorgung;JAHR;Jahr;2016;KREISE;Kreise und kreisfreie Städte;12061;Dahme-Spreewald, Landkreis;WASAT2;Wasserart;WASAT1006;andere Wasserarten;-;1000 cbm;WAS001;Wasseraufkommen
32221;Erhebung der nichtöffentlichen Wasserversorgung und Abwasserentsorgung;JAHR;Jahr;2016;KREISE;Kreise und kreisfreie Städte;12065;Oberhavel, Landkreis;WASAT2;Wasserart;WASAT1001;Uferfiltrat;-;1000 cbm;WAS001;Wasseraufkommen
32221;Erhebung der nichtöffentlichen Wasserversorgung und Abwasserentsorgung;JAHR;Jahr;2019;KREISE;Kreise und kreisfreie Städte;06636;Werra-Meißner-Kreis;WASAT2;Wasserart;WASSERQUELL;Quellwasser;-;1000 cbm;WAS001;Wasseraufkommen
32221;Erhebung der nichtöffentlichen Wasserversorgung und Abwasserentsorgung;JAHR;Jahr;2013;KREISE;Kreise und kreisfreie Städte;06534;Marburg-Biedenkopf, Landkreis;WASAT2;Wasserart;WASAT1001;Uferfiltrat;6;1000 cbm;WAS001;Wasseraufkommen
32221;Erhebung der nichtöffentlichen Wasserversorgung und Abwasserentsorgung;JAHR;Jahr;2019;KREISE;Kreise und kreisfreie Städte;12066;Oberspreewald-Lausitz, Landkreis;WASAT2;Wasserart;WASAT1003;See- und Talsperrenwasser;-;1000 cbm;WAS001;Wasseraufkommen
32221;Erhebung der nichtöffentlichen Wasserversorgung und Abwasserentsorgung;JAHR;Jahr;2010;KREISE;Kreise und kreisfreie Städte;06633;Kassel, Landkreis;WASAT2;Wasserart;WASAT1002;angereichertes Grundwasser;-;1000 cbm;WAS001;Wasseraufkommen
32221;Erhebung der nichtöffentlichen Wasserversorgung und Abwasserentsorgung;JAHR;Jahr;2022;KREISE;Kreise und kreisfreie Städte;12063;Havelland, Landkreis;WASAT2;Wasserart;WASAT1002;angereichertes Grundwasser;.;1000 cbm;WAS001;Wasseraufkommen
32221;Erhebung der nichtöffentlichen Wasserversorgung und Abwasserentsorgung;JAHR;Jahr;2022;KREISE;Kreise und kreisfreie Städte;12067;Oder-Spree, Landkreis;WASAT2;Wasserart;WASAT1003;See- und Talsperrenwasser;.;1000 cbm;WAS001;Wasseraufkommen
32221;Erhebung der nichtöffentlichen Wasserversorgung und Abwasserentsorgung;JAHR;Jahr;2022;KREISE;Kreise und kreisfreie Städte;06439;Rheingau-Taunus-Kreis;WASAT2;Wasserart;WASAT1004;Flusswasser;5;1000 cbm;WAS001;Wasseraufkommen
32221;Erhebung der nichtöffentlichen Wasserversorgung und Abwasserentsorgung;JAHR;Jahr;2010;KREISE;Kreise und kreisfreie Städte;06633;Kassel, Landkreis;WASAT2;Wasserart;WASAT1006;andere Wasserarten;-;1000 cbm;WAS001;Wasseraufkommen
32221;Erhebung der nichtöffentlichen Wasserversorgung und Abwasserentsorgung;JAHR;Jahr;2013;KREISE;Kreise und kreisfreie Städte;12064;Märkisch-Oderland, Landkreis;WASAT2;Wasserart;WASAT1005;Meer- und Brackwasser;-;1000 cbm;WAS001;Wasseraufkommen
32221;Erhebung der nichtöffentlichen Wasserversorgung und Abwasserentsorgung;JAHR;Jahr;2016;KREISE;Kreise und kreisfreie Städte;12063;Havelland, Landkreis;WASAT2;Wasserart;WASAT1004;Flusswasser;28118;1000 cbm;WAS001;Wasseraufkommen
32221;Erhebung der nichtöffentlichen Wasserversorgung und Abwasserentsorgung;JAHR;Jahr;2010;KREISE;Kreise und kreisfreie Städte;12065;Oberhavel, Landkreis;WASAT2;Wasserart;WASSERGRUND;Grundwasser;.;1000 cbm;WAS001;Wasseraufkommen
32221;Erhebung der nichtöffentlichen Wasserversorgung und Abwasserentsorgung;JAHR;Jahr;2010;KREISE;Kreise und kreisfreie Städte;12061;Dahme-Spreewald, Landkreis;WASAT2;Wasserart;WASAT1006;andere Wasserarten;-;1000 cbm;WAS001;Wasseraufkommen
32221;Erhebung der nichtöffentlichen Wasserversorgung und Abwasserentsorgung;JAHR;Jahr;2022;KREISE;Kreise und kreisfreie Städte;06534;Marburg-Biedenkopf, Landkreis;WASAT2;Wasserart;WASSERGRUND;Grundwasser;279;1000 cbm;WAS001;Wasseraufkommen
32221;Erhebung der nichtöffentlichen Wasserversorgung und Abwasserentsorgung;JAHR;Jahr;2022;KREISE;Kreise und kreisfreie Städte;12061;Dahme-Spreewald, Landkreis;WASAT2;Wasserart;WASSERQUELL;Quellwasser;-;1000 cbm;WAS001;Wasseraufkommen
32221;Erhebung der nichtöffentlichen Wasserversorgung und Abwasserentsorgung;JAHR;Jahr;2013;KREISE;Kreise und kreisfreie Städte;06636;Werra-Meißner-Kreis;WASAT2;Wasserart;WASAT1004;Flusswasser;1392;1000 cbm;WAS001;Wasseraufkommen
32221;Erhebung der nichtöffentlichen Wasserversorgung und Abwasserentsorgung;JAHR;Jahr;2022;KREISE;Kreise und kreisfreie Städte;06533;Limburg-Weilburg, Landkreis;WASAT2;Wasserart;WASAT1003;See- und Talsperrenwasser;-;1000 cbm;WAS001;Wasseraufkommen
32221;Erhebung der nichtöffentlichen Wasserversorgung und Abwasserentsorgung;JAHR;Jahr;2019;KREISE;Kreise und kreisfreie Städte;06633;Kassel, Landkreis;WASAT2;Wasserart;WASSERGRUND;Grundwasser;3876;1000 cbm;WAS001;Wasseraufkommen
32221;Erhebung der nichtöffentlichen Wasserversorgung und Abwasserentsorgung;JAHR;Jahr;2022;KREISE;Kreise und kreisfreie Städte;06535;Vogelsbergkreis;WASAT2;Wasserart;WASAT1001;Uferfiltrat;-;1000 cbm;WAS001;Wasseraufkommen
32221;Erhebung der nichtöffentlichen Wasserversorgung und Abwasserentsorgung;JAHR;Jahr;2022;KREISE;Kreise und kreisfreie Städte;06439;Rheingau-Taunus-Kreis;WASAT2;Wasserart;WASSERQUELL;Quellwasser;190;1000 cbm;WAS001;Wasseraufkommen
32221;Erhebung der nichtöffentlichen Wasserversorgung und Abwasserentsorgung;JAHR;Jahr;2013;KREISE;Kreise und kreisfreie Städte;06534;Marburg-Biedenkopf, Landkreis;WASAT2;Wasserart;WASSERGRUND;Grundwasser;2522;1000 cbm;WAS001;Wasseraufkommen
32221;Erhebung der nichtöffentlichen Wasserversorgung und Abwasserentsorgung;JAHR;Jahr;2022;KREISE;Kreise und kreisfreie Städte;06531;Gießen, Landkreis;WASAT2;Wasserart;WASAT1006;andere Wasserarten;2;1000 cbm;WAS001;Wasseraufkommen
32221;Erhebung der nichtöffentlichen Wasserversorgung und Abwasserentsorgung;JAHR;Jahr;2010;KREISE;Kreise und kreisfreie Städte;12065;Oberhavel, Landkreis;WASAT2;Wasserart;WASAT1001;Uferfiltrat;-;1000 cbm;WAS001;Wasseraufkommen
32221;Erhebung der nichtöffentlichen Wasserversorgung und Abwasserentsorgung;JAHR;Jahr;2019;KREISE;Kreise und kreisfreie Städte;06439;Rheingau-Taunus-Kreis;WASAT2;Wasserart;WASSERQUELL;Quellwasser;289;1000 cbm;WAS001;Wasseraufkommen
32221;Erhebung der nichtöffentlichen Wasserversorgung und Abwasserentsorgung;JAHR;Jahr;2019;KREISE;Kreise und kreisfreie Städte;06534;Marburg-Biedenkopf, Landkreis;WASAT2;Wasserart;WASSERGRUND;Grundwasser;469;1000 cbm;WAS001;Wasseraufkommen
32221;Erhebung der nichtöffentlichen Wasserversorgung und Abwasserentsorgung;JAHR;Jahr;2022;KREISE;Kreise und kreisfreie Städte;06636;Werra-Meißner-Kreis;WASAT2;Wasserart;WASAT1004;Flusswasser;818;1000 cbm;WAS001;Wasseraufkommen
32221;Erhebung der nichtöffentlichen Wasserversorgung und Abwasserentsorgung;JAHR;Jahr;2010;KREISE;Kreise und kreisfreie Städte;12063;Havelland, Landkreis;WASAT2;Wasserart;WASAT1003;See- und Talsperrenwasser;-;1000 cbm;WAS001;Wasseraufkommen
32221;Erhebung der nichtöffentlichen Wasserversorgung und Abwasserentsorgung;JAHR;Jahr;2022;KREISE;Kreise und kreisfreie Städte;06633;Kassel, Landkreis;WASAT2;Wasserart;WASAT1001;Uferfiltrat;-;1000 cbm;WAS001;Wasseraufkommen
32221;Erhebung der nichtöffentlichen Wasserversorgung und Abwasserentsorgung;JAHR;Jahr;2013;KREISE;Kreise und kreisfreie Städte;06439;Rheingau-Taunus-Kreis;WASAT2;Wasserart;WASAT1004;Flusswasser;37;1000 cbm;WAS001;Wasseraufkommen
32221;Erhebung der nichtöffentlichen Wasserversorgung und Abwasserentsorgung;JAHR;Jahr;2019;KREISE;Kreise und kreisfreie Städte;06534;Marburg-Biedenkopf, Landkreis;WASAT2;Wasserart;WASAT1001;Uferfiltrat;105;1000 cbm;WAS001;Wasseraufkommen
32221;Erhebung der nichtöffentlichen Wasserversorgung und Abwasserentsorgung;JAHR;Jahr;2013;KREISE;Kreise und kreisfreie Städte;12067;Oder-Spree, Landkreis;WASAT2;Wasserart;WASAT1003;See- und Talsperrenwasser;4229;1000 cbm;WAS001;Wasseraufkommen
32221;Erhebung der nichtöffentlichen Wasserversorgung und Abwasserentsorgung;JAHR;Jahr;2013;KREISE;Kreise und kreisfreie Städte;06439;Rheingau-Taunus-Kreis;WASAT2;Wasserart;WASSERQUELL;Quellwasser;365;1000 cbm;WAS001;Wasseraufkommen
32221;Erhebung der nichtöffentlichen Wasserversorgung und Abwasserentsorgung;JAHR;Jahr;2016;KREISE;Kreise und kreisfreie Städte;06534;Marburg-Biedenkopf, Landkreis;WASAT2;Wasserart;WASAT1005;Meer- und Brackwasser;-;1000 cbm;WAS001;Wasseraufkommen
32221;Erhebung der nichtöffentlichen Wasserversorgung und Abwasserentsorgung;JAHR;Jahr;2016;KREISE;Kreise und kreisfreie Städte;12065;Oberhavel, Landkreis;WASAT2;Wasserart;WASSERGRUND;Grundwasser;1465;1000 cbm;WAS001;Wasseraufkommen
32221;Erhebung der nichtöffentlichen Wasserversorgung und Abwasserentsorgung;JAHR;Jahr;2016;KREISE;Kreise und kreisfreie Städte;06531;Gießen, Landkreis;WASAT2;Wasserart;WASAT1002;angereichertes Grundwasser;-;1000 cbm;WAS001;Wasseraufkommen
32221;Erhebung der nichtöffentlichen Wasserversorgung und Abwasserentsorgung;JAHR;Jahr;2022;KREISE;Kreise und kreisfreie Städte;12065;Oberhavel, Landkreis;WASAT2;Wasserart;WASAT1005;Meer- und Brackwasser;-;1000 cbm;WAS001;Wasseraufkommen
32221;Erhebung der nichtöffentlichen Wasserversorgung und Abwasserentsorgung;JAHR;Jahr;2010;KREISE;Kreise und kreisfreie Städte;06535;Vogelsbergkreis;WASAT2;Wasserart;WASAT1002;angereichertes Grundwasser;120;1000 cbm;WAS001;Wasseraufkommen
32221;Erhebung der nichtöffentlichen Wasserversorgung und Abwasserentsorgung;JAHR;Jahr;2019;KREISE;Kreise und kreisfreie Städte;06531;Gießen, Landkreis;WASAT2;Wasserart;WASAT1006;andere Wasserarten;1;1000 cbm;WAS001;Wasseraufkommen
32221;Erhebung der nichtöffentlichen Wasserversorgung und Abwasserentsorgung;JAHR;Jahr;2013;KREISE;Kreise und kreisfreie Städte;06532;Lahn-Dill-Kreis;WASAT2;Wasserart;WASAT1003;See- und Talsperrenwasser;351;1000 cbm;WAS001;Wasseraufkommen
32221;Erhebung der nichtöffentlichen Wasserversorgung und Abwasserentsorgung;JAHR;Jahr;2010;KREISE;Kreise und kreisfreie Städte;06535;Vogelsbergkreis;WASAT2;Wasserart;WASAT1006;andere Wasserarten;-;1000 cbm;WAS001;Wasseraufkommen
32221;Erhebung der nichtöffentlichen Wasserversorgung und Abwasserentsorgung;JAHR;Jahr;2010;KREISE;Kreise und kreisfreie Städte;06534;Marburg-Biedenkopf, Landkreis;WASAT2;Wasserart;WASAT1005;Meer- und Brackwasser;-;1000 cbm;WAS001;Wasseraufkommen
32221;Erhebung der nichtöffentlichen Wasserversorgung und Abwasserentsorgung;JAHR;Jahr;2019;KREISE;Kreise und kreisfreie Städte;06439;Rheingau-Taunus-Kreis;WASAT2;Wasserart;WASAT1004;Flusswasser;10;1000 cbm;WAS001;Wasseraufkommen
32221;Erhebung der nichtöffentlichen Wasserversorgung und Abwasserentsorgung;JAHR;Jahr;2019;KREISE;Kreise und kreisfreie Städte;06439;Rheingau-Taunus-Kreis;WASAT2;Wasserart;WASAT1001;Uferfiltrat;-;1000 cbm;WAS001;Wasseraufkommen
32221;Erhebung der nichtöffentlichen Wasserversorgung und Abwasserentsorgung;JAHR;Jahr;2013;KREISE;Kreise und kreisfreie Städte;06535;Vogelsbergkreis;WASAT2;Wasserart;WASAT1001;Uferfiltrat;-;1000 cbm;WAS001;Wasseraufkommen
32221;Erhebung der nichtöffentlichen Wasserversorgung und Abwasserentsorgung;JAHR;Jahr;2010;KREISE;Kreise und kreisfreie Städte;12066;Oberspreewald-Lausitz, Landkreis;WASAT2;Wasserart;WASSERGRUND;Grundwasser;4133;1000 cbm;WAS001;Wasseraufkommen
32221;Erhebung der nichtöffentlichen Wasserversorgung und Abwasserentsorgung;JAHR;Jahr;2013;KREISE;Kreise und kreisfreie Städte;06535;Vogelsbergkreis;WASAT2;Wasserart;WASAT1004;Flusswasser;655;1000 cbm;WAS001;Wasseraufkommen
32221;Erhebung der nichtöffentlichen Wasserversorgung und Abwasserentsorgung;JAHR;Jahr;2022;KREISE;Kreise und kreisfreie Städte;06534;Marburg-Biedenkopf, Landkreis;WASAT2;Wasserart;WASSERQUELL;Quellwasser;-;1000 cbm;WAS001;Wasseraufkommen
32221;Erhebung der nichtöffentlichen Wasserversorgung und Abwasserentsorgung;JAHR;Jahr;2019;KREISE;Kreise und kreisfreie Städte;12065;Oberhavel, Landkreis;WASAT2;Wasserart;WASAT1002;angereichertes Grundwasser;22;1000 cbm;WAS001;Wasseraufkommen
32221;Erhebung der nichtöffentlichen Wasserversorgung und Abwasserentsorgung;JAHR;Jahr;2010;KREISE;Kreise und kreisfreie Städte;06636;Werra-Meißner-Kreis;WASAT2;Wasserart;WASAT1006;andere Wasserarten;-;1000 cbm;WAS001;Wasseraufkommen
32221;Erhebung der nichtöffentlichen Wasserversorgung und Abwasserentsorgung;JAHR;Jahr;2022;KREISE;Kreise und kreisfreie Städte;12064;Märkisch-Oderland, Landkreis;WASAT2;Wasserart;WASAT1002;angereichertes Grundwasser;.;1000 cbm;WAS001;Wasseraufkommen
32221;Erhebung der nichtöffentlichen Wasserversorgung und Abwasserentsorgung;JAHR;Jahr;2013;KREISE;Kreise und kreisfreie Städte;12063;Havelland, Landkreis;WASAT2;Wasserart;WASAT1005;Meer- und Brackwasser;-;1000 cbm;WAS001;Wasseraufkommen
32221;Erhebung der nichtöffentlichen Wasserversorgung und Abwasserentsorgung;JAHR;Jahr;2010;KREISE;Kreise und kreisfreie Städte;06636;Werra-Meißner-Kreis;WASAT2;Wasserart;WASAT1003;See- und Talsperrenwasser;-;1000 cbm;WAS001;Wasseraufkommen
32221;Erhebung der nichtöffentlichen Wasserversorgung und Abwasserentsorgung;JAHR;Jahr;2013;KREISE;Kreise und kreisfreie Städte;12063;Havelland, Landkreis;WASAT2;Wasserart;WASAT1002;angereichertes Grundwasser;190;1000 cbm;WAS001;Wasseraufkommen
32221;Erhebung der nichtöffentlichen Wasserversorgung und Abwasserentsorgung;JAHR;Jahr;2016;KREISE;Kreise und kreisfreie Städte;12064;Märkisch-Oderland, Landkreis;WASAT2;Wasserart;WASAT1004;Flusswasser;8;1000 cbm;WAS001;Wasseraufkommen
32221;Erhebung der nichtöffentlichen Wasserversorgung und Abwasserentsorgung;JAHR;Jahr;2022;KREISE;Kreise und kreisfreie Städte;06633;Kassel, Landkreis;WASAT2;Wasserart;WASSERGRUND;Grundwasser;3281;1000 cbm;WAS001;Wasseraufkommen
32221;Erhebung der nichtöffentlichen Wasserversorgung und Abwasserentsorgung;JAHR;Jahr;2013;KREISE;Kreise und kreisfreie Städte;12067;Oder-Spree, Landkreis;WASAT2;Wasserart;WASAT1006;andere Wasserarten;-;1000 cbm;WAS001;Wasseraufkommen
32221;Erhebung der nichtöffentlichen Wasserversorgung und Abwasserentsorgung;JAHR;Jahr;2019;KREISE;Kreise und kreisfreie Städte;12061;Dahme-Spreewald, Landkreis;WASAT2;Wasserart;WASAT1005;Meer- und Brackwasser;-;1000 cbm;WAS001;Wasseraufkommen
32221;Erhebung der nichtöffentlichen Wasserversorgung und Abwasserentsorgung;JAHR;Jahr;2013;KREISE;Kreise und kreisfreie Städte;06633;Kassel, Landkreis;WASAT2;Wasserart;WASAT1001;Uferfiltrat;-;1000 cbm;WAS001;Wasseraufkommen
32221;Erhebung der nichtöffentlichen Wasserversorgung und Abwasserentsorgung;JAHR;Jahr;2022;KREISE;Kreise und kreisfreie Städte;06535;Vogelsbergkreis;WASAT2;Wasserart;WASSERGRUND;Grundwasser;102;1000 cbm;WAS001;Wasseraufkommen
32221;Erhebung der nichtöffentlichen Wasserversorgung und Abwasserentsorgung;JAHR;Jahr;2013;KREISE;Kreise und kreisfreie Städte;06633;Kassel, Landkreis;WASAT2;Wasserart;WASAT1004;Flusswasser;-;1000 cbm;WAS001;Wasseraufkommen
32221;Erhebung der nichtöffentlichen Wasserversorgung und Abwasserentsorgung;JAHR;Jahr;2019;KREISE;Kreise und kreisfreie Städte;06535;Vogelsbergkreis;WASAT2;Wasserart;WASSERQUELL;Quellwasser;3;1000 cbm;WAS001;Wasseraufkommen
32221;Erhebung der nichtöffentlichen Wasserversorgung und Abwasserentsorgung;JAHR;Jahr;2022;KREISE;Kreise und kreisfreie Städte;06532;Lahn-Dill-Kreis;WASAT2;Wasserart;WASAT1003;See- und Talsperrenwasser;-;1000 cbm;WAS001;Wasseraufkommen
32221;Erhebung der nichtöffentlichen Wasserversorgung und Abwasserentsorgung;JAHR;Jahr;2019;KREISE;Kreise und kreisfreie Städte;06633;Kassel, Landkreis;WASAT2;Wasserart;WASSERQUELL;Quellwasser;1238;1000 cbm;WAS001;Wasseraufkommen
32221;Erhebung der nichtöffentlichen Wasserversorgung und Abwasserentsorgung;JAHR;Jahr;2013;KREISE;Kreise und kreisfreie Städte;06535;Vogelsbergkreis;WASAT2;Wasserart;WASSERGRUND;Grundwasser;155;1000 cbm;WAS001;Wasseraufkommen
32221;Erhebung der nichtöffentlichen Wasserversorgung und Abwasserentsorgung;JAHR;Jahr;2013;KREISE;Kreise und kreisfreie Städte;06633;Kassel, Landkreis;WASAT2;Wasserart;WASSERGRUND;Grundwasser;4883;1000 cbm;WAS001;Wasseraufkommen
32221;Erhebung der nichtöffentlichen Wasserversorgung und Abwasserentsorgung;JAHR;Jahr;2010;KREISE;Kreise und kreisfreie Städte;12066;Oberspreewald-Lausitz, Landkreis;WASAT2;Wasserart;WASAT1001;Uferfiltrat;-;1000 cbm;WAS001;Wasseraufkommen
32221;Erhebung der nichtöffentlichen Wasserversorgung und Abwasserentsorgung;JAHR;Jahr;2022;KREISE;Kreise und kreisfreie Städte;06633;Kassel, Landkreis;WASAT2;Wasserart;WASAT1004;Flusswasser;-;1000 cbm;WAS001;Wasseraufkommen
32221;Erhebung der nichtöffentlichen Wasserversorgung und Abwasserentsorgung;JAHR;Jahr;2013;KREISE;Kreise und kreisfreie Städte;06534;Marburg-Biedenkopf, Landkreis;WASAT2;Wasserart;WASSERQUELL;Quellwasser;-;1000 cbm;WAS001;Wasseraufkommen
32221;Erhebung der nichtöffentlichen Wasserversorgung und Abwasserentsorgung;JAHR;Jahr;2010;KREISE;Kreise und kreisfreie Städte;12067;Oder-Spree, Landkreis;WASAT2;Wasserart;WASAT1004;Flusswasser;-;1000 cbm;WAS001;Wasseraufkommen
32221;Erhebung der nichtöffentlichen Wasserversorgung und Abwasserentsorgung;JAHR;Jahr;2016;KREISE;Kreise und kreisfreie Städte;06531;Gießen, Landkreis;WASAT2;Wasserart;WASAT1005;Meer- und Brackwasser;-;1000 cbm;WAS001;Wasseraufkommen
32221;Erhebung der nichtöffentlichen Wasserversorgung und Abwasserentsorgung;JAHR;Jahr;2010;KREISE;Kreise und kreisfreie Städte;12065;Oberhavel, Landkreis;WASAT2;Wasserart;WASSERQUELL;Quellwasser;-;1000 cbm;WAS001;Wasseraufkommen
32221;Erhebung der nichtöffentlichen Wasserversorgung und Abwasserentsorgung;JAHR;Jahr;2022;KREISE;Kreise und kreisfreie Städte;12064;Märkisch-Oderland, Landkreis;WASAT2;Wasserart;WASAT1005;Meer- und Brackwasser;-;1000 cbm;WAS001;Wasseraufkommen
32221;Erhebung der nichtöffentlichen Wasserversorgung und Abwasserentsorgung;JAHR;Jahr;2016;KREISE;Kreise und kreisfreie Städte;06532;Lahn-Dill-Kreis;WASAT2;Wasserart;WASAT1002;angereichertes Grundwasser;-;1000 cbm;WAS001;Wasseraufkommen
32221;Erhebung der nichtöffentlichen Wasserversorgung und Abwasserentsorgung;JAHR;Jahr;2016;KREISE;Kreise und kreisfreie Städte;06439;Rheingau-Taunus-Kreis;WASAT2;Wasserart;WASAT1003;See- und Talsperrenwasser;-;1000 cbm;WAS001;Wasseraufkommen
32221;Erhebung der nichtöffentlichen Wasserversorgung und Abwasserentsorgung;JAHR;Jahr;2019;KREISE;Kreise und kreisfreie Städte;06439;Rheingau-Taunus-Kreis;WASAT2;Wasserart;WASSERGRUND;Grundwasser;91;1000 cbm;WAS001;Wasseraufkommen
32221;Erhebung der nichtöffentlichen Wasserversorgung und Abwasserentsorgung;JAHR;Jahr;2013;KREISE;Kreise und kreisfreie Städte;06531;Gießen, Landkreis;WASAT2;Wasserart;WASAT1003;See- und Talsperrenwasser;-;1000 cbm;WAS001;Wasseraufkommen
32221;Erhebung der nichtöffentlichen Wasserversorgung und Abwasserentsorgung;JAHR;Jahr;2010;KREISE;Kreise und kreisfreie Städte;06534;Marburg-Biedenkopf, Landkreis;WASAT2;Wasserart;WASAT1002;angereichertes Grundwasser;-;1000 cbm;WAS001;Wasseraufkommen
32221;Erhebung der nichtöffentlichen Wasserversorgung und Abwasserentsorgung;JAHR;Jahr;2016;KREISE;Kreise und kreisfreie Städte;12067;Oder-Spree, Landkreis;WASAT2;Wasserart;WASSERQUELL;Quellwasser;6;1000 cbm;WAS001;Wasseraufkommen
32221;Erhebung der nichtöffentlichen Wasserversorgung und Abwasserentsorgung;JAHR;Jahr;2010;KREISE;Kreise und kreisfreie Städte;12067;Oder-Spree, Landkreis;WASAT2;Wasserart;WASSERGRUND;Grundwasser;927;1000 cbm;WAS001;Wasseraufkommen
32221;Erhebung der nichtöffentlichen Wasserversorgung und Abwasserentsorgung;JAHR;Jahr;2010;KREISE;Kreise und kreisfreie Städte;06531;Gießen, Landkreis;WASAT2;Wasserart;WASAT1005;Meer- und Brackwasser;-;1000 cbm;WAS001;Wasseraufkommen
32221;Erhebung der nichtöffentlichen Wasserversorgung und Abwasserentsorgung;JAHR;Jahr;2022;KREISE;Kreise und kreisfreie Städte;06439;Rheingau-Taunus-Kreis;WASAT2;Wasserart;WASAT1001;Uferfiltrat;-;1000 cbm;WAS001;Wasseraufkommen
32221;Erhebung der nichtöffentlichen Wasserversorgung und Abwasserentsorgung;JAHR;Jahr;2016;KREISE;Kreise und kreisfreie Städte;06439;Rheingau-Taunus-Kreis;WASAT2;Wasserart;WASAT1006;andere Wasserarten;16;1000 cbm;WAS001;Wasseraufkommen
32221;Erhebung der nichtöffentlichen Wasserversorgung und Abwasserentsorgung;JAHR;Jahr;2019;KREISE;Kreise und kreisfreie Städte;12064;Märkisch-Oderland, Landkreis;WASAT2;Wasserart;WASAT1002;angereichertes Grundwasser;-;1000 cbm;WAS001;Wasseraufkommen
32221;Erhebung der nichtöffentlichen Wasserversorgung und Abwasserentsorgung;JAHR;Jahr;2022;KREISE;Kreise und kreisfreie Städte;06535;Vogelsbergkreis;WASAT2;Wasserart;WASSERQUELL;Quellwasser;2;1000 cbm;WAS001;Wasseraufkommen
32221;Erhebung der nichtöffentlichen Wasserversorgung und Abwasserentsorgung;JAHR;Jahr;2022;KREISE;Kreise und kreisfreie Städte;12065;Oberhavel, Landkreis;WASAT2;Wasserart;WASAT1002;angereichertes Grundwasser;-;1000 cbm;WAS001;Wasseraufkommen
32221;Erhebung der nichtöffentlichen Wasserversorgung und Abwasserentsorgung;JAHR;Jahr;2016;KREISE;Kreise und kreisfreie Städte;12065;Oberhavel, Landkreis;WASAT2;Wasserart;WASAT1004;Flusswasser;1620;1000 cbm;WAS001;Wasseraufkommen
32221;Erhebung der nichtöffentlichen Wasserversorgung und Abwasserentsorgung;JAHR;Jahr;2013;KREISE;Kreise und kreisfreie Städte;12064;Märkisch-Oderland, Landkreis;WASAT2;Wasserart;WASAT1002;angereichertes Grundwasser;-;1000 cbm;WAS001;Wasseraufkommen
32221;Erhebung der nichtöffentlichen Wasserversorgung und Abwasserentsorgung;JAHR;Jahr;2016;KREISE;Kreise und kreisfreie Städte;12061;Dahme-Spreewald, Landkreis;WASAT2;Wasserart;WASAT1003;See- und Talsperrenwasser;616;1000 cbm;WAS001;Wasseraufkommen
32221;Erhebung der nichtöffentlichen Wasserversorgung und Abwasserentsorgung;JAHR;Jahr;2010;KREISE;Kreise und kreisfreie Städte;12061;Dahme-Spreewald, Landkreis;WASAT2;Wasserart;WASAT1003;See- und Talsperrenwasser;-;1000 cbm;WAS001;Wasseraufkommen
32221;Erhebung der nichtöffentlichen Wasserversorgung und Abwasserentsorgung;JAHR;Jahr;2022;KREISE;Kreise und kreisfreie Städte;06535;Vogelsbergkreis;WASAT2;Wasserart;WASAT1004;Flusswasser;681;1000 cbm;WAS001;Wasseraufkommen
32221;Erhebung der nichtöffentlichen Wasserversorgung und Abwasserentsorgung;JAHR;Jahr;2022;KREISE;Kreise und kreisfreie Städte;06531;Gießen, Landkreis;WASAT2;Wasserart;WASAT1003;See- und Talsperrenwasser;-;1000 cbm;WAS001;Wasseraufkommen
32221;Erhebung der nichtöffentlichen Wasserversorgung und Abwasserentsorgung;JAHR;Jahr;2019;KREISE;Kreise und kreisfreie Städte;06633;Kassel, Landkreis;WASAT2;Wasserart;WASAT1004;Flusswasser;-;1000 cbm;WAS001;Wasseraufkommen
32221;Erhebung der nichtöffentlichen Wasserversorgung und Abwasserentsorgung;JAHR;Jahr;2010;KREISE;Kreise und kreisfreie Städte;12067;Oder-Spree, Landkreis;WASAT2;Wasserart;WASAT1001;Uferfiltrat;-;1000 cbm;WAS001;Wasseraufkommen
32221;Erhebung der nichtöffentlichen Wasserversorgung und Abwasserentsorgung;JAHR;Jahr;2013;KREISE;Kreise und kreisfreie Städte;06535;Vogelsbergkreis;WASAT2;Wasserart;WASSERQUELL;Quellwasser;20;1000 cbm;WAS001;Wasseraufkommen
32221;Erhebung der nichtöffentlichen Wasserversorgung und Abwasserentsorgung;JAHR;Jahr;2010;KREISE;Kreise und kreisfreie Städte;12066;Oberspreewald-Lausitz, Landkreis;WASAT2;Wasserart;WASAT1004;Flusswasser;-;1000 cbm;WAS001;Wasseraufkommen
32221;Erhebung der nichtöffentlichen Wasserversorgung und Abwasserentsorgung;JAHR;Jahr;2016;KREISE;Kreise und kreisfreie Städte;06532;Lahn-Dill-Kreis;WASAT2;Wasserart;WASAT1005;Meer- und Brackwasser;-;1000 cbm;WAS001;Wasseraufkommen
32221;Erhebung der nichtöffentlichen Wasserversorgung und Abwasserentsorgung;JAHR;Jahr;2016;KREISE;Kreise und kreisfreie Städte;06533;Limburg-Weilburg, Landkreis;WASAT2;Wasserart;WASAT1002;angereichertes Grundwasser;-;1000 cbm;WAS001;Wasseraufkommen
32221;Erhebung der nichtöffentlichen Wasserversorgung und Abwasserentsorgung;JAHR;Jahr;2010;KREISE;Kreise und kreisfreie Städte;12066;Oberspreewald-Lausitz, Landkreis;WASAT2;Wasserart;WASSERQUELL;Quellwasser;-;1000 cbm;WAS001;Wasseraufkommen
32221;Erhebung der nichtöffentlichen Wasserversorgung und Abwasserentsorgung;JAHR;Jahr;2019;KREISE;Kreise und kreisfreie Städte;06535;Vogelsbergkreis;WASAT2;Wasserart;WASAT1004;Flusswasser;659;1000 cbm;WAS001;Wasseraufkommen
32221;Erhebung der nichtöffentlichen Wasserversorgung und Abwasserentsorgung;JAHR;Jahr;2010;KREISE;Kreise und kreisfreie Städte;06439;Rheingau-Taunus-Kreis;WASAT2;Wasserart;WASAT1006;andere Wasserarten;-;1000 cbm;WAS001;Wasseraufkommen
32221;Erhebung der nichtöffentlichen Wasserversorgung und Abwasserentsorgung;JAHR;Jahr;2022;KREISE;Kreise und kreisfreie Städte;12063;Havelland, Landkreis;WASAT2;Wasserart;WASAT1005;Meer- und Brackwasser;-;1000 cbm;WAS001;Wasseraufkommen
32221;Erhebung der nichtöffentlichen Wasserversorgung und Abwasserentsorgung;JAHR;Jahr;2016;KREISE;Kreise und kreisfreie Städte;12067;Oder-Spree, Landkreis;WASAT2;Wasserart;WASSERGRUND;Grundwasser;3691;1000 cbm;WAS001;Wasseraufkommen
32221;Erhebung der nichtöffentlichen Wasserversorgung und Abwasserentsorgung;JAHR;Jahr;2016;KREISE;Kreise und kreisfreie Städte;12067;Oder-Spree, Landkreis;WASAT2;Wasserart;WASAT1001;Uferfiltrat;-;1000 cbm;WAS001;Wasseraufkommen
32221;Erhebung der nichtöffentlichen Wasserversorgung und Abwasserentsorgung;JAHR;Jahr;2010;KREISE;Kreise und kreisfreie Städte;06533;Limburg-Weilburg, Landkreis;WASAT2;Wasserart;WASAT1002;angereichertes Grundwasser;-;1000 cbm;WAS001;Wasseraufkommen
32221;Erhebung der nichtöffentlichen Wasserversorgung und Abwasserentsorgung;JAHR;Jahr;2010;KREISE;Kreise und kreisfreie Städte;06532;Lahn-Dill-Kreis;WASAT2;Wasserart;WASAT1005;Meer- und Brackwasser;-;1000 cbm;WAS001;Wasseraufkommen
32221;Erhebung der nichtöffentlichen Wasserversorgung und Abwasserentsorgung;JAHR;Jahr;2016;KREISE;Kreise und kreisfreie Städte;12066;Oberspreewald-Lausitz, Landkreis;WASAT2;Wasserart;WASSERQUELL;Quellwasser;16;1000 cbm;WAS001;Wasseraufkommen
32221;Erhebung der nichtöffentlichen Wasserversorgung und Abwasserentsorgung;JAHR;Jahr;2010;KREISE;Kreise und kreisfreie Städte;06439;Rheingau-Taunus-Kreis;WASBZ1;Wasserentnahme und -bezug;WASBZ102;Fremdbezug von Wasser;8;Anzahl;BETR01;Betriebe
32221;Erhebung der nichtöffentlichen Wasserversorgung und Abwasserentsorgung;JAHR;Jahr;2019;KREISE;Kreise und kreisfreie Städte;06633;Kassel, Landkreis;WASBZ1;Wasserentnahme und -bezug;WASBZ102;Fremdbezug von Wasser;10;Anzahl;BETR01;Betriebe
32221;Erhebung der nichtöffentlichen Wasserversorgung und Abwasserentsorgung;JAHR;Jahr;2010;KREISE;Kreise und kreisfreie Städte;12061;Dahme-Spreewald, Landkreis;WASBZ1;Wasserentnahme und -bezug;WASBZ102;Fremdbezug von Wasser;20;Anzahl;BETR01;Betriebe
32221;Erhebung der nichtöffentlichen Wasserversorgung und Abwasserentsorgung;JAHR;Jahr;2010;KREISE;Kreise und kreisfreie Städte;12065;Oberhavel, Landkreis;WASBZ1;Wasserentnahme und -bezug;WASBZ102;Fremdbezug von Wasser;14;Anzahl;BETR01;Betriebe
32221;Erhebung der nichtöffentlichen Wasserversorgung und Abwasserentsorgung;JAHR;Jahr;2022;KREISE;Kreise und kreisfreie Städte;06636;Werra-Meißner-Kreis;WASBZ1;Wasserentnahme und -bezug;WASBZ102;Fremdbezug von Wasser;5;Anzahl;BETR01;Betriebe
32221;Erhebung der nichtöffentlichen Wasserversorgung und Abwasserentsorgung;JAHR;Jahr;2019;KREISE;Kreise und kreisfreie Städte;06531;Gießen, Landkreis;WASBZ1;Wasserentnahme und -bezug;WASBZ102;Fremdbezug von Wasser;22;Anzahl;BETR01;Betriebe
32221;Erhebung der nichtöffentlichen Wasserversorgung und Abwasserentsorgung;JAHR;Jahr;2013;KREISE;Kreise und kreisfreie Städte;12066;Oberspreewald-Lausitz, Landkreis;WASBZ1;Wasserentnahme und -bezug;WASBZ102;Fremdbezug von Wasser;14;Anzahl;BETR01;Betriebe
32221;Erhebung der nichtöffentlichen Wasserversorgung und Abwasserentsorgung;JAHR;Jahr;2016;KREISE;Kreise und kreisfreie Städte;12067;Oder-Spree, Landkreis;WASBZ1;Wasserentnahme und -bezug;WASBZ102;Fremdbezug von Wasser;18;Anzahl;BETR01;Betriebe
32221;Erhebung der nichtöffentlichen Wasserversorgung und Abwasserentsorgung;JAHR;Jahr;2010;KREISE;Kreise und kreisfreie Städte;06533;Limburg-Weilburg, Landkreis;WASBZ1;Wasserentnahme und -bezug;WASBZ102;Fremdbezug von Wasser;8;Anzahl;BETR01;Betriebe
32221;Erhebung der nichtöffentlichen Wasserversorgung und Abwasserentsorgung;JAHR;Jahr;2019;KREISE;Kreise und kreisfreie Städte;12063;Havelland, Landkreis;WASBZ1;Wasserentnahme und -bezug;WASBZ102;Fremdbezug von Wasser;21;Anzahl;BETR01;Betriebe
32221;Erhebung der nichtöffentlichen Wasserversorgung und Abwasserentsorgung;JAHR;Jahr;2022;KREISE;Kreise und kreisfreie Städte;12066;Oberspreewald-Lausitz, Landkreis;WASBZ1;Wasserentnahme und -bezug;WASBZ102;Fremdbezug von Wasser;16;Anzahl;BETR01;Betriebe
32221;Erhebung der nichtöffentlichen Wasserversorgung und Abwasserentsorgung;JAHR;Jahr;2019;KREISE;Kreise und kreisfreie Städte;12067;Oder-Spree, Landkreis;WASBZ1;Wasserentnahme und -bezug;WASBZ102;Fremdbezug von Wasser;19;Anzahl;BETR01;Betriebe
32221;Erhebung der nichtöffentlichen Wasserversorgung und Abwasserentsorgung;JAHR;Jahr;2016;KREISE;Kreise und kreisfreie Städte;06535;Vogelsbergkreis;WASBZ1;Wasserentnahme und -bezug;WASBZ102;Fremdbezug von Wasser;8;Anzahl;BETR01;Betriebe
32221;Erhebung der nichtöffentlichen Wasserversorgung und Abwasserentsorgung;JAHR;Jahr;2013;KREISE;Kreise und kreisfreie Städte;06533;Limburg-Weilburg, Landkreis;WASBZ1;Wasserentnahme und -bezug;WASBZ102;Fremdbezug von Wasser;11;Anzahl;BETR01;Betriebe
32221;Erhebung der nichtöffentlichen Wasserversorgung und Abwasserentsorgung;JAHR;Jahr;2016;KREISE;Kreise und kreisfreie Städte;12063;Havelland, Landkreis;WASBZ1;Wasserentnahme und -bezug;WASBZ102;Fremdbezug von Wasser;21;Anzahl;BETR01;Betriebe
32221;Erhebung der nichtöffentlichen Wasserversorgung und Abwasserentsorgung;JAHR;Jahr;2019;KREISE;Kreise und kreisfreie Städte;06535;Vogelsbergkreis;WASBZ1;Wasserentnahme und -bezug;WASBZ102;Fremdbezug von Wasser;8;Anzahl;BETR01;Betriebe
32221;Erhebung der nichtöffentlichen Wasserversorgung und Abwasserentsorgung;JAHR;Jahr;2013;KREISE;Kreise und kreisfreie Städte;12061;Dahme-Spreewald, Landkreis;WASBZ1;Wasserentnahme und -bezug;WASBZ102;Fremdbezug von Wasser;21;Anzahl;BETR01;Betriebe
32221;Erhebung der nichtöffentlichen Wasserversorgung und Abwasserentsorgung;JAHR;Jahr;2022;KREISE;Kreise und kreisfreie Städte;06535;Vogelsbergkreis;WASBZ1;Wasserentnahme und -bezug;WASBZ102;Fremdbezug von Wasser;6;Anzahl;BETR01;Betriebe
32221;Erhebung der nichtöffentlichen Wasserversorgung und Abwasserentsorgung;JAHR;Jahr;2016;KREISE;Kreise und kreisfreie Städte;06633;Kassel, Landkreis;WASBZ1;Wasserentnahme und -bezug;WASBZ102;Fremdbezug von Wasser;11;Anzahl;BETR01;Betriebe
32221;Erhebung der nichtöffentlichen Wasserversorgung und Abwasserentsorgung;JAHR;Jahr;2022;KREISE;Kreise und kreisfreie Städte;06531;Gießen, Landkreis;WASBZ1;Wasserentnahme und -bezug;WASBZ102;Fremdbezug von Wasser;22;Anzahl;BETR01;Betriebe
32221;Erhebung der nichtöffentlichen Wasserversorgung und Abwasserentsorgung;JAHR;Jahr;2010;KREISE;Kreise und kreisfreie Städte;12066;Oberspreewald-Lausitz, Landkreis;WASBZ1;Wasserentnahme und -bezug;WASBZ102;Fremdbezug von Wasser;20;Anzahl;BETR01;Betriebe
32221;Erhebung der nichtöffentlichen Wasserversorgung und Abwasserentsorgung;JAHR;Jahr;2019;KREISE;Kreise und kreisfreie Städte;06532;Lahn-Dill-Kreis;WASBZ1;Wasserentnahme und -bezug;WASBZ102;Fremdbezug von Wasser;24;Anzahl;BETR01;Betriebe
32221;Erhebung der nichtöffentlichen Wasserversorgung und Abwasserentsorgung;JAHR;Jahr;2013;KREISE;Kreise und kreisfreie Städte;12063;Havelland, Landkreis;WASBZ1;Wasserentnahme und -bezug;WASBZ102;Fremdbezug von Wasser;21;Anzahl;BETR01;Betriebe
32221;Erhebung der nichtöffentlichen Wasserversorgung und Abwasserentsorgung;JAHR;Jahr;2016;KREISE;Kreise und kreisfreie Städte;12066;Oberspreewald-Lausitz, Landkreis;WASBZ1;Wasserentnahme und -bezug;WASBZ102;Fremdbezug von Wasser;18;Anzahl;BETR01;Betriebe
32221;Erhebung der nichtöffentlichen Wasserversorgung und Abwasserentsorgung;JAHR;Jahr;2013;KREISE;Kreise und kreisfreie Städte;12067;Oder-Spree, Landkreis;WASBZ1;Wasserentnahme und -bezug;WASBZ102;Fremdbezug von Wasser;19;Anzahl;BETR01;Betriebe
32221;Erhebung der nichtöffentlichen Wasserversorgung und Abwasserentsorgung;JAHR;Jahr;2016;KREISE;Kreise und kreisfreie Städte;06531;Gießen, Landkreis;WASBZ1;Wasserentnahme und -bezug;WASBZ102;Fremdbezug von Wasser;21;Anzahl;BETR01;Betriebe
32221;Erhebung der nichtöffentlichen Wasserversorgung und Abwasserentsorgung;JAHR;Jahr;2010;KREISE;Kreise und kreisfreie Städte;06532;Lahn-Dill-Kreis;WASBZ1;Wasserentnahme und -bezug;WASBZ102;Fremdbezug von Wasser;25;Anzahl;BETR01;Betriebe
32221;Erhebung der nichtöffentlichen Wasserversorgung und Abwasserentsorgung;JAHR;Jahr;2022;KREISE;Kreise und kreisfreie Städte;12067;Oder-Spree, Landkreis;WASBZ1;Wasserentnahme und -bezug;WASBZ102;Fremdbezug von Wasser;19;Anzahl;BETR01;Betriebe
32221;Erhebung der nichtöffentlichen Wasserversorgung und Abwasserentsorgung;JAHR;Jahr;2013;KREISE;Kreise und kreisfreie Städte;06532;Lahn-Dill-Kreis;WASBZ1;Wasserentnahme und -bezug;WASBZ102;Fremdbezug von Wasser;26;Anzahl;BETR01;Betriebe
32221;Erhebung der nichtöffentlichen Wasserversorgung und Abwasserentsorgung;JAHR;Jahr;2022;KREISE;Kreise und kreisfreie Städte;12063;Havelland, Landkreis;WASBZ1;Wasserentnahme und -bezug;WASBZ102;Fremdbezug von Wasser;20;Anzahl;BETR01;Betriebe
32221;Erhebung der nichtöffentlichen Wasserversorgung und Abwasserentsorgung;JAHR;Jahr;2019;KREISE;Kreise und kreisfreie Städte;12066;Oberspreewald-Lausitz, Landkreis;WASBZ1;Wasserentnahme und -bezug;WASBZ102;Fremdbezug von Wasser;17;Anzahl;BETR01;Betriebe
32221;Erhebung der nichtöffentlichen Wasserversorgung und Abwasserentsorgung;JAHR;Jahr;2016;KREISE;Kreise und kreisfreie Städte;06532;Lahn-Dill-Kreis;WASBZ1;Wasserentnahme und -bezug;WASBZ102;Fremdbezug von Wasser;24;Anzahl;BETR01;Betriebe
32221;Erhebung der nichtöffentlichen Wasserversorgung und Abwasserentsorgung;JAHR;Jahr;2022;KREISE;Kreise und kreisfreie Städte;06532;Lahn-Dill-Kreis;WASBZ1;Wasserentnahme und -bezug;WASBZ102;Fremdbezug von Wasser;22;Anzahl;BETR01;Betriebe
32221;Erhebung der nichtöffentlichen Wasserversorgung und Abwasserentsorgung;JAHR;Jahr;2010;KREISE;Kreise und kreisfreie Städte;12067;Oder-Spree, Landkreis;WASBZ1;Wasserentnahme und -bezug;WASBZ102;Fremdbezug von Wasser;13;Anzahl;BETR01;Betriebe
32221;Erhebung der nichtöffentlichen Wasserversorgung und Abwasserentsorgung;JAHR;Jahr;2010;KREISE;Kreise und kreisfreie Städte;12063;Havelland, Landkreis;WASBZ1;Wasserentnahme und -bezug;WASBZ102;Fremdbezug von Wasser;18;Anzahl;BETR01;Betriebe
32221;Erhebung der nichtöffentlichen Wasserversorgung und Abwasserentsorgung;JAHR;Jahr;2013;KREISE;Kreise und kreisfreie Städte;12064;Märkisch-Oderland, Landkreis;WASBZ1;Wasserentnahme und -bezug;WASBZ102;Fremdbezug von Wasser;18;Anzahl;BETR01;Betriebe
32221;Erhebung der nichtöffentlichen Wasserversorgung und Abwasserentsorgung;JAHR;Jahr;2019;KREISE;Kreise und kreisfreie Städte;06533;Limburg-Weilburg, Landkreis;WASBZ1;Wasserentnahme und -bezug;WASBZ102;Fremdbezug von Wasser;9;Anzahl;BETR01;Betriebe
32221;Erhebung der nichtöffentlichen Wasserversorgung und Abwasserentsorgung;JAHR;Jahr;2016;KREISE;Kreise und kreisfreie Städte;12065;Oberhavel, Landkreis;WASBZ1;Wasserentnahme und -bezug;WASBZ102;Fremdbezug von Wasser;15;Anzahl;BETR01;Betriebe
32221;Erhebung der nichtöffentlichen Wasserversorgung und Abwasserentsorgung;JAHR;Jahr;2010;KREISE;Kreise und kreisfreie Städte;06535;Vogelsbergkreis;WASBZ1;Wasserentnahme und -bezug;WASBZ102;Fremdbezug von Wasser;5;Anzahl;BETR01;Betriebe
32221;Erhebung der nichtöffentlichen Wasserversorgung und Abwasserentsorgung;JAHR;Jahr;2010;KREISE;Kreise und kreisfreie Städte;06531;Gießen, Landkreis;WASBZ1;Wasserentnahme und -bezug;WASBZ102;Fremdbezug von Wasser;20;Anzahl;BETR01;Betriebe
32221;Erhebung der nichtöffentlichen Wasserversorgung und Abwasserentsorgung;JAHR;Jahr;2016;KREISE;Kreise und kreisfreie Städte;06439;Rheingau-Taunus-Kreis;WASBZ1;Wasserentnahme und -bezug;WASBZ102;Fremdbezug von Wasser;12;Anzahl;BETR01;Betriebe
32221;Erhebung der nichtöffentlichen Wasserversorgung und Abwasserentsorgung;JAHR;Jahr;2022;KREISE;Kreise und kreisfreie Städte;06439;Rheingau-Taunus-Kreis;WASBZ1;Wasserentnahme und -bezug;WASBZ102;Fremdbezug von Wasser;10;Anzahl;BETR01;Betriebe
32221;Erhebung der nichtöffentlichen Wasserversorgung und Abwasserentsorgung;JAHR;Jahr;2013;KREISE;Kreise und kreisfreie Städte;06531;Gießen, Landkreis;WASBZ1;Wasserentnahme und -bezug;WASBZ102;Fremdbezug von Wasser;22;Anzahl;BETR01;Betriebe
32221;Erhebung der nichtöffentlichen Wasserversorgung und Abwasserentsorgung;JAHR;Jahr;2019;KREISE;Kreise und kreisfreie Städte;12061;Dahme-Spreewald, Landkreis;WASBZ1;Wasserentnahme und -bezug;WASBZ102;Fremdbezug von Wasser;28;Anzahl;BETR01;Betriebe
32221;Erhebung der nichtöffentlichen Wasserversorgung und Abwasserentsorgung;JAHR;Jahr;2010;KREISE;Kreise und kreisfreie Städte;06633;Kassel, Landkreis;WASBZ1;Wasserentnahme und -bezug;WASBZ102;Fremdbezug von Wasser;5;Anzahl;BETR01;Betriebe
32221;Erhebung der nichtöffentlichen Wasserversorgung und Abwasserentsorgung;JAHR;Jahr;2022;KREISE;Kreise und kreisfreie Städte;12064;Märkisch-Oderland, Landkreis;WASBZ1;Wasserentnahme und -bezug;WASBZ102;Fremdbezug von Wasser;16;Anzahl;BETR01;Betriebe
32221;Erhebung der nichtöffentlichen Wasserversorgung und Abwasserentsorgung;JAHR;Jahr;2013;KREISE;Kreise und kreisfreie Städte;06535;Vogelsbergkreis;WASBZ1;Wasserentnahme und -bezug;WASBZ102;Fremdbezug von Wasser;8;Anzahl;BETR01;Betriebe
32221;Erhebung der nichtöffentlichen Wasserversorgung und Abwasserentsorgung;JAHR;Jahr;2019;KREISE;Kreise und kreisfreie Städte;12065;Oberhavel, Landkreis;WASBZ1;Wasserentnahme und -bezug;WASBZ102;Fremdbezug von Wasser;16;Anzahl;BETR01;Betriebe
32221;Erhebung der nichtöffentlichen Wasserversorgung und Abwasserentsorgung;JAHR;Jahr;2016;KREISE;Kreise und kreisfreie Städte;06533;Limburg-Weilburg, Landkreis;WASBZ1;Wasserentnahme und -bezug;WASBZ102;Fremdbezug von Wasser;9;Anzahl;BETR01;Betriebe
32221;Erhebung der nichtöffentlichen Wasserversorgung und Abwasserentsorgung;JAHR;Jahr;2016;KREISE;Kreise und kreisfreie Städte;12061;Dahme-Spreewald, Landkreis;WASBZ1;Wasserentnahme und -bezug;WASBZ102;Fremdbezug von Wasser;23;Anzahl;BETR01;Betriebe
32221;Erhebung der nichtöffentlichen Wasserversorgung und Abwasserentsorgung;JAHR;Jahr;2013;KREISE;Kreise und kreisfreie Städte;06633;Kassel, Landkreis;WASBZ1;Wasserentnahme und -bezug;WASBZ102;Fremdbezug von Wasser;14;Anzahl;BETR01;Betriebe
32221;Erhebung der nichtöffentlichen Wasserversorgung und Abwasserentsorgung;JAHR;Jahr;2022;KREISE;Kreise und kreisfreie Städte;06533;Limburg-Weilburg, Landkreis;WASBZ1;Wasserentnahme und -bezug;WASBZ102;Fremdbezug von Wasser;10;Anzahl;BETR01;Betriebe
32221;Erhebung der nichtöffentlichen Wasserversorgung und Abwasserentsorgung;JAHR;Jahr;2022;KREISE;Kreise und kreisfreie Städte;06633;Kassel, Landkreis;WASBZ1;Wasserentnahme und -bezug;WASBZ102;Fremdbezug von Wasser;10;Anzahl;BETR01;Betriebe
32221;Erhebung der nichtöffentlichen Wasserversorgung und Abwasserentsorgung;JAHR;Jahr;2010;KREISE;Kreise und kreisfreie Städte;12064;Märkisch-Oderland, Landkreis;WASBZ1;Wasserentnahme und -bezug;WASBZ102;Fremdbezug von Wasser;15;Anzahl;BETR01;Betriebe
32221;Erhebung der nichtöffentlichen Wasserversorgung und Abwasserentsorgung;JAHR;Jahr;2019;KREISE;Kreise und kreisfreie Städte;06534;Marburg-Biedenkopf, Landkreis;WASBZ1;Wasserentnahme und -bezug;WASBZ102;Fremdbezug von Wasser;20;Anzahl;BETR01;Betriebe
32221;Erhebung der nichtöffentlichen Wasserversorgung und Abwasserentsorgung;JAHR;Jahr;2013;KREISE;Kreise und kreisfreie Städte;12065;Oberhavel, Landkreis;WASBZ1;Wasserentnahme und -bezug;WASBZ102;Fremdbezug von Wasser;17;Anzahl;BETR01;Betriebe
32221;Erhebung der nichtöffentlichen Wasserversorgung und Abwasserentsorgung;JAHR;Jahr;2010;KREISE;Kreise und kreisfreie Städte;06534;Marburg-Biedenkopf, Landkreis;WASBZ1;Wasserentnahme und -bezug;WASBZ102;Fremdbezug von Wasser;21;Anzahl;BETR01;Betriebe
32221;Erhebung der nichtöffentlichen Wasserversorgung und Abwasserentsorgung;JAHR;Jahr;2019;KREISE;Kreise und kreisfreie Städte;06439;Rheingau-Taunus-Kreis;WASBZ1;Wasserentnahme und -bezug;WASBZ102;Fremdbezug von Wasser;9;Anzahl;BETR01;Betriebe
32221;Erhebung der nichtöffentlichen Wasserversorgung und Abwasserentsorgung;JAHR;Jahr;2013;KREISE;Kreise und kreisfreie Städte;06439;Rheingau-Taunus-Kreis;WASBZ1;Wasserentnahme und -bezug;WASBZ102;Fremdbezug von Wasser;14;Anzahl;BETR01;Betriebe
32221;Erhebung der nichtöffentlichen Wasserversorgung und Abwasserentsorgung;JAHR;Jahr;2010;KREISE;Kreise und kreisfreie Städte;06636;Werra-Meißner-Kreis;WASBZ1;Wasserentnahme und -bezug;WASBZ102;Fremdbezug von Wasser;4;Anzahl;BETR01;Betriebe
32221;Erhebung der nichtöffentlichen Wasserversorgung und Abwasserentsorgung;JAHR;Jahr;2022;KREISE;Kreise und kreisfreie Städte;12065;Oberhavel, Landkreis;WASBZ1;Wasserentnahme und -bezug;WASBZ102;Fremdbezug von Wasser;17;Anzahl;BETR01;Betriebe
32221;Erhebung der nichtöffentlichen Wasserversorgung und Abwasserentsorgung;JAHR;Jahr;2016;KREISE;Kreise und kreisfreie Städte;06534;Marburg-Biedenkopf, Landkreis;WASBZ1;Wasserentnahme und -bezug;WASBZ102;Fremdbezug von Wasser;24;Anzahl;BETR01;Betriebe
32221;Erhebung der nichtöffentlichen Wasserversorgung und Abwasserentsorgung;JAHR;Jahr;2022;KREISE;Kreise und kreisfreie Städte;12061;Dahme-Spreewald, Landkreis;WASBZ1;Wasserentnahme und -bezug;WASBZ102;Fremdbezug von Wasser;26;Anzahl;BETR01;Betriebe
32221;Erhebung der nichtöffentlichen Wasserversorgung und Abwasserentsorgung;JAHR;Jahr;2013;KREISE;Kreise und kreisfreie Städte;06534;Marburg-Biedenkopf, Landkreis;WASBZ1;Wasserentnahme und -bezug;WASBZ102;Fremdbezug von Wasser;25;Anzahl;BETR01;Betriebe
32221;Erhebung der nichtöffentlichen Wasserversorgung und Abwasserentsorgung;JAHR;Jahr;2019;KREISE;Kreise und kreisfreie Städte;12064;Märkisch-Oderland, Landkreis;WASBZ1;Wasserentnahme und -bezug;WASBZ102;Fremdbezug von Wasser;18;Anzahl;BETR01;Betriebe
32221;Erhebung der nichtöffentlichen Wasserversorgung und Abwasserentsorgung;JAHR;Jahr;2016;KREISE;Kreise und kreisfreie Städte;12064;Märkisch-Oderland, Landkreis;WASBZ1;Wasserentnahme und -bezug;WASBZ102;Fremdbezug von Wasser;11;Anzahl;BETR01;Betriebe
32221;Erhebung der nichtöffentlichen Wasserversorgung und Abwasserentsorgung;JAHR;Jahr;2016;KREISE;Kreise und kreisfreie Städte;06636;Werra-Meißner-Kreis;WASBZ1;Wasserentnahme und -bezug;WASBZ102;Fremdbezug von Wasser;7;Anzahl;BETR01;Betriebe
32221;Erhebung der nichtöffentlichen Wasserversorgung und Abwasserentsorgung;JAHR;Jahr;2013;KREISE;Kreise und kreisfreie Städte;06636;Werra-Meißner-Kreis;WASBZ1;Wasserentnahme und -bezug;WASBZ102;Fremdbezug von Wasser;7;Anzahl;BETR01;Betriebe
32221;Erhebung der nichtöffentlichen Wasserversorgung und Abwasserentsorgung;JAHR;Jahr;2019;KREISE;Kreise und kreisfreie Städte;06636;Werra-Meißner-Kreis;WASBZ1;Wasserentnahme und -bezug;WASBZ102;Fremdbezug von Wasser;5;Anzahl;BETR01;Betriebe
32221;Erhebung der nichtöffentlichen Wasserversorgung und Abwasserentsorgung;JAHR;Jahr;2022;KREISE;Kreise und kreisfreie Städte;06534;Marburg-Biedenkopf, Landkreis;WASBZ1;Wasserentnahme und -bezug;WASBZ102;Fremdbezug von Wasser;18;Anzahl;BETR01;Betriebe
