statistics_code;statistics_label;time_code;time_label;time;1_variable_code;1_variable_label;1_variable_attribute_code;1_variable_attribute_label;2_variable_code;2_variable_label;2_variable_attribute_code;2_variable_attribute_label;value;value_unit;value_variable_code;value_variable_label
33111;Flächenerhebung nach Art der tatsächlichen Nutzung;STAG;Stichtag;2022-12-31;KREISE;Kreise und kreisfreie Städte;12064;Märkisch-Oderland, Landkreis;ADV09B;Nutzungsarten 1-Steller (AdV-Nutzungsartenkatalog 2009);ADVN09-2;Verkehr;7422;ha;FLC005A;Bodenfläche
33111;Flächenerhebung nach Art der tatsächlichen Nutzung;STAG;Stichtag;2019-12-31;KREISE;Kreise und kreisfreie Städte;06636;Werra-Meißner-Kreis;ADV09B;Nutzungsarten 1-Steller (AdV-Nutzungsartenkatalog 2009);;Insgesamt;102483;ha;FLC005A;Bodenfläche
33111;Flächenerhebung nach Art der tatsächlichen Nutzung;STAG;Stichtag;2020-12-31;KREISE;Kreise und kreisfreie Städte;06439;Rheingau-Taunus-Kreis;ADV09B;Nutzungsarten 1-Steller (AdV-Nutzungsartenkatalog 2009);ADVN09-3;Vegetation;68713;ha;FLC005A;Bodenfläche
33111;Flächenerhebung nach Art der tatsächlichen Nutzung;STAG;Stichtag;2018-12-31;KREISE;Kreise und kreisfreie Städte;06533;Limburg-Weilburg, Landkreis;ADV09B;Nutzungsarten 1-Steller (AdV-Nutzungsartenkatalog 2009);;Insgesamt;73844;ha;FLC005A;Bodenfläche
33111;Flächenerhebung nach Art der tatsächlichen Nutzung;STAG;Stichtag;2020-12-31;KREISE;Kreise und kreisfreie Städte;06636;Werra-Meißner-Kreis;ADV09B;Nutzungsarten 1-Steller (AdV-Nutzungsartenkatalog 2009);;Insgesamt;102483;ha;FLC005A;Bodenfläche
33111;Flächenerhebung nach Art der tatsächlichen Nutzung;STAG;Stichtag;2020-12-31;KREISE;Kreise und kreisfreie Städte;12063;Havelland, Landkreis;ADV09B;Nutzungsarten 1-Steller (AdV-Nutzungsartenkatalog 2009);ADVN09-1;Siedlung;11963;ha;FLC005A;Bodenfläche
33111;Flächenerhebung nach Art der tatsächlichen Nutzung;STAG;Stichtag;2017-12-31;KREISE;Kreise und kreisfreie Städte;12067;Oder-Spree, Landkreis;ADV09B;Nutzungsarten 1-Steller (AdV-Nutzungsartenkatalog 2009);ADVN09-3;Vegetation;195080;ha;FLC005A;Bodenfläche
33111;Flächenerhebung nach Art der tatsächlichen Nutzung;STAG;Stichtag;2018-12-31;KREISE;Kreise und kreisfreie Städte;12065;Oberhavel, Landkreis;ADV09B;Nutzungsarten 1-Steller (AdV-Nutzungsartenkatalog 2009);ADVN09-2;Verkehr;6932;ha;FLC005A;Bodenfläche
33111;Flächenerhebung nach Art der tatsächlichen Nutzung;STAG;Stichtag;2018-12-31;KREISE;Kreise und kreisfreie Städte;12063;Havelland, Landkreis;ADV09B;Nutzungsarten 1-Steller (AdV-Nutzungsartenkatalog 2009);ADVN09-4;Gewässer;5373;ha;FLC005A;Bodenfläche
33111;Flächenerhebung nach Art der tatsächlichen Nutzung;STAG;Stichtag;2022-12-31;KREISE;Kreise und kreisfreie Städte;06531;Gießen, Landkreis;ADV09B;Nutzungsarten 1-Steller (AdV-Nutzungsartenkatalog 2009);ADVN09-3;Vegetation;68734;ha;FLC005A;Bodenfläche
33111;Flächenerhebung nach Art der tatsächlichen Nutzung;STAG;Stichtag;2019-12-31;KREISE;Kreise und kreisfreie Städte;12063;Havelland, Landkreis;ADV09B;Nutzungsarten 1-Steller (AdV-Nutzungsartenkatalog 2009);ADVN09-1;Siedlung;11311;ha;FLC005A;Bodenfläche
33111;Flächenerhebung nach Art der tatsächlichen Nutzung;STAG;Stichtag;2019-12-31;KREISE;Kreise und kreisfreie Städte;06439;Rheingau-Taunus-Kreis;ADV09B;Nutzungsarten 1-Steller (AdV-Nutzungsartenkatalog 2009);ADVN09-3;Vegetation;68717;ha;FLC005A;Bodenfläche
33111;Flächenerhebung nach Art der tatsächlichen Nutzung;STAG;Stichtag;2021-12-31;KREISE;Kreise und kreisfreie Städte;12066;Oberspreewald-Lausitz, Landkreis;ADV09B;Nutzungsarten 1-Steller (AdV-Nutzungsartenkatalog 2009);ADVN09-3;Vegetation;94232;ha;FLC005A;Bodenfläche
33111;Flächenerhebung nach Art der tatsächlichen Nutzung;STAG;Stichtag;2018-12-31;KREISE;Kreise und kreisfreie Städte;06532;Lahn-Dill-Kreis;ADV09B;Nutzungsarten 1-Steller (AdV-Nutzungsartenkatalog 2009);ADVN09-3;Vegetation;87046;ha;FLC005A;Bodenfläche
33111;Flächenerhebung nach Art der tatsächlichen Nutzung;STAG;Stichtag;2016-12-31;KREISE;Kreise und kreisfreie Städte;12063;Havelland, Landkreis;ADV09B;Nutzungsarten 1-Steller (AdV-Nutzungsartenkatalog 2009);ADVN09-1;Siedlung;11069;ha;FLC005A;Bodenfläche
33111;Flächenerhebung nach Art der tatsächlichen Nutzung;STAG;Stichtag;2018-12-31;KREISE;Kreise und kreisfreie Städte;06534;Marburg-Biedenkopf, Landkreis;ADV09B;Nutzungsarten 1-Steller (AdV-Nutzungsartenkatalog 2009);ADVN09-1;Siedlung;9976;ha;FLC005A;Bodenfläche
33111;Flächenerhebung nach Art der tatsächlichen Nutzung;STAG;Stichtag;2020-12-31;KREISE;Kreise und kreisfreie Städte;12063;Havelland, Landkreis;ADV09B;Nutzungsarten 1-Steller (AdV-Nutzungsartenkatalog 2009);;Insgesamt;172731;ha;FLC005A;Bodenfläche
33111;Flächenerhebung nach Art der tatsächlichen Nutzung;STAG;Stichtag;2021-12-31;KREISE;Kreise und kreisfreie Städte;06633;Kassel, Landkreis;ADV09B;Nutzungsarten 1-Steller (AdV-Nutzungsartenkatalog 2009);ADVN09-2;Verkehr;7777;ha;FLC005A;Bodenfläche
33111;Flächenerhebung nach Art der tatsächlichen Nutzung;STAG;Stichtag;2022-12-31;KREISE;Kreise und kreisfreie Städte;06532;Lahn-Dill-Kreis;ADV09B;Nutzungsarten 1-Steller (AdV-Nutzungsartenkatalog 2009);;Insgesamt;106630;ha;FLC005A;Bodenfläche
33111;Flächenerhebung nach Art der tatsächlichen Nutzung;STAG;Stichtag;2022-12-31;KREISE;Kreise und kreisfreie Städte;06533;Limburg-Weilburg, Landkreis;ADV09B;Nutzungsarten 1-Steller (AdV-Nutzungsartenkatalog 2009);ADVN09-1;Siedlung;7478;ha;FLC005A;Bodenfläche
33111;Flächenerhebung nach Art der tatsächlichen Nutzung;STAG;Stichtag;2017-12-31;KREISE;Kreise und kreisfreie Städte;06534;Marburg-Biedenkopf, Landkreis;ADV09B;Nutzungsarten 1-Steller (AdV-Nutzungsartenkatalog 2009);ADVN09-4;Gewässer;1360;ha;FLC005A;Bodenfläche
33111;Flächenerhebung nach Art der tatsächlichen Nutzung;STAG;Stichtag;2021-12-31;KREISE;Kreise und kreisfreie Städte;06533;Limburg-Weilburg, Landkreis;ADV09B;Nutzungsarten 1-Steller (AdV-Nutzungsartenkatalog 2009);ADVN09-4;Gewässer;849;ha;FLC005A;Bodenfläche
33111;Flächenerhebung nach Art der tatsächlichen Nutzung;STAG;Stichtag;2016-12-31;KREISE;Kreise und kreisfreie Städte;12064;Märkisch-Oderland, Landkreis;ADV09B;Nutzungsarten 1-Steller (AdV-Nutzungsartenkatalog 2009);;Insgesamt;215865;ha;FLC005A;Bodenfläche
33111;Flächenerhebung nach Art der tatsächlichen Nutzung;STAG;Stichtag;2021-12-31;KREISE;Kreise und kreisfreie Städte;06535;Vogelsbergkreis;ADV09B;Nutzungsarten 1-Steller (AdV-Nutzungsartenkatalog 2009);ADVN09-2;Verkehr;8475;ha;FLC005A;Bodenfläche
33111;Flächenerhebung nach Art der tatsächlichen Nutzung;STAG;Stichtag;2019-12-31;KREISE;Kreise und kreisfreie Städte;06636;Werra-Meißner-Kreis;ADV09B;Nutzungsarten 1-Steller (AdV-Nutzungsartenkatalog 2009);ADVN09-1;Siedlung;5735;ha;FLC005A;Bodenfläche
33111;Flächenerhebung nach Art der tatsächlichen Nutzung;STAG;Stichtag;2021-12-31;KREISE;Kreise und kreisfreie Städte;12067;Oder-Spree, Landkreis;ADV09B;Nutzungsarten 1-Steller (AdV-Nutzungsartenkatalog 2009);;Insgesamt;225675;ha;FLC005A;Bodenfläche
33111;Flächenerhebung nach Art der tatsächlichen Nutzung;STAG;Stichtag;2018-12-31;KREISE;Kreise und kreisfreie Städte;06636;Werra-Meißner-Kreis;ADV09B;Nutzungsarten 1-Steller (AdV-Nutzungsartenkatalog 2009);ADVN09-4;Gewässer;1408;ha;FLC005A;Bodenfläche
33111;Flächenerhebung nach Art der tatsächlichen Nutzung;STAG;Stichtag;2022-12-31;KREISE;Kreise und kreisfreie Städte;12063;Havelland, Landkreis;ADV09B;Nutzungsarten 1-Steller (AdV-Nutzungsartenkatalog 2009);ADVN09-4;Gewässer;5266;ha;FLC005A;Bodenfläche
33111;Flächenerhebung nach Art der tatsächlichen Nutzung;STAG;Stichtag;2022-12-31;KREISE;Kreise und kreisfreie Städte;12063;Havelland, Landkreis;ADV09B;Nutzungsarten 1-Steller (AdV-Nutzungsartenkatalog 2009);ADVN09-2;Verkehr;6744;ha;FLC005A;Bodenfläche
33111;Flächenerhebung nach Art der tatsächlichen Nutzung;STAG;Stichtag;2021-12-31;KREISE;Kreise und kreisfreie Städte;12067;Oder-Spree, Landkreis;ADV09B;Nutzungsarten 1-Steller (AdV-Nutzungsartenkatalog 2009);ADVN09-1;Siedlung;15008;ha;FLC005A;Bodenfläche
33111;Flächenerhebung nach Art der tatsächlichen Nutzung;STAG;Stichtag;2018-12-31;KREISE;Kreise und kreisfreie Städte;06534;Marburg-Biedenkopf, Landkreis;ADV09B;Nutzungsarten 1-Steller (AdV-Nutzungsartenkatalog 2009);;Insgesamt;126237;ha;FLC005A;Bodenfläche
33111;Flächenerhebung nach Art der tatsächlichen Nutzung;STAG;Stichtag;2016-12-31;KREISE;Kreise und kreisfreie Städte;06636;Werra-Meißner-Kreis;ADV09B;Nutzungsarten 1-Steller (AdV-Nutzungsartenkatalog 2009);;Insgesamt;102483;ha;FLC005A;Bodenfläche
33111;Flächenerhebung nach Art der tatsächlichen Nutzung;STAG;Stichtag;2018-12-31;KREISE;Kreise und kreisfreie Städte;12066;Oberspreewald-Lausitz, Landkreis;ADV09B;Nutzungsarten 1-Steller (AdV-Nutzungsartenkatalog 2009);ADVN09-2;Verkehr;5533;ha;FLC005A;Bodenfläche
33111;Flächenerhebung nach Art der tatsächlichen Nutzung;STAG;Stichtag;2022-12-31;KREISE;Kreise und kreisfreie Städte;06532;Lahn-Dill-Kreis;ADV09B;Nutzungsarten 1-Steller (AdV-Nutzungsartenkatalog 2009);ADVN09-3;Vegetation;87350;ha;FLC005A;Bodenfläche
33111;Flächenerhebung nach Art der tatsächlichen Nutzung;STAG;Stichtag;2020-12-31;KREISE;Kreise und kreisfreie Städte;12067;Oder-Spree, Landkreis;ADV09B;Nutzungsarten 1-Steller (AdV-Nutzungsartenkatalog 2009);ADVN09-4;Gewässer;8389;ha;FLC005A;Bodenfläche
33111;Flächenerhebung nach Art der tatsächlichen Nutzung;STAG;Stichtag;2021-12-31;KREISE;Kreise und kreisfreie Städte;12067;Oder-Spree, Landkreis;ADV09B;Nutzungsarten 1-Steller (AdV-Nutzungsartenkatalog 2009);ADVN09-3;Vegetation;194431;ha;FLC005A;Bodenfläche
33111;Flächenerhebung nach Art der tatsächlichen Nutzung;STAG;Stichtag;2017-12-31;KREISE;Kreise und kreisfreie Städte;12066;Oberspreewald-Lausitz, Landkreis;ADV09B;Nutzungsarten 1-Steller (AdV-Nutzungsartenkatalog 2009);ADVN09-3;Vegetation;93808;ha;FLC005A;Bodenfläche
33111;Flächenerhebung nach Art der tatsächlichen Nutzung;STAG;Stichtag;2018-12-31;KREISE;Kreise und kreisfreie Städte;06535;Vogelsbergkreis;ADV09B;Nutzungsarten 1-Steller (AdV-Nutzungsartenkatalog 2009);ADVN09-1;Siedlung;6895;ha;FLC005A;Bodenfläche
33111;Flächenerhebung nach Art der tatsächlichen Nutzung;STAG;Stichtag;2018-12-31;KREISE;Kreise und kreisfreie Städte;06531;Gießen, Landkreis;ADV09B;Nutzungsarten 1-Steller (AdV-Nutzungsartenkatalog 2009);ADVN09-3;Vegetation;68470;ha;FLC005A;Bodenfläche
33111;Flächenerhebung nach Art der tatsächlichen Nutzung;STAG;Stichtag;2017-12-31;KREISE;Kreise und kreisfreie Städte;06535;Vogelsbergkreis;ADV09B;Nutzungsarten 1-Steller (AdV-Nutzungsartenkatalog 2009);ADVN09-4;Gewässer;1518;ha;FLC005A;Bodenfläche
33111;Flächenerhebung nach Art der tatsächlichen Nutzung;STAG;Stichtag;2017-12-31;KREISE;Kreise und kreisfreie Städte;06535;Vogelsbergkreis;ADV09B;Nutzungsarten 1-Steller (AdV-Nutzungsartenkatalog 2009);ADVN09-2;Verkehr;8570;ha;FLC005A;Bodenfläche
33111;Flächenerhebung nach Art der tatsächlichen Nutzung;STAG;Stichtag;2019-12-31;KREISE;Kreise und kreisfreie Städte;06531;Gießen, Landkreis;ADV09B;Nutzungsarten 1-Steller (AdV-Nutzungsartenkatalog 2009);ADVN09-2;Verkehr;6501;ha;FLC005A;Bodenfläche
33111;Flächenerhebung nach Art der tatsächlichen Nutzung;STAG;Stichtag;2022-12-31;KREISE;Kreise und kreisfreie Städte;06531;Gießen, Landkreis;ADV09B;Nutzungsarten 1-Steller (AdV-Nutzungsartenkatalog 2009);;Insgesamt;85456;ha;FLC005A;Bodenfläche
33111;Flächenerhebung nach Art der tatsächlichen Nutzung;STAG;Stichtag;2019-12-31;KREISE;Kreise und kreisfreie Städte;06633;Kassel, Landkreis;ADV09B;Nutzungsarten 1-Steller (AdV-Nutzungsartenkatalog 2009);ADVN09-3;Vegetation;109354;ha;FLC005A;Bodenfläche
33111;Flächenerhebung nach Art der tatsächlichen Nutzung;STAG;Stichtag;2022-12-31;KREISE;Kreise und kreisfreie Städte;06532;Lahn-Dill-Kreis;ADV09B;Nutzungsarten 1-Steller (AdV-Nutzungsartenkatalog 2009);ADVN09-1;Siedlung;10435;ha;FLC005A;Bodenfläche
33111;Flächenerhebung nach Art der tatsächlichen Nutzung;STAG;Stichtag;2021-12-31;KREISE;Kreise und kreisfreie Städte;06532;Lahn-Dill-Kreis;ADV09B;Nutzungsarten 1-Steller (AdV-Nutzungsartenkatalog 2009);ADVN09-4;Gewässer;1268;ha;FLC005A;Bodenfläche
33111;Flächenerhebung nach Art der tatsächlichen Nutzung;STAG;Stichtag;2016-12-31;KREISE;Kreise und kreisfreie Städte;12065;Oberhavel, Landkreis;ADV09B;Nutzungsarten 1-Steller (AdV-Nutzungsartenkatalog 2009);;Insgesamt;180818;ha;FLC005A;Bodenfläche
33111;Flächenerhebung nach Art der tatsächlichen Nutzung;STAG;Stichtag;2018-12-31;KREISE;Kreise und kreisfreie Städte;06633;Kassel, Landkreis;ADV09B;Nutzungsarten 1-Steller (AdV-Nutzungsartenkatalog 2009);ADVN09-1;Siedlung;10676;ha;FLC005A;Bodenfläche
33111;Flächenerhebung nach Art der tatsächlichen Nutzung;STAG;Stichtag;2016-12-31;KREISE;Kreise und kreisfreie Städte;06531;Gießen, Landkreis;ADV09B;Nutzungsarten 1-Steller (AdV-Nutzungsartenkatalog 2009);ADVN09-2;Verkehr;6489;ha;FLC005A;Bodenfläche
33111;Flächenerhebung nach Art der tatsächlichen Nutzung;STAG;Stichtag;2017-12-31;KREISE;Kreise und kreisfreie Städte;06633;Kassel, Landkreis;ADV09B;Nutzungsarten 1-Steller (AdV-Nutzungsartenkatalog 2009);ADVN09-2;Verkehr;7638;ha;FLC005A;Bodenfläche
33111;Flächenerhebung nach Art der tatsächlichen Nutzung;STAG;Stichtag;2021-12-31;KREISE;Kreise und kreisfreie Städte;12066;Oberspreewald-Lausitz, Landkreis;ADV09B;Nutzungsarten 1-Steller (AdV-Nutzungsartenkatalog 2009);;Insgesamt;122348;ha;FLC005A;Bodenfläche
33111;Flächenerhebung nach Art der tatsächlichen Nutzung;STAG;Stichtag;2017-12-31;KREISE;Kreise und kreisfreie Städte;06633;Kassel, Landkreis;ADV09B;Nutzungsarten 1-Steller (AdV-Nutzungsartenkatalog 2009);ADVN09-4;Gewässer;1373;ha;FLC005A;Bodenfläche
33111;Flächenerhebung nach Art der tatsächlichen Nutzung;STAG;Stichtag;2021-12-31;KREISE;Kreise und kreisfreie Städte;12066;Oberspreewald-Lausitz, Landkreis;ADV09B;Nutzungsarten 1-Steller (AdV-Nutzungsartenkatalog 2009);ADVN09-1;Siedlung;17931;ha;FLC005A;Bodenfläche
33111;Flächenerhebung nach Art der tatsächlichen Nutzung;STAG;Stichtag;2018-12-31;KREISE;Kreise und kreisfreie Städte;06535;Vogelsbergkreis;ADV09B;Nutzungsarten 1-Steller (AdV-Nutzungsartenkatalog 2009);;Insgesamt;145891;ha;FLC005A;Bodenfläche
33111;Flächenerhebung nach Art der tatsächlichen Nutzung;STAG;Stichtag;2019-12-31;KREISE;Kreise und kreisfreie Städte;12063;Havelland, Landkreis;ADV09B;Nutzungsarten 1-Steller (AdV-Nutzungsartenkatalog 2009);ADVN09-3;Vegetation;149256;ha;FLC005A;Bodenfläche
33111;Flächenerhebung nach Art der tatsächlichen Nutzung;STAG;Stichtag;2016-12-31;KREISE;Kreise und kreisfreie Städte;06439;Rheingau-Taunus-Kreis;ADV09B;Nutzungsarten 1-Steller (AdV-Nutzungsartenkatalog 2009);;Insgesamt;81141;ha;FLC005A;Bodenfläche
33111;Flächenerhebung nach Art der tatsächlichen Nutzung;STAG;Stichtag;2016-12-31;KREISE;Kreise und kreisfreie Städte;12067;Oder-Spree, Landkreis;ADV09B;Nutzungsarten 1-Steller (AdV-Nutzungsartenkatalog 2009);ADVN09-4;Gewässer;8410;ha;FLC005A;Bodenfläche
33111;Flächenerhebung nach Art der tatsächlichen Nutzung;STAG;Stichtag;2019-12-31;KREISE;Kreise und kreisfreie Städte;12065;Oberhavel, Landkreis;ADV09B;Nutzungsarten 1-Steller (AdV-Nutzungsartenkatalog 2009);ADVN09-1;Siedlung;12282;ha;FLC005A;Bodenfläche
33111;Flächenerhebung nach Art der tatsächlichen Nutzung;STAG;Stichtag;2017-12-31;KREISE;Kreise und kreisfreie Städte;12065;Oberhavel, Landkreis;ADV09B;Nutzungsarten 1-Steller (AdV-Nutzungsartenkatalog 2009);ADVN09-3;Vegetation;154997;ha;FLC005A;Bodenfläche
33111;Flächenerhebung nach Art der tatsächlichen Nutzung;STAG;Stichtag;2018-12-31;KREISE;Kreise und kreisfreie Städte;12067;Oder-Spree, Landkreis;ADV09B;Nutzungsarten 1-Steller (AdV-Nutzungsartenkatalog 2009);ADVN09-2;Verkehr;7977;ha;FLC005A;Bodenfläche
33111;Flächenerhebung nach Art der tatsächlichen Nutzung;STAG;Stichtag;2018-12-31;KREISE;Kreise und kreisfreie Städte;06633;Kassel, Landkreis;ADV09B;Nutzungsarten 1-Steller (AdV-Nutzungsartenkatalog 2009);;Insgesamt;129333;ha;FLC005A;Bodenfläche
33111;Flächenerhebung nach Art der tatsächlichen Nutzung;STAG;Stichtag;2018-12-31;KREISE;Kreise und kreisfreie Städte;06439;Rheingau-Taunus-Kreis;ADV09B;Nutzungsarten 1-Steller (AdV-Nutzungsartenkatalog 2009);ADVN09-4;Gewässer;1501;ha;FLC005A;Bodenfläche
33111;Flächenerhebung nach Art der tatsächlichen Nutzung;STAG;Stichtag;2021-12-31;KREISE;Kreise und kreisfreie Städte;12064;Märkisch-Oderland, Landkreis;ADV09B;Nutzungsarten 1-Steller (AdV-Nutzungsartenkatalog 2009);ADVN09-3;Vegetation;185374;ha;FLC005A;Bodenfläche
33111;Flächenerhebung nach Art der tatsächlichen Nutzung;STAG;Stichtag;2020-12-31;KREISE;Kreise und kreisfreie Städte;06531;Gießen, Landkreis;ADV09B;Nutzungsarten 1-Steller (AdV-Nutzungsartenkatalog 2009);ADVN09-2;Verkehr;6501;ha;FLC005A;Bodenfläche
33111;Flächenerhebung nach Art der tatsächlichen Nutzung;STAG;Stichtag;2019-12-31;KREISE;Kreise und kreisfreie Städte;12064;Märkisch-Oderland, Landkreis;ADV09B;Nutzungsarten 1-Steller (AdV-Nutzungsartenkatalog 2009);;Insgesamt;215865;ha;FLC005A;Bodenfläche
33111;Flächenerhebung nach Art der tatsächlichen Nutzung;STAG;Stichtag;2019-12-31;KREISE;Kreise und kreisfreie Städte;06532;Lahn-Dill-Kreis;ADV09B;Nutzungsarten 1-Steller (AdV-Nutzungsartenkatalog 2009);ADVN09-2;Verkehr;8007;ha;FLC005A;Bodenfläche
33111;Flächenerhebung nach Art der tatsächlichen Nutzung;STAG;Stichtag;2017-12-31;KREISE;Kreise und kreisfreie Städte;06534;Marburg-Biedenkopf, Landkreis;ADV09B;Nutzungsarten 1-Steller (AdV-Nutzungsartenkatalog 2009);ADVN09-2;Verkehr;8087;ha;FLC005A;Bodenfläche
33111;Flächenerhebung nach Art der tatsächlichen Nutzung;STAG;Stichtag;2021-12-31;KREISE;Kreise und kreisfreie Städte;06533;Limburg-Weilburg, Landkreis;ADV09B;Nutzungsarten 1-Steller (AdV-Nutzungsartenkatalog 2009);ADVN09-2;Verkehr;5782;ha;FLC005A;Bodenfläche
33111;Flächenerhebung nach Art der tatsächlichen Nutzung;STAG;Stichtag;2021-12-31;KREISE;Kreise und kreisfreie Städte;06535;Vogelsbergkreis;ADV09B;Nutzungsarten 1-Steller (AdV-Nutzungsartenkatalog 2009);ADVN09-4;Gewässer;1464;ha;FLC005A;Bodenfläche
33111;Flächenerhebung nach Art der tatsächlichen Nutzung;STAG;Stichtag;2022-12-31;KREISE;Kreise und kreisfreie Städte;06531;Gießen, Landkreis;ADV09B;Nutzungsarten 1-Steller (AdV-Nutzungsartenkatalog 2009);ADVN09-1;Siedlung;9403;ha;FLC005A;Bodenfläche
33111;Flächenerhebung nach Art der tatsächlichen Nutzung;STAG;Stichtag;2017-12-31;KREISE;Kreise und kreisfreie Städte;06532;Lahn-Dill-Kreis;ADV09B;Nutzungsarten 1-Steller (AdV-Nutzungsartenkatalog 2009);ADVN09-4;Gewässer;1255;ha;FLC005A;Bodenfläche
33111;Flächenerhebung nach Art der tatsächlichen Nutzung;STAG;Stichtag;2016-12-31;KREISE;Kreise und kreisfreie Städte;12066;Oberspreewald-Lausitz, Landkreis;ADV09B;Nutzungsarten 1-Steller (AdV-Nutzungsartenkatalog 2009);;Insgesamt;122309;ha;FLC005A;Bodenfläche
33111;Flächenerhebung nach Art der tatsächlichen Nutzung;STAG;Stichtag;2020-12-31;KREISE;Kreise und kreisfreie Städte;06439;Rheingau-Taunus-Kreis;ADV09B;Nutzungsarten 1-Steller (AdV-Nutzungsartenkatalog 2009);ADVN09-1;Siedlung;5567;ha;FLC005A;Bodenfläche
33111;Flächenerhebung nach Art der tatsächlichen Nutzung;STAG;Stichtag;2021-12-31;KREISE;Kreise und kreisfreie Städte;12065;Oberhavel, Landkreis;ADV09B;Nutzungsarten 1-Steller (AdV-Nutzungsartenkatalog 2009);;Insgesamt;180819;ha;FLC005A;Bodenfläche
33111;Flächenerhebung nach Art der tatsächlichen Nutzung;STAG;Stichtag;2018-12-31;KREISE;Kreise und kreisfreie Städte;06636;Werra-Meißner-Kreis;ADV09B;Nutzungsarten 1-Steller (AdV-Nutzungsartenkatalog 2009);ADVN09-2;Verkehr;6271;ha;FLC005A;Bodenfläche
33111;Flächenerhebung nach Art der tatsächlichen Nutzung;STAG;Stichtag;2021-12-31;KREISE;Kreise und kreisfreie Städte;06633;Kassel, Landkreis;ADV09B;Nutzungsarten 1-Steller (AdV-Nutzungsartenkatalog 2009);ADVN09-4;Gewässer;1372;ha;FLC005A;Bodenfläche
33111;Flächenerhebung nach Art der tatsächlichen Nutzung;STAG;Stichtag;2022-12-31;KREISE;Kreise und kreisfreie Städte;06439;Rheingau-Taunus-Kreis;ADV09B;Nutzungsarten 1-Steller (AdV-Nutzungsartenkatalog 2009);ADVN09-2;Verkehr;5323;ha;FLC005A;Bodenfläche
33111;Flächenerhebung nach Art der tatsächlichen Nutzung;STAG;Stichtag;2016-12-31;KREISE;Kreise und kreisfreie Städte;06636;Werra-Meißner-Kreis;ADV09B;Nutzungsarten 1-Steller (AdV-Nutzungsartenkatalog 2009);ADVN09-1;Siedlung;5688;ha;FLC005A;Bodenfläche
33111;Flächenerhebung nach Art der tatsächlichen Nutzung;STAG;Stichtag;2016-12-31;KREISE;Kreise und kreisfreie Städte;06636;Werra-Meißner-Kreis;ADV09B;Nutzungsarten 1-Steller (AdV-Nutzungsartenkatalog 2009);ADVN09-3;Vegetation;89138;ha;FLC005A;Bodenfläche
33111;Flächenerhebung nach Art der tatsächlichen Nutzung;STAG;Stichtag;2019-12-31;KREISE;Kreise und kreisfreie Städte;12064;Märkisch-Oderland, Landkreis;ADV09B;Nutzungsarten 1-Steller (AdV-Nutzungsartenkatalog 2009);ADVN09-3;Vegetation;185353;ha;FLC005A;Bodenfläche
33111;Flächenerhebung nach Art der tatsächlichen Nutzung;STAG;Stichtag;2018-12-31;KREISE;Kreise und kreisfreie Städte;06439;Rheingau-Taunus-Kreis;ADV09B;Nutzungsarten 1-Steller (AdV-Nutzungsartenkatalog 2009);ADVN09-1;Siedlung;5548;ha;FLC005A;Bodenfläche
33111;Flächenerhebung nach Art der tatsächlichen Nutzung;STAG;Stichtag;2019-12-31;KREISE;Kreise und kreisfreie Städte;12064;Märkisch-Oderland, Landkreis;ADV09B;Nutzungsarten 1-Steller (AdV-Nutzungsartenkatalog 2009);ADVN09-1;Siedlung;16984;ha;FLC005A;Bodenfläche
33111;Flächenerhebung nach Art der tatsächlichen Nutzung;STAG;Stichtag;2021-12-31;KREISE;Kreise und kreisfreie Städte;12065;Oberhavel, Landkreis;ADV09B;Nutzungsarten 1-Steller (AdV-Nutzungsartenkatalog 2009);ADVN09-1;Siedlung;12628;ha;FLC005A;Bodenfläche
33111;Flächenerhebung nach Art der tatsächlichen Nutzung;STAG;Stichtag;2017-12-31;KREISE;Kreise und kreisfreie Städte;12063;Havelland, Landkreis;ADV09B;Nutzungsarten 1-Steller (AdV-Nutzungsartenkatalog 2009);ADVN09-2;Verkehr;6848;ha;FLC005A;Bodenfläche
33111;Flächenerhebung nach Art der tatsächlichen Nutzung;STAG;Stichtag;2022-12-31;KREISE;Kreise und kreisfreie Städte;06439;Rheingau-Taunus-Kreis;ADV09B;Nutzungsarten 1-Steller (AdV-Nutzungsartenkatalog 2009);ADVN09-4;Gewässer;1499;ha;FLC005A;Bodenfläche
33111;Flächenerhebung nach Art der tatsächlichen Nutzung;STAG;Stichtag;2021-12-31;KREISE;Kreise und kreisfreie Städte;12065;Oberhavel, Landkreis;ADV09B;Nutzungsarten 1-Steller (AdV-Nutzungsartenkatalog 2009);ADVN09-3;Vegetation;154880;ha;FLC005A;Bodenfläche
33111;Flächenerhebung nach Art der tatsächlichen Nutzung;STAG;Stichtag;2017-12-31;KREISE;Kreise und kreisfreie Städte;12064;Märkisch-Oderland, Landkreis;ADV09B;Nutzungsarten 1-Steller (AdV-Nutzungsartenkatalog 2009);ADVN09-3;Vegetation;185277;ha;FLC005A;Bodenfläche
33111;Flächenerhebung nach Art der tatsächlichen Nutzung;STAG;Stichtag;2020-12-31;KREISE;Kreise und kreisfreie Städte;06439;Rheingau-Taunus-Kreis;ADV09B;Nutzungsarten 1-Steller (AdV-Nutzungsartenkatalog 2009);;Insgesamt;81141;ha;FLC005A;Bodenfläche
33111;Flächenerhebung nach Art der tatsächlichen Nutzung;STAG;Stichtag;2019-12-31;KREISE;Kreise und kreisfreie Städte;12063;Havelland, Landkreis;ADV09B;Nutzungsarten 1-Steller (AdV-Nutzungsartenkatalog 2009);;Insgesamt;172731;ha;FLC005A;Bodenfläche
33111;Flächenerhebung nach Art der tatsächlichen Nutzung;STAG;Stichtag;2017-12-31;KREISE;Kreise und kreisfreie Städte;06533;Limburg-Weilburg, Landkreis;ADV09B;Nutzungsarten 1-Steller (AdV-Nutzungsartenkatalog 2009);ADVN09-2;Verkehr;5797;ha;FLC005A;Bodenfläche
33111;Flächenerhebung nach Art der tatsächlichen Nutzung;STAG;Stichtag;2016-12-31;KREISE;Kreise und kreisfreie Städte;06439;Rheingau-Taunus-Kreis;ADV09B;Nutzungsarten 1-Steller (AdV-Nutzungsartenkatalog 2009);ADVN09-1;Siedlung;5526;ha;FLC005A;Bodenfläche
33111;Flächenerhebung nach Art der tatsächlichen Nutzung;STAG;Stichtag;2019-12-31;KREISE;Kreise und kreisfreie Städte;06533;Limburg-Weilburg, Landkreis;ADV09B;Nutzungsarten 1-Steller (AdV-Nutzungsartenkatalog 2009);ADVN09-2;Verkehr;5789;ha;FLC005A;Bodenfläche
33111;Flächenerhebung nach Art der tatsächlichen Nutzung;STAG;Stichtag;2016-12-31;KREISE;Kreise und kreisfreie Städte;06439;Rheingau-Taunus-Kreis;ADV09B;Nutzungsarten 1-Steller (AdV-Nutzungsartenkatalog 2009);ADVN09-3;Vegetation;68793;ha;FLC005A;Bodenfläche
33111;Flächenerhebung nach Art der tatsächlichen Nutzung;STAG;Stichtag;2020-12-31;KREISE;Kreise und kreisfreie Städte;06636;Werra-Meißner-Kreis;ADV09B;Nutzungsarten 1-Steller (AdV-Nutzungsartenkatalog 2009);ADVN09-3;Vegetation;89063;ha;FLC005A;Bodenfläche
33111;Flächenerhebung nach Art der tatsächlichen Nutzung;STAG;Stichtag;2020-12-31;KREISE;Kreise und kreisfreie Städte;06636;Werra-Meißner-Kreis;ADV09B;Nutzungsarten 1-Steller (AdV-Nutzungsartenkatalog 2009);ADVN09-1;Siedlung;5736;ha;FLC005A;Bodenfläche
33111;Flächenerhebung nach Art der tatsächlichen Nutzung;STAG;Stichtag;2017-12-31;KREISE;Kreise und kreisfreie Städte;06533;Limburg-Weilburg, Landkreis;ADV09B;Nutzungsarten 1-Steller (AdV-Nutzungsartenkatalog 2009);ADVN09-4;Gewässer;855;ha;FLC005A;Bodenfläche
33111;Flächenerhebung nach Art der tatsächlichen Nutzung;STAG;Stichtag;2021-12-31;KREISE;Kreise und kreisfreie Städte;06534;Marburg-Biedenkopf, Landkreis;ADV09B;Nutzungsarten 1-Steller (AdV-Nutzungsartenkatalog 2009);ADVN09-4;Gewässer;1326;ha;FLC005A;Bodenfläche
33111;Flächenerhebung nach Art der tatsächlichen Nutzung;STAG;Stichtag;2016-12-31;KREISE;Kreise und kreisfreie Städte;12067;Oder-Spree, Landkreis;ADV09B;Nutzungsarten 1-Steller (AdV-Nutzungsartenkatalog 2009);;Insgesamt;225675;ha;FLC005A;Bodenfläche
33111;Flächenerhebung nach Art der tatsächlichen Nutzung;STAG;Stichtag;2021-12-31;KREISE;Kreise und kreisfreie Städte;06534;Marburg-Biedenkopf, Landkreis;ADV09B;Nutzungsarten 1-Steller (AdV-Nutzungsartenkatalog 2009);ADVN09-2;Verkehr;8035;ha;FLC005A;Bodenfläche
33111;Flächenerhebung nach Art der tatsächlichen Nutzung;STAG;Stichtag;2022-12-31;KREISE;Kreise und kreisfreie Städte;06636;Werra-Meißner-Kreis;ADV09B;Nutzungsarten 1-Steller (AdV-Nutzungsartenkatalog 2009);ADVN09-4;Gewässer;1408;ha;FLC005A;Bodenfläche
33111;Flächenerhebung nach Art der tatsächlichen Nutzung;STAG;Stichtag;2022-12-31;KREISE;Kreise und kreisfreie Städte;06636;Werra-Meißner-Kreis;ADV09B;Nutzungsarten 1-Steller (AdV-Nutzungsartenkatalog 2009);ADVN09-2;Verkehr;6262;ha;FLC005A;Bodenfläche
33111;Flächenerhebung nach Art der tatsächlichen Nutzung;STAG;Stichtag;2021-12-31;KREISE;Kreise und kreisfreie Städte;12064;Märkisch-Oderland, Landkreis;ADV09B;Nutzungsarten 1-Steller (AdV-Nutzungsartenkatalog 2009);;Insgesamt;215865;ha;FLC005A;Bodenfläche
33111;Flächenerhebung nach Art der tatsächlichen Nutzung;STAG;Stichtag;2022-12-31;KREISE;Kreise und kreisfreie Städte;06439;Rheingau-Taunus-Kreis;ADV09B;Nutzungsarten 1-Steller (AdV-Nutzungsartenkatalog 2009);ADVN09-1;Siedlung;5696;ha;FLC005A;Bodenfläche
33111;Flächenerhebung nach Art der tatsächlichen Nutzung;STAG;Stichtag;2017-12-31;KREISE;Kreise und kreisfreie Städte;06532;Lahn-Dill-Kreis;ADV09B;Nutzungsarten 1-Steller (AdV-Nutzungsartenkatalog 2009);;Insgesamt;106630;ha;FLC005A;Bodenfläche
33111;Flächenerhebung nach Art der tatsächlichen Nutzung;STAG;Stichtag;2020-12-31;KREISE;Kreise und kreisfreie Städte;12067;Oder-Spree, Landkreis;ADV09B;Nutzungsarten 1-Steller (AdV-Nutzungsartenkatalog 2009);ADVN09-1;Siedlung;14726;ha;FLC005A;Bodenfläche
33111;Flächenerhebung nach Art der tatsächlichen Nutzung;STAG;Stichtag;2020-12-31;KREISE;Kreise und kreisfreie Städte;12066;Oberspreewald-Lausitz, Landkreis;ADV09B;Nutzungsarten 1-Steller (AdV-Nutzungsartenkatalog 2009);ADVN09-2;Verkehr;5502;ha;FLC005A;Bodenfläche
33111;Flächenerhebung nach Art der tatsächlichen Nutzung;STAG;Stichtag;2022-12-31;KREISE;Kreise und kreisfreie Städte;06534;Marburg-Biedenkopf, Landkreis;ADV09B;Nutzungsarten 1-Steller (AdV-Nutzungsartenkatalog 2009);ADVN09-4;Gewässer;1321;ha;FLC005A;Bodenfläche
33111;Flächenerhebung nach Art der tatsächlichen Nutzung;STAG;Stichtag;2022-12-31;KREISE;Kreise und kreisfreie Städte;06535;Vogelsbergkreis;ADV09B;Nutzungsarten 1-Steller (AdV-Nutzungsartenkatalog 2009);ADVN09-3;Vegetation;128900;ha;FLC005A;Bodenfläche
33111;Flächenerhebung nach Art der tatsächlichen Nutzung;STAG;Stichtag;2021-12-31;KREISE;Kreise und kreisfreie Städte;06531;Gießen, Landkreis;ADV09B;Nutzungsarten 1-Steller (AdV-Nutzungsartenkatalog 2009);;Insgesamt;85456;ha;FLC005A;Bodenfläche
33111;Flächenerhebung nach Art der tatsächlichen Nutzung;STAG;Stichtag;2020-12-31;KREISE;Kreise und kreisfreie Städte;12065;Oberhavel, Landkreis;ADV09B;Nutzungsarten 1-Steller (AdV-Nutzungsartenkatalog 2009);ADVN09-3;Vegetation;154984;ha;FLC005A;Bodenfläche
33111;Flächenerhebung nach Art der tatsächlichen Nutzung;STAG;Stichtag;2020-12-31;KREISE;Kreise und kreisfreie Städte;12064;Märkisch-Oderland, Landkreis;ADV09B;Nutzungsarten 1-Steller (AdV-Nutzungsartenkatalog 2009);ADVN09-4;Gewässer;5780;ha;FLC005A;Bodenfläche
33111;Flächenerhebung nach Art der tatsächlichen Nutzung;STAG;Stichtag;2017-12-31;KREISE;Kreise und kreisfreie Städte;12065;Oberhavel, Landkreis;ADV09B;Nutzungsarten 1-Steller (AdV-Nutzungsartenkatalog 2009);ADVN09-1;Siedlung;12213;ha;FLC005A;Bodenfläche
33111;Flächenerhebung nach Art der tatsächlichen Nutzung;STAG;Stichtag;2016-12-31;KREISE;Kreise und kreisfreie Städte;12065;Oberhavel, Landkreis;ADV09B;Nutzungsarten 1-Steller (AdV-Nutzungsartenkatalog 2009);ADVN09-4;Gewässer;6679;ha;FLC005A;Bodenfläche
33111;Flächenerhebung nach Art der tatsächlichen Nutzung;STAG;Stichtag;2019-12-31;KREISE;Kreise und kreisfreie Städte;06533;Limburg-Weilburg, Landkreis;ADV09B;Nutzungsarten 1-Steller (AdV-Nutzungsartenkatalog 2009);ADVN09-3;Vegetation;59724;ha;FLC005A;Bodenfläche
33111;Flächenerhebung nach Art der tatsächlichen Nutzung;STAG;Stichtag;2017-12-31;KREISE;Kreise und kreisfreie Städte;12064;Märkisch-Oderland, Landkreis;ADV09B;Nutzungsarten 1-Steller (AdV-Nutzungsartenkatalog 2009);ADVN09-2;Verkehr;7778;ha;FLC005A;Bodenfläche
33111;Flächenerhebung nach Art der tatsächlichen Nutzung;STAG;Stichtag;2022-12-31;KREISE;Kreise und kreisfreie Städte;06633;Kassel, Landkreis;ADV09B;Nutzungsarten 1-Steller (AdV-Nutzungsartenkatalog 2009);ADVN09-2;Verkehr;7786;ha;FLC005A;Bodenfläche
33111;Flächenerhebung nach Art der tatsächlichen Nutzung;STAG;Stichtag;2020-12-31;KREISE;Kreise und kreisfreie Städte;12067;Oder-Spree, Landkreis;ADV09B;Nutzungsarten 1-Steller (AdV-Nutzungsartenkatalog 2009);;Insgesamt;225675;ha;FLC005A;Bodenfläche
33111;Flächenerhebung nach Art der tatsächlichen Nutzung;STAG;Stichtag;2022-12-31;KREISE;Kreise und kreisfreie Städte;06633;Kassel, Landkreis;ADV09B;Nutzungsarten 1-Steller (AdV-Nutzungsartenkatalog 2009);ADVN09-3;Vegetation;109263;ha;FLC005A;Bodenfläche
33111;Flächenerhebung nach Art der tatsächlichen Nutzung;STAG;Stichtag;2018-12-31;KREISE;Kreise und kreisfreie Städte;06534;Marburg-Biedenkopf, Landkreis;ADV09B;Nutzungsarten 1-Steller (AdV-Nutzungsartenkatalog 2009);ADVN09-4;Gewässer;1351;ha;FLC005A;Bodenfläche
33111;Flächenerhebung nach Art der tatsächlichen Nutzung;STAG;Stichtag;2016-12-31;KREISE;Kreise und kreisfreie Städte;12065;Oberhavel, Landkreis;ADV09B;Nutzungsarten 1-Steller (AdV-Nutzungsartenkatalog 2009);ADVN09-3;Vegetation;154677;ha;FLC005A;Bodenfläche
33111;Flächenerhebung nach Art der tatsächlichen Nutzung;STAG;Stichtag;2019-12-31;KREISE;Kreise und kreisfreie Städte;06534;Marburg-Biedenkopf, Landkreis;ADV09B;Nutzungsarten 1-Steller (AdV-Nutzungsartenkatalog 2009);ADVN09-2;Verkehr;8097;ha;FLC005A;Bodenfläche
33111;Flächenerhebung nach Art der tatsächlichen Nutzung;STAG;Stichtag;2021-12-31;KREISE;Kreise und kreisfreie Städte;06531;Gießen, Landkreis;ADV09B;Nutzungsarten 1-Steller (AdV-Nutzungsartenkatalog 2009);ADVN09-1;Siedlung;9421;ha;FLC005A;Bodenfläche
33111;Flächenerhebung nach Art der tatsächlichen Nutzung;STAG;Stichtag;2016-12-31;KREISE;Kreise und kreisfreie Städte;12067;Oder-Spree, Landkreis;ADV09B;Nutzungsarten 1-Steller (AdV-Nutzungsartenkatalog 2009);ADVN09-2;Verkehr;8016;ha;FLC005A;Bodenfläche
33111;Flächenerhebung nach Art der tatsächlichen Nutzung;STAG;Stichtag;2017-12-31;KREISE;Kreise und kreisfreie Städte;06532;Lahn-Dill-Kreis;ADV09B;Nutzungsarten 1-Steller (AdV-Nutzungsartenkatalog 2009);ADVN09-2;Verkehr;8035;ha;FLC005A;Bodenfläche
33111;Flächenerhebung nach Art der tatsächlichen Nutzung;STAG;Stichtag;2021-12-31;KREISE;Kreise und kreisfreie Städte;06531;Gießen, Landkreis;ADV09B;Nutzungsarten 1-Steller (AdV-Nutzungsartenkatalog 2009);ADVN09-2;Verkehr;6481;ha;FLC005A;Bodenfläche
33111;Flächenerhebung nach Art der tatsächlichen Nutzung;STAG;Stichtag;2019-12-31;KREISE;Kreise und kreisfreie Städte;06534;Marburg-Biedenkopf, Landkreis;ADV09B;Nutzungsarten 1-Steller (AdV-Nutzungsartenkatalog 2009);ADVN09-1;Siedlung;10042;ha;FLC005A;Bodenfläche
33111;Flächenerhebung nach Art der tatsächlichen Nutzung;STAG;Stichtag;2016-12-31;KREISE;Kreise und kreisfreie Städte;12067;Oder-Spree, Landkreis;ADV09B;Nutzungsarten 1-Steller (AdV-Nutzungsartenkatalog 2009);ADVN09-1;Siedlung;14138;ha;FLC005A;Bodenfläche
33111;Flächenerhebung nach Art der tatsächlichen Nutzung;STAG;Stichtag;2022-12-31;KREISE;Kreise und kreisfreie Städte;06535;Vogelsbergkreis;ADV09B;Nutzungsarten 1-Steller (AdV-Nutzungsartenkatalog 2009);ADVN09-2;Verkehr;8386;ha;FLC005A;Bodenfläche
33111;Flächenerhebung nach Art der tatsächlichen Nutzung;STAG;Stichtag;2019-12-31;KREISE;Kreise und kreisfreie Städte;06535;Vogelsbergkreis;ADV09B;Nutzungsarten 1-Steller (AdV-Nutzungsartenkatalog 2009);;Insgesamt;145891;ha;FLC005A;Bodenfläche
33111;Flächenerhebung nach Art der tatsächlichen Nutzung;STAG;Stichtag;2017-12-31;KREISE;Kreise und kreisfreie Städte;06532;Lahn-Dill-Kreis;ADV09B;Nutzungsarten 1-Steller (AdV-Nutzungsartenkatalog 2009);ADVN09-1;Siedlung;10260;ha;FLC005A;Bodenfläche
33111;Flächenerhebung nach Art der tatsächlichen Nutzung;STAG;Stichtag;2017-12-31;KREISE;Kreise und kreisfreie Städte;12064;Märkisch-Oderland, Landkreis;ADV09B;Nutzungsarten 1-Steller (AdV-Nutzungsartenkatalog 2009);;Insgesamt;215865;ha;FLC005A;Bodenfläche
33111;Flächenerhebung nach Art der tatsächlichen Nutzung;STAG;Stichtag;2017-12-31;KREISE;Kreise und kreisfreie Städte;06531;Gießen, Landkreis;ADV09B;Nutzungsarten 1-Steller (AdV-Nutzungsartenkatalog 2009);;Insgesamt;85456;ha;FLC005A;Bodenfläche
33111;Flächenerhebung nach Art der tatsächlichen Nutzung;STAG;Stichtag;2019-12-31;KREISE;Kreise und kreisfreie Städte;06633;Kassel, Landkreis;ADV09B;Nutzungsarten 1-Steller (AdV-Nutzungsartenkatalog 2009);;Insgesamt;129331;ha;FLC005A;Bodenfläche
33111;Flächenerhebung nach Art der tatsächlichen Nutzung;STAG;Stichtag;2020-12-31;KREISE;Kreise und kreisfreie Städte;12067;Oder-Spree, Landkreis;ADV09B;Nutzungsarten 1-Steller (AdV-Nutzungsartenkatalog 2009);ADVN09-2;Verkehr;7914;ha;FLC005A;Bodenfläche
33111;Flächenerhebung nach Art der tatsächlichen Nutzung;STAG;Stichtag;2020-12-31;KREISE;Kreise und kreisfreie Städte;12066;Oberspreewald-Lausitz, Landkreis;ADV09B;Nutzungsarten 1-Steller (AdV-Nutzungsartenkatalog 2009);ADVN09-1;Siedlung;18092;ha;FLC005A;Bodenfläche
33111;Flächenerhebung nach Art der tatsächlichen Nutzung;STAG;Stichtag;2021-12-31;KREISE;Kreise und kreisfreie Städte;06532;Lahn-Dill-Kreis;ADV09B;Nutzungsarten 1-Steller (AdV-Nutzungsartenkatalog 2009);;Insgesamt;106630;ha;FLC005A;Bodenfläche
33111;Flächenerhebung nach Art der tatsächlichen Nutzung;STAG;Stichtag;2022-12-31;KREISE;Kreise und kreisfreie Städte;06535;Vogelsbergkreis;ADV09B;Nutzungsarten 1-Steller (AdV-Nutzungsartenkatalog 2009);ADVN09-4;Gewässer;1461;ha;FLC005A;Bodenfläche
33111;Flächenerhebung nach Art der tatsächlichen Nutzung;STAG;Stichtag;2020-12-31;KREISE;Kreise und kreisfreie Städte;12063;Havelland, Landkreis;ADV09B;Nutzungsarten 1-Steller (AdV-Nutzungsartenkatalog 2009);ADVN09-4;Gewässer;5350;ha;FLC005A;Bodenfläche
33111;Flächenerhebung nach Art der tatsächlichen Nutzung;STAG;Stichtag;2020-12-31;KREISE;Kreise und kreisfreie Städte;12066;Oberspreewald-Lausitz, Landkreis;ADV09B;Nutzungsarten 1-Steller (AdV-Nutzungsartenkatalog 2009);ADVN09-3;Vegetation;93840;ha;FLC005A;Bodenfläche
33111;Flächenerhebung nach Art der tatsächlichen Nutzung;STAG;Stichtag;2017-12-31;KREISE;Kreise und kreisfreie Städte;12066;Oberspreewald-Lausitz, Landkreis;ADV09B;Nutzungsarten 1-Steller (AdV-Nutzungsartenkatalog 2009);ADVN09-1;Siedlung;18548;ha;FLC005A;Bodenfläche
33111;Flächenerhebung nach Art der tatsächlichen Nutzung;STAG;Stichtag;2016-12-31;KREISE;Kreise und kreisfreie Städte;12066;Oberspreewald-Lausitz, Landkreis;ADV09B;Nutzungsarten 1-Steller (AdV-Nutzungsartenkatalog 2009);ADVN09-4;Gewässer;4373;ha;FLC005A;Bodenfläche
33111;Flächenerhebung nach Art der tatsächlichen Nutzung;STAG;Stichtag;2019-12-31;KREISE;Kreise und kreisfreie Städte;06534;Marburg-Biedenkopf, Landkreis;ADV09B;Nutzungsarten 1-Steller (AdV-Nutzungsartenkatalog 2009);ADVN09-3;Vegetation;106741;ha;FLC005A;Bodenfläche
33111;Flächenerhebung nach Art der tatsächlichen Nutzung;STAG;Stichtag;2017-12-31;KREISE;Kreise und kreisfreie Städte;12065;Oberhavel, Landkreis;ADV09B;Nutzungsarten 1-Steller (AdV-Nutzungsartenkatalog 2009);ADVN09-2;Verkehr;6928;ha;FLC005A;Bodenfläche
33111;Flächenerhebung nach Art der tatsächlichen Nutzung;STAG;Stichtag;2022-12-31;KREISE;Kreise und kreisfreie Städte;06633;Kassel, Landkreis;ADV09B;Nutzungsarten 1-Steller (AdV-Nutzungsartenkatalog 2009);;Insgesamt;129331;ha;FLC005A;Bodenfläche
33111;Flächenerhebung nach Art der tatsächlichen Nutzung;STAG;Stichtag;2018-12-31;KREISE;Kreise und kreisfreie Städte;06535;Vogelsbergkreis;ADV09B;Nutzungsarten 1-Steller (AdV-Nutzungsartenkatalog 2009);ADVN09-2;Verkehr;8576;ha;FLC005A;Bodenfläche
33111;Flächenerhebung nach Art der tatsächlichen Nutzung;STAG;Stichtag;2020-12-31;KREISE;Kreise und kreisfreie Städte;12066;Oberspreewald-Lausitz, Landkreis;ADV09B;Nutzungsarten 1-Steller (AdV-Nutzungsartenkatalog 2009);;Insgesamt;122348;ha;FLC005A;Bodenfläche
33111;Flächenerhebung nach Art der tatsächlichen Nutzung;STAG;Stichtag;2018-12-31;KREISE;Kreise und kreisfreie Städte;06535;Vogelsbergkreis;ADV09B;Nutzungsarten 1-Steller (AdV-Nutzungsartenkatalog 2009);ADVN09-4;Gewässer;1503;ha;FLC005A;Bodenfläche
33111;Flächenerhebung nach Art der tatsächlichen Nutzung;STAG;Stichtag;2021-12-31;KREISE;Kreise und kreisfreie Städte;06532;Lahn-Dill-Kreis;ADV09B;Nutzungsarten 1-Steller (AdV-Nutzungsartenkatalog 2009);ADVN09-1;Siedlung;10374;ha;FLC005A;Bodenfläche
33111;Flächenerhebung nach Art der tatsächlichen Nutzung;STAG;Stichtag;2019-12-31;KREISE;Kreise und kreisfreie Städte;06633;Kassel, Landkreis;ADV09B;Nutzungsarten 1-Steller (AdV-Nutzungsartenkatalog 2009);ADVN09-2;Verkehr;7794;ha;FLC005A;Bodenfläche
33111;Flächenerhebung nach Art der tatsächlichen Nutzung;STAG;Stichtag;2017-12-31;KREISE;Kreise und kreisfreie Städte;06531;Gießen, Landkreis;ADV09B;Nutzungsarten 1-Steller (AdV-Nutzungsartenkatalog 2009);ADVN09-2;Verkehr;6491;ha;FLC005A;Bodenfläche
33111;Flächenerhebung nach Art der tatsächlichen Nutzung;STAG;Stichtag;2021-12-31;KREISE;Kreise und kreisfreie Städte;06532;Lahn-Dill-Kreis;ADV09B;Nutzungsarten 1-Steller (AdV-Nutzungsartenkatalog 2009);ADVN09-2;Verkehr;8008;ha;FLC005A;Bodenfläche
33111;Flächenerhebung nach Art der tatsächlichen Nutzung;STAG;Stichtag;2016-12-31;KREISE;Kreise und kreisfreie Städte;12066;Oberspreewald-Lausitz, Landkreis;ADV09B;Nutzungsarten 1-Steller (AdV-Nutzungsartenkatalog 2009);ADVN09-3;Vegetation;93721;ha;FLC005A;Bodenfläche
33111;Flächenerhebung nach Art der tatsächlichen Nutzung;STAG;Stichtag;2019-12-31;KREISE;Kreise und kreisfreie Städte;06535;Vogelsbergkreis;ADV09B;Nutzungsarten 1-Steller (AdV-Nutzungsartenkatalog 2009);ADVN09-2;Verkehr;8505;ha;FLC005A;Bodenfläche
33111;Flächenerhebung nach Art der tatsächlichen Nutzung;STAG;Stichtag;2017-12-31;KREISE;Kreise und kreisfreie Städte;06531;Gießen, Landkreis;ADV09B;Nutzungsarten 1-Steller (AdV-Nutzungsartenkatalog 2009);ADVN09-3;Vegetation;68496;ha;FLC005A;Bodenfläche
33111;Flächenerhebung nach Art der tatsächlichen Nutzung;STAG;Stichtag;2016-12-31;KREISE;Kreise und kreisfreie Städte;12066;Oberspreewald-Lausitz, Landkreis;ADV09B;Nutzungsarten 1-Steller (AdV-Nutzungsartenkatalog 2009);ADVN09-2;Verkehr;5553;ha;FLC005A;Bodenfläche
33111;Flächenerhebung nach Art der tatsächlichen Nutzung;STAG;Stichtag;2019-12-31;KREISE;Kreise und kreisfreie Städte;06535;Vogelsbergkreis;ADV09B;Nutzungsarten 1-Steller (AdV-Nutzungsartenkatalog 2009);ADVN09-1;Siedlung;6954;ha;FLC005A;Bodenfläche
33111;Flächenerhebung nach Art der tatsächlichen Nutzung;STAG;Stichtag;2018-12-31;KREISE;Kreise und kreisfreie Städte;06531;Gießen, Landkreis;ADV09B;Nutzungsarten 1-Steller (AdV-Nutzungsartenkatalog 2009);ADVN09-1;Siedlung;9375;ha;FLC005A;Bodenfläche
33111;Flächenerhebung nach Art der tatsächlichen Nutzung;STAG;Stichtag;2017-12-31;KREISE;Kreise und kreisfreie Städte;06531;Gießen, Landkreis;ADV09B;Nutzungsarten 1-Steller (AdV-Nutzungsartenkatalog 2009);ADVN09-4;Gewässer;1111;ha;FLC005A;Bodenfläche
33111;Flächenerhebung nach Art der tatsächlichen Nutzung;STAG;Stichtag;2018-12-31;KREISE;Kreise und kreisfreie Städte;06535;Vogelsbergkreis;ADV09B;Nutzungsarten 1-Steller (AdV-Nutzungsartenkatalog 2009);ADVN09-3;Vegetation;128917;ha;FLC005A;Bodenfläche
33111;Flächenerhebung nach Art der tatsächlichen Nutzung;STAG;Stichtag;2022-12-31;KREISE;Kreise und kreisfreie Städte;06535;Vogelsbergkreis;ADV09B;Nutzungsarten 1-Steller (AdV-Nutzungsartenkatalog 2009);;Insgesamt;145891;ha;FLC005A;Bodenfläche
33111;Flächenerhebung nach Art der tatsächlichen Nutzung;STAG;Stichtag;2016-12-31;KREISE;Kreise und kreisfreie Städte;12066;Oberspreewald-Lausitz, Landkreis;ADV09B;Nutzungsarten 1-Steller (AdV-Nutzungsartenkatalog 2009);ADVN09-1;Siedlung;18662;ha;FLC005A;Bodenfläche
33111;Flächenerhebung nach Art der tatsächlichen Nutzung;STAG;Stichtag;2018-12-31;KREISE;Kreise und kreisfreie Städte;06633;Kassel, Landkreis;ADV09B;Nutzungsarten 1-Steller (AdV-Nutzungsartenkatalog 2009);ADVN09-3;Vegetation;109542;ha;FLC005A;Bodenfläche
33111;Flächenerhebung nach Art der tatsächlichen Nutzung;STAG;Stichtag;2018-12-31;KREISE;Kreise und kreisfreie Städte;06633;Kassel, Landkreis;ADV09B;Nutzungsarten 1-Steller (AdV-Nutzungsartenkatalog 2009);ADVN09-4;Gewässer;1376;ha;FLC005A;Bodenfläche
33111;Flächenerhebung nach Art der tatsächlichen Nutzung;STAG;Stichtag;2017-12-31;KREISE;Kreise und kreisfreie Städte;06531;Gießen, Landkreis;ADV09B;Nutzungsarten 1-Steller (AdV-Nutzungsartenkatalog 2009);ADVN09-1;Siedlung;9358;ha;FLC005A;Bodenfläche
33111;Flächenerhebung nach Art der tatsächlichen Nutzung;STAG;Stichtag;2019-12-31;KREISE;Kreise und kreisfreie Städte;06534;Marburg-Biedenkopf, Landkreis;ADV09B;Nutzungsarten 1-Steller (AdV-Nutzungsartenkatalog 2009);;Insgesamt;126237;ha;FLC005A;Bodenfläche
33111;Flächenerhebung nach Art der tatsächlichen Nutzung;STAG;Stichtag;2019-12-31;KREISE;Kreise und kreisfreie Städte;06633;Kassel, Landkreis;ADV09B;Nutzungsarten 1-Steller (AdV-Nutzungsartenkatalog 2009);ADVN09-1;Siedlung;10806;ha;FLC005A;Bodenfläche
33111;Flächenerhebung nach Art der tatsächlichen Nutzung;STAG;Stichtag;2017-12-31;KREISE;Kreise und kreisfreie Städte;12065;Oberhavel, Landkreis;ADV09B;Nutzungsarten 1-Steller (AdV-Nutzungsartenkatalog 2009);;Insgesamt;180818;ha;FLC005A;Bodenfläche
33111;Flächenerhebung nach Art der tatsächlichen Nutzung;STAG;Stichtag;2018-12-31;KREISE;Kreise und kreisfreie Städte;06633;Kassel, Landkreis;ADV09B;Nutzungsarten 1-Steller (AdV-Nutzungsartenkatalog 2009);ADVN09-2;Verkehr;7739;ha;FLC005A;Bodenfläche
33111;Flächenerhebung nach Art der tatsächlichen Nutzung;STAG;Stichtag;2018-12-31;KREISE;Kreise und kreisfreie Städte;06531;Gießen, Landkreis;ADV09B;Nutzungsarten 1-Steller (AdV-Nutzungsartenkatalog 2009);;Insgesamt;85456;ha;FLC005A;Bodenfläche
33111;Flächenerhebung nach Art der tatsächlichen Nutzung;STAG;Stichtag;2020-12-31;KREISE;Kreise und kreisfreie Städte;12065;Oberhavel, Landkreis;ADV09B;Nutzungsarten 1-Steller (AdV-Nutzungsartenkatalog 2009);ADVN09-1;Siedlung;12328;ha;FLC005A;Bodenfläche
33111;Flächenerhebung nach Art der tatsächlichen Nutzung;STAG;Stichtag;2022-12-31;KREISE;Kreise und kreisfreie Städte;06533;Limburg-Weilburg, Landkreis;ADV09B;Nutzungsarten 1-Steller (AdV-Nutzungsartenkatalog 2009);ADVN09-3;Vegetation;59746;ha;FLC005A;Bodenfläche
33111;Flächenerhebung nach Art der tatsächlichen Nutzung;STAG;Stichtag;2020-12-31;KREISE;Kreise und kreisfreie Städte;12064;Märkisch-Oderland, Landkreis;ADV09B;Nutzungsarten 1-Steller (AdV-Nutzungsartenkatalog 2009);ADVN09-2;Verkehr;7713;ha;FLC005A;Bodenfläche
33111;Flächenerhebung nach Art der tatsächlichen Nutzung;STAG;Stichtag;2017-12-31;KREISE;Kreise und kreisfreie Städte;12067;Oder-Spree, Landkreis;ADV09B;Nutzungsarten 1-Steller (AdV-Nutzungsartenkatalog 2009);ADVN09-1;Siedlung;14162;ha;FLC005A;Bodenfläche
33111;Flächenerhebung nach Art der tatsächlichen Nutzung;STAG;Stichtag;2017-12-31;KREISE;Kreise und kreisfreie Städte;12066;Oberspreewald-Lausitz, Landkreis;ADV09B;Nutzungsarten 1-Steller (AdV-Nutzungsartenkatalog 2009);ADVN09-2;Verkehr;5556;ha;FLC005A;Bodenfläche
33111;Flächenerhebung nach Art der tatsächlichen Nutzung;STAG;Stichtag;2022-12-31;KREISE;Kreise und kreisfreie Städte;06532;Lahn-Dill-Kreis;ADV09B;Nutzungsarten 1-Steller (AdV-Nutzungsartenkatalog 2009);ADVN09-4;Gewässer;1249;ha;FLC005A;Bodenfläche
33111;Flächenerhebung nach Art der tatsächlichen Nutzung;STAG;Stichtag;2020-12-31;KREISE;Kreise und kreisfreie Städte;12063;Havelland, Landkreis;ADV09B;Nutzungsarten 1-Steller (AdV-Nutzungsartenkatalog 2009);ADVN09-3;Vegetation;148604;ha;FLC005A;Bodenfläche
33111;Flächenerhebung nach Art der tatsächlichen Nutzung;STAG;Stichtag;2020-12-31;KREISE;Kreise und kreisfreie Städte;12066;Oberspreewald-Lausitz, Landkreis;ADV09B;Nutzungsarten 1-Steller (AdV-Nutzungsartenkatalog 2009);ADVN09-4;Gewässer;4913;ha;FLC005A;Bodenfläche
33111;Flächenerhebung nach Art der tatsächlichen Nutzung;STAG;Stichtag;2019-12-31;KREISE;Kreise und kreisfreie Städte;06535;Vogelsbergkreis;ADV09B;Nutzungsarten 1-Steller (AdV-Nutzungsartenkatalog 2009);ADVN09-3;Vegetation;128969;ha;FLC005A;Bodenfläche
33111;Flächenerhebung nach Art der tatsächlichen Nutzung;STAG;Stichtag;2019-12-31;KREISE;Kreise und kreisfreie Städte;06439;Rheingau-Taunus-Kreis;ADV09B;Nutzungsarten 1-Steller (AdV-Nutzungsartenkatalog 2009);ADVN09-1;Siedlung;5563;ha;FLC005A;Bodenfläche
33111;Flächenerhebung nach Art der tatsächlichen Nutzung;STAG;Stichtag;2016-12-31;KREISE;Kreise und kreisfreie Städte;12063;Havelland, Landkreis;ADV09B;Nutzungsarten 1-Steller (AdV-Nutzungsartenkatalog 2009);ADVN09-4;Gewässer;5356;ha;FLC005A;Bodenfläche
33111;Flächenerhebung nach Art der tatsächlichen Nutzung;STAG;Stichtag;2021-12-31;KREISE;Kreise und kreisfreie Städte;12067;Oder-Spree, Landkreis;ADV09B;Nutzungsarten 1-Steller (AdV-Nutzungsartenkatalog 2009);ADVN09-4;Gewässer;8414;ha;FLC005A;Bodenfläche
33111;Flächenerhebung nach Art der tatsächlichen Nutzung;STAG;Stichtag;2018-12-31;KREISE;Kreise und kreisfreie Städte;06534;Marburg-Biedenkopf, Landkreis;ADV09B;Nutzungsarten 1-Steller (AdV-Nutzungsartenkatalog 2009);ADVN09-2;Verkehr;8094;ha;FLC005A;Bodenfläche
33111;Flächenerhebung nach Art der tatsächlichen Nutzung;STAG;Stichtag;2018-12-31;KREISE;Kreise und kreisfreie Städte;06534;Marburg-Biedenkopf, Landkreis;ADV09B;Nutzungsarten 1-Steller (AdV-Nutzungsartenkatalog 2009);ADVN09-3;Vegetation;106815;ha;FLC005A;Bodenfläche
33111;Flächenerhebung nach Art der tatsächlichen Nutzung;STAG;Stichtag;2022-12-31;KREISE;Kreise und kreisfreie Städte;06633;Kassel, Landkreis;ADV09B;Nutzungsarten 1-Steller (AdV-Nutzungsartenkatalog 2009);ADVN09-1;Siedlung;10918;ha;FLC005A;Bodenfläche
33111;Flächenerhebung nach Art der tatsächlichen Nutzung;STAG;Stichtag;2020-12-31;KREISE;Kreise und kreisfreie Städte;12065;Oberhavel, Landkreis;ADV09B;Nutzungsarten 1-Steller (AdV-Nutzungsartenkatalog 2009);;Insgesamt;180818;ha;FLC005A;Bodenfläche
33111;Flächenerhebung nach Art der tatsächlichen Nutzung;STAG;Stichtag;2019-12-31;KREISE;Kreise und kreisfreie Städte;06636;Werra-Meißner-Kreis;ADV09B;Nutzungsarten 1-Steller (AdV-Nutzungsartenkatalog 2009);ADVN09-4;Gewässer;1408;ha;FLC005A;Bodenfläche
33111;Flächenerhebung nach Art der tatsächlichen Nutzung;STAG;Stichtag;2019-12-31;KREISE;Kreise und kreisfreie Städte;06636;Werra-Meißner-Kreis;ADV09B;Nutzungsarten 1-Steller (AdV-Nutzungsartenkatalog 2009);ADVN09-3;Vegetation;89068;ha;FLC005A;Bodenfläche
33111;Flächenerhebung nach Art der tatsächlichen Nutzung;STAG;Stichtag;2016-12-31;KREISE;Kreise und kreisfreie Städte;12063;Havelland, Landkreis;ADV09B;Nutzungsarten 1-Steller (AdV-Nutzungsartenkatalog 2009);ADVN09-3;Vegetation;149442;ha;FLC005A;Bodenfläche
33111;Flächenerhebung nach Art der tatsächlichen Nutzung;STAG;Stichtag;2022-12-31;KREISE;Kreise und kreisfreie Städte;06633;Kassel, Landkreis;ADV09B;Nutzungsarten 1-Steller (AdV-Nutzungsartenkatalog 2009);ADVN09-4;Gewässer;1364;ha;FLC005A;Bodenfläche
33111;Flächenerhebung nach Art der tatsächlichen Nutzung;STAG;Stichtag;2018-12-31;KREISE;Kreise und kreisfreie Städte;06532;Lahn-Dill-Kreis;ADV09B;Nutzungsarten 1-Steller (AdV-Nutzungsartenkatalog 2009);ADVN09-4;Gewässer;1253;ha;FLC005A;Bodenfläche
33111;Flächenerhebung nach Art der tatsächlichen Nutzung;STAG;Stichtag;2021-12-31;KREISE;Kreise und kreisfreie Städte;06531;Gießen, Landkreis;ADV09B;Nutzungsarten 1-Steller (AdV-Nutzungsartenkatalog 2009);ADVN09-4;Gewässer;1127;ha;FLC005A;Bodenfläche
33111;Flächenerhebung nach Art der tatsächlichen Nutzung;STAG;Stichtag;2021-12-31;KREISE;Kreise und kreisfreie Städte;06531;Gießen, Landkreis;ADV09B;Nutzungsarten 1-Steller (AdV-Nutzungsartenkatalog 2009);ADVN09-3;Vegetation;68427;ha;FLC005A;Bodenfläche
33111;Flächenerhebung nach Art der tatsächlichen Nutzung;STAG;Stichtag;2016-12-31;KREISE;Kreise und kreisfreie Städte;12065;Oberhavel, Landkreis;ADV09B;Nutzungsarten 1-Steller (AdV-Nutzungsartenkatalog 2009);ADVN09-2;Verkehr;6960;ha;FLC005A;Bodenfläche
33111;Flächenerhebung nach Art der tatsächlichen Nutzung;STAG;Stichtag;2016-12-31;KREISE;Kreise und kreisfreie Städte;12065;Oberhavel, Landkreis;ADV09B;Nutzungsarten 1-Steller (AdV-Nutzungsartenkatalog 2009);ADVN09-1;Siedlung;12503;ha;FLC005A;Bodenfläche
33111;Flächenerhebung nach Art der tatsächlichen Nutzung;STAG;Stichtag;2018-12-31;KREISE;Kreise und kreisfreie Städte;06532;Lahn-Dill-Kreis;ADV09B;Nutzungsarten 1-Steller (AdV-Nutzungsartenkatalog 2009);ADVN09-1;Siedlung;10310;ha;FLC005A;Bodenfläche
33111;Flächenerhebung nach Art der tatsächlichen Nutzung;STAG;Stichtag;2022-12-31;KREISE;Kreise und kreisfreie Städte;06533;Limburg-Weilburg, Landkreis;ADV09B;Nutzungsarten 1-Steller (AdV-Nutzungsartenkatalog 2009);ADVN09-2;Verkehr;5765;ha;FLC005A;Bodenfläche
33111;Flächenerhebung nach Art der tatsächlichen Nutzung;STAG;Stichtag;2022-12-31;KREISE;Kreise und kreisfreie Städte;06534;Marburg-Biedenkopf, Landkreis;ADV09B;Nutzungsarten 1-Steller (AdV-Nutzungsartenkatalog 2009);;Insgesamt;126237;ha;FLC005A;Bodenfläche
33111;Flächenerhebung nach Art der tatsächlichen Nutzung;STAG;Stichtag;2022-12-31;KREISE;Kreise und kreisfreie Städte;06535;Vogelsbergkreis;ADV09B;Nutzungsarten 1-Steller (AdV-Nutzungsartenkatalog 2009);ADVN09-1;Siedlung;7144;ha;FLC005A;Bodenfläche
33111;Flächenerhebung nach Art der tatsächlichen Nutzung;STAG;Stichtag;2017-12-31;KREISE;Kreise und kreisfreie Städte;12066;Oberspreewald-Lausitz, Landkreis;ADV09B;Nutzungsarten 1-Steller (AdV-Nutzungsartenkatalog 2009);;Insgesamt;122307;ha;FLC005A;Bodenfläche
33111;Flächenerhebung nach Art der tatsächlichen Nutzung;STAG;Stichtag;2019-12-31;KREISE;Kreise und kreisfreie Städte;06439;Rheingau-Taunus-Kreis;ADV09B;Nutzungsarten 1-Steller (AdV-Nutzungsartenkatalog 2009);;Insgesamt;81141;ha;FLC005A;Bodenfläche
33111;Flächenerhebung nach Art der tatsächlichen Nutzung;STAG;Stichtag;2019-12-31;KREISE;Kreise und kreisfreie Städte;06439;Rheingau-Taunus-Kreis;ADV09B;Nutzungsarten 1-Steller (AdV-Nutzungsartenkatalog 2009);ADVN09-4;Gewässer;1501;ha;FLC005A;Bodenfläche
33111;Flächenerhebung nach Art der tatsächlichen Nutzung;STAG;Stichtag;2018-12-31;KREISE;Kreise und kreisfreie Städte;06532;Lahn-Dill-Kreis;ADV09B;Nutzungsarten 1-Steller (AdV-Nutzungsartenkatalog 2009);;Insgesamt;106630;ha;FLC005A;Bodenfläche
33111;Flächenerhebung nach Art der tatsächlichen Nutzung;STAG;Stichtag;2022-12-31;KREISE;Kreise und kreisfreie Städte;06533;Limburg-Weilburg, Landkreis;ADV09B;Nutzungsarten 1-Steller (AdV-Nutzungsartenkatalog 2009);ADVN09-4;Gewässer;856;ha;FLC005A;Bodenfläche
33111;Flächenerhebung nach Art der tatsächlichen Nutzung;STAG;Stichtag;2022-12-31;KREISE;Kreise und kreisfreie Städte;06534;Marburg-Biedenkopf, Landkreis;ADV09B;Nutzungsarten 1-Steller (AdV-Nutzungsartenkatalog 2009);ADVN09-3;Vegetation;106857;ha;FLC005A;Bodenfläche
33111;Flächenerhebung nach Art der tatsächlichen Nutzung;STAG;Stichtag;2020-12-31;KREISE;Kreise und kreisfreie Städte;12064;Märkisch-Oderland, Landkreis;ADV09B;Nutzungsarten 1-Steller (AdV-Nutzungsartenkatalog 2009);ADVN09-1;Siedlung;17174;ha;FLC005A;Bodenfläche
33111;Flächenerhebung nach Art der tatsächlichen Nutzung;STAG;Stichtag;2020-12-31;KREISE;Kreise und kreisfreie Städte;12065;Oberhavel, Landkreis;ADV09B;Nutzungsarten 1-Steller (AdV-Nutzungsartenkatalog 2009);ADVN09-2;Verkehr;6864;ha;FLC005A;Bodenfläche
33111;Flächenerhebung nach Art der tatsächlichen Nutzung;STAG;Stichtag;2020-12-31;KREISE;Kreise und kreisfreie Städte;12065;Oberhavel, Landkreis;ADV09B;Nutzungsarten 1-Steller (AdV-Nutzungsartenkatalog 2009);ADVN09-4;Gewässer;6643;ha;FLC005A;Bodenfläche
33111;Flächenerhebung nach Art der tatsächlichen Nutzung;STAG;Stichtag;2017-12-31;KREISE;Kreise und kreisfreie Städte;12067;Oder-Spree, Landkreis;ADV09B;Nutzungsarten 1-Steller (AdV-Nutzungsartenkatalog 2009);ADVN09-2;Verkehr;8005;ha;FLC005A;Bodenfläche
33111;Flächenerhebung nach Art der tatsächlichen Nutzung;STAG;Stichtag;2020-12-31;KREISE;Kreise und kreisfreie Städte;12064;Märkisch-Oderland, Landkreis;ADV09B;Nutzungsarten 1-Steller (AdV-Nutzungsartenkatalog 2009);ADVN09-3;Vegetation;185198;ha;FLC005A;Bodenfläche
33111;Flächenerhebung nach Art der tatsächlichen Nutzung;STAG;Stichtag;2019-12-31;KREISE;Kreise und kreisfreie Städte;06439;Rheingau-Taunus-Kreis;ADV09B;Nutzungsarten 1-Steller (AdV-Nutzungsartenkatalog 2009);ADVN09-2;Verkehr;5359;ha;FLC005A;Bodenfläche
33111;Flächenerhebung nach Art der tatsächlichen Nutzung;STAG;Stichtag;2016-12-31;KREISE;Kreise und kreisfreie Städte;12064;Märkisch-Oderland, Landkreis;ADV09B;Nutzungsarten 1-Steller (AdV-Nutzungsartenkatalog 2009);ADVN09-4;Gewässer;5769;ha;FLC005A;Bodenfläche
33111;Flächenerhebung nach Art der tatsächlichen Nutzung;STAG;Stichtag;2017-12-31;KREISE;Kreise und kreisfreie Städte;12067;Oder-Spree, Landkreis;ADV09B;Nutzungsarten 1-Steller (AdV-Nutzungsartenkatalog 2009);ADVN09-4;Gewässer;8429;ha;FLC005A;Bodenfläche
33111;Flächenerhebung nach Art der tatsächlichen Nutzung;STAG;Stichtag;2018-12-31;KREISE;Kreise und kreisfreie Städte;06533;Limburg-Weilburg, Landkreis;ADV09B;Nutzungsarten 1-Steller (AdV-Nutzungsartenkatalog 2009);ADVN09-3;Vegetation;59751;ha;FLC005A;Bodenfläche
33111;Flächenerhebung nach Art der tatsächlichen Nutzung;STAG;Stichtag;2018-12-31;KREISE;Kreise und kreisfreie Städte;06533;Limburg-Weilburg, Landkreis;ADV09B;Nutzungsarten 1-Steller (AdV-Nutzungsartenkatalog 2009);ADVN09-1;Siedlung;7437;ha;FLC005A;Bodenfläche
33111;Flächenerhebung nach Art der tatsächlichen Nutzung;STAG;Stichtag;2016-12-31;KREISE;Kreise und kreisfreie Städte;12064;Märkisch-Oderland, Landkreis;ADV09B;Nutzungsarten 1-Steller (AdV-Nutzungsartenkatalog 2009);ADVN09-2;Verkehr;7752;ha;FLC005A;Bodenfläche
33111;Flächenerhebung nach Art der tatsächlichen Nutzung;STAG;Stichtag;2020-12-31;KREISE;Kreise und kreisfreie Städte;12064;Märkisch-Oderland, Landkreis;ADV09B;Nutzungsarten 1-Steller (AdV-Nutzungsartenkatalog 2009);;Insgesamt;215865;ha;FLC005A;Bodenfläche
33111;Flächenerhebung nach Art der tatsächlichen Nutzung;STAG;Stichtag;2018-12-31;KREISE;Kreise und kreisfreie Städte;06533;Limburg-Weilburg, Landkreis;ADV09B;Nutzungsarten 1-Steller (AdV-Nutzungsartenkatalog 2009);ADVN09-4;Gewässer;865;ha;FLC005A;Bodenfläche
33111;Flächenerhebung nach Art der tatsächlichen Nutzung;STAG;Stichtag;2016-12-31;KREISE;Kreise und kreisfreie Städte;12064;Märkisch-Oderland, Landkreis;ADV09B;Nutzungsarten 1-Steller (AdV-Nutzungsartenkatalog 2009);ADVN09-3;Vegetation;185333;ha;FLC005A;Bodenfläche
33111;Flächenerhebung nach Art der tatsächlichen Nutzung;STAG;Stichtag;2022-12-31;KREISE;Kreise und kreisfreie Städte;06533;Limburg-Weilburg, Landkreis;ADV09B;Nutzungsarten 1-Steller (AdV-Nutzungsartenkatalog 2009);;Insgesamt;73844;ha;FLC005A;Bodenfläche
33111;Flächenerhebung nach Art der tatsächlichen Nutzung;STAG;Stichtag;2016-12-31;KREISE;Kreise und kreisfreie Städte;12064;Märkisch-Oderland, Landkreis;ADV09B;Nutzungsarten 1-Steller (AdV-Nutzungsartenkatalog 2009);ADVN09-1;Siedlung;17012;ha;FLC005A;Bodenfläche
33111;Flächenerhebung nach Art der tatsächlichen Nutzung;STAG;Stichtag;2022-12-31;KREISE;Kreise und kreisfreie Städte;06534;Marburg-Biedenkopf, Landkreis;ADV09B;Nutzungsarten 1-Steller (AdV-Nutzungsartenkatalog 2009);ADVN09-2;Verkehr;7952;ha;FLC005A;Bodenfläche
33111;Flächenerhebung nach Art der tatsächlichen Nutzung;STAG;Stichtag;2018-12-31;KREISE;Kreise und kreisfreie Städte;06533;Limburg-Weilburg, Landkreis;ADV09B;Nutzungsarten 1-Steller (AdV-Nutzungsartenkatalog 2009);ADVN09-2;Verkehr;5791;ha;FLC005A;Bodenfläche
33111;Flächenerhebung nach Art der tatsächlichen Nutzung;STAG;Stichtag;2022-12-31;KREISE;Kreise und kreisfreie Städte;06534;Marburg-Biedenkopf, Landkreis;ADV09B;Nutzungsarten 1-Steller (AdV-Nutzungsartenkatalog 2009);ADVN09-1;Siedlung;10107;ha;FLC005A;Bodenfläche
33111;Flächenerhebung nach Art der tatsächlichen Nutzung;STAG;Stichtag;2016-12-31;KREISE;Kreise und kreisfreie Städte;12063;Havelland, Landkreis;ADV09B;Nutzungsarten 1-Steller (AdV-Nutzungsartenkatalog 2009);;Insgesamt;172730;ha;FLC005A;Bodenfläche
33111;Flächenerhebung nach Art der tatsächlichen Nutzung;STAG;Stichtag;2017-12-31;KREISE;Kreise und kreisfreie Städte;12067;Oder-Spree, Landkreis;ADV09B;Nutzungsarten 1-Steller (AdV-Nutzungsartenkatalog 2009);;Insgesamt;225675;ha;FLC005A;Bodenfläche
33111;Flächenerhebung nach Art der tatsächlichen Nutzung;STAG;Stichtag;2016-12-31;KREISE;Kreise und kreisfreie Städte;06531;Gießen, Landkreis;ADV09B;Nutzungsarten 1-Steller (AdV-Nutzungsartenkatalog 2009);;Insgesamt;85456;ha;FLC005A;Bodenfläche
33111;Flächenerhebung nach Art der tatsächlichen Nutzung;STAG;Stichtag;2021-12-31;KREISE;Kreise und kreisfreie Städte;12067;Oder-Spree, Landkreis;ADV09B;Nutzungsarten 1-Steller (AdV-Nutzungsartenkatalog 2009);ADVN09-2;Verkehr;7822;ha;FLC005A;Bodenfläche
33111;Flächenerhebung nach Art der tatsächlichen Nutzung;STAG;Stichtag;2021-12-31;KREISE;Kreise und kreisfreie Städte;06633;Kassel, Landkreis;ADV09B;Nutzungsarten 1-Steller (AdV-Nutzungsartenkatalog 2009);;Insgesamt;129331;ha;FLC005A;Bodenfläche
33111;Flächenerhebung nach Art der tatsächlichen Nutzung;STAG;Stichtag;2022-12-31;KREISE;Kreise und kreisfreie Städte;12063;Havelland, Landkreis;ADV09B;Nutzungsarten 1-Steller (AdV-Nutzungsartenkatalog 2009);ADVN09-3;Vegetation;148538;ha;FLC005A;Bodenfläche
33111;Flächenerhebung nach Art der tatsächlichen Nutzung;STAG;Stichtag;2016-12-31;KREISE;Kreise und kreisfreie Städte;06636;Werra-Meißner-Kreis;ADV09B;Nutzungsarten 1-Steller (AdV-Nutzungsartenkatalog 2009);ADVN09-2;Verkehr;6250;ha;FLC005A;Bodenfläche
33111;Flächenerhebung nach Art der tatsächlichen Nutzung;STAG;Stichtag;2021-12-31;KREISE;Kreise und kreisfreie Städte;06535;Vogelsbergkreis;ADV09B;Nutzungsarten 1-Steller (AdV-Nutzungsartenkatalog 2009);;Insgesamt;145891;ha;FLC005A;Bodenfläche
33111;Flächenerhebung nach Art der tatsächlichen Nutzung;STAG;Stichtag;2018-12-31;KREISE;Kreise und kreisfreie Städte;12064;Märkisch-Oderland, Landkreis;ADV09B;Nutzungsarten 1-Steller (AdV-Nutzungsartenkatalog 2009);ADVN09-3;Vegetation;185371;ha;FLC005A;Bodenfläche
33111;Flächenerhebung nach Art der tatsächlichen Nutzung;STAG;Stichtag;2021-12-31;KREISE;Kreise und kreisfreie Städte;12065;Oberhavel, Landkreis;ADV09B;Nutzungsarten 1-Steller (AdV-Nutzungsartenkatalog 2009);ADVN09-4;Gewässer;6597;ha;FLC005A;Bodenfläche
33111;Flächenerhebung nach Art der tatsächlichen Nutzung;STAG;Stichtag;2017-12-31;KREISE;Kreise und kreisfreie Städte;12066;Oberspreewald-Lausitz, Landkreis;ADV09B;Nutzungsarten 1-Steller (AdV-Nutzungsartenkatalog 2009);ADVN09-4;Gewässer;4394;ha;FLC005A;Bodenfläche
33111;Flächenerhebung nach Art der tatsächlichen Nutzung;STAG;Stichtag;2022-12-31;KREISE;Kreise und kreisfreie Städte;12065;Oberhavel, Landkreis;ADV09B;Nutzungsarten 1-Steller (AdV-Nutzungsartenkatalog 2009);ADVN09-1;Siedlung;12827;ha;FLC005A;Bodenfläche
33111;Flächenerhebung nach Art der tatsächlichen Nutzung;STAG;Stichtag;2018-12-31;KREISE;Kreise und kreisfreie Städte;12066;Oberspreewald-Lausitz, Landkreis;ADV09B;Nutzungsarten 1-Steller (AdV-Nutzungsartenkatalog 2009);ADVN09-1;Siedlung;17504;ha;FLC005A;Bodenfläche
33111;Flächenerhebung nach Art der tatsächlichen Nutzung;STAG;Stichtag;2018-12-31;KREISE;Kreise und kreisfreie Städte;12066;Oberspreewald-Lausitz, Landkreis;ADV09B;Nutzungsarten 1-Steller (AdV-Nutzungsartenkatalog 2009);;Insgesamt;122348;ha;FLC005A;Bodenfläche
33111;Flächenerhebung nach Art der tatsächlichen Nutzung;STAG;Stichtag;2017-12-31;KREISE;Kreise und kreisfreie Städte;06534;Marburg-Biedenkopf, Landkreis;ADV09B;Nutzungsarten 1-Steller (AdV-Nutzungsartenkatalog 2009);ADVN09-3;Vegetation;106858;ha;FLC005A;Bodenfläche
33111;Flächenerhebung nach Art der tatsächlichen Nutzung;STAG;Stichtag;2019-12-31;KREISE;Kreise und kreisfreie Städte;06636;Werra-Meißner-Kreis;ADV09B;Nutzungsarten 1-Steller (AdV-Nutzungsartenkatalog 2009);ADVN09-2;Verkehr;6272;ha;FLC005A;Bodenfläche
33111;Flächenerhebung nach Art der tatsächlichen Nutzung;STAG;Stichtag;2016-12-31;KREISE;Kreise und kreisfreie Städte;12063;Havelland, Landkreis;ADV09B;Nutzungsarten 1-Steller (AdV-Nutzungsartenkatalog 2009);ADVN09-2;Verkehr;6862;ha;FLC005A;Bodenfläche
33111;Flächenerhebung nach Art der tatsächlichen Nutzung;STAG;Stichtag;2017-12-31;KREISE;Kreise und kreisfreie Städte;06439;Rheingau-Taunus-Kreis;ADV09B;Nutzungsarten 1-Steller (AdV-Nutzungsartenkatalog 2009);;Insgesamt;81141;ha;FLC005A;Bodenfläche
33111;Flächenerhebung nach Art der tatsächlichen Nutzung;STAG;Stichtag;2021-12-31;KREISE;Kreise und kreisfreie Städte;06633;Kassel, Landkreis;ADV09B;Nutzungsarten 1-Steller (AdV-Nutzungsartenkatalog 2009);ADVN09-1;Siedlung;10914;ha;FLC005A;Bodenfläche
33111;Flächenerhebung nach Art der tatsächlichen Nutzung;STAG;Stichtag;2021-12-31;KREISE;Kreise und kreisfreie Städte;06533;Limburg-Weilburg, Landkreis;ADV09B;Nutzungsarten 1-Steller (AdV-Nutzungsartenkatalog 2009);ADVN09-3;Vegetation;59683;ha;FLC005A;Bodenfläche
33111;Flächenerhebung nach Art der tatsächlichen Nutzung;STAG;Stichtag;2022-12-31;KREISE;Kreise und kreisfreie Städte;06531;Gießen, Landkreis;ADV09B;Nutzungsarten 1-Steller (AdV-Nutzungsartenkatalog 2009);ADVN09-2;Verkehr;6217;ha;FLC005A;Bodenfläche
33111;Flächenerhebung nach Art der tatsächlichen Nutzung;STAG;Stichtag;2018-12-31;KREISE;Kreise und kreisfreie Städte;06532;Lahn-Dill-Kreis;ADV09B;Nutzungsarten 1-Steller (AdV-Nutzungsartenkatalog 2009);ADVN09-2;Verkehr;8021;ha;FLC005A;Bodenfläche
33111;Flächenerhebung nach Art der tatsächlichen Nutzung;STAG;Stichtag;2019-12-31;KREISE;Kreise und kreisfreie Städte;06531;Gießen, Landkreis;ADV09B;Nutzungsarten 1-Steller (AdV-Nutzungsartenkatalog 2009);;Insgesamt;85456;ha;FLC005A;Bodenfläche
33111;Flächenerhebung nach Art der tatsächlichen Nutzung;STAG;Stichtag;2020-12-31;KREISE;Kreise und kreisfreie Städte;06439;Rheingau-Taunus-Kreis;ADV09B;Nutzungsarten 1-Steller (AdV-Nutzungsartenkatalog 2009);ADVN09-2;Verkehr;5359;ha;FLC005A;Bodenfläche
33111;Flächenerhebung nach Art der tatsächlichen Nutzung;STAG;Stichtag;2020-12-31;KREISE;Kreise und kreisfreie Städte;06633;Kassel, Landkreis;ADV09B;Nutzungsarten 1-Steller (AdV-Nutzungsartenkatalog 2009);ADVN09-4;Gewässer;1376;ha;FLC005A;Bodenfläche
33111;Flächenerhebung nach Art der tatsächlichen Nutzung;STAG;Stichtag;2020-12-31;KREISE;Kreise und kreisfreie Städte;06535;Vogelsbergkreis;ADV09B;Nutzungsarten 1-Steller (AdV-Nutzungsartenkatalog 2009);ADVN09-4;Gewässer;1465;ha;FLC005A;Bodenfläche
33111;Flächenerhebung nach Art der tatsächlichen Nutzung;STAG;Stichtag;2021-12-31;KREISE;Kreise und kreisfreie Städte;06535;Vogelsbergkreis;ADV09B;Nutzungsarten 1-Steller (AdV-Nutzungsartenkatalog 2009);ADVN09-1;Siedlung;7115;ha;FLC005A;Bodenfläche
33111;Flächenerhebung nach Art der tatsächlichen Nutzung;STAG;Stichtag;2022-12-31;KREISE;Kreise und kreisfreie Städte;12065;Oberhavel, Landkreis;ADV09B;Nutzungsarten 1-Steller (AdV-Nutzungsartenkatalog 2009);;Insgesamt;180819;ha;FLC005A;Bodenfläche
33111;Flächenerhebung nach Art der tatsächlichen Nutzung;STAG;Stichtag;2016-12-31;KREISE;Kreise und kreisfreie Städte;06532;Lahn-Dill-Kreis;ADV09B;Nutzungsarten 1-Steller (AdV-Nutzungsartenkatalog 2009);ADVN09-1;Siedlung;10209;ha;FLC005A;Bodenfläche
33111;Flächenerhebung nach Art der tatsächlichen Nutzung;STAG;Stichtag;2020-12-31;KREISE;Kreise und kreisfreie Städte;06531;Gießen, Landkreis;ADV09B;Nutzungsarten 1-Steller (AdV-Nutzungsartenkatalog 2009);ADVN09-1;Siedlung;9396;ha;FLC005A;Bodenfläche
33111;Flächenerhebung nach Art der tatsächlichen Nutzung;STAG;Stichtag;2017-12-31;KREISE;Kreise und kreisfreie Städte;06535;Vogelsbergkreis;ADV09B;Nutzungsarten 1-Steller (AdV-Nutzungsartenkatalog 2009);;Insgesamt;145891;ha;FLC005A;Bodenfläche
33111;Flächenerhebung nach Art der tatsächlichen Nutzung;STAG;Stichtag;2018-12-31;KREISE;Kreise und kreisfreie Städte;12065;Oberhavel, Landkreis;ADV09B;Nutzungsarten 1-Steller (AdV-Nutzungsartenkatalog 2009);ADVN09-1;Siedlung;12217;ha;FLC005A;Bodenfläche
33111;Flächenerhebung nach Art der tatsächlichen Nutzung;STAG;Stichtag;2020-12-31;KREISE;Kreise und kreisfreie Städte;12063;Havelland, Landkreis;ADV09B;Nutzungsarten 1-Steller (AdV-Nutzungsartenkatalog 2009);ADVN09-2;Verkehr;6814;ha;FLC005A;Bodenfläche
33111;Flächenerhebung nach Art der tatsächlichen Nutzung;STAG;Stichtag;2018-12-31;KREISE;Kreise und kreisfreie Städte;12065;Oberhavel, Landkreis;ADV09B;Nutzungsarten 1-Steller (AdV-Nutzungsartenkatalog 2009);ADVN09-3;Vegetation;154997;ha;FLC005A;Bodenfläche
33111;Flächenerhebung nach Art der tatsächlichen Nutzung;STAG;Stichtag;2022-12-31;KREISE;Kreise und kreisfreie Städte;06531;Gießen, Landkreis;ADV09B;Nutzungsarten 1-Steller (AdV-Nutzungsartenkatalog 2009);ADVN09-4;Gewässer;1101;ha;FLC005A;Bodenfläche
33111;Flächenerhebung nach Art der tatsächlichen Nutzung;STAG;Stichtag;2017-12-31;KREISE;Kreise und kreisfreie Städte;06633;Kassel, Landkreis;ADV09B;Nutzungsarten 1-Steller (AdV-Nutzungsartenkatalog 2009);;Insgesamt;129335;ha;FLC005A;Bodenfläche
33111;Flächenerhebung nach Art der tatsächlichen Nutzung;STAG;Stichtag;2021-12-31;KREISE;Kreise und kreisfreie Städte;12066;Oberspreewald-Lausitz, Landkreis;ADV09B;Nutzungsarten 1-Steller (AdV-Nutzungsartenkatalog 2009);ADVN09-2;Verkehr;5298;ha;FLC005A;Bodenfläche
33111;Flächenerhebung nach Art der tatsächlichen Nutzung;STAG;Stichtag;2019-12-31;KREISE;Kreise und kreisfreie Städte;06535;Vogelsbergkreis;ADV09B;Nutzungsarten 1-Steller (AdV-Nutzungsartenkatalog 2009);ADVN09-4;Gewässer;1463;ha;FLC005A;Bodenfläche
33111;Flächenerhebung nach Art der tatsächlichen Nutzung;STAG;Stichtag;2020-12-31;KREISE;Kreise und kreisfreie Städte;06531;Gießen, Landkreis;ADV09B;Nutzungsarten 1-Steller (AdV-Nutzungsartenkatalog 2009);;Insgesamt;85456;ha;FLC005A;Bodenfläche
33111;Flächenerhebung nach Art der tatsächlichen Nutzung;STAG;Stichtag;2021-12-31;KREISE;Kreise und kreisfreie Städte;12066;Oberspreewald-Lausitz, Landkreis;ADV09B;Nutzungsarten 1-Steller (AdV-Nutzungsartenkatalog 2009);ADVN09-4;Gewässer;4887;ha;FLC005A;Bodenfläche
33111;Flächenerhebung nach Art der tatsächlichen Nutzung;STAG;Stichtag;2017-12-31;KREISE;Kreise und kreisfreie Städte;12065;Oberhavel, Landkreis;ADV09B;Nutzungsarten 1-Steller (AdV-Nutzungsartenkatalog 2009);ADVN09-4;Gewässer;6680;ha;FLC005A;Bodenfläche
33111;Flächenerhebung nach Art der tatsächlichen Nutzung;STAG;Stichtag;2022-12-31;KREISE;Kreise und kreisfreie Städte;12066;Oberspreewald-Lausitz, Landkreis;ADV09B;Nutzungsarten 1-Steller (AdV-Nutzungsartenkatalog 2009);ADVN09-1;Siedlung;12393;ha;FLC005A;Bodenfläche
33111;Flächenerhebung nach Art der tatsächlichen Nutzung;STAG;Stichtag;2020-12-31;KREISE;Kreise und kreisfreie Städte;06532;Lahn-Dill-Kreis;ADV09B;Nutzungsarten 1-Steller (AdV-Nutzungsartenkatalog 2009);ADVN09-1;Siedlung;10344;ha;FLC005A;Bodenfläche
33111;Flächenerhebung nach Art der tatsächlichen Nutzung;STAG;Stichtag;2018-12-31;KREISE;Kreise und kreisfreie Städte;06531;Gießen, Landkreis;ADV09B;Nutzungsarten 1-Steller (AdV-Nutzungsartenkatalog 2009);ADVN09-4;Gewässer;1113;ha;FLC005A;Bodenfläche
33111;Flächenerhebung nach Art der tatsächlichen Nutzung;STAG;Stichtag;2018-12-31;KREISE;Kreise und kreisfreie Städte;12065;Oberhavel, Landkreis;ADV09B;Nutzungsarten 1-Steller (AdV-Nutzungsartenkatalog 2009);;Insgesamt;180819;ha;FLC005A;Bodenfläche
33111;Flächenerhebung nach Art der tatsächlichen Nutzung;STAG;Stichtag;2017-12-31;KREISE;Kreise und kreisfreie Städte;06535;Vogelsbergkreis;ADV09B;Nutzungsarten 1-Steller (AdV-Nutzungsartenkatalog 2009);ADVN09-3;Vegetation;128944;ha;FLC005A;Bodenfläche
33111;Flächenerhebung nach Art der tatsächlichen Nutzung;STAG;Stichtag;2019-12-31;KREISE;Kreise und kreisfreie Städte;06531;Gießen, Landkreis;ADV09B;Nutzungsarten 1-Steller (AdV-Nutzungsartenkatalog 2009);ADVN09-1;Siedlung;9357;ha;FLC005A;Bodenfläche
33111;Flächenerhebung nach Art der tatsächlichen Nutzung;STAG;Stichtag;2021-12-31;KREISE;Kreise und kreisfreie Städte;06532;Lahn-Dill-Kreis;ADV09B;Nutzungsarten 1-Steller (AdV-Nutzungsartenkatalog 2009);ADVN09-3;Vegetation;86980;ha;FLC005A;Bodenfläche
33111;Flächenerhebung nach Art der tatsächlichen Nutzung;STAG;Stichtag;2022-12-31;KREISE;Kreise und kreisfreie Städte;06532;Lahn-Dill-Kreis;ADV09B;Nutzungsarten 1-Steller (AdV-Nutzungsartenkatalog 2009);ADVN09-2;Verkehr;7595;ha;FLC005A;Bodenfläche
33111;Flächenerhebung nach Art der tatsächlichen Nutzung;STAG;Stichtag;2018-12-31;KREISE;Kreise und kreisfreie Städte;06531;Gießen, Landkreis;ADV09B;Nutzungsarten 1-Steller (AdV-Nutzungsartenkatalog 2009);ADVN09-2;Verkehr;6499;ha;FLC005A;Bodenfläche
33111;Flächenerhebung nach Art der tatsächlichen Nutzung;STAG;Stichtag;2019-12-31;KREISE;Kreise und kreisfreie Städte;06633;Kassel, Landkreis;ADV09B;Nutzungsarten 1-Steller (AdV-Nutzungsartenkatalog 2009);ADVN09-4;Gewässer;1376;ha;FLC005A;Bodenfläche
33111;Flächenerhebung nach Art der tatsächlichen Nutzung;STAG;Stichtag;2017-12-31;KREISE;Kreise und kreisfreie Städte;06633;Kassel, Landkreis;ADV09B;Nutzungsarten 1-Steller (AdV-Nutzungsartenkatalog 2009);ADVN09-3;Vegetation;109683;ha;FLC005A;Bodenfläche
33111;Flächenerhebung nach Art der tatsächlichen Nutzung;STAG;Stichtag;2017-12-31;KREISE;Kreise und kreisfreie Städte;06633;Kassel, Landkreis;ADV09B;Nutzungsarten 1-Steller (AdV-Nutzungsartenkatalog 2009);ADVN09-1;Siedlung;10641;ha;FLC005A;Bodenfläche
33111;Flächenerhebung nach Art der tatsächlichen Nutzung;STAG;Stichtag;2016-12-31;KREISE;Kreise und kreisfreie Städte;06531;Gießen, Landkreis;ADV09B;Nutzungsarten 1-Steller (AdV-Nutzungsartenkatalog 2009);ADVN09-3;Vegetation;68565;ha;FLC005A;Bodenfläche
33111;Flächenerhebung nach Art der tatsächlichen Nutzung;STAG;Stichtag;2016-12-31;KREISE;Kreise und kreisfreie Städte;06633;Kassel, Landkreis;ADV09B;Nutzungsarten 1-Steller (AdV-Nutzungsartenkatalog 2009);ADVN09-4;Gewässer;1371;ha;FLC005A;Bodenfläche
33111;Flächenerhebung nach Art der tatsächlichen Nutzung;STAG;Stichtag;2016-12-31;KREISE;Kreise und kreisfreie Städte;06535;Vogelsbergkreis;ADV09B;Nutzungsarten 1-Steller (AdV-Nutzungsartenkatalog 2009);ADVN09-4;Gewässer;1527;ha;FLC005A;Bodenfläche
33111;Flächenerhebung nach Art der tatsächlichen Nutzung;STAG;Stichtag;2022-12-31;KREISE;Kreise und kreisfreie Städte;12066;Oberspreewald-Lausitz, Landkreis;ADV09B;Nutzungsarten 1-Steller (AdV-Nutzungsartenkatalog 2009);;Insgesamt;122348;ha;FLC005A;Bodenfläche
33111;Flächenerhebung nach Art der tatsächlichen Nutzung;STAG;Stichtag;2017-12-31;KREISE;Kreise und kreisfreie Städte;06535;Vogelsbergkreis;ADV09B;Nutzungsarten 1-Steller (AdV-Nutzungsartenkatalog 2009);ADVN09-1;Siedlung;6859;ha;FLC005A;Bodenfläche
33111;Flächenerhebung nach Art der tatsächlichen Nutzung;STAG;Stichtag;2016-12-31;KREISE;Kreise und kreisfreie Städte;06531;Gießen, Landkreis;ADV09B;Nutzungsarten 1-Steller (AdV-Nutzungsartenkatalog 2009);ADVN09-1;Siedlung;9287;ha;FLC005A;Bodenfläche
33111;Flächenerhebung nach Art der tatsächlichen Nutzung;STAG;Stichtag;2022-12-31;KREISE;Kreise und kreisfreie Städte;12067;Oder-Spree, Landkreis;ADV09B;Nutzungsarten 1-Steller (AdV-Nutzungsartenkatalog 2009);ADVN09-1;Siedlung;15086;ha;FLC005A;Bodenfläche
33111;Flächenerhebung nach Art der tatsächlichen Nutzung;STAG;Stichtag;2022-12-31;KREISE;Kreise und kreisfreie Städte;06439;Rheingau-Taunus-Kreis;ADV09B;Nutzungsarten 1-Steller (AdV-Nutzungsartenkatalog 2009);ADVN09-3;Vegetation;68621;ha;FLC005A;Bodenfläche
33111;Flächenerhebung nach Art der tatsächlichen Nutzung;STAG;Stichtag;2017-12-31;KREISE;Kreise und kreisfreie Städte;06534;Marburg-Biedenkopf, Landkreis;ADV09B;Nutzungsarten 1-Steller (AdV-Nutzungsartenkatalog 2009);;Insgesamt;126237;ha;FLC005A;Bodenfläche
33111;Flächenerhebung nach Art der tatsächlichen Nutzung;STAG;Stichtag;2020-12-31;KREISE;Kreise und kreisfreie Städte;12067;Oder-Spree, Landkreis;ADV09B;Nutzungsarten 1-Steller (AdV-Nutzungsartenkatalog 2009);ADVN09-3;Vegetation;194645;ha;FLC005A;Bodenfläche
33111;Flächenerhebung nach Art der tatsächlichen Nutzung;STAG;Stichtag;2019-12-31;KREISE;Kreise und kreisfreie Städte;12064;Märkisch-Oderland, Landkreis;ADV09B;Nutzungsarten 1-Steller (AdV-Nutzungsartenkatalog 2009);ADVN09-2;Verkehr;7775;ha;FLC005A;Bodenfläche
33111;Flächenerhebung nach Art der tatsächlichen Nutzung;STAG;Stichtag;2018-12-31;KREISE;Kreise und kreisfreie Städte;12066;Oberspreewald-Lausitz, Landkreis;ADV09B;Nutzungsarten 1-Steller (AdV-Nutzungsartenkatalog 2009);ADVN09-3;Vegetation;94433;ha;FLC005A;Bodenfläche
33111;Flächenerhebung nach Art der tatsächlichen Nutzung;STAG;Stichtag;2021-12-31;KREISE;Kreise und kreisfreie Städte;06533;Limburg-Weilburg, Landkreis;ADV09B;Nutzungsarten 1-Steller (AdV-Nutzungsartenkatalog 2009);;Insgesamt;73844;ha;FLC005A;Bodenfläche
33111;Flächenerhebung nach Art der tatsächlichen Nutzung;STAG;Stichtag;2019-12-31;KREISE;Kreise und kreisfreie Städte;06534;Marburg-Biedenkopf, Landkreis;ADV09B;Nutzungsarten 1-Steller (AdV-Nutzungsartenkatalog 2009);ADVN09-4;Gewässer;1356;ha;FLC005A;Bodenfläche
33111;Flächenerhebung nach Art der tatsächlichen Nutzung;STAG;Stichtag;2017-12-31;KREISE;Kreise und kreisfreie Städte;12063;Havelland, Landkreis;ADV09B;Nutzungsarten 1-Steller (AdV-Nutzungsartenkatalog 2009);ADVN09-1;Siedlung;11094;ha;FLC005A;Bodenfläche
33111;Flächenerhebung nach Art der tatsächlichen Nutzung;STAG;Stichtag;2021-12-31;KREISE;Kreise und kreisfreie Städte;12065;Oberhavel, Landkreis;ADV09B;Nutzungsarten 1-Steller (AdV-Nutzungsartenkatalog 2009);ADVN09-2;Verkehr;6714;ha;FLC005A;Bodenfläche
33111;Flächenerhebung nach Art der tatsächlichen Nutzung;STAG;Stichtag;2021-12-31;KREISE;Kreise und kreisfreie Städte;12063;Havelland, Landkreis;ADV09B;Nutzungsarten 1-Steller (AdV-Nutzungsartenkatalog 2009);ADVN09-4;Gewässer;5367;ha;FLC005A;Bodenfläche
33111;Flächenerhebung nach Art der tatsächlichen Nutzung;STAG;Stichtag;2017-12-31;KREISE;Kreise und kreisfreie Städte;12064;Märkisch-Oderland, Landkreis;ADV09B;Nutzungsarten 1-Steller (AdV-Nutzungsartenkatalog 2009);ADVN09-4;Gewässer;5766;ha;FLC005A;Bodenfläche
33111;Flächenerhebung nach Art der tatsächlichen Nutzung;STAG;Stichtag;2019-12-31;KREISE;Kreise und kreisfreie Städte;06531;Gießen, Landkreis;ADV09B;Nutzungsarten 1-Steller (AdV-Nutzungsartenkatalog 2009);ADVN09-3;Vegetation;68486;ha;FLC005A;Bodenfläche
33111;Flächenerhebung nach Art der tatsächlichen Nutzung;STAG;Stichtag;2022-12-31;KREISE;Kreise und kreisfreie Städte;06636;Werra-Meißner-Kreis;ADV09B;Nutzungsarten 1-Steller (AdV-Nutzungsartenkatalog 2009);;Insgesamt;102483;ha;FLC005A;Bodenfläche
33111;Flächenerhebung nach Art der tatsächlichen Nutzung;STAG;Stichtag;2020-12-31;KREISE;Kreise und kreisfreie Städte;06531;Gießen, Landkreis;ADV09B;Nutzungsarten 1-Steller (AdV-Nutzungsartenkatalog 2009);ADVN09-3;Vegetation;68435;ha;FLC005A;Bodenfläche
33111;Flächenerhebung nach Art der tatsächlichen Nutzung;STAG;Stichtag;2019-12-31;KREISE;Kreise und kreisfreie Städte;06532;Lahn-Dill-Kreis;ADV09B;Nutzungsarten 1-Steller (AdV-Nutzungsartenkatalog 2009);ADVN09-1;Siedlung;10324;ha;FLC005A;Bodenfläche
33111;Flächenerhebung nach Art der tatsächlichen Nutzung;STAG;Stichtag;2016-12-31;KREISE;Kreise und kreisfreie Städte;12067;Oder-Spree, Landkreis;ADV09B;Nutzungsarten 1-Steller (AdV-Nutzungsartenkatalog 2009);ADVN09-3;Vegetation;195111;ha;FLC005A;Bodenfläche
33111;Flächenerhebung nach Art der tatsächlichen Nutzung;STAG;Stichtag;2017-12-31;KREISE;Kreise und kreisfreie Städte;06532;Lahn-Dill-Kreis;ADV09B;Nutzungsarten 1-Steller (AdV-Nutzungsartenkatalog 2009);ADVN09-3;Vegetation;87080;ha;FLC005A;Bodenfläche
33111;Flächenerhebung nach Art der tatsächlichen Nutzung;STAG;Stichtag;2019-12-31;KREISE;Kreise und kreisfreie Städte;06533;Limburg-Weilburg, Landkreis;ADV09B;Nutzungsarten 1-Steller (AdV-Nutzungsartenkatalog 2009);;Insgesamt;73844;ha;FLC005A;Bodenfläche
33111;Flächenerhebung nach Art der tatsächlichen Nutzung;STAG;Stichtag;2016-12-31;KREISE;Kreise und kreisfreie Städte;06636;Werra-Meißner-Kreis;ADV09B;Nutzungsarten 1-Steller (AdV-Nutzungsartenkatalog 2009);ADVN09-4;Gewässer;1407;ha;FLC005A;Bodenfläche
33111;Flächenerhebung nach Art der tatsächlichen Nutzung;STAG;Stichtag;2021-12-31;KREISE;Kreise und kreisfreie Städte;06535;Vogelsbergkreis;ADV09B;Nutzungsarten 1-Steller (AdV-Nutzungsartenkatalog 2009);ADVN09-3;Vegetation;128837;ha;FLC005A;Bodenfläche
33111;Flächenerhebung nach Art der tatsächlichen Nutzung;STAG;Stichtag;2021-12-31;KREISE;Kreise und kreisfreie Städte;06533;Limburg-Weilburg, Landkreis;ADV09B;Nutzungsarten 1-Steller (AdV-Nutzungsartenkatalog 2009);ADVN09-1;Siedlung;7530;ha;FLC005A;Bodenfläche
33111;Flächenerhebung nach Art der tatsächlichen Nutzung;STAG;Stichtag;2017-12-31;KREISE;Kreise und kreisfreie Städte;06534;Marburg-Biedenkopf, Landkreis;ADV09B;Nutzungsarten 1-Steller (AdV-Nutzungsartenkatalog 2009);ADVN09-1;Siedlung;9933;ha;FLC005A;Bodenfläche
33111;Flächenerhebung nach Art der tatsächlichen Nutzung;STAG;Stichtag;2021-12-31;KREISE;Kreise und kreisfreie Städte;06633;Kassel, Landkreis;ADV09B;Nutzungsarten 1-Steller (AdV-Nutzungsartenkatalog 2009);ADVN09-3;Vegetation;109267;ha;FLC005A;Bodenfläche
33111;Flächenerhebung nach Art der tatsächlichen Nutzung;STAG;Stichtag;2022-12-31;KREISE;Kreise und kreisfreie Städte;12067;Oder-Spree, Landkreis;ADV09B;Nutzungsarten 1-Steller (AdV-Nutzungsartenkatalog 2009);;Insgesamt;225676;ha;FLC005A;Bodenfläche
33111;Flächenerhebung nach Art der tatsächlichen Nutzung;STAG;Stichtag;2018-12-31;KREISE;Kreise und kreisfreie Städte;06636;Werra-Meißner-Kreis;ADV09B;Nutzungsarten 1-Steller (AdV-Nutzungsartenkatalog 2009);ADVN09-3;Vegetation;89085;ha;FLC005A;Bodenfläche
33111;Flächenerhebung nach Art der tatsächlichen Nutzung;STAG;Stichtag;2017-12-31;KREISE;Kreise und kreisfreie Städte;06533;Limburg-Weilburg, Landkreis;ADV09B;Nutzungsarten 1-Steller (AdV-Nutzungsartenkatalog 2009);;Insgesamt;73844;ha;FLC005A;Bodenfläche
33111;Flächenerhebung nach Art der tatsächlichen Nutzung;STAG;Stichtag;2019-12-31;KREISE;Kreise und kreisfreie Städte;12063;Havelland, Landkreis;ADV09B;Nutzungsarten 1-Steller (AdV-Nutzungsartenkatalog 2009);ADVN09-4;Gewässer;5355;ha;FLC005A;Bodenfläche
33111;Flächenerhebung nach Art der tatsächlichen Nutzung;STAG;Stichtag;2019-12-31;KREISE;Kreise und kreisfreie Städte;12063;Havelland, Landkreis;ADV09B;Nutzungsarten 1-Steller (AdV-Nutzungsartenkatalog 2009);ADVN09-2;Verkehr;6810;ha;FLC005A;Bodenfläche
33111;Flächenerhebung nach Art der tatsächlichen Nutzung;STAG;Stichtag;2020-12-31;KREISE;Kreise und kreisfreie Städte;06439;Rheingau-Taunus-Kreis;ADV09B;Nutzungsarten 1-Steller (AdV-Nutzungsartenkatalog 2009);ADVN09-4;Gewässer;1501;ha;FLC005A;Bodenfläche
33111;Flächenerhebung nach Art der tatsächlichen Nutzung;STAG;Stichtag;2018-12-31;KREISE;Kreise und kreisfreie Städte;06439;Rheingau-Taunus-Kreis;ADV09B;Nutzungsarten 1-Steller (AdV-Nutzungsartenkatalog 2009);ADVN09-3;Vegetation;68732;ha;FLC005A;Bodenfläche
33111;Flächenerhebung nach Art der tatsächlichen Nutzung;STAG;Stichtag;2018-12-31;KREISE;Kreise und kreisfreie Städte;12067;Oder-Spree, Landkreis;ADV09B;Nutzungsarten 1-Steller (AdV-Nutzungsartenkatalog 2009);ADVN09-3;Vegetation;195044;ha;FLC005A;Bodenfläche
33111;Flächenerhebung nach Art der tatsächlichen Nutzung;STAG;Stichtag;2021-12-31;KREISE;Kreise und kreisfreie Städte;06534;Marburg-Biedenkopf, Landkreis;ADV09B;Nutzungsarten 1-Steller (AdV-Nutzungsartenkatalog 2009);;Insgesamt;126237;ha;FLC005A;Bodenfläche
33111;Flächenerhebung nach Art der tatsächlichen Nutzung;STAG;Stichtag;2021-12-31;KREISE;Kreise und kreisfreie Städte;12064;Märkisch-Oderland, Landkreis;ADV09B;Nutzungsarten 1-Steller (AdV-Nutzungsartenkatalog 2009);ADVN09-2;Verkehr;7442;ha;FLC005A;Bodenfläche
33111;Flächenerhebung nach Art der tatsächlichen Nutzung;STAG;Stichtag;2019-12-31;KREISE;Kreise und kreisfreie Städte;06533;Limburg-Weilburg, Landkreis;ADV09B;Nutzungsarten 1-Steller (AdV-Nutzungsartenkatalog 2009);ADVN09-4;Gewässer;847;ha;FLC005A;Bodenfläche
33111;Flächenerhebung nach Art der tatsächlichen Nutzung;STAG;Stichtag;2017-12-31;KREISE;Kreise und kreisfreie Städte;12064;Märkisch-Oderland, Landkreis;ADV09B;Nutzungsarten 1-Steller (AdV-Nutzungsartenkatalog 2009);ADVN09-1;Siedlung;17044;ha;FLC005A;Bodenfläche
33111;Flächenerhebung nach Art der tatsächlichen Nutzung;STAG;Stichtag;2021-12-31;KREISE;Kreise und kreisfreie Städte;12064;Märkisch-Oderland, Landkreis;ADV09B;Nutzungsarten 1-Steller (AdV-Nutzungsartenkatalog 2009);ADVN09-4;Gewässer;5738;ha;FLC005A;Bodenfläche
33111;Flächenerhebung nach Art der tatsächlichen Nutzung;STAG;Stichtag;2017-12-31;KREISE;Kreise und kreisfreie Städte;12063;Havelland, Landkreis;ADV09B;Nutzungsarten 1-Steller (AdV-Nutzungsartenkatalog 2009);ADVN09-4;Gewässer;5362;ha;FLC005A;Bodenfläche
33111;Flächenerhebung nach Art der tatsächlichen Nutzung;STAG;Stichtag;2019-12-31;KREISE;Kreise und kreisfreie Städte;06532;Lahn-Dill-Kreis;ADV09B;Nutzungsarten 1-Steller (AdV-Nutzungsartenkatalog 2009);ADVN09-3;Vegetation;87045;ha;FLC005A;Bodenfläche
33111;Flächenerhebung nach Art der tatsächlichen Nutzung;STAG;Stichtag;2018-12-31;KREISE;Kreise und kreisfreie Städte;12067;Oder-Spree, Landkreis;ADV09B;Nutzungsarten 1-Steller (AdV-Nutzungsartenkatalog 2009);ADVN09-1;Siedlung;14218;ha;FLC005A;Bodenfläche
33111;Flächenerhebung nach Art der tatsächlichen Nutzung;STAG;Stichtag;2022-12-31;KREISE;Kreise und kreisfreie Städte;06636;Werra-Meißner-Kreis;ADV09B;Nutzungsarten 1-Steller (AdV-Nutzungsartenkatalog 2009);ADVN09-1;Siedlung;5765;ha;FLC005A;Bodenfläche
33111;Flächenerhebung nach Art der tatsächlichen Nutzung;STAG;Stichtag;2019-12-31;KREISE;Kreise und kreisfreie Städte;06533;Limburg-Weilburg, Landkreis;ADV09B;Nutzungsarten 1-Steller (AdV-Nutzungsartenkatalog 2009);ADVN09-1;Siedlung;7485;ha;FLC005A;Bodenfläche
33111;Flächenerhebung nach Art der tatsächlichen Nutzung;STAG;Stichtag;2020-12-31;KREISE;Kreise und kreisfreie Städte;06636;Werra-Meißner-Kreis;ADV09B;Nutzungsarten 1-Steller (AdV-Nutzungsartenkatalog 2009);ADVN09-2;Verkehr;6277;ha;FLC005A;Bodenfläche
33111;Flächenerhebung nach Art der tatsächlichen Nutzung;STAG;Stichtag;2016-12-31;KREISE;Kreise und kreisfreie Städte;06439;Rheingau-Taunus-Kreis;ADV09B;Nutzungsarten 1-Steller (AdV-Nutzungsartenkatalog 2009);ADVN09-2;Verkehr;5323;ha;FLC005A;Bodenfläche
33111;Flächenerhebung nach Art der tatsächlichen Nutzung;STAG;Stichtag;2020-12-31;KREISE;Kreise und kreisfreie Städte;06636;Werra-Meißner-Kreis;ADV09B;Nutzungsarten 1-Steller (AdV-Nutzungsartenkatalog 2009);ADVN09-4;Gewässer;1408;ha;FLC005A;Bodenfläche
33111;Flächenerhebung nach Art der tatsächlichen Nutzung;STAG;Stichtag;2021-12-31;KREISE;Kreise und kreisfreie Städte;06534;Marburg-Biedenkopf, Landkreis;ADV09B;Nutzungsarten 1-Steller (AdV-Nutzungsartenkatalog 2009);ADVN09-3;Vegetation;106772;ha;FLC005A;Bodenfläche
33111;Flächenerhebung nach Art der tatsächlichen Nutzung;STAG;Stichtag;2017-12-31;KREISE;Kreise und kreisfreie Städte;06533;Limburg-Weilburg, Landkreis;ADV09B;Nutzungsarten 1-Steller (AdV-Nutzungsartenkatalog 2009);ADVN09-3;Vegetation;59792;ha;FLC005A;Bodenfläche
33111;Flächenerhebung nach Art der tatsächlichen Nutzung;STAG;Stichtag;2016-12-31;KREISE;Kreise und kreisfreie Städte;06439;Rheingau-Taunus-Kreis;ADV09B;Nutzungsarten 1-Steller (AdV-Nutzungsartenkatalog 2009);ADVN09-4;Gewässer;1498;ha;FLC005A;Bodenfläche
33111;Flächenerhebung nach Art der tatsächlichen Nutzung;STAG;Stichtag;2019-12-31;KREISE;Kreise und kreisfreie Städte;06532;Lahn-Dill-Kreis;ADV09B;Nutzungsarten 1-Steller (AdV-Nutzungsartenkatalog 2009);;Insgesamt;106630;ha;FLC005A;Bodenfläche
33111;Flächenerhebung nach Art der tatsächlichen Nutzung;STAG;Stichtag;2022-12-31;KREISE;Kreise und kreisfreie Städte;06439;Rheingau-Taunus-Kreis;ADV09B;Nutzungsarten 1-Steller (AdV-Nutzungsartenkatalog 2009);;Insgesamt;81140;ha;FLC005A;Bodenfläche
33111;Flächenerhebung nach Art der tatsächlichen Nutzung;STAG;Stichtag;2021-12-31;KREISE;Kreise und kreisfreie Städte;06534;Marburg-Biedenkopf, Landkreis;ADV09B;Nutzungsarten 1-Steller (AdV-Nutzungsartenkatalog 2009);ADVN09-1;Siedlung;10103;ha;FLC005A;Bodenfläche
33111;Flächenerhebung nach Art der tatsächlichen Nutzung;STAG;Stichtag;2017-12-31;KREISE;Kreise und kreisfreie Städte;06533;Limburg-Weilburg, Landkreis;ADV09B;Nutzungsarten 1-Steller (AdV-Nutzungsartenkatalog 2009);ADVN09-1;Siedlung;7400;ha;FLC005A;Bodenfläche
33111;Flächenerhebung nach Art der tatsächlichen Nutzung;STAG;Stichtag;2022-12-31;KREISE;Kreise und kreisfreie Städte;06636;Werra-Meißner-Kreis;ADV09B;Nutzungsarten 1-Steller (AdV-Nutzungsartenkatalog 2009);ADVN09-3;Vegetation;89047;ha;FLC005A;Bodenfläche
33111;Flächenerhebung nach Art der tatsächlichen Nutzung;STAG;Stichtag;2017-12-31;KREISE;Kreise und kreisfreie Städte;12063;Havelland, Landkreis;ADV09B;Nutzungsarten 1-Steller (AdV-Nutzungsartenkatalog 2009);;Insgesamt;172730;ha;FLC005A;Bodenfläche
33111;Flächenerhebung nach Art der tatsächlichen Nutzung;STAG;Stichtag;2018-12-31;KREISE;Kreise und kreisfreie Städte;12067;Oder-Spree, Landkreis;ADV09B;Nutzungsarten 1-Steller (AdV-Nutzungsartenkatalog 2009);;Insgesamt;225675;ha;FLC005A;Bodenfläche
33111;Flächenerhebung nach Art der tatsächlichen Nutzung;STAG;Stichtag;2022-12-31;KREISE;Kreise und kreisfreie Städte;12067;Oder-Spree, Landkreis;ADV09B;Nutzungsarten 1-Steller (AdV-Nutzungsartenkatalog 2009);ADVN09-3;Vegetation;194429;ha;FLC005A;Bodenfläche
33111;Flächenerhebung nach Art der tatsächlichen Nutzung;STAG;Stichtag;2022-12-31;KREISE;Kreise und kreisfreie Städte;12066;Oberspreewald-Lausitz, Landkreis;ADV09B;Nutzungsarten 1-Steller (AdV-Nutzungsartenkatalog 2009);ADVN09-4;Gewässer;7838;ha;FLC005A;Bodenfläche
33111;Flächenerhebung nach Art der tatsächlichen Nutzung;STAG;Stichtag;2021-12-31;KREISE;Kreise und kreisfreie Städte;06439;Rheingau-Taunus-Kreis;ADV09B;Nutzungsarten 1-Steller (AdV-Nutzungsartenkatalog 2009);ADVN09-4;Gewässer;1501;ha;FLC005A;Bodenfläche
33111;Flächenerhebung nach Art der tatsächlichen Nutzung;STAG;Stichtag;2019-12-31;KREISE;Kreise und kreisfreie Städte;12065;Oberhavel, Landkreis;ADV09B;Nutzungsarten 1-Steller (AdV-Nutzungsartenkatalog 2009);ADVN09-3;Vegetation;154925;ha;FLC005A;Bodenfläche
33111;Flächenerhebung nach Art der tatsächlichen Nutzung;STAG;Stichtag;2019-12-31;KREISE;Kreise und kreisfreie Städte;12066;Oberspreewald-Lausitz, Landkreis;ADV09B;Nutzungsarten 1-Steller (AdV-Nutzungsartenkatalog 2009);ADVN09-2;Verkehr;5516;ha;FLC005A;Bodenfläche
33111;Flächenerhebung nach Art der tatsächlichen Nutzung;STAG;Stichtag;2019-12-31;KREISE;Kreise und kreisfreie Städte;12064;Märkisch-Oderland, Landkreis;ADV09B;Nutzungsarten 1-Steller (AdV-Nutzungsartenkatalog 2009);ADVN09-4;Gewässer;5753;ha;FLC005A;Bodenfläche
33111;Flächenerhebung nach Art der tatsächlichen Nutzung;STAG;Stichtag;2016-12-31;KREISE;Kreise und kreisfreie Städte;06633;Kassel, Landkreis;ADV09B;Nutzungsarten 1-Steller (AdV-Nutzungsartenkatalog 2009);ADVN09-1;Siedlung;10608;ha;FLC005A;Bodenfläche
33111;Flächenerhebung nach Art der tatsächlichen Nutzung;STAG;Stichtag;2016-12-31;KREISE;Kreise und kreisfreie Städte;06633;Kassel, Landkreis;ADV09B;Nutzungsarten 1-Steller (AdV-Nutzungsartenkatalog 2009);;Insgesamt;129334;ha;FLC005A;Bodenfläche
33111;Flächenerhebung nach Art der tatsächlichen Nutzung;STAG;Stichtag;2018-12-31;KREISE;Kreise und kreisfreie Städte;06439;Rheingau-Taunus-Kreis;ADV09B;Nutzungsarten 1-Steller (AdV-Nutzungsartenkatalog 2009);ADVN09-2;Verkehr;5360;ha;FLC005A;Bodenfläche
33111;Flächenerhebung nach Art der tatsächlichen Nutzung;STAG;Stichtag;2018-12-31;KREISE;Kreise und kreisfreie Städte;12067;Oder-Spree, Landkreis;ADV09B;Nutzungsarten 1-Steller (AdV-Nutzungsartenkatalog 2009);ADVN09-4;Gewässer;8436;ha;FLC005A;Bodenfläche
33111;Flächenerhebung nach Art der tatsächlichen Nutzung;STAG;Stichtag;2021-12-31;KREISE;Kreise und kreisfreie Städte;12064;Märkisch-Oderland, Landkreis;ADV09B;Nutzungsarten 1-Steller (AdV-Nutzungsartenkatalog 2009);ADVN09-1;Siedlung;17312;ha;FLC005A;Bodenfläche
33111;Flächenerhebung nach Art der tatsächlichen Nutzung;STAG;Stichtag;2021-12-31;KREISE;Kreise und kreisfreie Städte;12063;Havelland, Landkreis;ADV09B;Nutzungsarten 1-Steller (AdV-Nutzungsartenkatalog 2009);ADVN09-2;Verkehr;6786;ha;FLC005A;Bodenfläche
33111;Flächenerhebung nach Art der tatsächlichen Nutzung;STAG;Stichtag;2019-12-31;KREISE;Kreise und kreisfreie Städte;12067;Oder-Spree, Landkreis;ADV09B;Nutzungsarten 1-Steller (AdV-Nutzungsartenkatalog 2009);ADVN09-1;Siedlung;14218;ha;FLC005A;Bodenfläche
33111;Flächenerhebung nach Art der tatsächlichen Nutzung;STAG;Stichtag;2017-12-31;KREISE;Kreise und kreisfreie Städte;12063;Havelland, Landkreis;ADV09B;Nutzungsarten 1-Steller (AdV-Nutzungsartenkatalog 2009);ADVN09-3;Vegetation;149426;ha;FLC005A;Bodenfläche
33111;Flächenerhebung nach Art der tatsächlichen Nutzung;STAG;Stichtag;2019-12-31;KREISE;Kreise und kreisfreie Städte;06532;Lahn-Dill-Kreis;ADV09B;Nutzungsarten 1-Steller (AdV-Nutzungsartenkatalog 2009);ADVN09-4;Gewässer;1254;ha;FLC005A;Bodenfläche
33111;Flächenerhebung nach Art der tatsächlichen Nutzung;STAG;Stichtag;2020-12-31;KREISE;Kreise und kreisfreie Städte;06534;Marburg-Biedenkopf, Landkreis;ADV09B;Nutzungsarten 1-Steller (AdV-Nutzungsartenkatalog 2009);;Insgesamt;126237;ha;FLC005A;Bodenfläche
33111;Flächenerhebung nach Art der tatsächlichen Nutzung;STAG;Stichtag;2016-12-31;KREISE;Kreise und kreisfreie Städte;06535;Vogelsbergkreis;ADV09B;Nutzungsarten 1-Steller (AdV-Nutzungsartenkatalog 2009);;Insgesamt;145891;ha;FLC005A;Bodenfläche
33111;Flächenerhebung nach Art der tatsächlichen Nutzung;STAG;Stichtag;2019-12-31;KREISE;Kreise und kreisfreie Städte;12066;Oberspreewald-Lausitz, Landkreis;ADV09B;Nutzungsarten 1-Steller (AdV-Nutzungsartenkatalog 2009);;Insgesamt;122348;ha;FLC005A;Bodenfläche
33111;Flächenerhebung nach Art der tatsächlichen Nutzung;STAG;Stichtag;2020-12-31;KREISE;Kreise und kreisfreie Städte;06535;Vogelsbergkreis;ADV09B;Nutzungsarten 1-Steller (AdV-Nutzungsartenkatalog 2009);ADVN09-1;Siedlung;7011;ha;FLC005A;Bodenfläche
33111;Flächenerhebung nach Art der tatsächlichen Nutzung;STAG;Stichtag;2020-12-31;KREISE;Kreise und kreisfreie Städte;06533;Limburg-Weilburg, Landkreis;ADV09B;Nutzungsarten 1-Steller (AdV-Nutzungsartenkatalog 2009);ADVN09-3;Vegetation;59699;ha;FLC005A;Bodenfläche
33111;Flächenerhebung nach Art der tatsächlichen Nutzung;STAG;Stichtag;2018-12-31;KREISE;Kreise und kreisfreie Städte;06439;Rheingau-Taunus-Kreis;ADV09B;Nutzungsarten 1-Steller (AdV-Nutzungsartenkatalog 2009);;Insgesamt;81141;ha;FLC005A;Bodenfläche
33111;Flächenerhebung nach Art der tatsächlichen Nutzung;STAG;Stichtag;2020-12-31;KREISE;Kreise und kreisfreie Städte;06531;Gießen, Landkreis;ADV09B;Nutzungsarten 1-Steller (AdV-Nutzungsartenkatalog 2009);ADVN09-4;Gewässer;1124;ha;FLC005A;Bodenfläche
33111;Flächenerhebung nach Art der tatsächlichen Nutzung;STAG;Stichtag;2020-12-31;KREISE;Kreise und kreisfreie Städte;06633;Kassel, Landkreis;ADV09B;Nutzungsarten 1-Steller (AdV-Nutzungsartenkatalog 2009);ADVN09-1;Siedlung;10884;ha;FLC005A;Bodenfläche
33111;Flächenerhebung nach Art der tatsächlichen Nutzung;STAG;Stichtag;2017-12-31;KREISE;Kreise und kreisfreie Städte;06636;Werra-Meißner-Kreis;ADV09B;Nutzungsarten 1-Steller (AdV-Nutzungsartenkatalog 2009);ADVN09-3;Vegetation;89119;ha;FLC005A;Bodenfläche
33111;Flächenerhebung nach Art der tatsächlichen Nutzung;STAG;Stichtag;2017-12-31;KREISE;Kreise und kreisfreie Städte;06636;Werra-Meißner-Kreis;ADV09B;Nutzungsarten 1-Steller (AdV-Nutzungsartenkatalog 2009);ADVN09-4;Gewässer;1404;ha;FLC005A;Bodenfläche
33111;Flächenerhebung nach Art der tatsächlichen Nutzung;STAG;Stichtag;2018-12-31;KREISE;Kreise und kreisfreie Städte;06636;Werra-Meißner-Kreis;ADV09B;Nutzungsarten 1-Steller (AdV-Nutzungsartenkatalog 2009);ADVN09-1;Siedlung;5719;ha;FLC005A;Bodenfläche
33111;Flächenerhebung nach Art der tatsächlichen Nutzung;STAG;Stichtag;2016-12-31;KREISE;Kreise und kreisfreie Städte;06532;Lahn-Dill-Kreis;ADV09B;Nutzungsarten 1-Steller (AdV-Nutzungsartenkatalog 2009);ADVN09-4;Gewässer;1262;ha;FLC005A;Bodenfläche
33111;Flächenerhebung nach Art der tatsächlichen Nutzung;STAG;Stichtag;2016-12-31;KREISE;Kreise und kreisfreie Städte;06534;Marburg-Biedenkopf, Landkreis;ADV09B;Nutzungsarten 1-Steller (AdV-Nutzungsartenkatalog 2009);ADVN09-3;Vegetation;106912;ha;FLC005A;Bodenfläche
33111;Flächenerhebung nach Art der tatsächlichen Nutzung;STAG;Stichtag;2020-12-31;KREISE;Kreise und kreisfreie Städte;06533;Limburg-Weilburg, Landkreis;ADV09B;Nutzungsarten 1-Steller (AdV-Nutzungsartenkatalog 2009);ADVN09-2;Verkehr;5790;ha;FLC005A;Bodenfläche
33111;Flächenerhebung nach Art der tatsächlichen Nutzung;STAG;Stichtag;2021-12-31;KREISE;Kreise und kreisfreie Städte;12063;Havelland, Landkreis;ADV09B;Nutzungsarten 1-Steller (AdV-Nutzungsartenkatalog 2009);;Insgesamt;172731;ha;FLC005A;Bodenfläche
33111;Flächenerhebung nach Art der tatsächlichen Nutzung;STAG;Stichtag;2016-12-31;KREISE;Kreise und kreisfreie Städte;06534;Marburg-Biedenkopf, Landkreis;ADV09B;Nutzungsarten 1-Steller (AdV-Nutzungsartenkatalog 2009);ADVN09-2;Verkehr;8064;ha;FLC005A;Bodenfläche
33111;Flächenerhebung nach Art der tatsächlichen Nutzung;STAG;Stichtag;2016-12-31;KREISE;Kreise und kreisfreie Städte;06534;Marburg-Biedenkopf, Landkreis;ADV09B;Nutzungsarten 1-Steller (AdV-Nutzungsartenkatalog 2009);;Insgesamt;126237;ha;FLC005A;Bodenfläche
33111;Flächenerhebung nach Art der tatsächlichen Nutzung;STAG;Stichtag;2020-12-31;KREISE;Kreise und kreisfreie Städte;06633;Kassel, Landkreis;ADV09B;Nutzungsarten 1-Steller (AdV-Nutzungsartenkatalog 2009);;Insgesamt;129330;ha;FLC005A;Bodenfläche
33111;Flächenerhebung nach Art der tatsächlichen Nutzung;STAG;Stichtag;2018-12-31;KREISE;Kreise und kreisfreie Städte;06636;Werra-Meißner-Kreis;ADV09B;Nutzungsarten 1-Steller (AdV-Nutzungsartenkatalog 2009);;Insgesamt;102483;ha;FLC005A;Bodenfläche
33111;Flächenerhebung nach Art der tatsächlichen Nutzung;STAG;Stichtag;2022-12-31;KREISE;Kreise und kreisfreie Städte;12066;Oberspreewald-Lausitz, Landkreis;ADV09B;Nutzungsarten 1-Steller (AdV-Nutzungsartenkatalog 2009);ADVN09-3;Vegetation;96876;ha;FLC005A;Bodenfläche
33111;Flächenerhebung nach Art der tatsächlichen Nutzung;STAG;Stichtag;2022-12-31;KREISE;Kreise und kreisfreie Städte;12067;Oder-Spree, Landkreis;ADV09B;Nutzungsarten 1-Steller (AdV-Nutzungsartenkatalog 2009);ADVN09-2;Verkehr;7746;ha;FLC005A;Bodenfläche
33111;Flächenerhebung nach Art der tatsächlichen Nutzung;STAG;Stichtag;2022-12-31;KREISE;Kreise und kreisfreie Städte;12067;Oder-Spree, Landkreis;ADV09B;Nutzungsarten 1-Steller (AdV-Nutzungsartenkatalog 2009);ADVN09-4;Gewässer;8415;ha;FLC005A;Bodenfläche
33111;Flächenerhebung nach Art der tatsächlichen Nutzung;STAG;Stichtag;2019-12-31;KREISE;Kreise und kreisfreie Städte;12066;Oberspreewald-Lausitz, Landkreis;ADV09B;Nutzungsarten 1-Steller (AdV-Nutzungsartenkatalog 2009);ADVN09-3;Vegetation;94035;ha;FLC005A;Bodenfläche
33111;Flächenerhebung nach Art der tatsächlichen Nutzung;STAG;Stichtag;2019-12-31;KREISE;Kreise und kreisfreie Städte;12065;Oberhavel, Landkreis;ADV09B;Nutzungsarten 1-Steller (AdV-Nutzungsartenkatalog 2009);ADVN09-4;Gewässer;6668;ha;FLC005A;Bodenfläche
33111;Flächenerhebung nach Art der tatsächlichen Nutzung;STAG;Stichtag;2016-12-31;KREISE;Kreise und kreisfreie Städte;06633;Kassel, Landkreis;ADV09B;Nutzungsarten 1-Steller (AdV-Nutzungsartenkatalog 2009);ADVN09-2;Verkehr;7629;ha;FLC005A;Bodenfläche
33111;Flächenerhebung nach Art der tatsächlichen Nutzung;STAG;Stichtag;2019-12-31;KREISE;Kreise und kreisfreie Städte;12065;Oberhavel, Landkreis;ADV09B;Nutzungsarten 1-Steller (AdV-Nutzungsartenkatalog 2009);ADVN09-2;Verkehr;6943;ha;FLC005A;Bodenfläche
33111;Flächenerhebung nach Art der tatsächlichen Nutzung;STAG;Stichtag;2018-12-31;KREISE;Kreise und kreisfreie Städte;12066;Oberspreewald-Lausitz, Landkreis;ADV09B;Nutzungsarten 1-Steller (AdV-Nutzungsartenkatalog 2009);ADVN09-4;Gewässer;4879;ha;FLC005A;Bodenfläche
33111;Flächenerhebung nach Art der tatsächlichen Nutzung;STAG;Stichtag;2019-12-31;KREISE;Kreise und kreisfreie Städte;12066;Oberspreewald-Lausitz, Landkreis;ADV09B;Nutzungsarten 1-Steller (AdV-Nutzungsartenkatalog 2009);ADVN09-1;Siedlung;17884;ha;FLC005A;Bodenfläche
33111;Flächenerhebung nach Art der tatsächlichen Nutzung;STAG;Stichtag;2021-12-31;KREISE;Kreise und kreisfreie Städte;12063;Havelland, Landkreis;ADV09B;Nutzungsarten 1-Steller (AdV-Nutzungsartenkatalog 2009);ADVN09-3;Vegetation;148532;ha;FLC005A;Bodenfläche
33111;Flächenerhebung nach Art der tatsächlichen Nutzung;STAG;Stichtag;2021-12-31;KREISE;Kreise und kreisfreie Städte;12063;Havelland, Landkreis;ADV09B;Nutzungsarten 1-Steller (AdV-Nutzungsartenkatalog 2009);ADVN09-1;Siedlung;12046;ha;FLC005A;Bodenfläche
33111;Flächenerhebung nach Art der tatsächlichen Nutzung;STAG;Stichtag;2019-12-31;KREISE;Kreise und kreisfreie Städte;06531;Gießen, Landkreis;ADV09B;Nutzungsarten 1-Steller (AdV-Nutzungsartenkatalog 2009);ADVN09-4;Gewässer;1112;ha;FLC005A;Bodenfläche
33111;Flächenerhebung nach Art der tatsächlichen Nutzung;STAG;Stichtag;2020-12-31;KREISE;Kreise und kreisfreie Städte;06535;Vogelsbergkreis;ADV09B;Nutzungsarten 1-Steller (AdV-Nutzungsartenkatalog 2009);;Insgesamt;145891;ha;FLC005A;Bodenfläche
33111;Flächenerhebung nach Art der tatsächlichen Nutzung;STAG;Stichtag;2020-12-31;KREISE;Kreise und kreisfreie Städte;06532;Lahn-Dill-Kreis;ADV09B;Nutzungsarten 1-Steller (AdV-Nutzungsartenkatalog 2009);ADVN09-2;Verkehr;8007;ha;FLC005A;Bodenfläche
33111;Flächenerhebung nach Art der tatsächlichen Nutzung;STAG;Stichtag;2020-12-31;KREISE;Kreise und kreisfreie Städte;06532;Lahn-Dill-Kreis;ADV09B;Nutzungsarten 1-Steller (AdV-Nutzungsartenkatalog 2009);ADVN09-3;Vegetation;87012;ha;FLC005A;Bodenfläche
33111;Flächenerhebung nach Art der tatsächlichen Nutzung;STAG;Stichtag;2019-12-31;KREISE;Kreise und kreisfreie Städte;12065;Oberhavel, Landkreis;ADV09B;Nutzungsarten 1-Steller (AdV-Nutzungsartenkatalog 2009);;Insgesamt;180818;ha;FLC005A;Bodenfläche
33111;Flächenerhebung nach Art der tatsächlichen Nutzung;STAG;Stichtag;2020-12-31;KREISE;Kreise und kreisfreie Städte;06532;Lahn-Dill-Kreis;ADV09B;Nutzungsarten 1-Steller (AdV-Nutzungsartenkatalog 2009);ADVN09-4;Gewässer;1267;ha;FLC005A;Bodenfläche
33111;Flächenerhebung nach Art der tatsächlichen Nutzung;STAG;Stichtag;2016-12-31;KREISE;Kreise und kreisfreie Städte;06531;Gießen, Landkreis;ADV09B;Nutzungsarten 1-Steller (AdV-Nutzungsartenkatalog 2009);ADVN09-4;Gewässer;1115;ha;FLC005A;Bodenfläche
33111;Flächenerhebung nach Art der tatsächlichen Nutzung;STAG;Stichtag;2016-12-31;KREISE;Kreise und kreisfreie Städte;06535;Vogelsbergkreis;ADV09B;Nutzungsarten 1-Steller (AdV-Nutzungsartenkatalog 2009);ADVN09-3;Vegetation;128991;ha;FLC005A;Bodenfläche
33111;Flächenerhebung nach Art der tatsächlichen Nutzung;STAG;Stichtag;2016-12-31;KREISE;Kreise und kreisfreie Städte;06535;Vogelsbergkreis;ADV09B;Nutzungsarten 1-Steller (AdV-Nutzungsartenkatalog 2009);ADVN09-1;Siedlung;6770;ha;FLC005A;Bodenfläche
33111;Flächenerhebung nach Art der tatsächlichen Nutzung;STAG;Stichtag;2016-12-31;KREISE;Kreise und kreisfreie Städte;06535;Vogelsbergkreis;ADV09B;Nutzungsarten 1-Steller (AdV-Nutzungsartenkatalog 2009);ADVN09-2;Verkehr;8604;ha;FLC005A;Bodenfläche
33111;Flächenerhebung nach Art der tatsächlichen Nutzung;STAG;Stichtag;2022-12-31;KREISE;Kreise und kreisfreie Städte;12065;Oberhavel, Landkreis;ADV09B;Nutzungsarten 1-Steller (AdV-Nutzungsartenkatalog 2009);ADVN09-3;Vegetation;154886;ha;FLC005A;Bodenfläche
33111;Flächenerhebung nach Art der tatsächlichen Nutzung;STAG;Stichtag;2022-12-31;KREISE;Kreise und kreisfreie Städte;12066;Oberspreewald-Lausitz, Landkreis;ADV09B;Nutzungsarten 1-Steller (AdV-Nutzungsartenkatalog 2009);ADVN09-2;Verkehr;5240;ha;FLC005A;Bodenfläche
33111;Flächenerhebung nach Art der tatsächlichen Nutzung;STAG;Stichtag;2022-12-31;KREISE;Kreise und kreisfreie Städte;12064;Märkisch-Oderland, Landkreis;ADV09B;Nutzungsarten 1-Steller (AdV-Nutzungsartenkatalog 2009);ADVN09-4;Gewässer;5685;ha;FLC005A;Bodenfläche
33111;Flächenerhebung nach Art der tatsächlichen Nutzung;STAG;Stichtag;2016-12-31;KREISE;Kreise und kreisfreie Städte;06533;Limburg-Weilburg, Landkreis;ADV09B;Nutzungsarten 1-Steller (AdV-Nutzungsartenkatalog 2009);;Insgesamt;73844;ha;FLC005A;Bodenfläche
33111;Flächenerhebung nach Art der tatsächlichen Nutzung;STAG;Stichtag;2017-12-31;KREISE;Kreise und kreisfreie Städte;06636;Werra-Meißner-Kreis;ADV09B;Nutzungsarten 1-Steller (AdV-Nutzungsartenkatalog 2009);;Insgesamt;102483;ha;FLC005A;Bodenfläche
33111;Flächenerhebung nach Art der tatsächlichen Nutzung;STAG;Stichtag;2016-12-31;KREISE;Kreise und kreisfreie Städte;06633;Kassel, Landkreis;ADV09B;Nutzungsarten 1-Steller (AdV-Nutzungsartenkatalog 2009);ADVN09-3;Vegetation;109726;ha;FLC005A;Bodenfläche
33111;Flächenerhebung nach Art der tatsächlichen Nutzung;STAG;Stichtag;2019-12-31;KREISE;Kreise und kreisfreie Städte;12067;Oder-Spree, Landkreis;ADV09B;Nutzungsarten 1-Steller (AdV-Nutzungsartenkatalog 2009);ADVN09-3;Vegetation;195042;ha;FLC005A;Bodenfläche
33111;Flächenerhebung nach Art der tatsächlichen Nutzung;STAG;Stichtag;2021-12-31;KREISE;Kreise und kreisfreie Städte;06439;Rheingau-Taunus-Kreis;ADV09B;Nutzungsarten 1-Steller (AdV-Nutzungsartenkatalog 2009);ADVN09-2;Verkehr;5353;ha;FLC005A;Bodenfläche
33111;Flächenerhebung nach Art der tatsächlichen Nutzung;STAG;Stichtag;2019-12-31;KREISE;Kreise und kreisfreie Städte;12066;Oberspreewald-Lausitz, Landkreis;ADV09B;Nutzungsarten 1-Steller (AdV-Nutzungsartenkatalog 2009);ADVN09-4;Gewässer;4913;ha;FLC005A;Bodenfläche
33111;Flächenerhebung nach Art der tatsächlichen Nutzung;STAG;Stichtag;2018-12-31;KREISE;Kreise und kreisfreie Städte;12064;Märkisch-Oderland, Landkreis;ADV09B;Nutzungsarten 1-Steller (AdV-Nutzungsartenkatalog 2009);ADVN09-1;Siedlung;16962;ha;FLC005A;Bodenfläche
33111;Flächenerhebung nach Art der tatsächlichen Nutzung;STAG;Stichtag;2018-12-31;KREISE;Kreise und kreisfreie Städte;12063;Havelland, Landkreis;ADV09B;Nutzungsarten 1-Steller (AdV-Nutzungsartenkatalog 2009);ADVN09-2;Verkehr;6839;ha;FLC005A;Bodenfläche
33111;Flächenerhebung nach Art der tatsächlichen Nutzung;STAG;Stichtag;2017-12-31;KREISE;Kreise und kreisfreie Städte;06439;Rheingau-Taunus-Kreis;ADV09B;Nutzungsarten 1-Steller (AdV-Nutzungsartenkatalog 2009);ADVN09-3;Vegetation;68744;ha;FLC005A;Bodenfläche
33111;Flächenerhebung nach Art der tatsächlichen Nutzung;STAG;Stichtag;2018-12-31;KREISE;Kreise und kreisfreie Städte;12065;Oberhavel, Landkreis;ADV09B;Nutzungsarten 1-Steller (AdV-Nutzungsartenkatalog 2009);ADVN09-4;Gewässer;6672;ha;FLC005A;Bodenfläche
33111;Flächenerhebung nach Art der tatsächlichen Nutzung;STAG;Stichtag;2022-12-31;KREISE;Kreise und kreisfreie Städte;12063;Havelland, Landkreis;ADV09B;Nutzungsarten 1-Steller (AdV-Nutzungsartenkatalog 2009);ADVN09-1;Siedlung;12183;ha;FLC005A;Bodenfläche
33111;Flächenerhebung nach Art der tatsächlichen Nutzung;STAG;Stichtag;2020-12-31;KREISE;Kreise und kreisfreie Städte;06532;Lahn-Dill-Kreis;ADV09B;Nutzungsarten 1-Steller (AdV-Nutzungsartenkatalog 2009);;Insgesamt;106630;ha;FLC005A;Bodenfläche
33111;Flächenerhebung nach Art der tatsächlichen Nutzung;STAG;Stichtag;2020-12-31;KREISE;Kreise und kreisfreie Städte;06533;Limburg-Weilburg, Landkreis;ADV09B;Nutzungsarten 1-Steller (AdV-Nutzungsartenkatalog 2009);ADVN09-1;Siedlung;7508;ha;FLC005A;Bodenfläche
33111;Flächenerhebung nach Art der tatsächlichen Nutzung;STAG;Stichtag;2020-12-31;KREISE;Kreise und kreisfreie Städte;06533;Limburg-Weilburg, Landkreis;ADV09B;Nutzungsarten 1-Steller (AdV-Nutzungsartenkatalog 2009);ADVN09-4;Gewässer;846;ha;FLC005A;Bodenfläche
33111;Flächenerhebung nach Art der tatsächlichen Nutzung;STAG;Stichtag;2018-12-31;KREISE;Kreise und kreisfreie Städte;12064;Märkisch-Oderland, Landkreis;ADV09B;Nutzungsarten 1-Steller (AdV-Nutzungsartenkatalog 2009);;Insgesamt;215865;ha;FLC005A;Bodenfläche
33111;Flächenerhebung nach Art der tatsächlichen Nutzung;STAG;Stichtag;2020-12-31;KREISE;Kreise und kreisfreie Städte;06633;Kassel, Landkreis;ADV09B;Nutzungsarten 1-Steller (AdV-Nutzungsartenkatalog 2009);ADVN09-3;Vegetation;109291;ha;FLC005A;Bodenfläche
33111;Flächenerhebung nach Art der tatsächlichen Nutzung;STAG;Stichtag;2020-12-31;KREISE;Kreise und kreisfreie Städte;06633;Kassel, Landkreis;ADV09B;Nutzungsarten 1-Steller (AdV-Nutzungsartenkatalog 2009);ADVN09-2;Verkehr;7779;ha;FLC005A;Bodenfläche
33111;Flächenerhebung nach Art der tatsächlichen Nutzung;STAG;Stichtag;2017-12-31;KREISE;Kreise und kreisfreie Städte;06636;Werra-Meißner-Kreis;ADV09B;Nutzungsarten 1-Steller (AdV-Nutzungsartenkatalog 2009);ADVN09-2;Verkehr;6260;ha;FLC005A;Bodenfläche
33111;Flächenerhebung nach Art der tatsächlichen Nutzung;STAG;Stichtag;2017-12-31;KREISE;Kreise und kreisfreie Städte;06636;Werra-Meißner-Kreis;ADV09B;Nutzungsarten 1-Steller (AdV-Nutzungsartenkatalog 2009);ADVN09-1;Siedlung;5700;ha;FLC005A;Bodenfläche
33111;Flächenerhebung nach Art der tatsächlichen Nutzung;STAG;Stichtag;2016-12-31;KREISE;Kreise und kreisfreie Städte;06532;Lahn-Dill-Kreis;ADV09B;Nutzungsarten 1-Steller (AdV-Nutzungsartenkatalog 2009);ADVN09-3;Vegetation;87130;ha;FLC005A;Bodenfläche
33111;Flächenerhebung nach Art der tatsächlichen Nutzung;STAG;Stichtag;2016-12-31;KREISE;Kreise und kreisfreie Städte;06534;Marburg-Biedenkopf, Landkreis;ADV09B;Nutzungsarten 1-Steller (AdV-Nutzungsartenkatalog 2009);ADVN09-4;Gewässer;1360;ha;FLC005A;Bodenfläche
33111;Flächenerhebung nach Art der tatsächlichen Nutzung;STAG;Stichtag;2022-12-31;KREISE;Kreise und kreisfreie Städte;12063;Havelland, Landkreis;ADV09B;Nutzungsarten 1-Steller (AdV-Nutzungsartenkatalog 2009);;Insgesamt;172731;ha;FLC005A;Bodenfläche
33111;Flächenerhebung nach Art der tatsächlichen Nutzung;STAG;Stichtag;2016-12-31;KREISE;Kreise und kreisfreie Städte;06534;Marburg-Biedenkopf, Landkreis;ADV09B;Nutzungsarten 1-Steller (AdV-Nutzungsartenkatalog 2009);ADVN09-1;Siedlung;9901;ha;FLC005A;Bodenfläche
33111;Flächenerhebung nach Art der tatsächlichen Nutzung;STAG;Stichtag;2020-12-31;KREISE;Kreise und kreisfreie Städte;06535;Vogelsbergkreis;ADV09B;Nutzungsarten 1-Steller (AdV-Nutzungsartenkatalog 2009);ADVN09-2;Verkehr;8507;ha;FLC005A;Bodenfläche
33111;Flächenerhebung nach Art der tatsächlichen Nutzung;STAG;Stichtag;2016-12-31;KREISE;Kreise und kreisfreie Städte;06532;Lahn-Dill-Kreis;ADV09B;Nutzungsarten 1-Steller (AdV-Nutzungsartenkatalog 2009);ADVN09-2;Verkehr;8028;ha;FLC005A;Bodenfläche
33111;Flächenerhebung nach Art der tatsächlichen Nutzung;STAG;Stichtag;2020-12-31;KREISE;Kreise und kreisfreie Städte;06535;Vogelsbergkreis;ADV09B;Nutzungsarten 1-Steller (AdV-Nutzungsartenkatalog 2009);ADVN09-3;Vegetation;128909;ha;FLC005A;Bodenfläche
33111;Flächenerhebung nach Art der tatsächlichen Nutzung;STAG;Stichtag;2022-12-31;KREISE;Kreise und kreisfreie Städte;12065;Oberhavel, Landkreis;ADV09B;Nutzungsarten 1-Steller (AdV-Nutzungsartenkatalog 2009);ADVN09-4;Gewässer;6596;ha;FLC005A;Bodenfläche
33111;Flächenerhebung nach Art der tatsächlichen Nutzung;STAG;Stichtag;2016-12-31;KREISE;Kreise und kreisfreie Städte;06532;Lahn-Dill-Kreis;ADV09B;Nutzungsarten 1-Steller (AdV-Nutzungsartenkatalog 2009);;Insgesamt;106630;ha;FLC005A;Bodenfläche
33111;Flächenerhebung nach Art der tatsächlichen Nutzung;STAG;Stichtag;2022-12-31;KREISE;Kreise und kreisfreie Städte;12065;Oberhavel, Landkreis;ADV09B;Nutzungsarten 1-Steller (AdV-Nutzungsartenkatalog 2009);ADVN09-2;Verkehr;6511;ha;FLC005A;Bodenfläche
33111;Flächenerhebung nach Art der tatsächlichen Nutzung;STAG;Stichtag;2021-12-31;KREISE;Kreise und kreisfreie Städte;06439;Rheingau-Taunus-Kreis;ADV09B;Nutzungsarten 1-Steller (AdV-Nutzungsartenkatalog 2009);ADVN09-3;Vegetation;68593;ha;FLC005A;Bodenfläche
33111;Flächenerhebung nach Art der tatsächlichen Nutzung;STAG;Stichtag;2022-12-31;KREISE;Kreise und kreisfreie Städte;12064;Märkisch-Oderland, Landkreis;ADV09B;Nutzungsarten 1-Steller (AdV-Nutzungsartenkatalog 2009);ADVN09-3;Vegetation;185375;ha;FLC005A;Bodenfläche
33111;Flächenerhebung nach Art der tatsächlichen Nutzung;STAG;Stichtag;2019-12-31;KREISE;Kreise und kreisfreie Städte;12067;Oder-Spree, Landkreis;ADV09B;Nutzungsarten 1-Steller (AdV-Nutzungsartenkatalog 2009);ADVN09-2;Verkehr;7980;ha;FLC005A;Bodenfläche
33111;Flächenerhebung nach Art der tatsächlichen Nutzung;STAG;Stichtag;2021-12-31;KREISE;Kreise und kreisfreie Städte;06636;Werra-Meißner-Kreis;ADV09B;Nutzungsarten 1-Steller (AdV-Nutzungsartenkatalog 2009);;Insgesamt;102483;ha;FLC005A;Bodenfläche
33111;Flächenerhebung nach Art der tatsächlichen Nutzung;STAG;Stichtag;2021-12-31;KREISE;Kreise und kreisfreie Städte;06439;Rheingau-Taunus-Kreis;ADV09B;Nutzungsarten 1-Steller (AdV-Nutzungsartenkatalog 2009);ADVN09-1;Siedlung;5693;ha;FLC005A;Bodenfläche
33111;Flächenerhebung nach Art der tatsächlichen Nutzung;STAG;Stichtag;2019-12-31;KREISE;Kreise und kreisfreie Städte;12067;Oder-Spree, Landkreis;ADV09B;Nutzungsarten 1-Steller (AdV-Nutzungsartenkatalog 2009);ADVN09-4;Gewässer;8435;ha;FLC005A;Bodenfläche
33111;Flächenerhebung nach Art der tatsächlichen Nutzung;STAG;Stichtag;2018-12-31;KREISE;Kreise und kreisfreie Städte;12063;Havelland, Landkreis;ADV09B;Nutzungsarten 1-Steller (AdV-Nutzungsartenkatalog 2009);ADVN09-3;Vegetation;149416;ha;FLC005A;Bodenfläche
33111;Flächenerhebung nach Art der tatsächlichen Nutzung;STAG;Stichtag;2018-12-31;KREISE;Kreise und kreisfreie Städte;12064;Märkisch-Oderland, Landkreis;ADV09B;Nutzungsarten 1-Steller (AdV-Nutzungsartenkatalog 2009);ADVN09-2;Verkehr;7779;ha;FLC005A;Bodenfläche
33111;Flächenerhebung nach Art der tatsächlichen Nutzung;STAG;Stichtag;2018-12-31;KREISE;Kreise und kreisfreie Städte;12063;Havelland, Landkreis;ADV09B;Nutzungsarten 1-Steller (AdV-Nutzungsartenkatalog 2009);ADVN09-1;Siedlung;11104;ha;FLC005A;Bodenfläche
33111;Flächenerhebung nach Art der tatsächlichen Nutzung;STAG;Stichtag;2018-12-31;KREISE;Kreise und kreisfreie Städte;12064;Märkisch-Oderland, Landkreis;ADV09B;Nutzungsarten 1-Steller (AdV-Nutzungsartenkatalog 2009);ADVN09-4;Gewässer;5753;ha;FLC005A;Bodenfläche
33111;Flächenerhebung nach Art der tatsächlichen Nutzung;STAG;Stichtag;2017-12-31;KREISE;Kreise und kreisfreie Städte;06439;Rheingau-Taunus-Kreis;ADV09B;Nutzungsarten 1-Steller (AdV-Nutzungsartenkatalog 2009);ADVN09-4;Gewässer;1501;ha;FLC005A;Bodenfläche
33111;Flächenerhebung nach Art der tatsächlichen Nutzung;STAG;Stichtag;2022-12-31;KREISE;Kreise und kreisfreie Städte;12064;Märkisch-Oderland, Landkreis;ADV09B;Nutzungsarten 1-Steller (AdV-Nutzungsartenkatalog 2009);ADVN09-1;Siedlung;17383;ha;FLC005A;Bodenfläche
33111;Flächenerhebung nach Art der tatsächlichen Nutzung;STAG;Stichtag;2020-12-31;KREISE;Kreise und kreisfreie Städte;06533;Limburg-Weilburg, Landkreis;ADV09B;Nutzungsarten 1-Steller (AdV-Nutzungsartenkatalog 2009);;Insgesamt;73844;ha;FLC005A;Bodenfläche
33111;Flächenerhebung nach Art der tatsächlichen Nutzung;STAG;Stichtag;2021-12-31;KREISE;Kreise und kreisfreie Städte;06636;Werra-Meißner-Kreis;ADV09B;Nutzungsarten 1-Steller (AdV-Nutzungsartenkatalog 2009);ADVN09-4;Gewässer;1408;ha;FLC005A;Bodenfläche
33111;Flächenerhebung nach Art der tatsächlichen Nutzung;STAG;Stichtag;2021-12-31;KREISE;Kreise und kreisfreie Städte;06636;Werra-Meißner-Kreis;ADV09B;Nutzungsarten 1-Steller (AdV-Nutzungsartenkatalog 2009);ADVN09-3;Vegetation;89050;ha;FLC005A;Bodenfläche
33111;Flächenerhebung nach Art der tatsächlichen Nutzung;STAG;Stichtag;2020-12-31;KREISE;Kreise und kreisfreie Städte;06534;Marburg-Biedenkopf, Landkreis;ADV09B;Nutzungsarten 1-Steller (AdV-Nutzungsartenkatalog 2009);ADVN09-1;Siedlung;10101;ha;FLC005A;Bodenfläche
33111;Flächenerhebung nach Art der tatsächlichen Nutzung;STAG;Stichtag;2020-12-31;KREISE;Kreise und kreisfreie Städte;06534;Marburg-Biedenkopf, Landkreis;ADV09B;Nutzungsarten 1-Steller (AdV-Nutzungsartenkatalog 2009);ADVN09-4;Gewässer;1356;ha;FLC005A;Bodenfläche
33111;Flächenerhebung nach Art der tatsächlichen Nutzung;STAG;Stichtag;2019-12-31;KREISE;Kreise und kreisfreie Städte;12067;Oder-Spree, Landkreis;ADV09B;Nutzungsarten 1-Steller (AdV-Nutzungsartenkatalog 2009);;Insgesamt;225675;ha;FLC005A;Bodenfläche
33111;Flächenerhebung nach Art der tatsächlichen Nutzung;STAG;Stichtag;2021-12-31;KREISE;Kreise und kreisfreie Städte;06636;Werra-Meißner-Kreis;ADV09B;Nutzungsarten 1-Steller (AdV-Nutzungsartenkatalog 2009);ADVN09-2;Verkehr;6275;ha;FLC005A;Bodenfläche
33111;Flächenerhebung nach Art der tatsächlichen Nutzung;STAG;Stichtag;2018-12-31;KREISE;Kreise und kreisfreie Städte;12063;Havelland, Landkreis;ADV09B;Nutzungsarten 1-Steller (AdV-Nutzungsartenkatalog 2009);;Insgesamt;172731;ha;FLC005A;Bodenfläche
33111;Flächenerhebung nach Art der tatsächlichen Nutzung;STAG;Stichtag;2021-12-31;KREISE;Kreise und kreisfreie Städte;06439;Rheingau-Taunus-Kreis;ADV09B;Nutzungsarten 1-Steller (AdV-Nutzungsartenkatalog 2009);;Insgesamt;81141;ha;FLC005A;Bodenfläche
33111;Flächenerhebung nach Art der tatsächlichen Nutzung;STAG;Stichtag;2021-12-31;KREISE;Kreise und kreisfreie Städte;06636;Werra-Meißner-Kreis;ADV09B;Nutzungsarten 1-Steller (AdV-Nutzungsartenkatalog 2009);ADVN09-1;Siedlung;5750;ha;FLC005A;Bodenfläche
33111;Flächenerhebung nach Art der tatsächlichen Nutzung;STAG;Stichtag;2017-12-31;KREISE;Kreise und kreisfreie Städte;06439;Rheingau-Taunus-Kreis;ADV09B;Nutzungsarten 1-Steller (AdV-Nutzungsartenkatalog 2009);ADVN09-1;Siedlung;5540;ha;FLC005A;Bodenfläche
33111;Flächenerhebung nach Art der tatsächlichen Nutzung;STAG;Stichtag;2017-12-31;KREISE;Kreise und kreisfreie Städte;06439;Rheingau-Taunus-Kreis;ADV09B;Nutzungsarten 1-Steller (AdV-Nutzungsartenkatalog 2009);ADVN09-2;Verkehr;5357;ha;FLC005A;Bodenfläche
33111;Flächenerhebung nach Art der tatsächlichen Nutzung;STAG;Stichtag;2016-12-31;KREISE;Kreise und kreisfreie Städte;06533;Limburg-Weilburg, Landkreis;ADV09B;Nutzungsarten 1-Steller (AdV-Nutzungsartenkatalog 2009);ADVN09-4;Gewässer;855;ha;FLC005A;Bodenfläche
33111;Flächenerhebung nach Art der tatsächlichen Nutzung;STAG;Stichtag;2022-12-31;KREISE;Kreise und kreisfreie Städte;12064;Märkisch-Oderland, Landkreis;ADV09B;Nutzungsarten 1-Steller (AdV-Nutzungsartenkatalog 2009);;Insgesamt;215865;ha;FLC005A;Bodenfläche
33111;Flächenerhebung nach Art der tatsächlichen Nutzung;STAG;Stichtag;2016-12-31;KREISE;Kreise und kreisfreie Städte;06533;Limburg-Weilburg, Landkreis;ADV09B;Nutzungsarten 1-Steller (AdV-Nutzungsartenkatalog 2009);ADVN09-3;Vegetation;59869;ha;FLC005A;Bodenfläche
33111;Flächenerhebung nach Art der tatsächlichen Nutzung;STAG;Stichtag;2016-12-31;KREISE;Kreise und kreisfreie Städte;06533;Limburg-Weilburg, Landkreis;ADV09B;Nutzungsarten 1-Steller (AdV-Nutzungsartenkatalog 2009);ADVN09-2;Verkehr;5745;ha;FLC005A;Bodenfläche
33111;Flächenerhebung nach Art der tatsächlichen Nutzung;STAG;Stichtag;2020-12-31;KREISE;Kreise und kreisfreie Städte;06534;Marburg-Biedenkopf, Landkreis;ADV09B;Nutzungsarten 1-Steller (AdV-Nutzungsartenkatalog 2009);ADVN09-3;Vegetation;106682;ha;FLC005A;Bodenfläche
33111;Flächenerhebung nach Art der tatsächlichen Nutzung;STAG;Stichtag;2016-12-31;KREISE;Kreise und kreisfreie Städte;06533;Limburg-Weilburg, Landkreis;ADV09B;Nutzungsarten 1-Steller (AdV-Nutzungsartenkatalog 2009);ADVN09-1;Siedlung;7376;ha;FLC005A;Bodenfläche
33111;Flächenerhebung nach Art der tatsächlichen Nutzung;STAG;Stichtag;2020-12-31;KREISE;Kreise und kreisfreie Städte;06534;Marburg-Biedenkopf, Landkreis;ADV09B;Nutzungsarten 1-Steller (AdV-Nutzungsartenkatalog 2009);ADVN09-2;Verkehr;8098;ha;FLC005A;Bodenfläche
33111;Flächenerhebung nach Art der tatsächlichen Nutzung;STAG;Stichtag;2021-12-31;KREISE;Kreise und kreisfreie Städte;06532;Lahn-Dill-Kreis;ADV09C;Nutzungsarten 2-Steller (AdV-Nutzungsartenkatalog 2009);ADVN09-43;Stehendes Gewässer;318;ha;FLC005A;Bodenfläche
33111;Flächenerhebung nach Art der tatsächlichen Nutzung;STAG;Stichtag;2016-12-31;KREISE;Kreise und kreisfreie Städte;06439;Rheingau-Taunus-Kreis;ADV09C;Nutzungsarten 2-Steller (AdV-Nutzungsartenkatalog 2009);ADVN09-42;Hafenbecken;6;ha;FLC005A;Bodenfläche
33111;Flächenerhebung nach Art der tatsächlichen Nutzung;STAG;Stichtag;2020-12-31;KREISE;Kreise und kreisfreie Städte;06534;Marburg-Biedenkopf, Landkreis;ADV09C;Nutzungsarten 2-Steller (AdV-Nutzungsartenkatalog 2009);ADVN09-44;Meer;-;ha;FLC005A;Bodenfläche
33111;Flächenerhebung nach Art der tatsächlichen Nutzung;STAG;Stichtag;2018-12-31;KREISE;Kreise und kreisfreie Städte;12064;Märkisch-Oderland, Landkreis;ADV09C;Nutzungsarten 2-Steller (AdV-Nutzungsartenkatalog 2009);ADVN09-41;Fließgewässer;2563;ha;FLC005A;Bodenfläche
33111;Flächenerhebung nach Art der tatsächlichen Nutzung;STAG;Stichtag;2017-12-31;KREISE;Kreise und kreisfreie Städte;12066;Oberspreewald-Lausitz, Landkreis;ADV09C;Nutzungsarten 2-Steller (AdV-Nutzungsartenkatalog 2009);ADVN09-42;Hafenbecken;0;ha;FLC005A;Bodenfläche
33111;Flächenerhebung nach Art der tatsächlichen Nutzung;STAG;Stichtag;2021-12-31;KREISE;Kreise und kreisfreie Städte;06439;Rheingau-Taunus-Kreis;ADV09C;Nutzungsarten 2-Steller (AdV-Nutzungsartenkatalog 2009);ADVN09-35;Moor;0;ha;FLC005A;Bodenfläche
33111;Flächenerhebung nach Art der tatsächlichen Nutzung;STAG;Stichtag;2019-12-31;KREISE;Kreise und kreisfreie Städte;12063;Havelland, Landkreis;ADV09C;Nutzungsarten 2-Steller (AdV-Nutzungsartenkatalog 2009);ADVN09-36;Sumpf;272;ha;FLC005A;Bodenfläche
33111;Flächenerhebung nach Art der tatsächlichen Nutzung;STAG;Stichtag;2019-12-31;KREISE;Kreise und kreisfreie Städte;12067;Oder-Spree, Landkreis;ADV09C;Nutzungsarten 2-Steller (AdV-Nutzungsartenkatalog 2009);ADVN09-32;Wald;107409;ha;FLC005A;Bodenfläche
33111;Flächenerhebung nach Art der tatsächlichen Nutzung;STAG;Stichtag;2018-12-31;KREISE;Kreise und kreisfreie Städte;06636;Werra-Meißner-Kreis;ADV09C;Nutzungsarten 2-Steller (AdV-Nutzungsartenkatalog 2009);ADVN09-43;Stehendes Gewässer;380;ha;FLC005A;Bodenfläche
33111;Flächenerhebung nach Art der tatsächlichen Nutzung;STAG;Stichtag;2021-12-31;KREISE;Kreise und kreisfreie Städte;12063;Havelland, Landkreis;ADV09C;Nutzungsarten 2-Steller (AdV-Nutzungsartenkatalog 2009);ADVN09-33;Gehölz;781;ha;FLC005A;Bodenfläche
33111;Flächenerhebung nach Art der tatsächlichen Nutzung;STAG;Stichtag;2018-12-31;KREISE;Kreise und kreisfreie Städte;12065;Oberhavel, Landkreis;ADV09C;Nutzungsarten 2-Steller (AdV-Nutzungsartenkatalog 2009);ADVN09-37;Unland, Vegetationslose Fläche;3416;ha;FLC005A;Bodenfläche
33111;Flächenerhebung nach Art der tatsächlichen Nutzung;STAG;Stichtag;2017-12-31;KREISE;Kreise und kreisfreie Städte;06535;Vogelsbergkreis;ADV09C;Nutzungsarten 2-Steller (AdV-Nutzungsartenkatalog 2009);ADVN09-41;Fließgewässer;1111;ha;FLC005A;Bodenfläche
33111;Flächenerhebung nach Art der tatsächlichen Nutzung;STAG;Stichtag;2020-12-31;KREISE;Kreise und kreisfreie Städte;06633;Kassel, Landkreis;ADV09C;Nutzungsarten 2-Steller (AdV-Nutzungsartenkatalog 2009);ADVN09-31;Landwirtschaft;57359;ha;FLC005A;Bodenfläche
33111;Flächenerhebung nach Art der tatsächlichen Nutzung;STAG;Stichtag;2022-12-31;KREISE;Kreise und kreisfreie Städte;12066;Oberspreewald-Lausitz, Landkreis;ADV09C;Nutzungsarten 2-Steller (AdV-Nutzungsartenkatalog 2009);ADVN09-35;Moor;13;ha;FLC005A;Bodenfläche
33111;Flächenerhebung nach Art der tatsächlichen Nutzung;STAG;Stichtag;2016-12-31;KREISE;Kreise und kreisfreie Städte;12065;Oberhavel, Landkreis;ADV09C;Nutzungsarten 2-Steller (AdV-Nutzungsartenkatalog 2009);ADVN09-34;Heide;118;ha;FLC005A;Bodenfläche
33111;Flächenerhebung nach Art der tatsächlichen Nutzung;STAG;Stichtag;2019-12-31;KREISE;Kreise und kreisfreie Städte;06532;Lahn-Dill-Kreis;ADV09C;Nutzungsarten 2-Steller (AdV-Nutzungsartenkatalog 2009);ADVN09-35;Moor;-;ha;FLC005A;Bodenfläche
33111;Flächenerhebung nach Art der tatsächlichen Nutzung;STAG;Stichtag;2017-12-31;KREISE;Kreise und kreisfreie Städte;12063;Havelland, Landkreis;ADV09C;Nutzungsarten 2-Steller (AdV-Nutzungsartenkatalog 2009);ADVN09-33;Gehölz;612;ha;FLC005A;Bodenfläche
33111;Flächenerhebung nach Art der tatsächlichen Nutzung;STAG;Stichtag;2017-12-31;KREISE;Kreise und kreisfreie Städte;06633;Kassel, Landkreis;ADV09C;Nutzungsarten 2-Steller (AdV-Nutzungsartenkatalog 2009);ADVN09-41;Fließgewässer;1232;ha;FLC005A;Bodenfläche
33111;Flächenerhebung nach Art der tatsächlichen Nutzung;STAG;Stichtag;2022-12-31;KREISE;Kreise und kreisfreie Städte;12064;Märkisch-Oderland, Landkreis;ADV09C;Nutzungsarten 2-Steller (AdV-Nutzungsartenkatalog 2009);ADVN09-41;Fließgewässer;2502;ha;FLC005A;Bodenfläche
33111;Flächenerhebung nach Art der tatsächlichen Nutzung;STAG;Stichtag;2018-12-31;KREISE;Kreise und kreisfreie Städte;06534;Marburg-Biedenkopf, Landkreis;ADV09C;Nutzungsarten 2-Steller (AdV-Nutzungsartenkatalog 2009);ADVN09-36;Sumpf;14;ha;FLC005A;Bodenfläche
33111;Flächenerhebung nach Art der tatsächlichen Nutzung;STAG;Stichtag;2020-12-31;KREISE;Kreise und kreisfreie Städte;06535;Vogelsbergkreis;ADV09C;Nutzungsarten 2-Steller (AdV-Nutzungsartenkatalog 2009);ADVN09-31;Landwirtschaft;70850;ha;FLC005A;Bodenfläche
33111;Flächenerhebung nach Art der tatsächlichen Nutzung;STAG;Stichtag;2017-12-31;KREISE;Kreise und kreisfreie Städte;06532;Lahn-Dill-Kreis;ADV09C;Nutzungsarten 2-Steller (AdV-Nutzungsartenkatalog 2009);ADVN09-32;Wald;50390;ha;FLC005A;Bodenfläche
33111;Flächenerhebung nach Art der tatsächlichen Nutzung;STAG;Stichtag;2019-12-31;KREISE;Kreise und kreisfreie Städte;12067;Oder-Spree, Landkreis;ADV09C;Nutzungsarten 2-Steller (AdV-Nutzungsartenkatalog 2009);ADVN09-43;Stehendes Gewässer;6336;ha;FLC005A;Bodenfläche
33111;Flächenerhebung nach Art der tatsächlichen Nutzung;STAG;Stichtag;2021-12-31;KREISE;Kreise und kreisfreie Städte;12064;Märkisch-Oderland, Landkreis;ADV09C;Nutzungsarten 2-Steller (AdV-Nutzungsartenkatalog 2009);ADVN09-31;Landwirtschaft;131029;ha;FLC005A;Bodenfläche
33111;Flächenerhebung nach Art der tatsächlichen Nutzung;STAG;Stichtag;2016-12-31;KREISE;Kreise und kreisfreie Städte;06534;Marburg-Biedenkopf, Landkreis;ADV09C;Nutzungsarten 2-Steller (AdV-Nutzungsartenkatalog 2009);ADVN09-33;Gehölz;426;ha;FLC005A;Bodenfläche
33111;Flächenerhebung nach Art der tatsächlichen Nutzung;STAG;Stichtag;2020-12-31;KREISE;Kreise und kreisfreie Städte;12066;Oberspreewald-Lausitz, Landkreis;ADV09C;Nutzungsarten 2-Steller (AdV-Nutzungsartenkatalog 2009);ADVN09-32;Wald;45861;ha;FLC005A;Bodenfläche
33111;Flächenerhebung nach Art der tatsächlichen Nutzung;STAG;Stichtag;2022-12-31;KREISE;Kreise und kreisfreie Städte;06535;Vogelsbergkreis;ADV09C;Nutzungsarten 2-Steller (AdV-Nutzungsartenkatalog 2009);ADVN09-34;Heide;-;ha;FLC005A;Bodenfläche
33111;Flächenerhebung nach Art der tatsächlichen Nutzung;STAG;Stichtag;2018-12-31;KREISE;Kreise und kreisfreie Städte;12063;Havelland, Landkreis;ADV09C;Nutzungsarten 2-Steller (AdV-Nutzungsartenkatalog 2009);ADVN09-43;Stehendes Gewässer;2071;ha;FLC005A;Bodenfläche
33111;Flächenerhebung nach Art der tatsächlichen Nutzung;STAG;Stichtag;2022-12-31;KREISE;Kreise und kreisfreie Städte;06633;Kassel, Landkreis;ADV09C;Nutzungsarten 2-Steller (AdV-Nutzungsartenkatalog 2009);ADVN09-34;Heide;-;ha;FLC005A;Bodenfläche
33111;Flächenerhebung nach Art der tatsächlichen Nutzung;STAG;Stichtag;2019-12-31;KREISE;Kreise und kreisfreie Städte;06636;Werra-Meißner-Kreis;ADV09C;Nutzungsarten 2-Steller (AdV-Nutzungsartenkatalog 2009);ADVN09-36;Sumpf;23;ha;FLC005A;Bodenfläche
33111;Flächenerhebung nach Art der tatsächlichen Nutzung;STAG;Stichtag;2020-12-31;KREISE;Kreise und kreisfreie Städte;06531;Gießen, Landkreis;ADV09C;Nutzungsarten 2-Steller (AdV-Nutzungsartenkatalog 2009);ADVN09-35;Moor;0;ha;FLC005A;Bodenfläche
33111;Flächenerhebung nach Art der tatsächlichen Nutzung;STAG;Stichtag;2019-12-31;KREISE;Kreise und kreisfreie Städte;06535;Vogelsbergkreis;ADV09C;Nutzungsarten 2-Steller (AdV-Nutzungsartenkatalog 2009);ADVN09-44;Meer;-;ha;FLC005A;Bodenfläche
33111;Flächenerhebung nach Art der tatsächlichen Nutzung;STAG;Stichtag;2017-12-31;KREISE;Kreise und kreisfreie Städte;12063;Havelland, Landkreis;ADV09C;Nutzungsarten 2-Steller (AdV-Nutzungsartenkatalog 2009);ADVN09-44;Meer;-;ha;FLC005A;Bodenfläche
33111;Flächenerhebung nach Art der tatsächlichen Nutzung;STAG;Stichtag;2022-12-31;KREISE;Kreise und kreisfreie Städte;12065;Oberhavel, Landkreis;ADV09C;Nutzungsarten 2-Steller (AdV-Nutzungsartenkatalog 2009);ADVN09-37;Unland, Vegetationslose Fläche;3296;ha;FLC005A;Bodenfläche
33111;Flächenerhebung nach Art der tatsächlichen Nutzung;STAG;Stichtag;2021-12-31;KREISE;Kreise und kreisfreie Städte;06533;Limburg-Weilburg, Landkreis;ADV09C;Nutzungsarten 2-Steller (AdV-Nutzungsartenkatalog 2009);ADVN09-41;Fließgewässer;739;ha;FLC005A;Bodenfläche
33111;Flächenerhebung nach Art der tatsächlichen Nutzung;STAG;Stichtag;2017-12-31;KREISE;Kreise und kreisfreie Städte;06636;Werra-Meißner-Kreis;ADV09C;Nutzungsarten 2-Steller (AdV-Nutzungsartenkatalog 2009);ADVN09-33;Gehölz;860;ha;FLC005A;Bodenfläche
33111;Flächenerhebung nach Art der tatsächlichen Nutzung;STAG;Stichtag;2018-12-31;KREISE;Kreise und kreisfreie Städte;06636;Werra-Meißner-Kreis;ADV09C;Nutzungsarten 2-Steller (AdV-Nutzungsartenkatalog 2009);ADVN09-32;Wald;43581;ha;FLC005A;Bodenfläche
33111;Flächenerhebung nach Art der tatsächlichen Nutzung;STAG;Stichtag;2021-12-31;KREISE;Kreise und kreisfreie Städte;12064;Märkisch-Oderland, Landkreis;ADV09C;Nutzungsarten 2-Steller (AdV-Nutzungsartenkatalog 2009);ADVN09-42;Hafenbecken;1;ha;FLC005A;Bodenfläche
33111;Flächenerhebung nach Art der tatsächlichen Nutzung;STAG;Stichtag;2019-12-31;KREISE;Kreise und kreisfreie Städte;12064;Märkisch-Oderland, Landkreis;ADV09C;Nutzungsarten 2-Steller (AdV-Nutzungsartenkatalog 2009);ADVN09-34;Heide;46;ha;FLC005A;Bodenfläche
33111;Flächenerhebung nach Art der tatsächlichen Nutzung;STAG;Stichtag;2020-12-31;KREISE;Kreise und kreisfreie Städte;12064;Märkisch-Oderland, Landkreis;ADV09C;Nutzungsarten 2-Steller (AdV-Nutzungsartenkatalog 2009);ADVN09-36;Sumpf;740;ha;FLC005A;Bodenfläche
33111;Flächenerhebung nach Art der tatsächlichen Nutzung;STAG;Stichtag;2020-12-31;KREISE;Kreise und kreisfreie Städte;06439;Rheingau-Taunus-Kreis;ADV09C;Nutzungsarten 2-Steller (AdV-Nutzungsartenkatalog 2009);ADVN09-42;Hafenbecken;6;ha;FLC005A;Bodenfläche
33111;Flächenerhebung nach Art der tatsächlichen Nutzung;STAG;Stichtag;2018-12-31;KREISE;Kreise und kreisfreie Städte;06532;Lahn-Dill-Kreis;ADV09C;Nutzungsarten 2-Steller (AdV-Nutzungsartenkatalog 2009);ADVN09-42;Hafenbecken;-;ha;FLC005A;Bodenfläche
33111;Flächenerhebung nach Art der tatsächlichen Nutzung;STAG;Stichtag;2017-12-31;KREISE;Kreise und kreisfreie Städte;06532;Lahn-Dill-Kreis;ADV09C;Nutzungsarten 2-Steller (AdV-Nutzungsartenkatalog 2009);ADVN09-43;Stehendes Gewässer;302;ha;FLC005A;Bodenfläche
33111;Flächenerhebung nach Art der tatsächlichen Nutzung;STAG;Stichtag;2019-12-31;KREISE;Kreise und kreisfreie Städte;06633;Kassel, Landkreis;ADV09C;Nutzungsarten 2-Steller (AdV-Nutzungsartenkatalog 2009);ADVN09-44;Meer;-;ha;FLC005A;Bodenfläche
33111;Flächenerhebung nach Art der tatsächlichen Nutzung;STAG;Stichtag;2016-12-31;KREISE;Kreise und kreisfreie Städte;12064;Märkisch-Oderland, Landkreis;ADV09C;Nutzungsarten 2-Steller (AdV-Nutzungsartenkatalog 2009);ADVN09-36;Sumpf;632;ha;FLC005A;Bodenfläche
33111;Flächenerhebung nach Art der tatsächlichen Nutzung;STAG;Stichtag;2017-12-31;KREISE;Kreise und kreisfreie Städte;12064;Märkisch-Oderland, Landkreis;ADV09C;Nutzungsarten 2-Steller (AdV-Nutzungsartenkatalog 2009);ADVN09-31;Landwirtschaft;132045;ha;FLC005A;Bodenfläche
33111;Flächenerhebung nach Art der tatsächlichen Nutzung;STAG;Stichtag;2022-12-31;KREISE;Kreise und kreisfreie Städte;06636;Werra-Meißner-Kreis;ADV09C;Nutzungsarten 2-Steller (AdV-Nutzungsartenkatalog 2009);ADVN09-37;Unland, Vegetationslose Fläche;629;ha;FLC005A;Bodenfläche
33111;Flächenerhebung nach Art der tatsächlichen Nutzung;STAG;Stichtag;2016-12-31;KREISE;Kreise und kreisfreie Städte;06439;Rheingau-Taunus-Kreis;ADV09C;Nutzungsarten 2-Steller (AdV-Nutzungsartenkatalog 2009);ADVN09-31;Landwirtschaft;23602;ha;FLC005A;Bodenfläche
33111;Flächenerhebung nach Art der tatsächlichen Nutzung;STAG;Stichtag;2020-12-31;KREISE;Kreise und kreisfreie Städte;06534;Marburg-Biedenkopf, Landkreis;ADV09C;Nutzungsarten 2-Steller (AdV-Nutzungsartenkatalog 2009);ADVN09-33;Gehölz;484;ha;FLC005A;Bodenfläche
33111;Flächenerhebung nach Art der tatsächlichen Nutzung;STAG;Stichtag;2022-12-31;KREISE;Kreise und kreisfreie Städte;12067;Oder-Spree, Landkreis;ADV09C;Nutzungsarten 2-Steller (AdV-Nutzungsartenkatalog 2009);ADVN09-44;Meer;-;ha;FLC005A;Bodenfläche
33111;Flächenerhebung nach Art der tatsächlichen Nutzung;STAG;Stichtag;2021-12-31;KREISE;Kreise und kreisfreie Städte;06534;Marburg-Biedenkopf, Landkreis;ADV09C;Nutzungsarten 2-Steller (AdV-Nutzungsartenkatalog 2009);ADVN09-37;Unland, Vegetationslose Fläche;412;ha;FLC005A;Bodenfläche
33111;Flächenerhebung nach Art der tatsächlichen Nutzung;STAG;Stichtag;2017-12-31;KREISE;Kreise und kreisfreie Städte;06439;Rheingau-Taunus-Kreis;ADV09C;Nutzungsarten 2-Steller (AdV-Nutzungsartenkatalog 2009);ADVN09-35;Moor;0;ha;FLC005A;Bodenfläche
33111;Flächenerhebung nach Art der tatsächlichen Nutzung;STAG;Stichtag;2021-12-31;KREISE;Kreise und kreisfreie Städte;06636;Werra-Meißner-Kreis;ADV09C;Nutzungsarten 2-Steller (AdV-Nutzungsartenkatalog 2009);ADVN09-33;Gehölz;923;ha;FLC005A;Bodenfläche
33111;Flächenerhebung nach Art der tatsächlichen Nutzung;STAG;Stichtag;2018-12-31;KREISE;Kreise und kreisfreie Städte;06439;Rheingau-Taunus-Kreis;ADV09C;Nutzungsarten 2-Steller (AdV-Nutzungsartenkatalog 2009);ADVN09-34;Heide;-;ha;FLC005A;Bodenfläche
33111;Flächenerhebung nach Art der tatsächlichen Nutzung;STAG;Stichtag;2020-12-31;KREISE;Kreise und kreisfreie Städte;12065;Oberhavel, Landkreis;ADV09C;Nutzungsarten 2-Steller (AdV-Nutzungsartenkatalog 2009);ADVN09-34;Heide;146;ha;FLC005A;Bodenfläche
33111;Flächenerhebung nach Art der tatsächlichen Nutzung;STAG;Stichtag;2019-12-31;KREISE;Kreise und kreisfreie Städte;06533;Limburg-Weilburg, Landkreis;ADV09C;Nutzungsarten 2-Steller (AdV-Nutzungsartenkatalog 2009);ADVN09-33;Gehölz;582;ha;FLC005A;Bodenfläche
33111;Flächenerhebung nach Art der tatsächlichen Nutzung;STAG;Stichtag;2022-12-31;KREISE;Kreise und kreisfreie Städte;06636;Werra-Meißner-Kreis;ADV09C;Nutzungsarten 2-Steller (AdV-Nutzungsartenkatalog 2009);ADVN09-32;Wald;43604;ha;FLC005A;Bodenfläche
33111;Flächenerhebung nach Art der tatsächlichen Nutzung;STAG;Stichtag;2022-12-31;KREISE;Kreise und kreisfreie Städte;06534;Marburg-Biedenkopf, Landkreis;ADV09C;Nutzungsarten 2-Steller (AdV-Nutzungsartenkatalog 2009);ADVN09-36;Sumpf;23;ha;FLC005A;Bodenfläche
33111;Flächenerhebung nach Art der tatsächlichen Nutzung;STAG;Stichtag;2021-12-31;KREISE;Kreise und kreisfreie Städte;12063;Havelland, Landkreis;ADV09C;Nutzungsarten 2-Steller (AdV-Nutzungsartenkatalog 2009);ADVN09-44;Meer;-;ha;FLC005A;Bodenfläche
33111;Flächenerhebung nach Art der tatsächlichen Nutzung;STAG;Stichtag;2016-12-31;KREISE;Kreise und kreisfreie Städte;06533;Limburg-Weilburg, Landkreis;ADV09C;Nutzungsarten 2-Steller (AdV-Nutzungsartenkatalog 2009);ADVN09-35;Moor;0;ha;FLC005A;Bodenfläche
33111;Flächenerhebung nach Art der tatsächlichen Nutzung;STAG;Stichtag;2022-12-31;KREISE;Kreise und kreisfreie Städte;12063;Havelland, Landkreis;ADV09C;Nutzungsarten 2-Steller (AdV-Nutzungsartenkatalog 2009);ADVN09-43;Stehendes Gewässer;1852;ha;FLC005A;Bodenfläche
33111;Flächenerhebung nach Art der tatsächlichen Nutzung;STAG;Stichtag;2016-12-31;KREISE;Kreise und kreisfreie Städte;12066;Oberspreewald-Lausitz, Landkreis;ADV09C;Nutzungsarten 2-Steller (AdV-Nutzungsartenkatalog 2009);ADVN09-43;Stehendes Gewässer;2896;ha;FLC005A;Bodenfläche
33111;Flächenerhebung nach Art der tatsächlichen Nutzung;STAG;Stichtag;2018-12-31;KREISE;Kreise und kreisfreie Städte;12066;Oberspreewald-Lausitz, Landkreis;ADV09C;Nutzungsarten 2-Steller (AdV-Nutzungsartenkatalog 2009);ADVN09-41;Fließgewässer;1459;ha;FLC005A;Bodenfläche
33111;Flächenerhebung nach Art der tatsächlichen Nutzung;STAG;Stichtag;2022-12-31;KREISE;Kreise und kreisfreie Städte;06439;Rheingau-Taunus-Kreis;ADV09C;Nutzungsarten 2-Steller (AdV-Nutzungsartenkatalog 2009);ADVN09-34;Heide;-;ha;FLC005A;Bodenfläche
33111;Flächenerhebung nach Art der tatsächlichen Nutzung;STAG;Stichtag;2018-12-31;KREISE;Kreise und kreisfreie Städte;12067;Oder-Spree, Landkreis;ADV09C;Nutzungsarten 2-Steller (AdV-Nutzungsartenkatalog 2009);ADVN09-37;Unland, Vegetationslose Fläche;2529;ha;FLC005A;Bodenfläche
33111;Flächenerhebung nach Art der tatsächlichen Nutzung;STAG;Stichtag;2018-12-31;KREISE;Kreise und kreisfreie Städte;12067;Oder-Spree, Landkreis;ADV09C;Nutzungsarten 2-Steller (AdV-Nutzungsartenkatalog 2009);ADVN09-33;Gehölz;1678;ha;FLC005A;Bodenfläche
33111;Flächenerhebung nach Art der tatsächlichen Nutzung;STAG;Stichtag;2020-12-31;KREISE;Kreise und kreisfreie Städte;06636;Werra-Meißner-Kreis;ADV09C;Nutzungsarten 2-Steller (AdV-Nutzungsartenkatalog 2009);ADVN09-34;Heide;-;ha;FLC005A;Bodenfläche
33111;Flächenerhebung nach Art der tatsächlichen Nutzung;STAG;Stichtag;2019-12-31;KREISE;Kreise und kreisfreie Städte;06636;Werra-Meißner-Kreis;ADV09C;Nutzungsarten 2-Steller (AdV-Nutzungsartenkatalog 2009);ADVN09-42;Hafenbecken;-;ha;FLC005A;Bodenfläche
33111;Flächenerhebung nach Art der tatsächlichen Nutzung;STAG;Stichtag;2020-12-31;KREISE;Kreise und kreisfreie Städte;12067;Oder-Spree, Landkreis;ADV09C;Nutzungsarten 2-Steller (AdV-Nutzungsartenkatalog 2009);ADVN09-41;Fließgewässer;2111;ha;FLC005A;Bodenfläche
33111;Flächenerhebung nach Art der tatsächlichen Nutzung;STAG;Stichtag;2017-12-31;KREISE;Kreise und kreisfreie Städte;06439;Rheingau-Taunus-Kreis;ADV09C;Nutzungsarten 2-Steller (AdV-Nutzungsartenkatalog 2009);ADVN09-41;Fließgewässer;1432;ha;FLC005A;Bodenfläche
33111;Flächenerhebung nach Art der tatsächlichen Nutzung;STAG;Stichtag;2016-12-31;KREISE;Kreise und kreisfreie Städte;12067;Oder-Spree, Landkreis;ADV09C;Nutzungsarten 2-Steller (AdV-Nutzungsartenkatalog 2009);ADVN09-34;Heide;107;ha;FLC005A;Bodenfläche
33111;Flächenerhebung nach Art der tatsächlichen Nutzung;STAG;Stichtag;2021-12-31;KREISE;Kreise und kreisfreie Städte;06531;Gießen, Landkreis;ADV09C;Nutzungsarten 2-Steller (AdV-Nutzungsartenkatalog 2009);ADVN09-34;Heide;-;ha;FLC005A;Bodenfläche
33111;Flächenerhebung nach Art der tatsächlichen Nutzung;STAG;Stichtag;2016-12-31;KREISE;Kreise und kreisfreie Städte;06633;Kassel, Landkreis;ADV09C;Nutzungsarten 2-Steller (AdV-Nutzungsartenkatalog 2009);ADVN09-42;Hafenbecken;1;ha;FLC005A;Bodenfläche
33111;Flächenerhebung nach Art der tatsächlichen Nutzung;STAG;Stichtag;2022-12-31;KREISE;Kreise und kreisfreie Städte;12066;Oberspreewald-Lausitz, Landkreis;ADV09C;Nutzungsarten 2-Steller (AdV-Nutzungsartenkatalog 2009);ADVN09-41;Fließgewässer;1308;ha;FLC005A;Bodenfläche
33111;Flächenerhebung nach Art der tatsächlichen Nutzung;STAG;Stichtag;2016-12-31;KREISE;Kreise und kreisfreie Städte;06535;Vogelsbergkreis;ADV09C;Nutzungsarten 2-Steller (AdV-Nutzungsartenkatalog 2009);ADVN09-42;Hafenbecken;0;ha;FLC005A;Bodenfläche
33111;Flächenerhebung nach Art der tatsächlichen Nutzung;STAG;Stichtag;2020-12-31;KREISE;Kreise und kreisfreie Städte;06439;Rheingau-Taunus-Kreis;ADV09C;Nutzungsarten 2-Steller (AdV-Nutzungsartenkatalog 2009);ADVN09-36;Sumpf;5;ha;FLC005A;Bodenfläche
33111;Flächenerhebung nach Art der tatsächlichen Nutzung;STAG;Stichtag;2019-12-31;KREISE;Kreise und kreisfreie Städte;06636;Werra-Meißner-Kreis;ADV09C;Nutzungsarten 2-Steller (AdV-Nutzungsartenkatalog 2009);ADVN09-31;Landwirtschaft;43940;ha;FLC005A;Bodenfläche
33111;Flächenerhebung nach Art der tatsächlichen Nutzung;STAG;Stichtag;2017-12-31;KREISE;Kreise und kreisfreie Städte;06636;Werra-Meißner-Kreis;ADV09C;Nutzungsarten 2-Steller (AdV-Nutzungsartenkatalog 2009);ADVN09-37;Unland, Vegetationslose Fläche;623;ha;FLC005A;Bodenfläche
33111;Flächenerhebung nach Art der tatsächlichen Nutzung;STAG;Stichtag;2020-12-31;KREISE;Kreise und kreisfreie Städte;06439;Rheingau-Taunus-Kreis;ADV09C;Nutzungsarten 2-Steller (AdV-Nutzungsartenkatalog 2009);ADVN09-31;Landwirtschaft;23406;ha;FLC005A;Bodenfläche
33111;Flächenerhebung nach Art der tatsächlichen Nutzung;STAG;Stichtag;2018-12-31;KREISE;Kreise und kreisfreie Städte;12065;Oberhavel, Landkreis;ADV09C;Nutzungsarten 2-Steller (AdV-Nutzungsartenkatalog 2009);ADVN09-43;Stehendes Gewässer;4639;ha;FLC005A;Bodenfläche
33111;Flächenerhebung nach Art der tatsächlichen Nutzung;STAG;Stichtag;2016-12-31;KREISE;Kreise und kreisfreie Städte;06633;Kassel, Landkreis;ADV09C;Nutzungsarten 2-Steller (AdV-Nutzungsartenkatalog 2009);ADVN09-35;Moor;1;ha;FLC005A;Bodenfläche
33111;Flächenerhebung nach Art der tatsächlichen Nutzung;STAG;Stichtag;2022-12-31;KREISE;Kreise und kreisfreie Städte;12067;Oder-Spree, Landkreis;ADV09C;Nutzungsarten 2-Steller (AdV-Nutzungsartenkatalog 2009);ADVN09-37;Unland, Vegetationslose Fläche;2333;ha;FLC005A;Bodenfläche
33111;Flächenerhebung nach Art der tatsächlichen Nutzung;STAG;Stichtag;2016-12-31;KREISE;Kreise und kreisfreie Städte;12064;Märkisch-Oderland, Landkreis;ADV09C;Nutzungsarten 2-Steller (AdV-Nutzungsartenkatalog 2009);ADVN09-42;Hafenbecken;0;ha;FLC005A;Bodenfläche
33111;Flächenerhebung nach Art der tatsächlichen Nutzung;STAG;Stichtag;2021-12-31;KREISE;Kreise und kreisfreie Städte;06531;Gießen, Landkreis;ADV09C;Nutzungsarten 2-Steller (AdV-Nutzungsartenkatalog 2009);ADVN09-41;Fließgewässer;734;ha;FLC005A;Bodenfläche
33111;Flächenerhebung nach Art der tatsächlichen Nutzung;STAG;Stichtag;2022-12-31;KREISE;Kreise und kreisfreie Städte;12067;Oder-Spree, Landkreis;ADV09C;Nutzungsarten 2-Steller (AdV-Nutzungsartenkatalog 2009);ADVN09-33;Gehölz;2499;ha;FLC005A;Bodenfläche
33111;Flächenerhebung nach Art der tatsächlichen Nutzung;STAG;Stichtag;2021-12-31;KREISE;Kreise und kreisfreie Städte;06636;Werra-Meißner-Kreis;ADV09C;Nutzungsarten 2-Steller (AdV-Nutzungsartenkatalog 2009);ADVN09-44;Meer;-;ha;FLC005A;Bodenfläche
33111;Flächenerhebung nach Art der tatsächlichen Nutzung;STAG;Stichtag;2016-12-31;KREISE;Kreise und kreisfreie Städte;06535;Vogelsbergkreis;ADV09C;Nutzungsarten 2-Steller (AdV-Nutzungsartenkatalog 2009);ADVN09-31;Landwirtschaft;71376;ha;FLC005A;Bodenfläche
33111;Flächenerhebung nach Art der tatsächlichen Nutzung;STAG;Stichtag;2020-12-31;KREISE;Kreise und kreisfreie Städte;06535;Vogelsbergkreis;ADV09C;Nutzungsarten 2-Steller (AdV-Nutzungsartenkatalog 2009);ADVN09-42;Hafenbecken;-;ha;FLC005A;Bodenfläche
33111;Flächenerhebung nach Art der tatsächlichen Nutzung;STAG;Stichtag;2020-12-31;KREISE;Kreise und kreisfreie Städte;12066;Oberspreewald-Lausitz, Landkreis;ADV09C;Nutzungsarten 2-Steller (AdV-Nutzungsartenkatalog 2009);ADVN09-36;Sumpf;110;ha;FLC005A;Bodenfläche
33111;Flächenerhebung nach Art der tatsächlichen Nutzung;STAG;Stichtag;2016-12-31;KREISE;Kreise und kreisfreie Städte;06534;Marburg-Biedenkopf, Landkreis;ADV09C;Nutzungsarten 2-Steller (AdV-Nutzungsartenkatalog 2009);ADVN09-44;Meer;-;ha;FLC005A;Bodenfläche
33111;Flächenerhebung nach Art der tatsächlichen Nutzung;STAG;Stichtag;2020-12-31;KREISE;Kreise und kreisfreie Städte;12066;Oberspreewald-Lausitz, Landkreis;ADV09C;Nutzungsarten 2-Steller (AdV-Nutzungsartenkatalog 2009);ADVN09-43;Stehendes Gewässer;3488;ha;FLC005A;Bodenfläche
33111;Flächenerhebung nach Art der tatsächlichen Nutzung;STAG;Stichtag;2018-12-31;KREISE;Kreise und kreisfreie Städte;06534;Marburg-Biedenkopf, Landkreis;ADV09C;Nutzungsarten 2-Steller (AdV-Nutzungsartenkatalog 2009);ADVN09-42;Hafenbecken;-;ha;FLC005A;Bodenfläche
33111;Flächenerhebung nach Art der tatsächlichen Nutzung;STAG;Stichtag;2022-12-31;KREISE;Kreise und kreisfreie Städte;06534;Marburg-Biedenkopf, Landkreis;ADV09C;Nutzungsarten 2-Steller (AdV-Nutzungsartenkatalog 2009);ADVN09-43;Stehendes Gewässer;231;ha;FLC005A;Bodenfläche
33111;Flächenerhebung nach Art der tatsächlichen Nutzung;STAG;Stichtag;2018-12-31;KREISE;Kreise und kreisfreie Städte;12066;Oberspreewald-Lausitz, Landkreis;ADV09C;Nutzungsarten 2-Steller (AdV-Nutzungsartenkatalog 2009);ADVN09-35;Moor;2;ha;FLC005A;Bodenfläche
33111;Flächenerhebung nach Art der tatsächlichen Nutzung;STAG;Stichtag;2016-12-31;KREISE;Kreise und kreisfreie Städte;06633;Kassel, Landkreis;ADV09C;Nutzungsarten 2-Steller (AdV-Nutzungsartenkatalog 2009);ADVN09-31;Landwirtschaft;57960;ha;FLC005A;Bodenfläche
33111;Flächenerhebung nach Art der tatsächlichen Nutzung;STAG;Stichtag;2019-12-31;KREISE;Kreise und kreisfreie Städte;06531;Gießen, Landkreis;ADV09C;Nutzungsarten 2-Steller (AdV-Nutzungsartenkatalog 2009);ADVN09-37;Unland, Vegetationslose Fläche;293;ha;FLC005A;Bodenfläche
33111;Flächenerhebung nach Art der tatsächlichen Nutzung;STAG;Stichtag;2016-12-31;KREISE;Kreise und kreisfreie Städte;12066;Oberspreewald-Lausitz, Landkreis;ADV09C;Nutzungsarten 2-Steller (AdV-Nutzungsartenkatalog 2009);ADVN09-36;Sumpf;83;ha;FLC005A;Bodenfläche
33111;Flächenerhebung nach Art der tatsächlichen Nutzung;STAG;Stichtag;2021-12-31;KREISE;Kreise und kreisfreie Städte;06532;Lahn-Dill-Kreis;ADV09C;Nutzungsarten 2-Steller (AdV-Nutzungsartenkatalog 2009);ADVN09-32;Wald;50648;ha;FLC005A;Bodenfläche
33111;Flächenerhebung nach Art der tatsächlichen Nutzung;STAG;Stichtag;2021-12-31;KREISE;Kreise und kreisfreie Städte;06532;Lahn-Dill-Kreis;ADV09C;Nutzungsarten 2-Steller (AdV-Nutzungsartenkatalog 2009);ADVN09-37;Unland, Vegetationslose Fläche;223;ha;FLC005A;Bodenfläche
33111;Flächenerhebung nach Art der tatsächlichen Nutzung;STAG;Stichtag;2016-12-31;KREISE;Kreise und kreisfreie Städte;12066;Oberspreewald-Lausitz, Landkreis;ADV09C;Nutzungsarten 2-Steller (AdV-Nutzungsartenkatalog 2009);ADVN09-32;Wald;45789;ha;FLC005A;Bodenfläche
33111;Flächenerhebung nach Art der tatsächlichen Nutzung;STAG;Stichtag;2018-12-31;KREISE;Kreise und kreisfreie Städte;06535;Vogelsbergkreis;ADV09C;Nutzungsarten 2-Steller (AdV-Nutzungsartenkatalog 2009);ADVN09-34;Heide;-;ha;FLC005A;Bodenfläche
33111;Flächenerhebung nach Art der tatsächlichen Nutzung;STAG;Stichtag;2017-12-31;KREISE;Kreise und kreisfreie Städte;06636;Werra-Meißner-Kreis;ADV09C;Nutzungsarten 2-Steller (AdV-Nutzungsartenkatalog 2009);ADVN09-44;Meer;-;ha;FLC005A;Bodenfläche
33111;Flächenerhebung nach Art der tatsächlichen Nutzung;STAG;Stichtag;2019-12-31;KREISE;Kreise und kreisfreie Städte;06531;Gießen, Landkreis;ADV09C;Nutzungsarten 2-Steller (AdV-Nutzungsartenkatalog 2009);ADVN09-33;Gehölz;620;ha;FLC005A;Bodenfläche
33111;Flächenerhebung nach Art der tatsächlichen Nutzung;STAG;Stichtag;2016-12-31;KREISE;Kreise und kreisfreie Städte;06535;Vogelsbergkreis;ADV09C;Nutzungsarten 2-Steller (AdV-Nutzungsartenkatalog 2009);ADVN09-35;Moor;-;ha;FLC005A;Bodenfläche
33111;Flächenerhebung nach Art der tatsächlichen Nutzung;STAG;Stichtag;2020-12-31;KREISE;Kreise und kreisfreie Städte;12067;Oder-Spree, Landkreis;ADV09C;Nutzungsarten 2-Steller (AdV-Nutzungsartenkatalog 2009);ADVN09-34;Heide;106;ha;FLC005A;Bodenfläche
33111;Flächenerhebung nach Art der tatsächlichen Nutzung;STAG;Stichtag;2017-12-31;KREISE;Kreise und kreisfreie Städte;06531;Gießen, Landkreis;ADV09C;Nutzungsarten 2-Steller (AdV-Nutzungsartenkatalog 2009);ADVN09-34;Heide;-;ha;FLC005A;Bodenfläche
33111;Flächenerhebung nach Art der tatsächlichen Nutzung;STAG;Stichtag;2020-12-31;KREISE;Kreise und kreisfreie Städte;06633;Kassel, Landkreis;ADV09C;Nutzungsarten 2-Steller (AdV-Nutzungsartenkatalog 2009);ADVN09-42;Hafenbecken;1;ha;FLC005A;Bodenfläche
33111;Flächenerhebung nach Art der tatsächlichen Nutzung;STAG;Stichtag;2018-12-31;KREISE;Kreise und kreisfreie Städte;06633;Kassel, Landkreis;ADV09C;Nutzungsarten 2-Steller (AdV-Nutzungsartenkatalog 2009);ADVN09-34;Heide;-;ha;FLC005A;Bodenfläche
33111;Flächenerhebung nach Art der tatsächlichen Nutzung;STAG;Stichtag;2019-12-31;KREISE;Kreise und kreisfreie Städte;06439;Rheingau-Taunus-Kreis;ADV09C;Nutzungsarten 2-Steller (AdV-Nutzungsartenkatalog 2009);ADVN09-44;Meer;-;ha;FLC005A;Bodenfläche
33111;Flächenerhebung nach Art der tatsächlichen Nutzung;STAG;Stichtag;2022-12-31;KREISE;Kreise und kreisfreie Städte;12065;Oberhavel, Landkreis;ADV09C;Nutzungsarten 2-Steller (AdV-Nutzungsartenkatalog 2009);ADVN09-43;Stehendes Gewässer;4491;ha;FLC005A;Bodenfläche
33111;Flächenerhebung nach Art der tatsächlichen Nutzung;STAG;Stichtag;2022-12-31;KREISE;Kreise und kreisfreie Städte;12065;Oberhavel, Landkreis;ADV09C;Nutzungsarten 2-Steller (AdV-Nutzungsartenkatalog 2009);ADVN09-44;Meer;-;ha;FLC005A;Bodenfläche
33111;Flächenerhebung nach Art der tatsächlichen Nutzung;STAG;Stichtag;2016-12-31;KREISE;Kreise und kreisfreie Städte;06636;Werra-Meißner-Kreis;ADV09C;Nutzungsarten 2-Steller (AdV-Nutzungsartenkatalog 2009);ADVN09-33;Gehölz;859;ha;FLC005A;Bodenfläche
33111;Flächenerhebung nach Art der tatsächlichen Nutzung;STAG;Stichtag;2019-12-31;KREISE;Kreise und kreisfreie Städte;06532;Lahn-Dill-Kreis;ADV09C;Nutzungsarten 2-Steller (AdV-Nutzungsartenkatalog 2009);ADVN09-42;Hafenbecken;-;ha;FLC005A;Bodenfläche
33111;Flächenerhebung nach Art der tatsächlichen Nutzung;STAG;Stichtag;2016-12-31;KREISE;Kreise und kreisfreie Städte;12064;Märkisch-Oderland, Landkreis;ADV09C;Nutzungsarten 2-Steller (AdV-Nutzungsartenkatalog 2009);ADVN09-43;Stehendes Gewässer;3207;ha;FLC005A;Bodenfläche
33111;Flächenerhebung nach Art der tatsächlichen Nutzung;STAG;Stichtag;2018-12-31;KREISE;Kreise und kreisfreie Städte;06533;Limburg-Weilburg, Landkreis;ADV09C;Nutzungsarten 2-Steller (AdV-Nutzungsartenkatalog 2009);ADVN09-44;Meer;-;ha;FLC005A;Bodenfläche
33111;Flächenerhebung nach Art der tatsächlichen Nutzung;STAG;Stichtag;2019-12-31;KREISE;Kreise und kreisfreie Städte;06531;Gießen, Landkreis;ADV09C;Nutzungsarten 2-Steller (AdV-Nutzungsartenkatalog 2009);ADVN09-43;Stehendes Gewässer;382;ha;FLC005A;Bodenfläche
33111;Flächenerhebung nach Art der tatsächlichen Nutzung;STAG;Stichtag;2016-12-31;KREISE;Kreise und kreisfreie Städte;12063;Havelland, Landkreis;ADV09C;Nutzungsarten 2-Steller (AdV-Nutzungsartenkatalog 2009);ADVN09-44;Meer;-;ha;FLC005A;Bodenfläche
33111;Flächenerhebung nach Art der tatsächlichen Nutzung;STAG;Stichtag;2021-12-31;KREISE;Kreise und kreisfreie Städte;12067;Oder-Spree, Landkreis;ADV09C;Nutzungsarten 2-Steller (AdV-Nutzungsartenkatalog 2009);ADVN09-33;Gehölz;2407;ha;FLC005A;Bodenfläche
33111;Flächenerhebung nach Art der tatsächlichen Nutzung;STAG;Stichtag;2020-12-31;KREISE;Kreise und kreisfreie Städte;12066;Oberspreewald-Lausitz, Landkreis;ADV09C;Nutzungsarten 2-Steller (AdV-Nutzungsartenkatalog 2009);ADVN09-37;Unland, Vegetationslose Fläche;5057;ha;FLC005A;Bodenfläche
33111;Flächenerhebung nach Art der tatsächlichen Nutzung;STAG;Stichtag;2019-12-31;KREISE;Kreise und kreisfreie Städte;06439;Rheingau-Taunus-Kreis;ADV09C;Nutzungsarten 2-Steller (AdV-Nutzungsartenkatalog 2009);ADVN09-34;Heide;-;ha;FLC005A;Bodenfläche
33111;Flächenerhebung nach Art der tatsächlichen Nutzung;STAG;Stichtag;2021-12-31;KREISE;Kreise und kreisfreie Städte;12064;Märkisch-Oderland, Landkreis;ADV09C;Nutzungsarten 2-Steller (AdV-Nutzungsartenkatalog 2009);ADVN09-36;Sumpf;868;ha;FLC005A;Bodenfläche
33111;Flächenerhebung nach Art der tatsächlichen Nutzung;STAG;Stichtag;2020-12-31;KREISE;Kreise und kreisfreie Städte;12064;Märkisch-Oderland, Landkreis;ADV09C;Nutzungsarten 2-Steller (AdV-Nutzungsartenkatalog 2009);ADVN09-42;Hafenbecken;0;ha;FLC005A;Bodenfläche
33111;Flächenerhebung nach Art der tatsächlichen Nutzung;STAG;Stichtag;2020-12-31;KREISE;Kreise und kreisfreie Städte;12065;Oberhavel, Landkreis;ADV09C;Nutzungsarten 2-Steller (AdV-Nutzungsartenkatalog 2009);ADVN09-41;Fließgewässer;2015;ha;FLC005A;Bodenfläche
33111;Flächenerhebung nach Art der tatsächlichen Nutzung;STAG;Stichtag;2022-12-31;KREISE;Kreise und kreisfreie Städte;06534;Marburg-Biedenkopf, Landkreis;ADV09C;Nutzungsarten 2-Steller (AdV-Nutzungsartenkatalog 2009);ADVN09-42;Hafenbecken;-;ha;FLC005A;Bodenfläche
33111;Flächenerhebung nach Art der tatsächlichen Nutzung;STAG;Stichtag;2021-12-31;KREISE;Kreise und kreisfreie Städte;12063;Havelland, Landkreis;ADV09C;Nutzungsarten 2-Steller (AdV-Nutzungsartenkatalog 2009);ADVN09-37;Unland, Vegetationslose Fläche;1628;ha;FLC005A;Bodenfläche
33111;Flächenerhebung nach Art der tatsächlichen Nutzung;STAG;Stichtag;2022-12-31;KREISE;Kreise und kreisfreie Städte;06531;Gießen, Landkreis;ADV09C;Nutzungsarten 2-Steller (AdV-Nutzungsartenkatalog 2009);ADVN09-33;Gehölz;915;ha;FLC005A;Bodenfläche
33111;Flächenerhebung nach Art der tatsächlichen Nutzung;STAG;Stichtag;2019-12-31;KREISE;Kreise und kreisfreie Städte;06532;Lahn-Dill-Kreis;ADV09C;Nutzungsarten 2-Steller (AdV-Nutzungsartenkatalog 2009);ADVN09-31;Landwirtschaft;35408;ha;FLC005A;Bodenfläche
33111;Flächenerhebung nach Art der tatsächlichen Nutzung;STAG;Stichtag;2019-12-31;KREISE;Kreise und kreisfreie Städte;06534;Marburg-Biedenkopf, Landkreis;ADV09C;Nutzungsarten 2-Steller (AdV-Nutzungsartenkatalog 2009);ADVN09-36;Sumpf;14;ha;FLC005A;Bodenfläche
33111;Flächenerhebung nach Art der tatsächlichen Nutzung;STAG;Stichtag;2022-12-31;KREISE;Kreise und kreisfreie Städte;12066;Oberspreewald-Lausitz, Landkreis;ADV09C;Nutzungsarten 2-Steller (AdV-Nutzungsartenkatalog 2009);ADVN09-42;Hafenbecken;2;ha;FLC005A;Bodenfläche
33111;Flächenerhebung nach Art der tatsächlichen Nutzung;STAG;Stichtag;2017-12-31;KREISE;Kreise und kreisfreie Städte;12067;Oder-Spree, Landkreis;ADV09C;Nutzungsarten 2-Steller (AdV-Nutzungsartenkatalog 2009);ADVN09-34;Heide;107;ha;FLC005A;Bodenfläche
33111;Flächenerhebung nach Art der tatsächlichen Nutzung;STAG;Stichtag;2022-12-31;KREISE;Kreise und kreisfreie Städte;06531;Gießen, Landkreis;ADV09C;Nutzungsarten 2-Steller (AdV-Nutzungsartenkatalog 2009);ADVN09-34;Heide;-;ha;FLC005A;Bodenfläche
33111;Flächenerhebung nach Art der tatsächlichen Nutzung;STAG;Stichtag;2016-12-31;KREISE;Kreise und kreisfreie Städte;12063;Havelland, Landkreis;ADV09C;Nutzungsarten 2-Steller (AdV-Nutzungsartenkatalog 2009);ADVN09-33;Gehölz;516;ha;FLC005A;Bodenfläche
33111;Flächenerhebung nach Art der tatsächlichen Nutzung;STAG;Stichtag;2017-12-31;KREISE;Kreise und kreisfreie Städte;12067;Oder-Spree, Landkreis;ADV09C;Nutzungsarten 2-Steller (AdV-Nutzungsartenkatalog 2009);ADVN09-33;Gehölz;1444;ha;FLC005A;Bodenfläche
33111;Flächenerhebung nach Art der tatsächlichen Nutzung;STAG;Stichtag;2018-12-31;KREISE;Kreise und kreisfreie Städte;12067;Oder-Spree, Landkreis;ADV09C;Nutzungsarten 2-Steller (AdV-Nutzungsartenkatalog 2009);ADVN09-43;Stehendes Gewässer;6337;ha;FLC005A;Bodenfläche
33111;Flächenerhebung nach Art der tatsächlichen Nutzung;STAG;Stichtag;2019-12-31;KREISE;Kreise und kreisfreie Städte;06636;Werra-Meißner-Kreis;ADV09C;Nutzungsarten 2-Steller (AdV-Nutzungsartenkatalog 2009);ADVN09-32;Wald;43585;ha;FLC005A;Bodenfläche
33111;Flächenerhebung nach Art der tatsächlichen Nutzung;STAG;Stichtag;2020-12-31;KREISE;Kreise und kreisfreie Städte;06636;Werra-Meißner-Kreis;ADV09C;Nutzungsarten 2-Steller (AdV-Nutzungsartenkatalog 2009);ADVN09-44;Meer;-;ha;FLC005A;Bodenfläche
33111;Flächenerhebung nach Art der tatsächlichen Nutzung;STAG;Stichtag;2018-12-31;KREISE;Kreise und kreisfreie Städte;06534;Marburg-Biedenkopf, Landkreis;ADV09C;Nutzungsarten 2-Steller (AdV-Nutzungsartenkatalog 2009);ADVN09-32;Wald;51351;ha;FLC005A;Bodenfläche
33111;Flächenerhebung nach Art der tatsächlichen Nutzung;STAG;Stichtag;2020-12-31;KREISE;Kreise und kreisfreie Städte;12064;Märkisch-Oderland, Landkreis;ADV09C;Nutzungsarten 2-Steller (AdV-Nutzungsartenkatalog 2009);ADVN09-31;Landwirtschaft;131501;ha;FLC005A;Bodenfläche
33111;Flächenerhebung nach Art der tatsächlichen Nutzung;STAG;Stichtag;2018-12-31;KREISE;Kreise und kreisfreie Städte;12065;Oberhavel, Landkreis;ADV09C;Nutzungsarten 2-Steller (AdV-Nutzungsartenkatalog 2009);ADVN09-44;Meer;-;ha;FLC005A;Bodenfläche
33111;Flächenerhebung nach Art der tatsächlichen Nutzung;STAG;Stichtag;2018-12-31;KREISE;Kreise und kreisfreie Städte;06534;Marburg-Biedenkopf, Landkreis;ADV09C;Nutzungsarten 2-Steller (AdV-Nutzungsartenkatalog 2009);ADVN09-31;Landwirtschaft;54527;ha;FLC005A;Bodenfläche
33111;Flächenerhebung nach Art der tatsächlichen Nutzung;STAG;Stichtag;2022-12-31;KREISE;Kreise und kreisfreie Städte;06532;Lahn-Dill-Kreis;ADV09C;Nutzungsarten 2-Steller (AdV-Nutzungsartenkatalog 2009);ADVN09-43;Stehendes Gewässer;320;ha;FLC005A;Bodenfläche
33111;Flächenerhebung nach Art der tatsächlichen Nutzung;STAG;Stichtag;2016-12-31;KREISE;Kreise und kreisfreie Städte;06636;Werra-Meißner-Kreis;ADV09C;Nutzungsarten 2-Steller (AdV-Nutzungsartenkatalog 2009);ADVN09-34;Heide;-;ha;FLC005A;Bodenfläche
33111;Flächenerhebung nach Art der tatsächlichen Nutzung;STAG;Stichtag;2022-12-31;KREISE;Kreise und kreisfreie Städte;06533;Limburg-Weilburg, Landkreis;ADV09C;Nutzungsarten 2-Steller (AdV-Nutzungsartenkatalog 2009);ADVN09-44;Meer;-;ha;FLC005A;Bodenfläche
33111;Flächenerhebung nach Art der tatsächlichen Nutzung;STAG;Stichtag;2019-12-31;KREISE;Kreise und kreisfreie Städte;06532;Lahn-Dill-Kreis;ADV09C;Nutzungsarten 2-Steller (AdV-Nutzungsartenkatalog 2009);ADVN09-41;Fließgewässer;952;ha;FLC005A;Bodenfläche
33111;Flächenerhebung nach Art der tatsächlichen Nutzung;STAG;Stichtag;2017-12-31;KREISE;Kreise und kreisfreie Städte;12067;Oder-Spree, Landkreis;ADV09C;Nutzungsarten 2-Steller (AdV-Nutzungsartenkatalog 2009);ADVN09-44;Meer;-;ha;FLC005A;Bodenfläche
33111;Flächenerhebung nach Art der tatsächlichen Nutzung;STAG;Stichtag;2018-12-31;KREISE;Kreise und kreisfreie Städte;12066;Oberspreewald-Lausitz, Landkreis;ADV09C;Nutzungsarten 2-Steller (AdV-Nutzungsartenkatalog 2009);ADVN09-42;Hafenbecken;0;ha;FLC005A;Bodenfläche
33111;Flächenerhebung nach Art der tatsächlichen Nutzung;STAG;Stichtag;2019-12-31;KREISE;Kreise und kreisfreie Städte;06531;Gießen, Landkreis;ADV09C;Nutzungsarten 2-Steller (AdV-Nutzungsartenkatalog 2009);ADVN09-44;Meer;-;ha;FLC005A;Bodenfläche
33111;Flächenerhebung nach Art der tatsächlichen Nutzung;STAG;Stichtag;2020-12-31;KREISE;Kreise und kreisfreie Städte;12063;Havelland, Landkreis;ADV09C;Nutzungsarten 2-Steller (AdV-Nutzungsartenkatalog 2009);ADVN09-44;Meer;-;ha;FLC005A;Bodenfläche
33111;Flächenerhebung nach Art der tatsächlichen Nutzung;STAG;Stichtag;2019-12-31;KREISE;Kreise und kreisfreie Städte;06439;Rheingau-Taunus-Kreis;ADV09C;Nutzungsarten 2-Steller (AdV-Nutzungsartenkatalog 2009);ADVN09-33;Gehölz;1400;ha;FLC005A;Bodenfläche
33111;Flächenerhebung nach Art der tatsächlichen Nutzung;STAG;Stichtag;2020-12-31;KREISE;Kreise und kreisfreie Städte;06636;Werra-Meißner-Kreis;ADV09C;Nutzungsarten 2-Steller (AdV-Nutzungsartenkatalog 2009);ADVN09-33;Gehölz;921;ha;FLC005A;Bodenfläche
33111;Flächenerhebung nach Art der tatsächlichen Nutzung;STAG;Stichtag;2021-12-31;KREISE;Kreise und kreisfreie Städte;12065;Oberhavel, Landkreis;ADV09C;Nutzungsarten 2-Steller (AdV-Nutzungsartenkatalog 2009);ADVN09-34;Heide;172;ha;FLC005A;Bodenfläche
33111;Flächenerhebung nach Art der tatsächlichen Nutzung;STAG;Stichtag;2020-12-31;KREISE;Kreise und kreisfreie Städte;12064;Märkisch-Oderland, Landkreis;ADV09C;Nutzungsarten 2-Steller (AdV-Nutzungsartenkatalog 2009);ADVN09-43;Stehendes Gewässer;3203;ha;FLC005A;Bodenfläche
33111;Flächenerhebung nach Art der tatsächlichen Nutzung;STAG;Stichtag;2021-12-31;KREISE;Kreise und kreisfreie Städte;12064;Märkisch-Oderland, Landkreis;ADV09C;Nutzungsarten 2-Steller (AdV-Nutzungsartenkatalog 2009);ADVN09-35;Moor;7;ha;FLC005A;Bodenfläche
33111;Flächenerhebung nach Art der tatsächlichen Nutzung;STAG;Stichtag;2017-12-31;KREISE;Kreise und kreisfreie Städte;12064;Märkisch-Oderland, Landkreis;ADV09C;Nutzungsarten 2-Steller (AdV-Nutzungsartenkatalog 2009);ADVN09-36;Sumpf;631;ha;FLC005A;Bodenfläche
33111;Flächenerhebung nach Art der tatsächlichen Nutzung;STAG;Stichtag;2017-12-31;KREISE;Kreise und kreisfreie Städte;12063;Havelland, Landkreis;ADV09C;Nutzungsarten 2-Steller (AdV-Nutzungsartenkatalog 2009);ADVN09-37;Unland, Vegetationslose Fläche;1758;ha;FLC005A;Bodenfläche
33111;Flächenerhebung nach Art der tatsächlichen Nutzung;STAG;Stichtag;2016-12-31;KREISE;Kreise und kreisfreie Städte;06439;Rheingau-Taunus-Kreis;ADV09C;Nutzungsarten 2-Steller (AdV-Nutzungsartenkatalog 2009);ADVN09-35;Moor;0;ha;FLC005A;Bodenfläche
33111;Flächenerhebung nach Art der tatsächlichen Nutzung;STAG;Stichtag;2019-12-31;KREISE;Kreise und kreisfreie Städte;06533;Limburg-Weilburg, Landkreis;ADV09C;Nutzungsarten 2-Steller (AdV-Nutzungsartenkatalog 2009);ADVN09-37;Unland, Vegetationslose Fläche;542;ha;FLC005A;Bodenfläche
33111;Flächenerhebung nach Art der tatsächlichen Nutzung;STAG;Stichtag;2017-12-31;KREISE;Kreise und kreisfreie Städte;12064;Märkisch-Oderland, Landkreis;ADV09C;Nutzungsarten 2-Steller (AdV-Nutzungsartenkatalog 2009);ADVN09-35;Moor;4;ha;FLC005A;Bodenfläche
33111;Flächenerhebung nach Art der tatsächlichen Nutzung;STAG;Stichtag;2016-12-31;KREISE;Kreise und kreisfreie Städte;12064;Märkisch-Oderland, Landkreis;ADV09C;Nutzungsarten 2-Steller (AdV-Nutzungsartenkatalog 2009);ADVN09-32;Wald;49892;ha;FLC005A;Bodenfläche
33111;Flächenerhebung nach Art der tatsächlichen Nutzung;STAG;Stichtag;2016-12-31;KREISE;Kreise und kreisfreie Städte;06439;Rheingau-Taunus-Kreis;ADV09C;Nutzungsarten 2-Steller (AdV-Nutzungsartenkatalog 2009);ADVN09-36;Sumpf;5;ha;FLC005A;Bodenfläche
33111;Flächenerhebung nach Art der tatsächlichen Nutzung;STAG;Stichtag;2022-12-31;KREISE;Kreise und kreisfreie Städte;12067;Oder-Spree, Landkreis;ADV09C;Nutzungsarten 2-Steller (AdV-Nutzungsartenkatalog 2009);ADVN09-43;Stehendes Gewässer;6242;ha;FLC005A;Bodenfläche
33111;Flächenerhebung nach Art der tatsächlichen Nutzung;STAG;Stichtag;2018-12-31;KREISE;Kreise und kreisfreie Städte;06533;Limburg-Weilburg, Landkreis;ADV09C;Nutzungsarten 2-Steller (AdV-Nutzungsartenkatalog 2009);ADVN09-34;Heide;-;ha;FLC005A;Bodenfläche
33111;Flächenerhebung nach Art der tatsächlichen Nutzung;STAG;Stichtag;2021-12-31;KREISE;Kreise und kreisfreie Städte;12067;Oder-Spree, Landkreis;ADV09C;Nutzungsarten 2-Steller (AdV-Nutzungsartenkatalog 2009);ADVN09-44;Meer;-;ha;FLC005A;Bodenfläche
33111;Flächenerhebung nach Art der tatsächlichen Nutzung;STAG;Stichtag;2022-12-31;KREISE;Kreise und kreisfreie Städte;06534;Marburg-Biedenkopf, Landkreis;ADV09C;Nutzungsarten 2-Steller (AdV-Nutzungsartenkatalog 2009);ADVN09-37;Unland, Vegetationslose Fläche;407;ha;FLC005A;Bodenfläche
33111;Flächenerhebung nach Art der tatsächlichen Nutzung;STAG;Stichtag;2018-12-31;KREISE;Kreise und kreisfreie Städte;06533;Limburg-Weilburg, Landkreis;ADV09C;Nutzungsarten 2-Steller (AdV-Nutzungsartenkatalog 2009);ADVN09-33;Gehölz;563;ha;FLC005A;Bodenfläche
33111;Flächenerhebung nach Art der tatsächlichen Nutzung;STAG;Stichtag;2022-12-31;KREISE;Kreise und kreisfreie Städte;06534;Marburg-Biedenkopf, Landkreis;ADV09C;Nutzungsarten 2-Steller (AdV-Nutzungsartenkatalog 2009);ADVN09-32;Wald;51631;ha;FLC005A;Bodenfläche
33111;Flächenerhebung nach Art der tatsächlichen Nutzung;STAG;Stichtag;2016-12-31;KREISE;Kreise und kreisfreie Städte;12064;Märkisch-Oderland, Landkreis;ADV09C;Nutzungsarten 2-Steller (AdV-Nutzungsartenkatalog 2009);ADVN09-31;Landwirtschaft;132117;ha;FLC005A;Bodenfläche
33111;Flächenerhebung nach Art der tatsächlichen Nutzung;STAG;Stichtag;2022-12-31;KREISE;Kreise und kreisfreie Städte;06534;Marburg-Biedenkopf, Landkreis;ADV09C;Nutzungsarten 2-Steller (AdV-Nutzungsartenkatalog 2009);ADVN09-31;Landwirtschaft;54104;ha;FLC005A;Bodenfläche
33111;Flächenerhebung nach Art der tatsächlichen Nutzung;STAG;Stichtag;2017-12-31;KREISE;Kreise und kreisfreie Städte;12063;Havelland, Landkreis;ADV09C;Nutzungsarten 2-Steller (AdV-Nutzungsartenkatalog 2009);ADVN09-43;Stehendes Gewässer;2070;ha;FLC005A;Bodenfläche
33111;Flächenerhebung nach Art der tatsächlichen Nutzung;STAG;Stichtag;2019-12-31;KREISE;Kreise und kreisfreie Städte;06533;Limburg-Weilburg, Landkreis;ADV09C;Nutzungsarten 2-Steller (AdV-Nutzungsartenkatalog 2009);ADVN09-43;Stehendes Gewässer;109;ha;FLC005A;Bodenfläche
33111;Flächenerhebung nach Art der tatsächlichen Nutzung;STAG;Stichtag;2019-12-31;KREISE;Kreise und kreisfreie Städte;06534;Marburg-Biedenkopf, Landkreis;ADV09C;Nutzungsarten 2-Steller (AdV-Nutzungsartenkatalog 2009);ADVN09-42;Hafenbecken;-;ha;FLC005A;Bodenfläche
33111;Flächenerhebung nach Art der tatsächlichen Nutzung;STAG;Stichtag;2018-12-31;KREISE;Kreise und kreisfreie Städte;06531;Gießen, Landkreis;ADV09C;Nutzungsarten 2-Steller (AdV-Nutzungsartenkatalog 2009);ADVN09-44;Meer;-;ha;FLC005A;Bodenfläche
33111;Flächenerhebung nach Art der tatsächlichen Nutzung;STAG;Stichtag;2017-12-31;KREISE;Kreise und kreisfreie Städte;12064;Märkisch-Oderland, Landkreis;ADV09C;Nutzungsarten 2-Steller (AdV-Nutzungsartenkatalog 2009);ADVN09-42;Hafenbecken;0;ha;FLC005A;Bodenfläche
33111;Flächenerhebung nach Art der tatsächlichen Nutzung;STAG;Stichtag;2021-12-31;KREISE;Kreise und kreisfreie Städte;12065;Oberhavel, Landkreis;ADV09C;Nutzungsarten 2-Steller (AdV-Nutzungsartenkatalog 2009);ADVN09-33;Gehölz;1712;ha;FLC005A;Bodenfläche
33111;Flächenerhebung nach Art der tatsächlichen Nutzung;STAG;Stichtag;2021-12-31;KREISE;Kreise und kreisfreie Städte;12064;Märkisch-Oderland, Landkreis;ADV09C;Nutzungsarten 2-Steller (AdV-Nutzungsartenkatalog 2009);ADVN09-41;Fließgewässer;2552;ha;FLC005A;Bodenfläche
33111;Flächenerhebung nach Art der tatsächlichen Nutzung;STAG;Stichtag;2021-12-31;KREISE;Kreise und kreisfreie Städte;12066;Oberspreewald-Lausitz, Landkreis;ADV09C;Nutzungsarten 2-Steller (AdV-Nutzungsartenkatalog 2009);ADVN09-36;Sumpf;122;ha;FLC005A;Bodenfläche
33111;Flächenerhebung nach Art der tatsächlichen Nutzung;STAG;Stichtag;2020-12-31;KREISE;Kreise und kreisfreie Städte;12064;Märkisch-Oderland, Landkreis;ADV09C;Nutzungsarten 2-Steller (AdV-Nutzungsartenkatalog 2009);ADVN09-37;Unland, Vegetationslose Fläche;837;ha;FLC005A;Bodenfläche
33111;Flächenerhebung nach Art der tatsächlichen Nutzung;STAG;Stichtag;2020-12-31;KREISE;Kreise und kreisfreie Städte;12063;Havelland, Landkreis;ADV09C;Nutzungsarten 2-Steller (AdV-Nutzungsartenkatalog 2009);ADVN09-41;Fließgewässer;3280;ha;FLC005A;Bodenfläche
33111;Flächenerhebung nach Art der tatsächlichen Nutzung;STAG;Stichtag;2022-12-31;KREISE;Kreise und kreisfreie Städte;06532;Lahn-Dill-Kreis;ADV09C;Nutzungsarten 2-Steller (AdV-Nutzungsartenkatalog 2009);ADVN09-42;Hafenbecken;-;ha;FLC005A;Bodenfläche
33111;Flächenerhebung nach Art der tatsächlichen Nutzung;STAG;Stichtag;2021-12-31;KREISE;Kreise und kreisfreie Städte;12065;Oberhavel, Landkreis;ADV09C;Nutzungsarten 2-Steller (AdV-Nutzungsartenkatalog 2009);ADVN09-37;Unland, Vegetationslose Fläche;3235;ha;FLC005A;Bodenfläche
33111;Flächenerhebung nach Art der tatsächlichen Nutzung;STAG;Stichtag;2020-12-31;KREISE;Kreise und kreisfreie Städte;06439;Rheingau-Taunus-Kreis;ADV09C;Nutzungsarten 2-Steller (AdV-Nutzungsartenkatalog 2009);ADVN09-43;Stehendes Gewässer;63;ha;FLC005A;Bodenfläche
33111;Flächenerhebung nach Art der tatsächlichen Nutzung;STAG;Stichtag;2019-12-31;KREISE;Kreise und kreisfreie Städte;06534;Marburg-Biedenkopf, Landkreis;ADV09C;Nutzungsarten 2-Steller (AdV-Nutzungsartenkatalog 2009);ADVN09-35;Moor;44;ha;FLC005A;Bodenfläche
33111;Flächenerhebung nach Art der tatsächlichen Nutzung;STAG;Stichtag;2019-12-31;KREISE;Kreise und kreisfreie Städte;06534;Marburg-Biedenkopf, Landkreis;ADV09C;Nutzungsarten 2-Steller (AdV-Nutzungsartenkatalog 2009);ADVN09-31;Landwirtschaft;54409;ha;FLC005A;Bodenfläche
33111;Flächenerhebung nach Art der tatsächlichen Nutzung;STAG;Stichtag;2017-12-31;KREISE;Kreise und kreisfreie Städte;12065;Oberhavel, Landkreis;ADV09C;Nutzungsarten 2-Steller (AdV-Nutzungsartenkatalog 2009);ADVN09-34;Heide;116;ha;FLC005A;Bodenfläche
33111;Flächenerhebung nach Art der tatsächlichen Nutzung;STAG;Stichtag;2022-12-31;KREISE;Kreise und kreisfreie Städte;06533;Limburg-Weilburg, Landkreis;ADV09C;Nutzungsarten 2-Steller (AdV-Nutzungsartenkatalog 2009);ADVN09-33;Gehölz;656;ha;FLC005A;Bodenfläche
33111;Flächenerhebung nach Art der tatsächlichen Nutzung;STAG;Stichtag;2022-12-31;KREISE;Kreise und kreisfreie Städte;06533;Limburg-Weilburg, Landkreis;ADV09C;Nutzungsarten 2-Steller (AdV-Nutzungsartenkatalog 2009);ADVN09-34;Heide;-;ha;FLC005A;Bodenfläche
33111;Flächenerhebung nach Art der tatsächlichen Nutzung;STAG;Stichtag;2018-12-31;KREISE;Kreise und kreisfreie Städte;06532;Lahn-Dill-Kreis;ADV09C;Nutzungsarten 2-Steller (AdV-Nutzungsartenkatalog 2009);ADVN09-35;Moor;-;ha;FLC005A;Bodenfläche
33111;Flächenerhebung nach Art der tatsächlichen Nutzung;STAG;Stichtag;2017-12-31;KREISE;Kreise und kreisfreie Städte;12065;Oberhavel, Landkreis;ADV09C;Nutzungsarten 2-Steller (AdV-Nutzungsartenkatalog 2009);ADVN09-33;Gehölz;1069;ha;FLC005A;Bodenfläche
33111;Flächenerhebung nach Art der tatsächlichen Nutzung;STAG;Stichtag;2018-12-31;KREISE;Kreise und kreisfreie Städte;06532;Lahn-Dill-Kreis;ADV09C;Nutzungsarten 2-Steller (AdV-Nutzungsartenkatalog 2009);ADVN09-36;Sumpf;7;ha;FLC005A;Bodenfläche
33111;Flächenerhebung nach Art der tatsächlichen Nutzung;STAG;Stichtag;2016-12-31;KREISE;Kreise und kreisfreie Städte;12063;Havelland, Landkreis;ADV09C;Nutzungsarten 2-Steller (AdV-Nutzungsartenkatalog 2009);ADVN09-34;Heide;3959;ha;FLC005A;Bodenfläche
33111;Flächenerhebung nach Art der tatsächlichen Nutzung;STAG;Stichtag;2021-12-31;KREISE;Kreise und kreisfreie Städte;12066;Oberspreewald-Lausitz, Landkreis;ADV09C;Nutzungsarten 2-Steller (AdV-Nutzungsartenkatalog 2009);ADVN09-43;Stehendes Gewässer;3529;ha;FLC005A;Bodenfläche
33111;Flächenerhebung nach Art der tatsächlichen Nutzung;STAG;Stichtag;2021-12-31;KREISE;Kreise und kreisfreie Städte;12066;Oberspreewald-Lausitz, Landkreis;ADV09C;Nutzungsarten 2-Steller (AdV-Nutzungsartenkatalog 2009);ADVN09-31;Landwirtschaft;41691;ha;FLC005A;Bodenfläche
33111;Flächenerhebung nach Art der tatsächlichen Nutzung;STAG;Stichtag;2020-12-31;KREISE;Kreise und kreisfreie Städte;06636;Werra-Meißner-Kreis;ADV09C;Nutzungsarten 2-Steller (AdV-Nutzungsartenkatalog 2009);ADVN09-41;Fließgewässer;1027;ha;FLC005A;Bodenfläche
33111;Flächenerhebung nach Art der tatsächlichen Nutzung;STAG;Stichtag;2021-12-31;KREISE;Kreise und kreisfreie Städte;12066;Oberspreewald-Lausitz, Landkreis;ADV09C;Nutzungsarten 2-Steller (AdV-Nutzungsartenkatalog 2009);ADVN09-32;Wald;46114;ha;FLC005A;Bodenfläche
33111;Flächenerhebung nach Art der tatsächlichen Nutzung;STAG;Stichtag;2018-12-31;KREISE;Kreise und kreisfreie Städte;12067;Oder-Spree, Landkreis;ADV09C;Nutzungsarten 2-Steller (AdV-Nutzungsartenkatalog 2009);ADVN09-44;Meer;-;ha;FLC005A;Bodenfläche
33111;Flächenerhebung nach Art der tatsächlichen Nutzung;STAG;Stichtag;2020-12-31;KREISE;Kreise und kreisfreie Städte;12064;Märkisch-Oderland, Landkreis;ADV09C;Nutzungsarten 2-Steller (AdV-Nutzungsartenkatalog 2009);ADVN09-32;Wald;49900;ha;FLC005A;Bodenfläche
33111;Flächenerhebung nach Art der tatsächlichen Nutzung;STAG;Stichtag;2018-12-31;KREISE;Kreise und kreisfreie Städte;06532;Lahn-Dill-Kreis;ADV09C;Nutzungsarten 2-Steller (AdV-Nutzungsartenkatalog 2009);ADVN09-32;Wald;50432;ha;FLC005A;Bodenfläche
33111;Flächenerhebung nach Art der tatsächlichen Nutzung;STAG;Stichtag;2018-12-31;KREISE;Kreise und kreisfreie Städte;06532;Lahn-Dill-Kreis;ADV09C;Nutzungsarten 2-Steller (AdV-Nutzungsartenkatalog 2009);ADVN09-31;Landwirtschaft;35571;ha;FLC005A;Bodenfläche
33111;Flächenerhebung nach Art der tatsächlichen Nutzung;STAG;Stichtag;2016-12-31;KREISE;Kreise und kreisfreie Städte;06439;Rheingau-Taunus-Kreis;ADV09C;Nutzungsarten 2-Steller (AdV-Nutzungsartenkatalog 2009);ADVN09-43;Stehendes Gewässer;61;ha;FLC005A;Bodenfläche
33111;Flächenerhebung nach Art der tatsächlichen Nutzung;STAG;Stichtag;2017-12-31;KREISE;Kreise und kreisfreie Städte;12064;Märkisch-Oderland, Landkreis;ADV09C;Nutzungsarten 2-Steller (AdV-Nutzungsartenkatalog 2009);ADVN09-41;Fließgewässer;2566;ha;FLC005A;Bodenfläche
33111;Flächenerhebung nach Art der tatsächlichen Nutzung;STAG;Stichtag;2019-12-31;KREISE;Kreise und kreisfreie Städte;06534;Marburg-Biedenkopf, Landkreis;ADV09C;Nutzungsarten 2-Steller (AdV-Nutzungsartenkatalog 2009);ADVN09-41;Fließgewässer;1155;ha;FLC005A;Bodenfläche
33111;Flächenerhebung nach Art der tatsächlichen Nutzung;STAG;Stichtag;2016-12-31;KREISE;Kreise und kreisfreie Städte;06439;Rheingau-Taunus-Kreis;ADV09C;Nutzungsarten 2-Steller (AdV-Nutzungsartenkatalog 2009);ADVN09-41;Fließgewässer;1431;ha;FLC005A;Bodenfläche
33111;Flächenerhebung nach Art der tatsächlichen Nutzung;STAG;Stichtag;2022-12-31;KREISE;Kreise und kreisfreie Städte;06531;Gießen, Landkreis;ADV09C;Nutzungsarten 2-Steller (AdV-Nutzungsartenkatalog 2009);ADVN09-44;Meer;-;ha;FLC005A;Bodenfläche
33111;Flächenerhebung nach Art der tatsächlichen Nutzung;STAG;Stichtag;2017-12-31;KREISE;Kreise und kreisfreie Städte;12065;Oberhavel, Landkreis;ADV09C;Nutzungsarten 2-Steller (AdV-Nutzungsartenkatalog 2009);ADVN09-44;Meer;-;ha;FLC005A;Bodenfläche
33111;Flächenerhebung nach Art der tatsächlichen Nutzung;STAG;Stichtag;2021-12-31;KREISE;Kreise und kreisfreie Städte;12067;Oder-Spree, Landkreis;ADV09C;Nutzungsarten 2-Steller (AdV-Nutzungsartenkatalog 2009);ADVN09-34;Heide;109;ha;FLC005A;Bodenfläche
33111;Flächenerhebung nach Art der tatsächlichen Nutzung;STAG;Stichtag;2019-12-31;KREISE;Kreise und kreisfreie Städte;06533;Limburg-Weilburg, Landkreis;ADV09C;Nutzungsarten 2-Steller (AdV-Nutzungsartenkatalog 2009);ADVN09-44;Meer;-;ha;FLC005A;Bodenfläche
33111;Flächenerhebung nach Art der tatsächlichen Nutzung;STAG;Stichtag;2021-12-31;KREISE;Kreise und kreisfreie Städte;12066;Oberspreewald-Lausitz, Landkreis;ADV09C;Nutzungsarten 2-Steller (AdV-Nutzungsartenkatalog 2009);ADVN09-42;Hafenbecken;0;ha;FLC005A;Bodenfläche
33111;Flächenerhebung nach Art der tatsächlichen Nutzung;STAG;Stichtag;2021-12-31;KREISE;Kreise und kreisfreie Städte;12066;Oberspreewald-Lausitz, Landkreis;ADV09C;Nutzungsarten 2-Steller (AdV-Nutzungsartenkatalog 2009);ADVN09-35;Moor;3;ha;FLC005A;Bodenfläche
33111;Flächenerhebung nach Art der tatsächlichen Nutzung;STAG;Stichtag;2017-12-31;KREISE;Kreise und kreisfreie Städte;12065;Oberhavel, Landkreis;ADV09C;Nutzungsarten 2-Steller (AdV-Nutzungsartenkatalog 2009);ADVN09-37;Unland, Vegetationslose Fläche;3818;ha;FLC005A;Bodenfläche
33111;Flächenerhebung nach Art der tatsächlichen Nutzung;STAG;Stichtag;2017-12-31;KREISE;Kreise und kreisfreie Städte;12066;Oberspreewald-Lausitz, Landkreis;ADV09C;Nutzungsarten 2-Steller (AdV-Nutzungsartenkatalog 2009);ADVN09-36;Sumpf;91;ha;FLC005A;Bodenfläche
33111;Flächenerhebung nach Art der tatsächlichen Nutzung;STAG;Stichtag;2019-12-31;KREISE;Kreise und kreisfreie Städte;06535;Vogelsbergkreis;ADV09C;Nutzungsarten 2-Steller (AdV-Nutzungsartenkatalog 2009);ADVN09-34;Heide;-;ha;FLC005A;Bodenfläche
33111;Flächenerhebung nach Art der tatsächlichen Nutzung;STAG;Stichtag;2016-12-31;KREISE;Kreise und kreisfreie Städte;06636;Werra-Meißner-Kreis;ADV09C;Nutzungsarten 2-Steller (AdV-Nutzungsartenkatalog 2009);ADVN09-41;Fließgewässer;1025;ha;FLC005A;Bodenfläche
33111;Flächenerhebung nach Art der tatsächlichen Nutzung;STAG;Stichtag;2017-12-31;KREISE;Kreise und kreisfreie Städte;12066;Oberspreewald-Lausitz, Landkreis;ADV09C;Nutzungsarten 2-Steller (AdV-Nutzungsartenkatalog 2009);ADVN09-31;Landwirtschaft;42399;ha;FLC005A;Bodenfläche
33111;Flächenerhebung nach Art der tatsächlichen Nutzung;STAG;Stichtag;2019-12-31;KREISE;Kreise und kreisfreie Städte;06535;Vogelsbergkreis;ADV09C;Nutzungsarten 2-Steller (AdV-Nutzungsartenkatalog 2009);ADVN09-33;Gehölz;1067;ha;FLC005A;Bodenfläche
33111;Flächenerhebung nach Art der tatsächlichen Nutzung;STAG;Stichtag;2019-12-31;KREISE;Kreise und kreisfreie Städte;06535;Vogelsbergkreis;ADV09C;Nutzungsarten 2-Steller (AdV-Nutzungsartenkatalog 2009);ADVN09-37;Unland, Vegetationslose Fläche;425;ha;FLC005A;Bodenfläche
33111;Flächenerhebung nach Art der tatsächlichen Nutzung;STAG;Stichtag;2022-12-31;KREISE;Kreise und kreisfreie Städte;06532;Lahn-Dill-Kreis;ADV09C;Nutzungsarten 2-Steller (AdV-Nutzungsartenkatalog 2009);ADVN09-32;Wald;51573;ha;FLC005A;Bodenfläche
33111;Flächenerhebung nach Art der tatsächlichen Nutzung;STAG;Stichtag;2016-12-31;KREISE;Kreise und kreisfreie Städte;06636;Werra-Meißner-Kreis;ADV09C;Nutzungsarten 2-Steller (AdV-Nutzungsartenkatalog 2009);ADVN09-44;Meer;-;ha;FLC005A;Bodenfläche
33111;Flächenerhebung nach Art der tatsächlichen Nutzung;STAG;Stichtag;2017-12-31;KREISE;Kreise und kreisfreie Städte;12066;Oberspreewald-Lausitz, Landkreis;ADV09C;Nutzungsarten 2-Steller (AdV-Nutzungsartenkatalog 2009);ADVN09-35;Moor;2;ha;FLC005A;Bodenfläche
33111;Flächenerhebung nach Art der tatsächlichen Nutzung;STAG;Stichtag;2022-12-31;KREISE;Kreise und kreisfreie Städte;06532;Lahn-Dill-Kreis;ADV09C;Nutzungsarten 2-Steller (AdV-Nutzungsartenkatalog 2009);ADVN09-36;Sumpf;8;ha;FLC005A;Bodenfläche
33111;Flächenerhebung nach Art der tatsächlichen Nutzung;STAG;Stichtag;2022-12-31;KREISE;Kreise und kreisfreie Städte;06532;Lahn-Dill-Kreis;ADV09C;Nutzungsarten 2-Steller (AdV-Nutzungsartenkatalog 2009);ADVN09-35;Moor;-;ha;FLC005A;Bodenfläche
33111;Flächenerhebung nach Art der tatsächlichen Nutzung;STAG;Stichtag;2018-12-31;KREISE;Kreise und kreisfreie Städte;06531;Gießen, Landkreis;ADV09C;Nutzungsarten 2-Steller (AdV-Nutzungsartenkatalog 2009);ADVN09-37;Unland, Vegetationslose Fläche;292;ha;FLC005A;Bodenfläche
33111;Flächenerhebung nach Art der tatsächlichen Nutzung;STAG;Stichtag;2018-12-31;KREISE;Kreise und kreisfreie Städte;06531;Gießen, Landkreis;ADV09C;Nutzungsarten 2-Steller (AdV-Nutzungsartenkatalog 2009);ADVN09-34;Heide;-;ha;FLC005A;Bodenfläche
33111;Flächenerhebung nach Art der tatsächlichen Nutzung;STAG;Stichtag;2022-12-31;KREISE;Kreise und kreisfreie Städte;06532;Lahn-Dill-Kreis;ADV09C;Nutzungsarten 2-Steller (AdV-Nutzungsartenkatalog 2009);ADVN09-37;Unland, Vegetationslose Fläche;219;ha;FLC005A;Bodenfläche
33111;Flächenerhebung nach Art der tatsächlichen Nutzung;STAG;Stichtag;2019-12-31;KREISE;Kreise und kreisfreie Städte;06633;Kassel, Landkreis;ADV09C;Nutzungsarten 2-Steller (AdV-Nutzungsartenkatalog 2009);ADVN09-37;Unland, Vegetationslose Fläche;452;ha;FLC005A;Bodenfläche
33111;Flächenerhebung nach Art der tatsächlichen Nutzung;STAG;Stichtag;2020-12-31;KREISE;Kreise und kreisfreie Städte;12063;Havelland, Landkreis;ADV09C;Nutzungsarten 2-Steller (AdV-Nutzungsartenkatalog 2009);ADVN09-33;Gehölz;754;ha;FLC005A;Bodenfläche
33111;Flächenerhebung nach Art der tatsächlichen Nutzung;STAG;Stichtag;2017-12-31;KREISE;Kreise und kreisfreie Städte;12066;Oberspreewald-Lausitz, Landkreis;ADV09C;Nutzungsarten 2-Steller (AdV-Nutzungsartenkatalog 2009);ADVN09-32;Wald;45873;ha;FLC005A;Bodenfläche
33111;Flächenerhebung nach Art der tatsächlichen Nutzung;STAG;Stichtag;2020-12-31;KREISE;Kreise und kreisfreie Städte;12063;Havelland, Landkreis;ADV09C;Nutzungsarten 2-Steller (AdV-Nutzungsartenkatalog 2009);ADVN09-34;Heide;3973;ha;FLC005A;Bodenfläche
33111;Flächenerhebung nach Art der tatsächlichen Nutzung;STAG;Stichtag;2019-12-31;KREISE;Kreise und kreisfreie Städte;06633;Kassel, Landkreis;ADV09C;Nutzungsarten 2-Steller (AdV-Nutzungsartenkatalog 2009);ADVN09-33;Gehölz;534;ha;FLC005A;Bodenfläche
33111;Flächenerhebung nach Art der tatsächlichen Nutzung;STAG;Stichtag;2019-12-31;KREISE;Kreise und kreisfreie Städte;06633;Kassel, Landkreis;ADV09C;Nutzungsarten 2-Steller (AdV-Nutzungsartenkatalog 2009);ADVN09-34;Heide;-;ha;FLC005A;Bodenfläche
33111;Flächenerhebung nach Art der tatsächlichen Nutzung;STAG;Stichtag;2021-12-31;KREISE;Kreise und kreisfreie Städte;12065;Oberhavel, Landkreis;ADV09C;Nutzungsarten 2-Steller (AdV-Nutzungsartenkatalog 2009);ADVN09-44;Meer;-;ha;FLC005A;Bodenfläche
33111;Flächenerhebung nach Art der tatsächlichen Nutzung;STAG;Stichtag;2018-12-31;KREISE;Kreise und kreisfreie Städte;06531;Gießen, Landkreis;ADV09C;Nutzungsarten 2-Steller (AdV-Nutzungsartenkatalog 2009);ADVN09-33;Gehölz;619;ha;FLC005A;Bodenfläche
33111;Flächenerhebung nach Art der tatsächlichen Nutzung;STAG;Stichtag;2022-12-31;KREISE;Kreise und kreisfreie Städte;06532;Lahn-Dill-Kreis;ADV09C;Nutzungsarten 2-Steller (AdV-Nutzungsartenkatalog 2009);ADVN09-31;Landwirtschaft;34340;ha;FLC005A;Bodenfläche
33111;Flächenerhebung nach Art der tatsächlichen Nutzung;STAG;Stichtag;2019-12-31;KREISE;Kreise und kreisfreie Städte;06535;Vogelsbergkreis;ADV09C;Nutzungsarten 2-Steller (AdV-Nutzungsartenkatalog 2009);ADVN09-43;Stehendes Gewässer;364;ha;FLC005A;Bodenfläche
33111;Flächenerhebung nach Art der tatsächlichen Nutzung;STAG;Stichtag;2016-12-31;KREISE;Kreise und kreisfreie Städte;12067;Oder-Spree, Landkreis;ADV09C;Nutzungsarten 2-Steller (AdV-Nutzungsartenkatalog 2009);ADVN09-44;Meer;-;ha;FLC005A;Bodenfläche
33111;Flächenerhebung nach Art der tatsächlichen Nutzung;STAG;Stichtag;2020-12-31;KREISE;Kreise und kreisfreie Städte;06535;Vogelsbergkreis;ADV09C;Nutzungsarten 2-Steller (AdV-Nutzungsartenkatalog 2009);ADVN09-43;Stehendes Gewässer;364;ha;FLC005A;Bodenfläche
33111;Flächenerhebung nach Art der tatsächlichen Nutzung;STAG;Stichtag;2018-12-31;KREISE;Kreise und kreisfreie Städte;06636;Werra-Meißner-Kreis;ADV09C;Nutzungsarten 2-Steller (AdV-Nutzungsartenkatalog 2009);ADVN09-31;Landwirtschaft;43965;ha;FLC005A;Bodenfläche
33111;Flächenerhebung nach Art der tatsächlichen Nutzung;STAG;Stichtag;2016-12-31;KREISE;Kreise und kreisfreie Städte;06636;Werra-Meißner-Kreis;ADV09C;Nutzungsarten 2-Steller (AdV-Nutzungsartenkatalog 2009);ADVN09-37;Unland, Vegetationslose Fläche;601;ha;FLC005A;Bodenfläche
33111;Flächenerhebung nach Art der tatsächlichen Nutzung;STAG;Stichtag;2019-12-31;KREISE;Kreise und kreisfreie Städte;06439;Rheingau-Taunus-Kreis;ADV09C;Nutzungsarten 2-Steller (AdV-Nutzungsartenkatalog 2009);ADVN09-41;Fließgewässer;1432;ha;FLC005A;Bodenfläche
33111;Flächenerhebung nach Art der tatsächlichen Nutzung;STAG;Stichtag;2019-12-31;KREISE;Kreise und kreisfreie Städte;06633;Kassel, Landkreis;ADV09C;Nutzungsarten 2-Steller (AdV-Nutzungsartenkatalog 2009);ADVN09-43;Stehendes Gewässer;142;ha;FLC005A;Bodenfläche
33111;Flächenerhebung nach Art der tatsächlichen Nutzung;STAG;Stichtag;2020-12-31;KREISE;Kreise und kreisfreie Städte;12066;Oberspreewald-Lausitz, Landkreis;ADV09C;Nutzungsarten 2-Steller (AdV-Nutzungsartenkatalog 2009);ADVN09-44;Meer;-;ha;FLC005A;Bodenfläche
33111;Flächenerhebung nach Art der tatsächlichen Nutzung;STAG;Stichtag;2020-12-31;KREISE;Kreise und kreisfreie Städte;06439;Rheingau-Taunus-Kreis;ADV09C;Nutzungsarten 2-Steller (AdV-Nutzungsartenkatalog 2009);ADVN09-41;Fließgewässer;1432;ha;FLC005A;Bodenfläche
33111;Flächenerhebung nach Art der tatsächlichen Nutzung;STAG;Stichtag;2022-12-31;KREISE;Kreise und kreisfreie Städte;12067;Oder-Spree, Landkreis;ADV09C;Nutzungsarten 2-Steller (AdV-Nutzungsartenkatalog 2009);ADVN09-34;Heide;143;ha;FLC005A;Bodenfläche
33111;Flächenerhebung nach Art der tatsächlichen Nutzung;STAG;Stichtag;2022-12-31;KREISE;Kreise und kreisfreie Städte;12065;Oberhavel, Landkreis;ADV09C;Nutzungsarten 2-Steller (AdV-Nutzungsartenkatalog 2009);ADVN09-36;Sumpf;526;ha;FLC005A;Bodenfläche
33111;Flächenerhebung nach Art der tatsächlichen Nutzung;STAG;Stichtag;2021-12-31;KREISE;Kreise und kreisfreie Städte;12067;Oder-Spree, Landkreis;ADV09C;Nutzungsarten 2-Steller (AdV-Nutzungsartenkatalog 2009);ADVN09-37;Unland, Vegetationslose Fläche;2207;ha;FLC005A;Bodenfläche
33111;Flächenerhebung nach Art der tatsächlichen Nutzung;STAG;Stichtag;2018-12-31;KREISE;Kreise und kreisfreie Städte;12066;Oberspreewald-Lausitz, Landkreis;ADV09C;Nutzungsarten 2-Steller (AdV-Nutzungsartenkatalog 2009);ADVN09-36;Sumpf;101;ha;FLC005A;Bodenfläche
33111;Flächenerhebung nach Art der tatsächlichen Nutzung;STAG;Stichtag;2022-12-31;KREISE;Kreise und kreisfreie Städte;06531;Gießen, Landkreis;ADV09C;Nutzungsarten 2-Steller (AdV-Nutzungsartenkatalog 2009);ADVN09-41;Fließgewässer;697;ha;FLC005A;Bodenfläche
33111;Flächenerhebung nach Art der tatsächlichen Nutzung;STAG;Stichtag;2018-12-31;KREISE;Kreise und kreisfreie Städte;06532;Lahn-Dill-Kreis;ADV09C;Nutzungsarten 2-Steller (AdV-Nutzungsartenkatalog 2009);ADVN09-41;Fließgewässer;952;ha;FLC005A;Bodenfläche
33111;Flächenerhebung nach Art der tatsächlichen Nutzung;STAG;Stichtag;2016-12-31;KREISE;Kreise und kreisfreie Städte;12065;Oberhavel, Landkreis;ADV09C;Nutzungsarten 2-Steller (AdV-Nutzungsartenkatalog 2009);ADVN09-35;Moor;28;ha;FLC005A;Bodenfläche
33111;Flächenerhebung nach Art der tatsächlichen Nutzung;STAG;Stichtag;2016-12-31;KREISE;Kreise und kreisfreie Städte;12067;Oder-Spree, Landkreis;ADV09C;Nutzungsarten 2-Steller (AdV-Nutzungsartenkatalog 2009);ADVN09-33;Gehölz;1293;ha;FLC005A;Bodenfläche
33111;Flächenerhebung nach Art der tatsächlichen Nutzung;STAG;Stichtag;2016-12-31;KREISE;Kreise und kreisfreie Städte;12063;Havelland, Landkreis;ADV09C;Nutzungsarten 2-Steller (AdV-Nutzungsartenkatalog 2009);ADVN09-37;Unland, Vegetationslose Fläche;1787;ha;FLC005A;Bodenfläche
33111;Flächenerhebung nach Art der tatsächlichen Nutzung;STAG;Stichtag;2019-12-31;KREISE;Kreise und kreisfreie Städte;06534;Marburg-Biedenkopf, Landkreis;ADV09C;Nutzungsarten 2-Steller (AdV-Nutzungsartenkatalog 2009);ADVN09-32;Wald;51376;ha;FLC005A;Bodenfläche
33111;Flächenerhebung nach Art der tatsächlichen Nutzung;STAG;Stichtag;2020-12-31;KREISE;Kreise und kreisfreie Städte;06533;Limburg-Weilburg, Landkreis;ADV09C;Nutzungsarten 2-Steller (AdV-Nutzungsartenkatalog 2009);ADVN09-34;Heide;-;ha;FLC005A;Bodenfläche
33111;Flächenerhebung nach Art der tatsächlichen Nutzung;STAG;Stichtag;2017-12-31;KREISE;Kreise und kreisfreie Städte;12063;Havelland, Landkreis;ADV09C;Nutzungsarten 2-Steller (AdV-Nutzungsartenkatalog 2009);ADVN09-34;Heide;3958;ha;FLC005A;Bodenfläche
33111;Flächenerhebung nach Art der tatsächlichen Nutzung;STAG;Stichtag;2022-12-31;KREISE;Kreise und kreisfreie Städte;06533;Limburg-Weilburg, Landkreis;ADV09C;Nutzungsarten 2-Steller (AdV-Nutzungsartenkatalog 2009);ADVN09-35;Moor;1;ha;FLC005A;Bodenfläche
33111;Flächenerhebung nach Art der tatsächlichen Nutzung;STAG;Stichtag;2022-12-31;KREISE;Kreise und kreisfreie Städte;06633;Kassel, Landkreis;ADV09C;Nutzungsarten 2-Steller (AdV-Nutzungsartenkatalog 2009);ADVN09-33;Gehölz;670;ha;FLC005A;Bodenfläche
33111;Flächenerhebung nach Art der tatsächlichen Nutzung;STAG;Stichtag;2018-12-31;KREISE;Kreise und kreisfreie Städte;06532;Lahn-Dill-Kreis;ADV09C;Nutzungsarten 2-Steller (AdV-Nutzungsartenkatalog 2009);ADVN09-37;Unland, Vegetationslose Fläche;206;ha;FLC005A;Bodenfläche
33111;Flächenerhebung nach Art der tatsächlichen Nutzung;STAG;Stichtag;2018-12-31;KREISE;Kreise und kreisfreie Städte;06534;Marburg-Biedenkopf, Landkreis;ADV09C;Nutzungsarten 2-Steller (AdV-Nutzungsartenkatalog 2009);ADVN09-35;Moor;41;ha;FLC005A;Bodenfläche
33111;Flächenerhebung nach Art der tatsächlichen Nutzung;STAG;Stichtag;2020-12-31;KREISE;Kreise und kreisfreie Städte;06535;Vogelsbergkreis;ADV09C;Nutzungsarten 2-Steller (AdV-Nutzungsartenkatalog 2009);ADVN09-32;Wald;56501;ha;FLC005A;Bodenfläche
33111;Flächenerhebung nach Art der tatsächlichen Nutzung;STAG;Stichtag;2020-12-31;KREISE;Kreise und kreisfreie Städte;12064;Märkisch-Oderland, Landkreis;ADV09C;Nutzungsarten 2-Steller (AdV-Nutzungsartenkatalog 2009);ADVN09-35;Moor;4;ha;FLC005A;Bodenfläche
33111;Flächenerhebung nach Art der tatsächlichen Nutzung;STAG;Stichtag;2019-12-31;KREISE;Kreise und kreisfreie Städte;06532;Lahn-Dill-Kreis;ADV09C;Nutzungsarten 2-Steller (AdV-Nutzungsartenkatalog 2009);ADVN09-34;Heide;-;ha;FLC005A;Bodenfläche
33111;Flächenerhebung nach Art der tatsächlichen Nutzung;STAG;Stichtag;2017-12-31;KREISE;Kreise und kreisfreie Städte;12065;Oberhavel, Landkreis;ADV09C;Nutzungsarten 2-Steller (AdV-Nutzungsartenkatalog 2009);ADVN09-32;Wald;72129;ha;FLC005A;Bodenfläche
33111;Flächenerhebung nach Art der tatsächlichen Nutzung;STAG;Stichtag;2022-12-31;KREISE;Kreise und kreisfreie Städte;06439;Rheingau-Taunus-Kreis;ADV09C;Nutzungsarten 2-Steller (AdV-Nutzungsartenkatalog 2009);ADVN09-44;Meer;-;ha;FLC005A;Bodenfläche
33111;Flächenerhebung nach Art der tatsächlichen Nutzung;STAG;Stichtag;2021-12-31;KREISE;Kreise und kreisfreie Städte;12064;Märkisch-Oderland, Landkreis;ADV09C;Nutzungsarten 2-Steller (AdV-Nutzungsartenkatalog 2009);ADVN09-32;Wald;50029;ha;FLC005A;Bodenfläche
33111;Flächenerhebung nach Art der tatsächlichen Nutzung;STAG;Stichtag;2016-12-31;KREISE;Kreise und kreisfreie Städte;06532;Lahn-Dill-Kreis;ADV09C;Nutzungsarten 2-Steller (AdV-Nutzungsartenkatalog 2009);ADVN09-36;Sumpf;4;ha;FLC005A;Bodenfläche
33111;Flächenerhebung nach Art der tatsächlichen Nutzung;STAG;Stichtag;2021-12-31;KREISE;Kreise und kreisfreie Städte;12064;Märkisch-Oderland, Landkreis;ADV09C;Nutzungsarten 2-Steller (AdV-Nutzungsartenkatalog 2009);ADVN09-43;Stehendes Gewässer;3185;ha;FLC005A;Bodenfläche
33111;Flächenerhebung nach Art der tatsächlichen Nutzung;STAG;Stichtag;2020-12-31;KREISE;Kreise und kreisfreie Städte;06439;Rheingau-Taunus-Kreis;ADV09C;Nutzungsarten 2-Steller (AdV-Nutzungsartenkatalog 2009);ADVN09-37;Unland, Vegetationslose Fläche;66;ha;FLC005A;Bodenfläche
33111;Flächenerhebung nach Art der tatsächlichen Nutzung;STAG;Stichtag;2020-12-31;KREISE;Kreise und kreisfreie Städte;12066;Oberspreewald-Lausitz, Landkreis;ADV09C;Nutzungsarten 2-Steller (AdV-Nutzungsartenkatalog 2009);ADVN09-33;Gehölz;928;ha;FLC005A;Bodenfläche
33111;Flächenerhebung nach Art der tatsächlichen Nutzung;STAG;Stichtag;2022-12-31;KREISE;Kreise und kreisfreie Städte;06439;Rheingau-Taunus-Kreis;ADV09C;Nutzungsarten 2-Steller (AdV-Nutzungsartenkatalog 2009);ADVN09-31;Landwirtschaft;23294;ha;FLC005A;Bodenfläche
33111;Flächenerhebung nach Art der tatsächlichen Nutzung;STAG;Stichtag;2016-12-31;KREISE;Kreise und kreisfreie Städte;06534;Marburg-Biedenkopf, Landkreis;ADV09C;Nutzungsarten 2-Steller (AdV-Nutzungsartenkatalog 2009);ADVN09-34;Heide;6;ha;FLC005A;Bodenfläche
33111;Flächenerhebung nach Art der tatsächlichen Nutzung;STAG;Stichtag;2022-12-31;KREISE;Kreise und kreisfreie Städte;06535;Vogelsbergkreis;ADV09C;Nutzungsarten 2-Steller (AdV-Nutzungsartenkatalog 2009);ADVN09-33;Gehölz;1172;ha;FLC005A;Bodenfläche
33111;Flächenerhebung nach Art der tatsächlichen Nutzung;STAG;Stichtag;2020-12-31;KREISE;Kreise und kreisfreie Städte;06531;Gießen, Landkreis;ADV09C;Nutzungsarten 2-Steller (AdV-Nutzungsartenkatalog 2009);ADVN09-36;Sumpf;37;ha;FLC005A;Bodenfläche
33111;Flächenerhebung nach Art der tatsächlichen Nutzung;STAG;Stichtag;2019-12-31;KREISE;Kreise und kreisfreie Städte;12067;Oder-Spree, Landkreis;ADV09C;Nutzungsarten 2-Steller (AdV-Nutzungsartenkatalog 2009);ADVN09-44;Meer;-;ha;FLC005A;Bodenfläche
33111;Flächenerhebung nach Art der tatsächlichen Nutzung;STAG;Stichtag;2021-12-31;KREISE;Kreise und kreisfreie Städte;06532;Lahn-Dill-Kreis;ADV09C;Nutzungsarten 2-Steller (AdV-Nutzungsartenkatalog 2009);ADVN09-44;Meer;-;ha;FLC005A;Bodenfläche
33111;Flächenerhebung nach Art der tatsächlichen Nutzung;STAG;Stichtag;2021-12-31;KREISE;Kreise und kreisfreie Städte;06532;Lahn-Dill-Kreis;ADV09C;Nutzungsarten 2-Steller (AdV-Nutzungsartenkatalog 2009);ADVN09-42;Hafenbecken;-;ha;FLC005A;Bodenfläche
33111;Flächenerhebung nach Art der tatsächlichen Nutzung;STAG;Stichtag;2017-12-31;KREISE;Kreise und kreisfreie Städte;12066;Oberspreewald-Lausitz, Landkreis;ADV09C;Nutzungsarten 2-Steller (AdV-Nutzungsartenkatalog 2009);ADVN09-41;Fließgewässer;1476;ha;FLC005A;Bodenfläche
33111;Flächenerhebung nach Art der tatsächlichen Nutzung;STAG;Stichtag;2016-12-31;KREISE;Kreise und kreisfreie Städte;06534;Marburg-Biedenkopf, Landkreis;ADV09C;Nutzungsarten 2-Steller (AdV-Nutzungsartenkatalog 2009);ADVN09-32;Wald;51303;ha;FLC005A;Bodenfläche
33111;Flächenerhebung nach Art der tatsächlichen Nutzung;STAG;Stichtag;2017-12-31;KREISE;Kreise und kreisfreie Städte;12066;Oberspreewald-Lausitz, Landkreis;ADV09C;Nutzungsarten 2-Steller (AdV-Nutzungsartenkatalog 2009);ADVN09-43;Stehendes Gewässer;2918;ha;FLC005A;Bodenfläche
33111;Flächenerhebung nach Art der tatsächlichen Nutzung;STAG;Stichtag;2022-12-31;KREISE;Kreise und kreisfreie Städte;06439;Rheingau-Taunus-Kreis;ADV09C;Nutzungsarten 2-Steller (AdV-Nutzungsartenkatalog 2009);ADVN09-33;Gehölz;1414;ha;FLC005A;Bodenfläche
33111;Flächenerhebung nach Art der tatsächlichen Nutzung;STAG;Stichtag;2019-12-31;KREISE;Kreise und kreisfreie Städte;12063;Havelland, Landkreis;ADV09C;Nutzungsarten 2-Steller (AdV-Nutzungsartenkatalog 2009);ADVN09-37;Unland, Vegetationslose Fläche;1691;ha;FLC005A;Bodenfläche
33111;Flächenerhebung nach Art der tatsächlichen Nutzung;STAG;Stichtag;2019-12-31;KREISE;Kreise und kreisfreie Städte;12063;Havelland, Landkreis;ADV09C;Nutzungsarten 2-Steller (AdV-Nutzungsartenkatalog 2009);ADVN09-35;Moor;0;ha;FLC005A;Bodenfläche
33111;Flächenerhebung nach Art der tatsächlichen Nutzung;STAG;Stichtag;2017-12-31;KREISE;Kreise und kreisfreie Städte;06531;Gießen, Landkreis;ADV09C;Nutzungsarten 2-Steller (AdV-Nutzungsartenkatalog 2009);ADVN09-44;Meer;-;ha;FLC005A;Bodenfläche
33111;Flächenerhebung nach Art der tatsächlichen Nutzung;STAG;Stichtag;2020-12-31;KREISE;Kreise und kreisfreie Städte;06633;Kassel, Landkreis;ADV09C;Nutzungsarten 2-Steller (AdV-Nutzungsartenkatalog 2009);ADVN09-32;Wald;50898;ha;FLC005A;Bodenfläche
33111;Flächenerhebung nach Art der tatsächlichen Nutzung;STAG;Stichtag;2017-12-31;KREISE;Kreise und kreisfreie Städte;06535;Vogelsbergkreis;ADV09C;Nutzungsarten 2-Steller (AdV-Nutzungsartenkatalog 2009);ADVN09-42;Hafenbecken;0;ha;FLC005A;Bodenfläche
33111;Flächenerhebung nach Art der tatsächlichen Nutzung;STAG;Stichtag;2021-12-31;KREISE;Kreise und kreisfreie Städte;06636;Werra-Meißner-Kreis;ADV09C;Nutzungsarten 2-Steller (AdV-Nutzungsartenkatalog 2009);ADVN09-32;Wald;43603;ha;FLC005A;Bodenfläche
33111;Flächenerhebung nach Art der tatsächlichen Nutzung;STAG;Stichtag;2019-12-31;KREISE;Kreise und kreisfreie Städte;12067;Oder-Spree, Landkreis;ADV09C;Nutzungsarten 2-Steller (AdV-Nutzungsartenkatalog 2009);ADVN09-31;Landwirtschaft;83051;ha;FLC005A;Bodenfläche
33111;Flächenerhebung nach Art der tatsächlichen Nutzung;STAG;Stichtag;2021-12-31;KREISE;Kreise und kreisfreie Städte;12067;Oder-Spree, Landkreis;ADV09C;Nutzungsarten 2-Steller (AdV-Nutzungsartenkatalog 2009);ADVN09-41;Fließgewässer;2133;ha;FLC005A;Bodenfläche
33111;Flächenerhebung nach Art der tatsächlichen Nutzung;STAG;Stichtag;2016-12-31;KREISE;Kreise und kreisfreie Städte;12063;Havelland, Landkreis;ADV09C;Nutzungsarten 2-Steller (AdV-Nutzungsartenkatalog 2009);ADVN09-41;Fließgewässer;3287;ha;FLC005A;Bodenfläche
33111;Flächenerhebung nach Art der tatsächlichen Nutzung;STAG;Stichtag;2019-12-31;KREISE;Kreise und kreisfreie Städte;06439;Rheingau-Taunus-Kreis;ADV09C;Nutzungsarten 2-Steller (AdV-Nutzungsartenkatalog 2009);ADVN09-37;Unland, Vegetationslose Fläche;65;ha;FLC005A;Bodenfläche
33111;Flächenerhebung nach Art der tatsächlichen Nutzung;STAG;Stichtag;2019-12-31;KREISE;Kreise und kreisfreie Städte;12067;Oder-Spree, Landkreis;ADV09C;Nutzungsarten 2-Steller (AdV-Nutzungsartenkatalog 2009);ADVN09-33;Gehölz;1818;ha;FLC005A;Bodenfläche
33111;Flächenerhebung nach Art der tatsächlichen Nutzung;STAG;Stichtag;2021-12-31;KREISE;Kreise und kreisfreie Städte;06534;Marburg-Biedenkopf, Landkreis;ADV09C;Nutzungsarten 2-Steller (AdV-Nutzungsartenkatalog 2009);ADVN09-36;Sumpf;23;ha;FLC005A;Bodenfläche
33111;Flächenerhebung nach Art der tatsächlichen Nutzung;STAG;Stichtag;2021-12-31;KREISE;Kreise und kreisfreie Städte;06534;Marburg-Biedenkopf, Landkreis;ADV09C;Nutzungsarten 2-Steller (AdV-Nutzungsartenkatalog 2009);ADVN09-31;Landwirtschaft;54242;ha;FLC005A;Bodenfläche
33111;Flächenerhebung nach Art der tatsächlichen Nutzung;STAG;Stichtag;2017-12-31;KREISE;Kreise und kreisfreie Städte;06439;Rheingau-Taunus-Kreis;ADV09C;Nutzungsarten 2-Steller (AdV-Nutzungsartenkatalog 2009);ADVN09-36;Sumpf;5;ha;FLC005A;Bodenfläche
33111;Flächenerhebung nach Art der tatsächlichen Nutzung;STAG;Stichtag;2017-12-31;KREISE;Kreise und kreisfreie Städte;06439;Rheingau-Taunus-Kreis;ADV09C;Nutzungsarten 2-Steller (AdV-Nutzungsartenkatalog 2009);ADVN09-34;Heide;-;ha;FLC005A;Bodenfläche
33111;Flächenerhebung nach Art der tatsächlichen Nutzung;STAG;Stichtag;2018-12-31;KREISE;Kreise und kreisfreie Städte;12064;Märkisch-Oderland, Landkreis;ADV09C;Nutzungsarten 2-Steller (AdV-Nutzungsartenkatalog 2009);ADVN09-31;Landwirtschaft;131995;ha;FLC005A;Bodenfläche
33111;Flächenerhebung nach Art der tatsächlichen Nutzung;STAG;Stichtag;2021-12-31;KREISE;Kreise und kreisfreie Städte;06636;Werra-Meißner-Kreis;ADV09C;Nutzungsarten 2-Steller (AdV-Nutzungsartenkatalog 2009);ADVN09-34;Heide;-;ha;FLC005A;Bodenfläche
33111;Flächenerhebung nach Art der tatsächlichen Nutzung;STAG;Stichtag;2017-12-31;KREISE;Kreise und kreisfreie Städte;06533;Limburg-Weilburg, Landkreis;ADV09C;Nutzungsarten 2-Steller (AdV-Nutzungsartenkatalog 2009);ADVN09-31;Landwirtschaft;33803;ha;FLC005A;Bodenfläche
33111;Flächenerhebung nach Art der tatsächlichen Nutzung;STAG;Stichtag;2022-12-31;KREISE;Kreise und kreisfreie Städte;12063;Havelland, Landkreis;ADV09C;Nutzungsarten 2-Steller (AdV-Nutzungsartenkatalog 2009);ADVN09-42;Hafenbecken;1;ha;FLC005A;Bodenfläche
33111;Flächenerhebung nach Art der tatsächlichen Nutzung;STAG;Stichtag;2017-12-31;KREISE;Kreise und kreisfreie Städte;06533;Limburg-Weilburg, Landkreis;ADV09C;Nutzungsarten 2-Steller (AdV-Nutzungsartenkatalog 2009);ADVN09-33;Gehölz;498;ha;FLC005A;Bodenfläche
33111;Flächenerhebung nach Art der tatsächlichen Nutzung;STAG;Stichtag;2016-12-31;KREISE;Kreise und kreisfreie Städte;12065;Oberhavel, Landkreis;ADV09C;Nutzungsarten 2-Steller (AdV-Nutzungsartenkatalog 2009);ADVN09-44;Meer;-;ha;FLC005A;Bodenfläche
33111;Flächenerhebung nach Art der tatsächlichen Nutzung;STAG;Stichtag;2020-12-31;KREISE;Kreise und kreisfreie Städte;06533;Limburg-Weilburg, Landkreis;ADV09C;Nutzungsarten 2-Steller (AdV-Nutzungsartenkatalog 2009);ADVN09-43;Stehendes Gewässer;109;ha;FLC005A;Bodenfläche
33111;Flächenerhebung nach Art der tatsächlichen Nutzung;STAG;Stichtag;2022-12-31;KREISE;Kreise und kreisfreie Städte;12067;Oder-Spree, Landkreis;ADV09C;Nutzungsarten 2-Steller (AdV-Nutzungsartenkatalog 2009);ADVN09-32;Wald;107786;ha;FLC005A;Bodenfläche
33111;Flächenerhebung nach Art der tatsächlichen Nutzung;STAG;Stichtag;2021-12-31;KREISE;Kreise und kreisfreie Städte;06636;Werra-Meißner-Kreis;ADV09C;Nutzungsarten 2-Steller (AdV-Nutzungsartenkatalog 2009);ADVN09-43;Stehendes Gewässer;381;ha;FLC005A;Bodenfläche
33111;Flächenerhebung nach Art der tatsächlichen Nutzung;STAG;Stichtag;2020-12-31;KREISE;Kreise und kreisfreie Städte;12064;Märkisch-Oderland, Landkreis;ADV09C;Nutzungsarten 2-Steller (AdV-Nutzungsartenkatalog 2009);ADVN09-44;Meer;-;ha;FLC005A;Bodenfläche
33111;Flächenerhebung nach Art der tatsächlichen Nutzung;STAG;Stichtag;2020-12-31;KREISE;Kreise und kreisfreie Städte;06535;Vogelsbergkreis;ADV09C;Nutzungsarten 2-Steller (AdV-Nutzungsartenkatalog 2009);ADVN09-41;Fließgewässer;1101;ha;FLC005A;Bodenfläche
33111;Flächenerhebung nach Art der tatsächlichen Nutzung;STAG;Stichtag;2021-12-31;KREISE;Kreise und kreisfreie Städte;12064;Märkisch-Oderland, Landkreis;ADV09C;Nutzungsarten 2-Steller (AdV-Nutzungsartenkatalog 2009);ADVN09-34;Heide;46;ha;FLC005A;Bodenfläche
33111;Flächenerhebung nach Art der tatsächlichen Nutzung;STAG;Stichtag;2016-12-31;KREISE;Kreise und kreisfreie Städte;06534;Marburg-Biedenkopf, Landkreis;ADV09C;Nutzungsarten 2-Steller (AdV-Nutzungsartenkatalog 2009);ADVN09-43;Stehendes Gewässer;198;ha;FLC005A;Bodenfläche
33111;Flächenerhebung nach Art der tatsächlichen Nutzung;STAG;Stichtag;2019-12-31;KREISE;Kreise und kreisfreie Städte;06439;Rheingau-Taunus-Kreis;ADV09C;Nutzungsarten 2-Steller (AdV-Nutzungsartenkatalog 2009);ADVN09-32;Wald;43836;ha;FLC005A;Bodenfläche
33111;Flächenerhebung nach Art der tatsächlichen Nutzung;STAG;Stichtag;2020-12-31;KREISE;Kreise und kreisfreie Städte;12066;Oberspreewald-Lausitz, Landkreis;ADV09C;Nutzungsarten 2-Steller (AdV-Nutzungsartenkatalog 2009);ADVN09-42;Hafenbecken;0;ha;FLC005A;Bodenfläche
33111;Flächenerhebung nach Art der tatsächlichen Nutzung;STAG;Stichtag;2022-12-31;KREISE;Kreise und kreisfreie Städte;12065;Oberhavel, Landkreis;ADV09C;Nutzungsarten 2-Steller (AdV-Nutzungsartenkatalog 2009);ADVN09-34;Heide;184;ha;FLC005A;Bodenfläche
33111;Flächenerhebung nach Art der tatsächlichen Nutzung;STAG;Stichtag;2018-12-31;KREISE;Kreise und kreisfreie Städte;06532;Lahn-Dill-Kreis;ADV09C;Nutzungsarten 2-Steller (AdV-Nutzungsartenkatalog 2009);ADVN09-43;Stehendes Gewässer;301;ha;FLC005A;Bodenfläche
33111;Flächenerhebung nach Art der tatsächlichen Nutzung;STAG;Stichtag;2018-12-31;KREISE;Kreise und kreisfreie Städte;06534;Marburg-Biedenkopf, Landkreis;ADV09C;Nutzungsarten 2-Steller (AdV-Nutzungsartenkatalog 2009);ADVN09-41;Fließgewässer;1150;ha;FLC005A;Bodenfläche
33111;Flächenerhebung nach Art der tatsächlichen Nutzung;STAG;Stichtag;2018-12-31;KREISE;Kreise und kreisfreie Städte;12064;Märkisch-Oderland, Landkreis;ADV09C;Nutzungsarten 2-Steller (AdV-Nutzungsartenkatalog 2009);ADVN09-36;Sumpf;631;ha;FLC005A;Bodenfläche
33111;Flächenerhebung nach Art der tatsächlichen Nutzung;STAG;Stichtag;2018-12-31;KREISE;Kreise und kreisfreie Städte;12066;Oberspreewald-Lausitz, Landkreis;ADV09C;Nutzungsarten 2-Steller (AdV-Nutzungsartenkatalog 2009);ADVN09-34;Heide;7;ha;FLC005A;Bodenfläche
33111;Flächenerhebung nach Art der tatsächlichen Nutzung;STAG;Stichtag;2022-12-31;KREISE;Kreise und kreisfreie Städte;12067;Oder-Spree, Landkreis;ADV09C;Nutzungsarten 2-Steller (AdV-Nutzungsartenkatalog 2009);ADVN09-36;Sumpf;181;ha;FLC005A;Bodenfläche
33111;Flächenerhebung nach Art der tatsächlichen Nutzung;STAG;Stichtag;2022-12-31;KREISE;Kreise und kreisfreie Städte;06533;Limburg-Weilburg, Landkreis;ADV09C;Nutzungsarten 2-Steller (AdV-Nutzungsartenkatalog 2009);ADVN09-41;Fließgewässer;740;ha;FLC005A;Bodenfläche
33111;Flächenerhebung nach Art der tatsächlichen Nutzung;STAG;Stichtag;2017-12-31;KREISE;Kreise und kreisfreie Städte;12063;Havelland, Landkreis;ADV09C;Nutzungsarten 2-Steller (AdV-Nutzungsartenkatalog 2009);ADVN09-36;Sumpf;255;ha;FLC005A;Bodenfläche
33111;Flächenerhebung nach Art der tatsächlichen Nutzung;STAG;Stichtag;2017-12-31;KREISE;Kreise und kreisfreie Städte;12063;Havelland, Landkreis;ADV09C;Nutzungsarten 2-Steller (AdV-Nutzungsartenkatalog 2009);ADVN09-32;Wald;43291;ha;FLC005A;Bodenfläche
33111;Flächenerhebung nach Art der tatsächlichen Nutzung;STAG;Stichtag;2020-12-31;KREISE;Kreise und kreisfreie Städte;06535;Vogelsbergkreis;ADV09C;Nutzungsarten 2-Steller (AdV-Nutzungsartenkatalog 2009);ADVN09-37;Unland, Vegetationslose Fläche;411;ha;FLC005A;Bodenfläche
33111;Flächenerhebung nach Art der tatsächlichen Nutzung;STAG;Stichtag;2019-12-31;KREISE;Kreise und kreisfreie Städte;06532;Lahn-Dill-Kreis;ADV09C;Nutzungsarten 2-Steller (AdV-Nutzungsartenkatalog 2009);ADVN09-36;Sumpf;7;ha;FLC005A;Bodenfläche
33111;Flächenerhebung nach Art der tatsächlichen Nutzung;STAG;Stichtag;2016-12-31;KREISE;Kreise und kreisfreie Städte;12065;Oberhavel, Landkreis;ADV09C;Nutzungsarten 2-Steller (AdV-Nutzungsartenkatalog 2009);ADVN09-33;Gehölz;1010;ha;FLC005A;Bodenfläche
33111;Flächenerhebung nach Art der tatsächlichen Nutzung;STAG;Stichtag;2016-12-31;KREISE;Kreise und kreisfreie Städte;12065;Oberhavel, Landkreis;ADV09C;Nutzungsarten 2-Steller (AdV-Nutzungsartenkatalog 2009);ADVN09-37;Unland, Vegetationslose Fläche;3894;ha;FLC005A;Bodenfläche
33111;Flächenerhebung nach Art der tatsächlichen Nutzung;STAG;Stichtag;2020-12-31;KREISE;Kreise und kreisfreie Städte;06535;Vogelsbergkreis;ADV09C;Nutzungsarten 2-Steller (AdV-Nutzungsartenkatalog 2009);ADVN09-34;Heide;-;ha;FLC005A;Bodenfläche
33111;Flächenerhebung nach Art der tatsächlichen Nutzung;STAG;Stichtag;2022-12-31;KREISE;Kreise und kreisfreie Städte;06535;Vogelsbergkreis;ADV09C;Nutzungsarten 2-Steller (AdV-Nutzungsartenkatalog 2009);ADVN09-35;Moor;-;ha;FLC005A;Bodenfläche
33111;Flächenerhebung nach Art der tatsächlichen Nutzung;STAG;Stichtag;2019-12-31;KREISE;Kreise und kreisfreie Städte;06532;Lahn-Dill-Kreis;ADV09C;Nutzungsarten 2-Steller (AdV-Nutzungsartenkatalog 2009);ADVN09-32;Wald;50528;ha;FLC005A;Bodenfläche
33111;Flächenerhebung nach Art der tatsächlichen Nutzung;STAG;Stichtag;2018-12-31;KREISE;Kreise und kreisfreie Städte;06534;Marburg-Biedenkopf, Landkreis;ADV09C;Nutzungsarten 2-Steller (AdV-Nutzungsartenkatalog 2009);ADVN09-37;Unland, Vegetationslose Fläche;410;ha;FLC005A;Bodenfläche
33111;Flächenerhebung nach Art der tatsächlichen Nutzung;STAG;Stichtag;2022-12-31;KREISE;Kreise und kreisfreie Städte;06633;Kassel, Landkreis;ADV09C;Nutzungsarten 2-Steller (AdV-Nutzungsartenkatalog 2009);ADVN09-31;Landwirtschaft;57060;ha;FLC005A;Bodenfläche
33111;Flächenerhebung nach Art der tatsächlichen Nutzung;STAG;Stichtag;2016-12-31;KREISE;Kreise und kreisfreie Städte;12067;Oder-Spree, Landkreis;ADV09C;Nutzungsarten 2-Steller (AdV-Nutzungsartenkatalog 2009);ADVN09-35;Moor;6;ha;FLC005A;Bodenfläche
33111;Flächenerhebung nach Art der tatsächlichen Nutzung;STAG;Stichtag;2020-12-31;KREISE;Kreise und kreisfreie Städte;12066;Oberspreewald-Lausitz, Landkreis;ADV09C;Nutzungsarten 2-Steller (AdV-Nutzungsartenkatalog 2009);ADVN09-35;Moor;2;ha;FLC005A;Bodenfläche
33111;Flächenerhebung nach Art der tatsächlichen Nutzung;STAG;Stichtag;2019-12-31;KREISE;Kreise und kreisfreie Städte;12067;Oder-Spree, Landkreis;ADV09C;Nutzungsarten 2-Steller (AdV-Nutzungsartenkatalog 2009);ADVN09-42;Hafenbecken;15;ha;FLC005A;Bodenfläche
33111;Flächenerhebung nach Art der tatsächlichen Nutzung;STAG;Stichtag;2020-12-31;KREISE;Kreise und kreisfreie Städte;06439;Rheingau-Taunus-Kreis;ADV09C;Nutzungsarten 2-Steller (AdV-Nutzungsartenkatalog 2009);ADVN09-35;Moor;0;ha;FLC005A;Bodenfläche
33111;Flächenerhebung nach Art der tatsächlichen Nutzung;STAG;Stichtag;2020-12-31;KREISE;Kreise und kreisfreie Städte;06633;Kassel, Landkreis;ADV09C;Nutzungsarten 2-Steller (AdV-Nutzungsartenkatalog 2009);ADVN09-37;Unland, Vegetationslose Fläche;451;ha;FLC005A;Bodenfläche
33111;Flächenerhebung nach Art der tatsächlichen Nutzung;STAG;Stichtag;2018-12-31;KREISE;Kreise und kreisfreie Städte;06534;Marburg-Biedenkopf, Landkreis;ADV09C;Nutzungsarten 2-Steller (AdV-Nutzungsartenkatalog 2009);ADVN09-33;Gehölz;467;ha;FLC005A;Bodenfläche
33111;Flächenerhebung nach Art der tatsächlichen Nutzung;STAG;Stichtag;2020-12-31;KREISE;Kreise und kreisfreie Städte;12066;Oberspreewald-Lausitz, Landkreis;ADV09C;Nutzungsarten 2-Steller (AdV-Nutzungsartenkatalog 2009);ADVN09-31;Landwirtschaft;41873;ha;FLC005A;Bodenfläche
33111;Flächenerhebung nach Art der tatsächlichen Nutzung;STAG;Stichtag;2020-12-31;KREISE;Kreise und kreisfreie Städte;06439;Rheingau-Taunus-Kreis;ADV09C;Nutzungsarten 2-Steller (AdV-Nutzungsartenkatalog 2009);ADVN09-32;Wald;43836;ha;FLC005A;Bodenfläche
33111;Flächenerhebung nach Art der tatsächlichen Nutzung;STAG;Stichtag;2022-12-31;KREISE;Kreise und kreisfreie Städte;06535;Vogelsbergkreis;ADV09C;Nutzungsarten 2-Steller (AdV-Nutzungsartenkatalog 2009);ADVN09-31;Landwirtschaft;70666;ha;FLC005A;Bodenfläche
33111;Flächenerhebung nach Art der tatsächlichen Nutzung;STAG;Stichtag;2016-12-31;KREISE;Kreise und kreisfreie Städte;12067;Oder-Spree, Landkreis;ADV09C;Nutzungsarten 2-Steller (AdV-Nutzungsartenkatalog 2009);ADVN09-31;Landwirtschaft;83582;ha;FLC005A;Bodenfläche
33111;Flächenerhebung nach Art der tatsächlichen Nutzung;STAG;Stichtag;2022-12-31;KREISE;Kreise und kreisfreie Städte;06633;Kassel, Landkreis;ADV09C;Nutzungsarten 2-Steller (AdV-Nutzungsartenkatalog 2009);ADVN09-35;Moor;0;ha;FLC005A;Bodenfläche
33111;Flächenerhebung nach Art der tatsächlichen Nutzung;STAG;Stichtag;2016-12-31;KREISE;Kreise und kreisfreie Städte;06534;Marburg-Biedenkopf, Landkreis;ADV09C;Nutzungsarten 2-Steller (AdV-Nutzungsartenkatalog 2009);ADVN09-36;Sumpf;13;ha;FLC005A;Bodenfläche
33111;Flächenerhebung nach Art der tatsächlichen Nutzung;STAG;Stichtag;2022-12-31;KREISE;Kreise und kreisfreie Städte;06633;Kassel, Landkreis;ADV09C;Nutzungsarten 2-Steller (AdV-Nutzungsartenkatalog 2009);ADVN09-44;Meer;-;ha;FLC005A;Bodenfläche
33111;Flächenerhebung nach Art der tatsächlichen Nutzung;STAG;Stichtag;2018-12-31;KREISE;Kreise und kreisfreie Städte;06534;Marburg-Biedenkopf, Landkreis;ADV09C;Nutzungsarten 2-Steller (AdV-Nutzungsartenkatalog 2009);ADVN09-44;Meer;-;ha;FLC005A;Bodenfläche
33111;Flächenerhebung nach Art der tatsächlichen Nutzung;STAG;Stichtag;2018-12-31;KREISE;Kreise und kreisfreie Städte;12064;Märkisch-Oderland, Landkreis;ADV09C;Nutzungsarten 2-Steller (AdV-Nutzungsartenkatalog 2009);ADVN09-42;Hafenbecken;0;ha;FLC005A;Bodenfläche
33111;Flächenerhebung nach Art der tatsächlichen Nutzung;STAG;Stichtag;2022-12-31;KREISE;Kreise und kreisfreie Städte;06633;Kassel, Landkreis;ADV09C;Nutzungsarten 2-Steller (AdV-Nutzungsartenkatalog 2009);ADVN09-42;Hafenbecken;1;ha;FLC005A;Bodenfläche
33111;Flächenerhebung nach Art der tatsächlichen Nutzung;STAG;Stichtag;2022-12-31;KREISE;Kreise und kreisfreie Städte;06535;Vogelsbergkreis;ADV09C;Nutzungsarten 2-Steller (AdV-Nutzungsartenkatalog 2009);ADVN09-44;Meer;-;ha;FLC005A;Bodenfläche
33111;Flächenerhebung nach Art der tatsächlichen Nutzung;STAG;Stichtag;2017-12-31;KREISE;Kreise und kreisfreie Städte;06439;Rheingau-Taunus-Kreis;ADV09C;Nutzungsarten 2-Steller (AdV-Nutzungsartenkatalog 2009);ADVN09-42;Hafenbecken;6;ha;FLC005A;Bodenfläche
33111;Flächenerhebung nach Art der tatsächlichen Nutzung;STAG;Stichtag;2016-12-31;KREISE;Kreise und kreisfreie Städte;12065;Oberhavel, Landkreis;ADV09C;Nutzungsarten 2-Steller (AdV-Nutzungsartenkatalog 2009);ADVN09-41;Fließgewässer;2023;ha;FLC005A;Bodenfläche
33111;Flächenerhebung nach Art der tatsächlichen Nutzung;STAG;Stichtag;2022-12-31;KREISE;Kreise und kreisfreie Städte;06535;Vogelsbergkreis;ADV09C;Nutzungsarten 2-Steller (AdV-Nutzungsartenkatalog 2009);ADVN09-42;Hafenbecken;-;ha;FLC005A;Bodenfläche
33111;Flächenerhebung nach Art der tatsächlichen Nutzung;STAG;Stichtag;2021-12-31;KREISE;Kreise und kreisfreie Städte;06532;Lahn-Dill-Kreis;ADV09C;Nutzungsarten 2-Steller (AdV-Nutzungsartenkatalog 2009);ADVN09-35;Moor;-;ha;FLC005A;Bodenfläche
33111;Flächenerhebung nach Art der tatsächlichen Nutzung;STAG;Stichtag;2021-12-31;KREISE;Kreise und kreisfreie Städte;06532;Lahn-Dill-Kreis;ADV09C;Nutzungsarten 2-Steller (AdV-Nutzungsartenkatalog 2009);ADVN09-31;Landwirtschaft;35142;ha;FLC005A;Bodenfläche
33111;Flächenerhebung nach Art der tatsächlichen Nutzung;STAG;Stichtag;2021-12-31;KREISE;Kreise und kreisfreie Städte;06532;Lahn-Dill-Kreis;ADV09C;Nutzungsarten 2-Steller (AdV-Nutzungsartenkatalog 2009);ADVN09-36;Sumpf;8;ha;FLC005A;Bodenfläche
33111;Flächenerhebung nach Art der tatsächlichen Nutzung;STAG;Stichtag;2018-12-31;KREISE;Kreise und kreisfreie Städte;12066;Oberspreewald-Lausitz, Landkreis;ADV09C;Nutzungsarten 2-Steller (AdV-Nutzungsartenkatalog 2009);ADVN09-31;Landwirtschaft;42324;ha;FLC005A;Bodenfläche
33111;Flächenerhebung nach Art der tatsächlichen Nutzung;STAG;Stichtag;2022-12-31;KREISE;Kreise und kreisfreie Städte;12065;Oberhavel, Landkreis;ADV09C;Nutzungsarten 2-Steller (AdV-Nutzungsartenkatalog 2009);ADVN09-42;Hafenbecken;13;ha;FLC005A;Bodenfläche
33111;Flächenerhebung nach Art der tatsächlichen Nutzung;STAG;Stichtag;2018-12-31;KREISE;Kreise und kreisfreie Städte;12066;Oberspreewald-Lausitz, Landkreis;ADV09C;Nutzungsarten 2-Steller (AdV-Nutzungsartenkatalog 2009);ADVN09-32;Wald;46125;ha;FLC005A;Bodenfläche
33111;Flächenerhebung nach Art der tatsächlichen Nutzung;STAG;Stichtag;2016-12-31;KREISE;Kreise und kreisfreie Städte;06534;Marburg-Biedenkopf, Landkreis;ADV09C;Nutzungsarten 2-Steller (AdV-Nutzungsartenkatalog 2009);ADVN09-41;Fließgewässer;1162;ha;FLC005A;Bodenfläche
33111;Flächenerhebung nach Art der tatsächlichen Nutzung;STAG;Stichtag;2017-12-31;KREISE;Kreise und kreisfreie Städte;06531;Gießen, Landkreis;ADV09C;Nutzungsarten 2-Steller (AdV-Nutzungsartenkatalog 2009);ADVN09-37;Unland, Vegetationslose Fläche;292;ha;FLC005A;Bodenfläche
33111;Flächenerhebung nach Art der tatsächlichen Nutzung;STAG;Stichtag;2017-12-31;KREISE;Kreise und kreisfreie Städte;06531;Gießen, Landkreis;ADV09C;Nutzungsarten 2-Steller (AdV-Nutzungsartenkatalog 2009);ADVN09-33;Gehölz;610;ha;FLC005A;Bodenfläche
33111;Flächenerhebung nach Art der tatsächlichen Nutzung;STAG;Stichtag;2019-12-31;KREISE;Kreise und kreisfreie Städte;06439;Rheingau-Taunus-Kreis;ADV09C;Nutzungsarten 2-Steller (AdV-Nutzungsartenkatalog 2009);ADVN09-43;Stehendes Gewässer;63;ha;FLC005A;Bodenfläche
33111;Flächenerhebung nach Art der tatsächlichen Nutzung;STAG;Stichtag;2017-12-31;KREISE;Kreise und kreisfreie Städte;06531;Gießen, Landkreis;ADV09C;Nutzungsarten 2-Steller (AdV-Nutzungsartenkatalog 2009);ADVN09-31;Landwirtschaft;38130;ha;FLC005A;Bodenfläche
33111;Flächenerhebung nach Art der tatsächlichen Nutzung;STAG;Stichtag;2020-12-31;KREISE;Kreise und kreisfreie Städte;06633;Kassel, Landkreis;ADV09C;Nutzungsarten 2-Steller (AdV-Nutzungsartenkatalog 2009);ADVN09-43;Stehendes Gewässer;142;ha;FLC005A;Bodenfläche
33111;Flächenerhebung nach Art der tatsächlichen Nutzung;STAG;Stichtag;2017-12-31;KREISE;Kreise und kreisfreie Städte;06531;Gießen, Landkreis;ADV09C;Nutzungsarten 2-Steller (AdV-Nutzungsartenkatalog 2009);ADVN09-35;Moor;0;ha;FLC005A;Bodenfläche
33111;Flächenerhebung nach Art der tatsächlichen Nutzung;STAG;Stichtag;2018-12-31;KREISE;Kreise und kreisfreie Städte;12064;Märkisch-Oderland, Landkreis;ADV09C;Nutzungsarten 2-Steller (AdV-Nutzungsartenkatalog 2009);ADVN09-44;Meer;-;ha;FLC005A;Bodenfläche
33111;Flächenerhebung nach Art der tatsächlichen Nutzung;STAG;Stichtag;2020-12-31;KREISE;Kreise und kreisfreie Städte;06633;Kassel, Landkreis;ADV09C;Nutzungsarten 2-Steller (AdV-Nutzungsartenkatalog 2009);ADVN09-41;Fließgewässer;1233;ha;FLC005A;Bodenfläche
33111;Flächenerhebung nach Art der tatsächlichen Nutzung;STAG;Stichtag;2021-12-31;KREISE;Kreise und kreisfreie Städte;06532;Lahn-Dill-Kreis;ADV09C;Nutzungsarten 2-Steller (AdV-Nutzungsartenkatalog 2009);ADVN09-33;Gehölz;959;ha;FLC005A;Bodenfläche
33111;Flächenerhebung nach Art der tatsächlichen Nutzung;STAG;Stichtag;2022-12-31;KREISE;Kreise und kreisfreie Städte;06439;Rheingau-Taunus-Kreis;ADV09C;Nutzungsarten 2-Steller (AdV-Nutzungsartenkatalog 2009);ADVN09-36;Sumpf;5;ha;FLC005A;Bodenfläche
33111;Flächenerhebung nach Art der tatsächlichen Nutzung;STAG;Stichtag;2016-12-31;KREISE;Kreise und kreisfreie Städte;12065;Oberhavel, Landkreis;ADV09C;Nutzungsarten 2-Steller (AdV-Nutzungsartenkatalog 2009);ADVN09-42;Hafenbecken;11;ha;FLC005A;Bodenfläche
33111;Flächenerhebung nach Art der tatsächlichen Nutzung;STAG;Stichtag;2017-12-31;KREISE;Kreise und kreisfreie Städte;06439;Rheingau-Taunus-Kreis;ADV09C;Nutzungsarten 2-Steller (AdV-Nutzungsartenkatalog 2009);ADVN09-43;Stehendes Gewässer;63;ha;FLC005A;Bodenfläche
33111;Flächenerhebung nach Art der tatsächlichen Nutzung;STAG;Stichtag;2020-12-31;KREISE;Kreise und kreisfreie Städte;06531;Gießen, Landkreis;ADV09C;Nutzungsarten 2-Steller (AdV-Nutzungsartenkatalog 2009);ADVN09-43;Stehendes Gewässer;394;ha;FLC005A;Bodenfläche
33111;Flächenerhebung nach Art der tatsächlichen Nutzung;STAG;Stichtag;2016-12-31;KREISE;Kreise und kreisfreie Städte;06532;Lahn-Dill-Kreis;ADV09C;Nutzungsarten 2-Steller (AdV-Nutzungsartenkatalog 2009);ADVN09-31;Landwirtschaft;36003;ha;FLC005A;Bodenfläche
33111;Flächenerhebung nach Art der tatsächlichen Nutzung;STAG;Stichtag;2022-12-31;KREISE;Kreise und kreisfreie Städte;06633;Kassel, Landkreis;ADV09C;Nutzungsarten 2-Steller (AdV-Nutzungsartenkatalog 2009);ADVN09-41;Fließgewässer;1219;ha;FLC005A;Bodenfläche
33111;Flächenerhebung nach Art der tatsächlichen Nutzung;STAG;Stichtag;2017-12-31;KREISE;Kreise und kreisfreie Städte;06633;Kassel, Landkreis;ADV09C;Nutzungsarten 2-Steller (AdV-Nutzungsartenkatalog 2009);ADVN09-33;Gehölz;458;ha;FLC005A;Bodenfläche
33111;Flächenerhebung nach Art der tatsächlichen Nutzung;STAG;Stichtag;2020-12-31;KREISE;Kreise und kreisfreie Städte;06533;Limburg-Weilburg, Landkreis;ADV09C;Nutzungsarten 2-Steller (AdV-Nutzungsartenkatalog 2009);ADVN09-41;Fließgewässer;737;ha;FLC005A;Bodenfläche
33111;Flächenerhebung nach Art der tatsächlichen Nutzung;STAG;Stichtag;2020-12-31;KREISE;Kreise und kreisfreie Städte;06633;Kassel, Landkreis;ADV09C;Nutzungsarten 2-Steller (AdV-Nutzungsartenkatalog 2009);ADVN09-35;Moor;0;ha;FLC005A;Bodenfläche
33111;Flächenerhebung nach Art der tatsächlichen Nutzung;STAG;Stichtag;2017-12-31;KREISE;Kreise und kreisfreie Städte;06531;Gießen, Landkreis;ADV09C;Nutzungsarten 2-Steller (AdV-Nutzungsartenkatalog 2009);ADVN09-41;Fließgewässer;731;ha;FLC005A;Bodenfläche
33111;Flächenerhebung nach Art der tatsächlichen Nutzung;STAG;Stichtag;2019-12-31;KREISE;Kreise und kreisfreie Städte;12067;Oder-Spree, Landkreis;ADV09C;Nutzungsarten 2-Steller (AdV-Nutzungsartenkatalog 2009);ADVN09-36;Sumpf;132;ha;FLC005A;Bodenfläche
33111;Flächenerhebung nach Art der tatsächlichen Nutzung;STAG;Stichtag;2016-12-31;KREISE;Kreise und kreisfreie Städte;06532;Lahn-Dill-Kreis;ADV09C;Nutzungsarten 2-Steller (AdV-Nutzungsartenkatalog 2009);ADVN09-43;Stehendes Gewässer;316;ha;FLC005A;Bodenfläche
33111;Flächenerhebung nach Art der tatsächlichen Nutzung;STAG;Stichtag;2022-12-31;KREISE;Kreise und kreisfreie Städte;12065;Oberhavel, Landkreis;ADV09C;Nutzungsarten 2-Steller (AdV-Nutzungsartenkatalog 2009);ADVN09-32;Wald;73189;ha;FLC005A;Bodenfläche
33111;Flächenerhebung nach Art der tatsächlichen Nutzung;STAG;Stichtag;2018-12-31;KREISE;Kreise und kreisfreie Städte;12064;Märkisch-Oderland, Landkreis;ADV09C;Nutzungsarten 2-Steller (AdV-Nutzungsartenkatalog 2009);ADVN09-34;Heide;46;ha;FLC005A;Bodenfläche
33111;Flächenerhebung nach Art der tatsächlichen Nutzung;STAG;Stichtag;2018-12-31;KREISE;Kreise und kreisfreie Städte;06534;Marburg-Biedenkopf, Landkreis;ADV09C;Nutzungsarten 2-Steller (AdV-Nutzungsartenkatalog 2009);ADVN09-43;Stehendes Gewässer;201;ha;FLC005A;Bodenfläche
33111;Flächenerhebung nach Art der tatsächlichen Nutzung;STAG;Stichtag;2022-12-31;KREISE;Kreise und kreisfreie Städte;06535;Vogelsbergkreis;ADV09C;Nutzungsarten 2-Steller (AdV-Nutzungsartenkatalog 2009);ADVN09-41;Fließgewässer;1096;ha;FLC005A;Bodenfläche
33111;Flächenerhebung nach Art der tatsächlichen Nutzung;STAG;Stichtag;2019-12-31;KREISE;Kreise und kreisfreie Städte;12063;Havelland, Landkreis;ADV09C;Nutzungsarten 2-Steller (AdV-Nutzungsartenkatalog 2009);ADVN09-32;Wald;43309;ha;FLC005A;Bodenfläche
33111;Flächenerhebung nach Art der tatsächlichen Nutzung;STAG;Stichtag;2022-12-31;KREISE;Kreise und kreisfreie Städte;12063;Havelland, Landkreis;ADV09C;Nutzungsarten 2-Steller (AdV-Nutzungsartenkatalog 2009);ADVN09-34;Heide;4150;ha;FLC005A;Bodenfläche
33111;Flächenerhebung nach Art der tatsächlichen Nutzung;STAG;Stichtag;2020-12-31;KREISE;Kreise und kreisfreie Städte;06535;Vogelsbergkreis;ADV09C;Nutzungsarten 2-Steller (AdV-Nutzungsartenkatalog 2009);ADVN09-36;Sumpf;33;ha;FLC005A;Bodenfläche
33111;Flächenerhebung nach Art der tatsächlichen Nutzung;STAG;Stichtag;2020-12-31;KREISE;Kreise und kreisfreie Städte;06533;Limburg-Weilburg, Landkreis;ADV09C;Nutzungsarten 2-Steller (AdV-Nutzungsartenkatalog 2009);ADVN09-37;Unland, Vegetationslose Fläche;547;ha;FLC005A;Bodenfläche
33111;Flächenerhebung nach Art der tatsächlichen Nutzung;STAG;Stichtag;2020-12-31;KREISE;Kreise und kreisfreie Städte;06535;Vogelsbergkreis;ADV09C;Nutzungsarten 2-Steller (AdV-Nutzungsartenkatalog 2009);ADVN09-35;Moor;-;ha;FLC005A;Bodenfläche
33111;Flächenerhebung nach Art der tatsächlichen Nutzung;STAG;Stichtag;2016-12-31;KREISE;Kreise und kreisfreie Städte;12067;Oder-Spree, Landkreis;ADV09C;Nutzungsarten 2-Steller (AdV-Nutzungsartenkatalog 2009);ADVN09-37;Unland, Vegetationslose Fläche;2609;ha;FLC005A;Bodenfläche
33111;Flächenerhebung nach Art der tatsächlichen Nutzung;STAG;Stichtag;2020-12-31;KREISE;Kreise und kreisfreie Städte;06531;Gießen, Landkreis;ADV09C;Nutzungsarten 2-Steller (AdV-Nutzungsartenkatalog 2009);ADVN09-32;Wald;29445;ha;FLC005A;Bodenfläche
33111;Flächenerhebung nach Art der tatsächlichen Nutzung;STAG;Stichtag;2017-12-31;KREISE;Kreise und kreisfreie Städte;06633;Kassel, Landkreis;ADV09C;Nutzungsarten 2-Steller (AdV-Nutzungsartenkatalog 2009);ADVN09-44;Meer;-;ha;FLC005A;Bodenfläche
33111;Flächenerhebung nach Art der tatsächlichen Nutzung;STAG;Stichtag;2020-12-31;KREISE;Kreise und kreisfreie Städte;06531;Gießen, Landkreis;ADV09C;Nutzungsarten 2-Steller (AdV-Nutzungsartenkatalog 2009);ADVN09-31;Landwirtschaft;38033;ha;FLC005A;Bodenfläche
33111;Flächenerhebung nach Art der tatsächlichen Nutzung;STAG;Stichtag;2016-12-31;KREISE;Kreise und kreisfreie Städte;12067;Oder-Spree, Landkreis;ADV09C;Nutzungsarten 2-Steller (AdV-Nutzungsartenkatalog 2009);ADVN09-36;Sumpf;131;ha;FLC005A;Bodenfläche
33111;Flächenerhebung nach Art der tatsächlichen Nutzung;STAG;Stichtag;2018-12-31;KREISE;Kreise und kreisfreie Städte;06636;Werra-Meißner-Kreis;ADV09C;Nutzungsarten 2-Steller (AdV-Nutzungsartenkatalog 2009);ADVN09-35;Moor;-;ha;FLC005A;Bodenfläche
33111;Flächenerhebung nach Art der tatsächlichen Nutzung;STAG;Stichtag;2020-12-31;KREISE;Kreise und kreisfreie Städte;06633;Kassel, Landkreis;ADV09C;Nutzungsarten 2-Steller (AdV-Nutzungsartenkatalog 2009);ADVN09-36;Sumpf;31;ha;FLC005A;Bodenfläche
33111;Flächenerhebung nach Art der tatsächlichen Nutzung;STAG;Stichtag;2018-12-31;KREISE;Kreise und kreisfreie Städte;06636;Werra-Meißner-Kreis;ADV09C;Nutzungsarten 2-Steller (AdV-Nutzungsartenkatalog 2009);ADVN09-36;Sumpf;23;ha;FLC005A;Bodenfläche
33111;Flächenerhebung nach Art der tatsächlichen Nutzung;STAG;Stichtag;2019-12-31;KREISE;Kreise und kreisfreie Städte;12063;Havelland, Landkreis;ADV09C;Nutzungsarten 2-Steller (AdV-Nutzungsartenkatalog 2009);ADVN09-44;Meer;-;ha;FLC005A;Bodenfläche
33111;Flächenerhebung nach Art der tatsächlichen Nutzung;STAG;Stichtag;2016-12-31;KREISE;Kreise und kreisfreie Städte;06534;Marburg-Biedenkopf, Landkreis;ADV09C;Nutzungsarten 2-Steller (AdV-Nutzungsartenkatalog 2009);ADVN09-37;Unland, Vegetationslose Fläche;386;ha;FLC005A;Bodenfläche
33111;Flächenerhebung nach Art der tatsächlichen Nutzung;STAG;Stichtag;2019-12-31;KREISE;Kreise und kreisfreie Städte;12065;Oberhavel, Landkreis;ADV09C;Nutzungsarten 2-Steller (AdV-Nutzungsartenkatalog 2009);ADVN09-42;Hafenbecken;13;ha;FLC005A;Bodenfläche
33111;Flächenerhebung nach Art der tatsächlichen Nutzung;STAG;Stichtag;2021-12-31;KREISE;Kreise und kreisfreie Städte;06636;Werra-Meißner-Kreis;ADV09C;Nutzungsarten 2-Steller (AdV-Nutzungsartenkatalog 2009);ADVN09-41;Fließgewässer;1027;ha;FLC005A;Bodenfläche
33111;Flächenerhebung nach Art der tatsächlichen Nutzung;STAG;Stichtag;2019-12-31;KREISE;Kreise und kreisfreie Städte;12065;Oberhavel, Landkreis;ADV09C;Nutzungsarten 2-Steller (AdV-Nutzungsartenkatalog 2009);ADVN09-41;Fließgewässer;2018;ha;FLC005A;Bodenfläche
33111;Flächenerhebung nach Art der tatsächlichen Nutzung;STAG;Stichtag;2019-12-31;KREISE;Kreise und kreisfreie Städte;12063;Havelland, Landkreis;ADV09C;Nutzungsarten 2-Steller (AdV-Nutzungsartenkatalog 2009);ADVN09-43;Stehendes Gewässer;2052;ha;FLC005A;Bodenfläche
33111;Flächenerhebung nach Art der tatsächlichen Nutzung;STAG;Stichtag;2022-12-31;KREISE;Kreise und kreisfreie Städte;06439;Rheingau-Taunus-Kreis;ADV09C;Nutzungsarten 2-Steller (AdV-Nutzungsartenkatalog 2009);ADVN09-37;Unland, Vegetationslose Fläche;66;ha;FLC005A;Bodenfläche
33111;Flächenerhebung nach Art der tatsächlichen Nutzung;STAG;Stichtag;2022-12-31;KREISE;Kreise und kreisfreie Städte;06439;Rheingau-Taunus-Kreis;ADV09C;Nutzungsarten 2-Steller (AdV-Nutzungsartenkatalog 2009);ADVN09-35;Moor;0;ha;FLC005A;Bodenfläche
33111;Flächenerhebung nach Art der tatsächlichen Nutzung;STAG;Stichtag;2020-12-31;KREISE;Kreise und kreisfreie Städte;06533;Limburg-Weilburg, Landkreis;ADV09C;Nutzungsarten 2-Steller (AdV-Nutzungsartenkatalog 2009);ADVN09-42;Hafenbecken;-;ha;FLC005A;Bodenfläche
33111;Flächenerhebung nach Art der tatsächlichen Nutzung;STAG;Stichtag;2022-12-31;KREISE;Kreise und kreisfreie Städte;12065;Oberhavel, Landkreis;ADV09C;Nutzungsarten 2-Steller (AdV-Nutzungsartenkatalog 2009);ADVN09-31;Landwirtschaft;75389;ha;FLC005A;Bodenfläche
33111;Flächenerhebung nach Art der tatsächlichen Nutzung;STAG;Stichtag;2019-12-31;KREISE;Kreise und kreisfreie Städte;12067;Oder-Spree, Landkreis;ADV09C;Nutzungsarten 2-Steller (AdV-Nutzungsartenkatalog 2009);ADVN09-37;Unland, Vegetationslose Fläche;2517;ha;FLC005A;Bodenfläche
33111;Flächenerhebung nach Art der tatsächlichen Nutzung;STAG;Stichtag;2017-12-31;KREISE;Kreise und kreisfreie Städte;06531;Gießen, Landkreis;ADV09C;Nutzungsarten 2-Steller (AdV-Nutzungsartenkatalog 2009);ADVN09-42;Hafenbecken;-;ha;FLC005A;Bodenfläche
33111;Flächenerhebung nach Art der tatsächlichen Nutzung;STAG;Stichtag;2020-12-31;KREISE;Kreise und kreisfreie Städte;06633;Kassel, Landkreis;ADV09C;Nutzungsarten 2-Steller (AdV-Nutzungsartenkatalog 2009);ADVN09-34;Heide;-;ha;FLC005A;Bodenfläche
33111;Flächenerhebung nach Art der tatsächlichen Nutzung;STAG;Stichtag;2019-12-31;KREISE;Kreise und kreisfreie Städte;12063;Havelland, Landkreis;ADV09C;Nutzungsarten 2-Steller (AdV-Nutzungsartenkatalog 2009);ADVN09-33;Gehölz;632;ha;FLC005A;Bodenfläche
33111;Flächenerhebung nach Art der tatsächlichen Nutzung;STAG;Stichtag;2016-12-31;KREISE;Kreise und kreisfreie Städte;06532;Lahn-Dill-Kreis;ADV09C;Nutzungsarten 2-Steller (AdV-Nutzungsartenkatalog 2009);ADVN09-44;Meer;-;ha;FLC005A;Bodenfläche
33111;Flächenerhebung nach Art der tatsächlichen Nutzung;STAG;Stichtag;2019-12-31;KREISE;Kreise und kreisfreie Städte;12067;Oder-Spree, Landkreis;ADV09C;Nutzungsarten 2-Steller (AdV-Nutzungsartenkatalog 2009);ADVN09-35;Moor;7;ha;FLC005A;Bodenfläche
33111;Flächenerhebung nach Art der tatsächlichen Nutzung;STAG;Stichtag;2018-12-31;KREISE;Kreise und kreisfreie Städte;12064;Märkisch-Oderland, Landkreis;ADV09C;Nutzungsarten 2-Steller (AdV-Nutzungsartenkatalog 2009);ADVN09-33;Gehölz;1892;ha;FLC005A;Bodenfläche
33111;Flächenerhebung nach Art der tatsächlichen Nutzung;STAG;Stichtag;2022-12-31;KREISE;Kreise und kreisfreie Städte;12065;Oberhavel, Landkreis;ADV09C;Nutzungsarten 2-Steller (AdV-Nutzungsartenkatalog 2009);ADVN09-33;Gehölz;2249;ha;FLC005A;Bodenfläche
33111;Flächenerhebung nach Art der tatsächlichen Nutzung;STAG;Stichtag;2019-12-31;KREISE;Kreise und kreisfreie Städte;12063;Havelland, Landkreis;ADV09C;Nutzungsarten 2-Steller (AdV-Nutzungsartenkatalog 2009);ADVN09-31;Landwirtschaft;99397;ha;FLC005A;Bodenfläche
33111;Flächenerhebung nach Art der tatsächlichen Nutzung;STAG;Stichtag;2016-12-31;KREISE;Kreise und kreisfreie Städte;12067;Oder-Spree, Landkreis;ADV09C;Nutzungsarten 2-Steller (AdV-Nutzungsartenkatalog 2009);ADVN09-41;Fließgewässer;2067;ha;FLC005A;Bodenfläche
33111;Flächenerhebung nach Art der tatsächlichen Nutzung;STAG;Stichtag;2018-12-31;KREISE;Kreise und kreisfreie Städte;12064;Märkisch-Oderland, Landkreis;ADV09C;Nutzungsarten 2-Steller (AdV-Nutzungsartenkatalog 2009);ADVN09-35;Moor;4;ha;FLC005A;Bodenfläche
33111;Flächenerhebung nach Art der tatsächlichen Nutzung;STAG;Stichtag;2017-12-31;KREISE;Kreise und kreisfreie Städte;06535;Vogelsbergkreis;ADV09C;Nutzungsarten 2-Steller (AdV-Nutzungsartenkatalog 2009);ADVN09-44;Meer;-;ha;FLC005A;Bodenfläche
33111;Flächenerhebung nach Art der tatsächlichen Nutzung;STAG;Stichtag;2021-12-31;KREISE;Kreise und kreisfreie Städte;06534;Marburg-Biedenkopf, Landkreis;ADV09C;Nutzungsarten 2-Steller (AdV-Nutzungsartenkatalog 2009);ADVN09-32;Wald;51467;ha;FLC005A;Bodenfläche
33111;Flächenerhebung nach Art der tatsächlichen Nutzung;STAG;Stichtag;2021-12-31;KREISE;Kreise und kreisfreie Städte;06534;Marburg-Biedenkopf, Landkreis;ADV09C;Nutzungsarten 2-Steller (AdV-Nutzungsartenkatalog 2009);ADVN09-33;Gehölz;579;ha;FLC005A;Bodenfläche
33111;Flächenerhebung nach Art der tatsächlichen Nutzung;STAG;Stichtag;2021-12-31;KREISE;Kreise und kreisfreie Städte;06534;Marburg-Biedenkopf, Landkreis;ADV09C;Nutzungsarten 2-Steller (AdV-Nutzungsartenkatalog 2009);ADVN09-35;Moor;44;ha;FLC005A;Bodenfläche
33111;Flächenerhebung nach Art der tatsächlichen Nutzung;STAG;Stichtag;2017-12-31;KREISE;Kreise und kreisfreie Städte;06439;Rheingau-Taunus-Kreis;ADV09C;Nutzungsarten 2-Steller (AdV-Nutzungsartenkatalog 2009);ADVN09-32;Wald;43786;ha;FLC005A;Bodenfläche
33111;Flächenerhebung nach Art der tatsächlichen Nutzung;STAG;Stichtag;2021-12-31;KREISE;Kreise und kreisfreie Städte;06636;Werra-Meißner-Kreis;ADV09C;Nutzungsarten 2-Steller (AdV-Nutzungsartenkatalog 2009);ADVN09-37;Unland, Vegetationslose Fläche;625;ha;FLC005A;Bodenfläche
33111;Flächenerhebung nach Art der tatsächlichen Nutzung;STAG;Stichtag;2017-12-31;KREISE;Kreise und kreisfreie Städte;06439;Rheingau-Taunus-Kreis;ADV09C;Nutzungsarten 2-Steller (AdV-Nutzungsartenkatalog 2009);ADVN09-33;Gehölz;1323;ha;FLC005A;Bodenfläche
33111;Flächenerhebung nach Art der tatsächlichen Nutzung;STAG;Stichtag;2018-12-31;KREISE;Kreise und kreisfreie Städte;12064;Märkisch-Oderland, Landkreis;ADV09C;Nutzungsarten 2-Steller (AdV-Nutzungsartenkatalog 2009);ADVN09-32;Wald;49885;ha;FLC005A;Bodenfläche
33111;Flächenerhebung nach Art der tatsächlichen Nutzung;STAG;Stichtag;2021-12-31;KREISE;Kreise und kreisfreie Städte;06636;Werra-Meißner-Kreis;ADV09C;Nutzungsarten 2-Steller (AdV-Nutzungsartenkatalog 2009);ADVN09-36;Sumpf;23;ha;FLC005A;Bodenfläche
33111;Flächenerhebung nach Art der tatsächlichen Nutzung;STAG;Stichtag;2017-12-31;KREISE;Kreise und kreisfreie Städte;06533;Limburg-Weilburg, Landkreis;ADV09C;Nutzungsarten 2-Steller (AdV-Nutzungsartenkatalog 2009);ADVN09-37;Unland, Vegetationslose Fläche;545;ha;FLC005A;Bodenfläche
33111;Flächenerhebung nach Art der tatsächlichen Nutzung;STAG;Stichtag;2016-12-31;KREISE;Kreise und kreisfreie Städte;06532;Lahn-Dill-Kreis;ADV09C;Nutzungsarten 2-Steller (AdV-Nutzungsartenkatalog 2009);ADVN09-42;Hafenbecken;-;ha;FLC005A;Bodenfläche
33111;Flächenerhebung nach Art der tatsächlichen Nutzung;STAG;Stichtag;2016-12-31;KREISE;Kreise und kreisfreie Städte;06532;Lahn-Dill-Kreis;ADV09C;Nutzungsarten 2-Steller (AdV-Nutzungsartenkatalog 2009);ADVN09-41;Fließgewässer;946;ha;FLC005A;Bodenfläche
33111;Flächenerhebung nach Art der tatsächlichen Nutzung;STAG;Stichtag;2017-12-31;KREISE;Kreise und kreisfreie Städte;06533;Limburg-Weilburg, Landkreis;ADV09C;Nutzungsarten 2-Steller (AdV-Nutzungsartenkatalog 2009);ADVN09-35;Moor;0;ha;FLC005A;Bodenfläche
33111;Flächenerhebung nach Art der tatsächlichen Nutzung;STAG;Stichtag;2017-12-31;KREISE;Kreise und kreisfreie Städte;06533;Limburg-Weilburg, Landkreis;ADV09C;Nutzungsarten 2-Steller (AdV-Nutzungsartenkatalog 2009);ADVN09-36;Sumpf;6;ha;FLC005A;Bodenfläche
33111;Flächenerhebung nach Art der tatsächlichen Nutzung;STAG;Stichtag;2022-12-31;KREISE;Kreise und kreisfreie Städte;12063;Havelland, Landkreis;ADV09C;Nutzungsarten 2-Steller (AdV-Nutzungsartenkatalog 2009);ADVN09-44;Meer;-;ha;FLC005A;Bodenfläche
33111;Flächenerhebung nach Art der tatsächlichen Nutzung;STAG;Stichtag;2017-12-31;KREISE;Kreise und kreisfreie Städte;06533;Limburg-Weilburg, Landkreis;ADV09C;Nutzungsarten 2-Steller (AdV-Nutzungsartenkatalog 2009);ADVN09-34;Heide;-;ha;FLC005A;Bodenfläche
33111;Flächenerhebung nach Art der tatsächlichen Nutzung;STAG;Stichtag;2017-12-31;KREISE;Kreise und kreisfreie Städte;06439;Rheingau-Taunus-Kreis;ADV09C;Nutzungsarten 2-Steller (AdV-Nutzungsartenkatalog 2009);ADVN09-31;Landwirtschaft;23565;ha;FLC005A;Bodenfläche
33111;Flächenerhebung nach Art der tatsächlichen Nutzung;STAG;Stichtag;2021-12-31;KREISE;Kreise und kreisfreie Städte;06534;Marburg-Biedenkopf, Landkreis;ADV09C;Nutzungsarten 2-Steller (AdV-Nutzungsartenkatalog 2009);ADVN09-34;Heide;6;ha;FLC005A;Bodenfläche
33111;Flächenerhebung nach Art der tatsächlichen Nutzung;STAG;Stichtag;2021-12-31;KREISE;Kreise und kreisfreie Städte;06534;Marburg-Biedenkopf, Landkreis;ADV09C;Nutzungsarten 2-Steller (AdV-Nutzungsartenkatalog 2009);ADVN09-43;Stehendes Gewässer;230;ha;FLC005A;Bodenfläche
33111;Flächenerhebung nach Art der tatsächlichen Nutzung;STAG;Stichtag;2016-12-31;KREISE;Kreise und kreisfreie Städte;12067;Oder-Spree, Landkreis;ADV09C;Nutzungsarten 2-Steller (AdV-Nutzungsartenkatalog 2009);ADVN09-42;Hafenbecken;14;ha;FLC005A;Bodenfläche
33111;Flächenerhebung nach Art der tatsächlichen Nutzung;STAG;Stichtag;2017-12-31;KREISE;Kreise und kreisfreie Städte;06633;Kassel, Landkreis;ADV09C;Nutzungsarten 2-Steller (AdV-Nutzungsartenkatalog 2009);ADVN09-31;Landwirtschaft;57896;ha;FLC005A;Bodenfläche
33111;Flächenerhebung nach Art der tatsächlichen Nutzung;STAG;Stichtag;2017-12-31;KREISE;Kreise und kreisfreie Städte;06633;Kassel, Landkreis;ADV09C;Nutzungsarten 2-Steller (AdV-Nutzungsartenkatalog 2009);ADVN09-35;Moor;1;ha;FLC005A;Bodenfläche
33111;Flächenerhebung nach Art der tatsächlichen Nutzung;STAG;Stichtag;2020-12-31;KREISE;Kreise und kreisfreie Städte;06531;Gießen, Landkreis;ADV09C;Nutzungsarten 2-Steller (AdV-Nutzungsartenkatalog 2009);ADVN09-41;Fließgewässer;731;ha;FLC005A;Bodenfläche
33111;Flächenerhebung nach Art der tatsächlichen Nutzung;STAG;Stichtag;2019-12-31;KREISE;Kreise und kreisfreie Städte;12065;Oberhavel, Landkreis;ADV09C;Nutzungsarten 2-Steller (AdV-Nutzungsartenkatalog 2009);ADVN09-36;Sumpf;590;ha;FLC005A;Bodenfläche
33111;Flächenerhebung nach Art der tatsächlichen Nutzung;STAG;Stichtag;2019-12-31;KREISE;Kreise und kreisfreie Städte;12067;Oder-Spree, Landkreis;ADV09C;Nutzungsarten 2-Steller (AdV-Nutzungsartenkatalog 2009);ADVN09-34;Heide;107;ha;FLC005A;Bodenfläche
33111;Flächenerhebung nach Art der tatsächlichen Nutzung;STAG;Stichtag;2021-12-31;KREISE;Kreise und kreisfreie Städte;06636;Werra-Meißner-Kreis;ADV09C;Nutzungsarten 2-Steller (AdV-Nutzungsartenkatalog 2009);ADVN09-31;Landwirtschaft;43877;ha;FLC005A;Bodenfläche
33111;Flächenerhebung nach Art der tatsächlichen Nutzung;STAG;Stichtag;2022-12-31;KREISE;Kreise und kreisfreie Städte;12063;Havelland, Landkreis;ADV09C;Nutzungsarten 2-Steller (AdV-Nutzungsartenkatalog 2009);ADVN09-32;Wald;44150;ha;FLC005A;Bodenfläche
33111;Flächenerhebung nach Art der tatsächlichen Nutzung;STAG;Stichtag;2022-12-31;KREISE;Kreise und kreisfreie Städte;06439;Rheingau-Taunus-Kreis;ADV09C;Nutzungsarten 2-Steller (AdV-Nutzungsartenkatalog 2009);ADVN09-41;Fließgewässer;1430;ha;FLC005A;Bodenfläche
33111;Flächenerhebung nach Art der tatsächlichen Nutzung;STAG;Stichtag;2017-12-31;KREISE;Kreise und kreisfreie Städte;06533;Limburg-Weilburg, Landkreis;ADV09C;Nutzungsarten 2-Steller (AdV-Nutzungsartenkatalog 2009);ADVN09-41;Fließgewässer;738;ha;FLC005A;Bodenfläche
33111;Flächenerhebung nach Art der tatsächlichen Nutzung;STAG;Stichtag;2022-12-31;KREISE;Kreise und kreisfreie Städte;12063;Havelland, Landkreis;ADV09C;Nutzungsarten 2-Steller (AdV-Nutzungsartenkatalog 2009);ADVN09-36;Sumpf;228;ha;FLC005A;Bodenfläche
33111;Flächenerhebung nach Art der tatsächlichen Nutzung;STAG;Stichtag;2017-12-31;KREISE;Kreise und kreisfreie Städte;06535;Vogelsbergkreis;ADV09C;Nutzungsarten 2-Steller (AdV-Nutzungsartenkatalog 2009);ADVN09-43;Stehendes Gewässer;407;ha;FLC005A;Bodenfläche
33111;Flächenerhebung nach Art der tatsächlichen Nutzung;STAG;Stichtag;2019-12-31;KREISE;Kreise und kreisfreie Städte;12065;Oberhavel, Landkreis;ADV09C;Nutzungsarten 2-Steller (AdV-Nutzungsartenkatalog 2009);ADVN09-32;Wald;72569;ha;FLC005A;Bodenfläche
33111;Flächenerhebung nach Art der tatsächlichen Nutzung;STAG;Stichtag;2020-12-31;KREISE;Kreise und kreisfreie Städte;06531;Gießen, Landkreis;ADV09C;Nutzungsarten 2-Steller (AdV-Nutzungsartenkatalog 2009);ADVN09-37;Unland, Vegetationslose Fläche;282;ha;FLC005A;Bodenfläche
33111;Flächenerhebung nach Art der tatsächlichen Nutzung;STAG;Stichtag;2020-12-31;KREISE;Kreise und kreisfreie Städte;06533;Limburg-Weilburg, Landkreis;ADV09C;Nutzungsarten 2-Steller (AdV-Nutzungsartenkatalog 2009);ADVN09-31;Landwirtschaft;33559;ha;FLC005A;Bodenfläche
33111;Flächenerhebung nach Art der tatsächlichen Nutzung;STAG;Stichtag;2022-12-31;KREISE;Kreise und kreisfreie Städte;06439;Rheingau-Taunus-Kreis;ADV09C;Nutzungsarten 2-Steller (AdV-Nutzungsartenkatalog 2009);ADVN09-42;Hafenbecken;6;ha;FLC005A;Bodenfläche
33111;Flächenerhebung nach Art der tatsächlichen Nutzung;STAG;Stichtag;2020-12-31;KREISE;Kreise und kreisfreie Städte;06533;Limburg-Weilburg, Landkreis;ADV09C;Nutzungsarten 2-Steller (AdV-Nutzungsartenkatalog 2009);ADVN09-32;Wald;24982;ha;FLC005A;Bodenfläche
33111;Flächenerhebung nach Art der tatsächlichen Nutzung;STAG;Stichtag;2017-12-31;KREISE;Kreise und kreisfreie Städte;06633;Kassel, Landkreis;ADV09C;Nutzungsarten 2-Steller (AdV-Nutzungsartenkatalog 2009);ADVN09-42;Hafenbecken;1;ha;FLC005A;Bodenfläche
33111;Flächenerhebung nach Art der tatsächlichen Nutzung;STAG;Stichtag;2017-12-31;KREISE;Kreise und kreisfreie Städte;06633;Kassel, Landkreis;ADV09C;Nutzungsarten 2-Steller (AdV-Nutzungsartenkatalog 2009);ADVN09-43;Stehendes Gewässer;140;ha;FLC005A;Bodenfläche
33111;Flächenerhebung nach Art der tatsächlichen Nutzung;STAG;Stichtag;2016-12-31;KREISE;Kreise und kreisfreie Städte;06532;Lahn-Dill-Kreis;ADV09C;Nutzungsarten 2-Steller (AdV-Nutzungsartenkatalog 2009);ADVN09-37;Unland, Vegetationslose Fläche;200;ha;FLC005A;Bodenfläche
33111;Flächenerhebung nach Art der tatsächlichen Nutzung;STAG;Stichtag;2019-12-31;KREISE;Kreise und kreisfreie Städte;12065;Oberhavel, Landkreis;ADV09C;Nutzungsarten 2-Steller (AdV-Nutzungsartenkatalog 2009);ADVN09-44;Meer;-;ha;FLC005A;Bodenfläche
33111;Flächenerhebung nach Art der tatsächlichen Nutzung;STAG;Stichtag;2018-12-31;KREISE;Kreise und kreisfreie Städte;06636;Werra-Meißner-Kreis;ADV09C;Nutzungsarten 2-Steller (AdV-Nutzungsartenkatalog 2009);ADVN09-33;Gehölz;899;ha;FLC005A;Bodenfläche
33111;Flächenerhebung nach Art der tatsächlichen Nutzung;STAG;Stichtag;2016-12-31;KREISE;Kreise und kreisfreie Städte;06532;Lahn-Dill-Kreis;ADV09C;Nutzungsarten 2-Steller (AdV-Nutzungsartenkatalog 2009);ADVN09-34;Heide;-;ha;FLC005A;Bodenfläche
33111;Flächenerhebung nach Art der tatsächlichen Nutzung;STAG;Stichtag;2016-12-31;KREISE;Kreise und kreisfreie Städte;06532;Lahn-Dill-Kreis;ADV09C;Nutzungsarten 2-Steller (AdV-Nutzungsartenkatalog 2009);ADVN09-33;Gehölz;644;ha;FLC005A;Bodenfläche
33111;Flächenerhebung nach Art der tatsächlichen Nutzung;STAG;Stichtag;2018-12-31;KREISE;Kreise und kreisfreie Städte;06636;Werra-Meißner-Kreis;ADV09C;Nutzungsarten 2-Steller (AdV-Nutzungsartenkatalog 2009);ADVN09-34;Heide;-;ha;FLC005A;Bodenfläche
33111;Flächenerhebung nach Art der tatsächlichen Nutzung;STAG;Stichtag;2020-12-31;KREISE;Kreise und kreisfreie Städte;06531;Gießen, Landkreis;ADV09C;Nutzungsarten 2-Steller (AdV-Nutzungsartenkatalog 2009);ADVN09-33;Gehölz;638;ha;FLC005A;Bodenfläche
33111;Flächenerhebung nach Art der tatsächlichen Nutzung;STAG;Stichtag;2019-12-31;KREISE;Kreise und kreisfreie Städte;12063;Havelland, Landkreis;ADV09C;Nutzungsarten 2-Steller (AdV-Nutzungsartenkatalog 2009);ADVN09-41;Fließgewässer;3301;ha;FLC005A;Bodenfläche
33111;Flächenerhebung nach Art der tatsächlichen Nutzung;STAG;Stichtag;2020-12-31;KREISE;Kreise und kreisfreie Städte;06531;Gießen, Landkreis;ADV09C;Nutzungsarten 2-Steller (AdV-Nutzungsartenkatalog 2009);ADVN09-34;Heide;-;ha;FLC005A;Bodenfläche
33111;Flächenerhebung nach Art der tatsächlichen Nutzung;STAG;Stichtag;2020-12-31;KREISE;Kreise und kreisfreie Städte;06533;Limburg-Weilburg, Landkreis;ADV09C;Nutzungsarten 2-Steller (AdV-Nutzungsartenkatalog 2009);ADVN09-35;Moor;1;ha;FLC005A;Bodenfläche
33111;Flächenerhebung nach Art der tatsächlichen Nutzung;STAG;Stichtag;2019-12-31;KREISE;Kreise und kreisfreie Städte;12063;Havelland, Landkreis;ADV09C;Nutzungsarten 2-Steller (AdV-Nutzungsartenkatalog 2009);ADVN09-42;Hafenbecken;2;ha;FLC005A;Bodenfläche
33111;Flächenerhebung nach Art der tatsächlichen Nutzung;STAG;Stichtag;2018-12-31;KREISE;Kreise und kreisfreie Städte;06636;Werra-Meißner-Kreis;ADV09C;Nutzungsarten 2-Steller (AdV-Nutzungsartenkatalog 2009);ADVN09-37;Unland, Vegetationslose Fläche;617;ha;FLC005A;Bodenfläche
33111;Flächenerhebung nach Art der tatsächlichen Nutzung;STAG;Stichtag;2019-12-31;KREISE;Kreise und kreisfreie Städte;12065;Oberhavel, Landkreis;ADV09C;Nutzungsarten 2-Steller (AdV-Nutzungsartenkatalog 2009);ADVN09-43;Stehendes Gewässer;4638;ha;FLC005A;Bodenfläche
33111;Flächenerhebung nach Art der tatsächlichen Nutzung;STAG;Stichtag;2020-12-31;KREISE;Kreise und kreisfreie Städte;06533;Limburg-Weilburg, Landkreis;ADV09C;Nutzungsarten 2-Steller (AdV-Nutzungsartenkatalog 2009);ADVN09-36;Sumpf;9;ha;FLC005A;Bodenfläche
33111;Flächenerhebung nach Art der tatsächlichen Nutzung;STAG;Stichtag;2021-12-31;KREISE;Kreise und kreisfreie Städte;06534;Marburg-Biedenkopf, Landkreis;ADV09C;Nutzungsarten 2-Steller (AdV-Nutzungsartenkatalog 2009);ADVN09-42;Hafenbecken;-;ha;FLC005A;Bodenfläche
33111;Flächenerhebung nach Art der tatsächlichen Nutzung;STAG;Stichtag;2022-12-31;KREISE;Kreise und kreisfreie Städte;12063;Havelland, Landkreis;ADV09C;Nutzungsarten 2-Steller (AdV-Nutzungsartenkatalog 2009);ADVN09-37;Unland, Vegetationslose Fläche;1795;ha;FLC005A;Bodenfläche
33111;Flächenerhebung nach Art der tatsächlichen Nutzung;STAG;Stichtag;2020-12-31;KREISE;Kreise und kreisfreie Städte;06531;Gießen, Landkreis;ADV09C;Nutzungsarten 2-Steller (AdV-Nutzungsartenkatalog 2009);ADVN09-42;Hafenbecken;-;ha;FLC005A;Bodenfläche
33111;Flächenerhebung nach Art der tatsächlichen Nutzung;STAG;Stichtag;2016-12-31;KREISE;Kreise und kreisfreie Städte;06532;Lahn-Dill-Kreis;ADV09C;Nutzungsarten 2-Steller (AdV-Nutzungsartenkatalog 2009);ADVN09-32;Wald;50278;ha;FLC005A;Bodenfläche
33111;Flächenerhebung nach Art der tatsächlichen Nutzung;STAG;Stichtag;2017-12-31;KREISE;Kreise und kreisfreie Städte;06633;Kassel, Landkreis;ADV09C;Nutzungsarten 2-Steller (AdV-Nutzungsartenkatalog 2009);ADVN09-34;Heide;-;ha;FLC005A;Bodenfläche
33111;Flächenerhebung nach Art der tatsächlichen Nutzung;STAG;Stichtag;2017-12-31;KREISE;Kreise und kreisfreie Städte;06633;Kassel, Landkreis;ADV09C;Nutzungsarten 2-Steller (AdV-Nutzungsartenkatalog 2009);ADVN09-32;Wald;50841;ha;FLC005A;Bodenfläche
33111;Flächenerhebung nach Art der tatsächlichen Nutzung;STAG;Stichtag;2019-12-31;KREISE;Kreise und kreisfreie Städte;12065;Oberhavel, Landkreis;ADV09C;Nutzungsarten 2-Steller (AdV-Nutzungsartenkatalog 2009);ADVN09-37;Unland, Vegetationslose Fläche;3379;ha;FLC005A;Bodenfläche
33111;Flächenerhebung nach Art der tatsächlichen Nutzung;STAG;Stichtag;2018-12-31;KREISE;Kreise und kreisfreie Städte;06636;Werra-Meißner-Kreis;ADV09C;Nutzungsarten 2-Steller (AdV-Nutzungsartenkatalog 2009);ADVN09-44;Meer;-;ha;FLC005A;Bodenfläche
33111;Flächenerhebung nach Art der tatsächlichen Nutzung;STAG;Stichtag;2019-12-31;KREISE;Kreise und kreisfreie Städte;12065;Oberhavel, Landkreis;ADV09C;Nutzungsarten 2-Steller (AdV-Nutzungsartenkatalog 2009);ADVN09-33;Gehölz;1159;ha;FLC005A;Bodenfläche
33111;Flächenerhebung nach Art der tatsächlichen Nutzung;STAG;Stichtag;2017-12-31;KREISE;Kreise und kreisfreie Städte;06533;Limburg-Weilburg, Landkreis;ADV09C;Nutzungsarten 2-Steller (AdV-Nutzungsartenkatalog 2009);ADVN09-42;Hafenbecken;-;ha;FLC005A;Bodenfläche
33111;Flächenerhebung nach Art der tatsächlichen Nutzung;STAG;Stichtag;2019-12-31;KREISE;Kreise und kreisfreie Städte;12065;Oberhavel, Landkreis;ADV09C;Nutzungsarten 2-Steller (AdV-Nutzungsartenkatalog 2009);ADVN09-31;Landwirtschaft;77054;ha;FLC005A;Bodenfläche
33111;Flächenerhebung nach Art der tatsächlichen Nutzung;STAG;Stichtag;2022-12-31;KREISE;Kreise und kreisfreie Städte;12063;Havelland, Landkreis;ADV09C;Nutzungsarten 2-Steller (AdV-Nutzungsartenkatalog 2009);ADVN09-31;Landwirtschaft;97052;ha;FLC005A;Bodenfläche
33111;Flächenerhebung nach Art der tatsächlichen Nutzung;STAG;Stichtag;2019-12-31;KREISE;Kreise und kreisfreie Städte;12065;Oberhavel, Landkreis;ADV09C;Nutzungsarten 2-Steller (AdV-Nutzungsartenkatalog 2009);ADVN09-35;Moor;61;ha;FLC005A;Bodenfläche
33111;Flächenerhebung nach Art der tatsächlichen Nutzung;STAG;Stichtag;2022-12-31;KREISE;Kreise und kreisfreie Städte;12063;Havelland, Landkreis;ADV09C;Nutzungsarten 2-Steller (AdV-Nutzungsartenkatalog 2009);ADVN09-35;Moor;0;ha;FLC005A;Bodenfläche
33111;Flächenerhebung nach Art der tatsächlichen Nutzung;STAG;Stichtag;2020-12-31;KREISE;Kreise und kreisfreie Städte;06531;Gießen, Landkreis;ADV09C;Nutzungsarten 2-Steller (AdV-Nutzungsartenkatalog 2009);ADVN09-44;Meer;-;ha;FLC005A;Bodenfläche
33111;Flächenerhebung nach Art der tatsächlichen Nutzung;STAG;Stichtag;2022-12-31;KREISE;Kreise und kreisfreie Städte;12063;Havelland, Landkreis;ADV09C;Nutzungsarten 2-Steller (AdV-Nutzungsartenkatalog 2009);ADVN09-33;Gehölz;1163;ha;FLC005A;Bodenfläche
33111;Flächenerhebung nach Art der tatsächlichen Nutzung;STAG;Stichtag;2017-12-31;KREISE;Kreise und kreisfreie Städte;06533;Limburg-Weilburg, Landkreis;ADV09C;Nutzungsarten 2-Steller (AdV-Nutzungsartenkatalog 2009);ADVN09-44;Meer;-;ha;FLC005A;Bodenfläche
33111;Flächenerhebung nach Art der tatsächlichen Nutzung;STAG;Stichtag;2021-12-31;KREISE;Kreise und kreisfreie Städte;06534;Marburg-Biedenkopf, Landkreis;ADV09C;Nutzungsarten 2-Steller (AdV-Nutzungsartenkatalog 2009);ADVN09-44;Meer;-;ha;FLC005A;Bodenfläche
33111;Flächenerhebung nach Art der tatsächlichen Nutzung;STAG;Stichtag;2017-12-31;KREISE;Kreise und kreisfreie Städte;06535;Vogelsbergkreis;ADV09C;Nutzungsarten 2-Steller (AdV-Nutzungsartenkatalog 2009);ADVN09-37;Unland, Vegetationslose Fläche;472;ha;FLC005A;Bodenfläche
33111;Flächenerhebung nach Art der tatsächlichen Nutzung;STAG;Stichtag;2018-12-31;KREISE;Kreise und kreisfreie Städte;06636;Werra-Meißner-Kreis;ADV09C;Nutzungsarten 2-Steller (AdV-Nutzungsartenkatalog 2009);ADVN09-41;Fließgewässer;1028;ha;FLC005A;Bodenfläche
33111;Flächenerhebung nach Art der tatsächlichen Nutzung;STAG;Stichtag;2018-12-31;KREISE;Kreise und kreisfreie Städte;06636;Werra-Meißner-Kreis;ADV09C;Nutzungsarten 2-Steller (AdV-Nutzungsartenkatalog 2009);ADVN09-42;Hafenbecken;-;ha;FLC005A;Bodenfläche
33111;Flächenerhebung nach Art der tatsächlichen Nutzung;STAG;Stichtag;2017-12-31;KREISE;Kreise und kreisfreie Städte;06535;Vogelsbergkreis;ADV09C;Nutzungsarten 2-Steller (AdV-Nutzungsartenkatalog 2009);ADVN09-32;Wald;56449;ha;FLC005A;Bodenfläche
33111;Flächenerhebung nach Art der tatsächlichen Nutzung;STAG;Stichtag;2017-12-31;KREISE;Kreise und kreisfreie Städte;06535;Vogelsbergkreis;ADV09C;Nutzungsarten 2-Steller (AdV-Nutzungsartenkatalog 2009);ADVN09-31;Landwirtschaft;71249;ha;FLC005A;Bodenfläche
33111;Flächenerhebung nach Art der tatsächlichen Nutzung;STAG;Stichtag;2017-12-31;KREISE;Kreise und kreisfreie Städte;06633;Kassel, Landkreis;ADV09C;Nutzungsarten 2-Steller (AdV-Nutzungsartenkatalog 2009);ADVN09-36;Sumpf;31;ha;FLC005A;Bodenfläche
33111;Flächenerhebung nach Art der tatsächlichen Nutzung;STAG;Stichtag;2017-12-31;KREISE;Kreise und kreisfreie Städte;06535;Vogelsbergkreis;ADV09C;Nutzungsarten 2-Steller (AdV-Nutzungsartenkatalog 2009);ADVN09-36;Sumpf;21;ha;FLC005A;Bodenfläche
33111;Flächenerhebung nach Art der tatsächlichen Nutzung;STAG;Stichtag;2017-12-31;KREISE;Kreise und kreisfreie Städte;06535;Vogelsbergkreis;ADV09C;Nutzungsarten 2-Steller (AdV-Nutzungsartenkatalog 2009);ADVN09-35;Moor;-;ha;FLC005A;Bodenfläche
33111;Flächenerhebung nach Art der tatsächlichen Nutzung;STAG;Stichtag;2017-12-31;KREISE;Kreise und kreisfreie Städte;06633;Kassel, Landkreis;ADV09C;Nutzungsarten 2-Steller (AdV-Nutzungsartenkatalog 2009);ADVN09-37;Unland, Vegetationslose Fläche;456;ha;FLC005A;Bodenfläche
33111;Flächenerhebung nach Art der tatsächlichen Nutzung;STAG;Stichtag;2017-12-31;KREISE;Kreise und kreisfreie Städte;06535;Vogelsbergkreis;ADV09C;Nutzungsarten 2-Steller (AdV-Nutzungsartenkatalog 2009);ADVN09-33;Gehölz;754;ha;FLC005A;Bodenfläche
33111;Flächenerhebung nach Art der tatsächlichen Nutzung;STAG;Stichtag;2017-12-31;KREISE;Kreise und kreisfreie Städte;06535;Vogelsbergkreis;ADV09C;Nutzungsarten 2-Steller (AdV-Nutzungsartenkatalog 2009);ADVN09-34;Heide;-;ha;FLC005A;Bodenfläche
33111;Flächenerhebung nach Art der tatsächlichen Nutzung;STAG;Stichtag;2019-12-31;KREISE;Kreise und kreisfreie Städte;06534;Marburg-Biedenkopf, Landkreis;ADV09C;Nutzungsarten 2-Steller (AdV-Nutzungsartenkatalog 2009);ADVN09-44;Meer;-;ha;FLC005A;Bodenfläche
33111;Flächenerhebung nach Art der tatsächlichen Nutzung;STAG;Stichtag;2021-12-31;KREISE;Kreise und kreisfreie Städte;06534;Marburg-Biedenkopf, Landkreis;ADV09C;Nutzungsarten 2-Steller (AdV-Nutzungsartenkatalog 2009);ADVN09-41;Fließgewässer;1096;ha;FLC005A;Bodenfläche
33111;Flächenerhebung nach Art der tatsächlichen Nutzung;STAG;Stichtag;2017-12-31;KREISE;Kreise und kreisfreie Städte;12064;Märkisch-Oderland, Landkreis;ADV09C;Nutzungsarten 2-Steller (AdV-Nutzungsartenkatalog 2009);ADVN09-44;Meer;-;ha;FLC005A;Bodenfläche
33111;Flächenerhebung nach Art der tatsächlichen Nutzung;STAG;Stichtag;2022-12-31;KREISE;Kreise und kreisfreie Städte;12064;Märkisch-Oderland, Landkreis;ADV09C;Nutzungsarten 2-Steller (AdV-Nutzungsartenkatalog 2009);ADVN09-37;Unland, Vegetationslose Fläche;947;ha;FLC005A;Bodenfläche
33111;Flächenerhebung nach Art der tatsächlichen Nutzung;STAG;Stichtag;2022-12-31;KREISE;Kreise und kreisfreie Städte;06439;Rheingau-Taunus-Kreis;ADV09C;Nutzungsarten 2-Steller (AdV-Nutzungsartenkatalog 2009);ADVN09-32;Wald;43842;ha;FLC005A;Bodenfläche
33111;Flächenerhebung nach Art der tatsächlichen Nutzung;STAG;Stichtag;2016-12-31;KREISE;Kreise und kreisfreie Städte;06535;Vogelsbergkreis;ADV09C;Nutzungsarten 2-Steller (AdV-Nutzungsartenkatalog 2009);ADVN09-44;Meer;-;ha;FLC005A;Bodenfläche
33111;Flächenerhebung nach Art der tatsächlichen Nutzung;STAG;Stichtag;2019-12-31;KREISE;Kreise und kreisfreie Städte;12065;Oberhavel, Landkreis;ADV09C;Nutzungsarten 2-Steller (AdV-Nutzungsartenkatalog 2009);ADVN09-34;Heide;113;ha;FLC005A;Bodenfläche
33111;Flächenerhebung nach Art der tatsächlichen Nutzung;STAG;Stichtag;2021-12-31;KREISE;Kreise und kreisfreie Städte;12065;Oberhavel, Landkreis;ADV09C;Nutzungsarten 2-Steller (AdV-Nutzungsartenkatalog 2009);ADVN09-42;Hafenbecken;13;ha;FLC005A;Bodenfläche
33111;Flächenerhebung nach Art der tatsächlichen Nutzung;STAG;Stichtag;2020-12-31;KREISE;Kreise und kreisfreie Städte;12063;Havelland, Landkreis;ADV09C;Nutzungsarten 2-Steller (AdV-Nutzungsartenkatalog 2009);ADVN09-36;Sumpf;265;ha;FLC005A;Bodenfläche
33111;Flächenerhebung nach Art der tatsächlichen Nutzung;STAG;Stichtag;2020-12-31;KREISE;Kreise und kreisfreie Städte;12067;Oder-Spree, Landkreis;ADV09C;Nutzungsarten 2-Steller (AdV-Nutzungsartenkatalog 2009);ADVN09-43;Stehendes Gewässer;6263;ha;FLC005A;Bodenfläche
33111;Flächenerhebung nach Art der tatsächlichen Nutzung;STAG;Stichtag;2018-12-31;KREISE;Kreise und kreisfreie Städte;06531;Gießen, Landkreis;ADV09C;Nutzungsarten 2-Steller (AdV-Nutzungsartenkatalog 2009);ADVN09-42;Hafenbecken;-;ha;FLC005A;Bodenfläche
33111;Flächenerhebung nach Art der tatsächlichen Nutzung;STAG;Stichtag;2018-12-31;KREISE;Kreise und kreisfreie Städte;12067;Oder-Spree, Landkreis;ADV09C;Nutzungsarten 2-Steller (AdV-Nutzungsartenkatalog 2009);ADVN09-35;Moor;7;ha;FLC005A;Bodenfläche
33111;Flächenerhebung nach Art der tatsächlichen Nutzung;STAG;Stichtag;2017-12-31;KREISE;Kreise und kreisfreie Städte;06533;Limburg-Weilburg, Landkreis;ADV09C;Nutzungsarten 2-Steller (AdV-Nutzungsartenkatalog 2009);ADVN09-43;Stehendes Gewässer;117;ha;FLC005A;Bodenfläche
33111;Flächenerhebung nach Art der tatsächlichen Nutzung;STAG;Stichtag;2016-12-31;KREISE;Kreise und kreisfreie Städte;12063;Havelland, Landkreis;ADV09C;Nutzungsarten 2-Steller (AdV-Nutzungsartenkatalog 2009);ADVN09-36;Sumpf;249;ha;FLC005A;Bodenfläche
33111;Flächenerhebung nach Art der tatsächlichen Nutzung;STAG;Stichtag;2016-12-31;KREISE;Kreise und kreisfreie Städte;06633;Kassel, Landkreis;ADV09C;Nutzungsarten 2-Steller (AdV-Nutzungsartenkatalog 2009);ADVN09-44;Meer;-;ha;FLC005A;Bodenfläche
33111;Flächenerhebung nach Art der tatsächlichen Nutzung;STAG;Stichtag;2016-12-31;KREISE;Kreise und kreisfreie Städte;12067;Oder-Spree, Landkreis;ADV09C;Nutzungsarten 2-Steller (AdV-Nutzungsartenkatalog 2009);ADVN09-32;Wald;107384;ha;FLC005A;Bodenfläche
33111;Flächenerhebung nach Art der tatsächlichen Nutzung;STAG;Stichtag;2019-12-31;KREISE;Kreise und kreisfreie Städte;06534;Marburg-Biedenkopf, Landkreis;ADV09C;Nutzungsarten 2-Steller (AdV-Nutzungsartenkatalog 2009);ADVN09-33;Gehölz;479;ha;FLC005A;Bodenfläche
33111;Flächenerhebung nach Art der tatsächlichen Nutzung;STAG;Stichtag;2017-12-31;KREISE;Kreise und kreisfreie Städte;12065;Oberhavel, Landkreis;ADV09C;Nutzungsarten 2-Steller (AdV-Nutzungsartenkatalog 2009);ADVN09-31;Landwirtschaft;77233;ha;FLC005A;Bodenfläche
33111;Flächenerhebung nach Art der tatsächlichen Nutzung;STAG;Stichtag;2020-12-31;KREISE;Kreise und kreisfreie Städte;06533;Limburg-Weilburg, Landkreis;ADV09C;Nutzungsarten 2-Steller (AdV-Nutzungsartenkatalog 2009);ADVN09-33;Gehölz;601;ha;FLC005A;Bodenfläche
33111;Flächenerhebung nach Art der tatsächlichen Nutzung;STAG;Stichtag;2021-12-31;KREISE;Kreise und kreisfreie Städte;06535;Vogelsbergkreis;ADV09C;Nutzungsarten 2-Steller (AdV-Nutzungsartenkatalog 2009);ADVN09-37;Unland, Vegetationslose Fläche;408;ha;FLC005A;Bodenfläche
33111;Flächenerhebung nach Art der tatsächlichen Nutzung;STAG;Stichtag;2022-12-31;KREISE;Kreise und kreisfreie Städte;06439;Rheingau-Taunus-Kreis;ADV09C;Nutzungsarten 2-Steller (AdV-Nutzungsartenkatalog 2009);ADVN09-43;Stehendes Gewässer;63;ha;FLC005A;Bodenfläche
33111;Flächenerhebung nach Art der tatsächlichen Nutzung;STAG;Stichtag;2020-12-31;KREISE;Kreise und kreisfreie Städte;12064;Märkisch-Oderland, Landkreis;ADV09C;Nutzungsarten 2-Steller (AdV-Nutzungsartenkatalog 2009);ADVN09-34;Heide;46;ha;FLC005A;Bodenfläche
33111;Flächenerhebung nach Art der tatsächlichen Nutzung;STAG;Stichtag;2022-12-31;KREISE;Kreise und kreisfreie Städte;06533;Limburg-Weilburg, Landkreis;ADV09C;Nutzungsarten 2-Steller (AdV-Nutzungsartenkatalog 2009);ADVN09-36;Sumpf;9;ha;FLC005A;Bodenfläche
33111;Flächenerhebung nach Art der tatsächlichen Nutzung;STAG;Stichtag;2021-12-31;KREISE;Kreise und kreisfreie Städte;12064;Märkisch-Oderland, Landkreis;ADV09C;Nutzungsarten 2-Steller (AdV-Nutzungsartenkatalog 2009);ADVN09-44;Meer;-;ha;FLC005A;Bodenfläche
33111;Flächenerhebung nach Art der tatsächlichen Nutzung;STAG;Stichtag;2021-12-31;KREISE;Kreise und kreisfreie Städte;06633;Kassel, Landkreis;ADV09C;Nutzungsarten 2-Steller (AdV-Nutzungsartenkatalog 2009);ADVN09-37;Unland, Vegetationslose Fläche;444;ha;FLC005A;Bodenfläche
33111;Flächenerhebung nach Art der tatsächlichen Nutzung;STAG;Stichtag;2016-12-31;KREISE;Kreise und kreisfreie Städte;06532;Lahn-Dill-Kreis;ADV09C;Nutzungsarten 2-Steller (AdV-Nutzungsartenkatalog 2009);ADVN09-35;Moor;-;ha;FLC005A;Bodenfläche
33111;Flächenerhebung nach Art der tatsächlichen Nutzung;STAG;Stichtag;2021-12-31;KREISE;Kreise und kreisfreie Städte;06531;Gießen, Landkreis;ADV09C;Nutzungsarten 2-Steller (AdV-Nutzungsartenkatalog 2009);ADVN09-32;Wald;29459;ha;FLC005A;Bodenfläche
33111;Flächenerhebung nach Art der tatsächlichen Nutzung;STAG;Stichtag;2016-12-31;KREISE;Kreise und kreisfreie Städte;12067;Oder-Spree, Landkreis;ADV09C;Nutzungsarten 2-Steller (AdV-Nutzungsartenkatalog 2009);ADVN09-43;Stehendes Gewässer;6328;ha;FLC005A;Bodenfläche
33111;Flächenerhebung nach Art der tatsächlichen Nutzung;STAG;Stichtag;2021-12-31;KREISE;Kreise und kreisfreie Städte;06533;Limburg-Weilburg, Landkreis;ADV09C;Nutzungsarten 2-Steller (AdV-Nutzungsartenkatalog 2009);ADVN09-43;Stehendes Gewässer;110;ha;FLC005A;Bodenfläche
33111;Flächenerhebung nach Art der tatsächlichen Nutzung;STAG;Stichtag;2020-12-31;KREISE;Kreise und kreisfreie Städte;06533;Limburg-Weilburg, Landkreis;ADV09C;Nutzungsarten 2-Steller (AdV-Nutzungsartenkatalog 2009);ADVN09-44;Meer;-;ha;FLC005A;Bodenfläche
33111;Flächenerhebung nach Art der tatsächlichen Nutzung;STAG;Stichtag;2019-12-31;KREISE;Kreise und kreisfreie Städte;06535;Vogelsbergkreis;ADV09C;Nutzungsarten 2-Steller (AdV-Nutzungsartenkatalog 2009);ADVN09-42;Hafenbecken;-;ha;FLC005A;Bodenfläche
33111;Flächenerhebung nach Art der tatsächlichen Nutzung;STAG;Stichtag;2017-12-31;KREISE;Kreise und kreisfreie Städte;06636;Werra-Meißner-Kreis;ADV09C;Nutzungsarten 2-Steller (AdV-Nutzungsartenkatalog 2009);ADVN09-35;Moor;-;ha;FLC005A;Bodenfläche
33111;Flächenerhebung nach Art der tatsächlichen Nutzung;STAG;Stichtag;2018-12-31;KREISE;Kreise und kreisfreie Städte;12063;Havelland, Landkreis;ADV09C;Nutzungsarten 2-Steller (AdV-Nutzungsartenkatalog 2009);ADVN09-41;Fließgewässer;3300;ha;FLC005A;Bodenfläche
33111;Flächenerhebung nach Art der tatsächlichen Nutzung;STAG;Stichtag;2017-12-31;KREISE;Kreise und kreisfreie Städte;12067;Oder-Spree, Landkreis;ADV09C;Nutzungsarten 2-Steller (AdV-Nutzungsartenkatalog 2009);ADVN09-42;Hafenbecken;14;ha;FLC005A;Bodenfläche
33111;Flächenerhebung nach Art der tatsächlichen Nutzung;STAG;Stichtag;2016-12-31;KREISE;Kreise und kreisfreie Städte;06636;Werra-Meißner-Kreis;ADV09C;Nutzungsarten 2-Steller (AdV-Nutzungsartenkatalog 2009);ADVN09-36;Sumpf;23;ha;FLC005A;Bodenfläche
33111;Flächenerhebung nach Art der tatsächlichen Nutzung;STAG;Stichtag;2021-12-31;KREISE;Kreise und kreisfreie Städte;12064;Märkisch-Oderland, Landkreis;ADV09C;Nutzungsarten 2-Steller (AdV-Nutzungsartenkatalog 2009);ADVN09-33;Gehölz;2483;ha;FLC005A;Bodenfläche
33111;Flächenerhebung nach Art der tatsächlichen Nutzung;STAG;Stichtag;2019-12-31;KREISE;Kreise und kreisfreie Städte;06633;Kassel, Landkreis;ADV09C;Nutzungsarten 2-Steller (AdV-Nutzungsartenkatalog 2009);ADVN09-42;Hafenbecken;1;ha;FLC005A;Bodenfläche
33111;Flächenerhebung nach Art der tatsächlichen Nutzung;STAG;Stichtag;2019-12-31;KREISE;Kreise und kreisfreie Städte;12064;Märkisch-Oderland, Landkreis;ADV09C;Nutzungsarten 2-Steller (AdV-Nutzungsartenkatalog 2009);ADVN09-36;Sumpf;631;ha;FLC005A;Bodenfläche
33111;Flächenerhebung nach Art der tatsächlichen Nutzung;STAG;Stichtag;2018-12-31;KREISE;Kreise und kreisfreie Städte;12064;Märkisch-Oderland, Landkreis;ADV09C;Nutzungsarten 2-Steller (AdV-Nutzungsartenkatalog 2009);ADVN09-37;Unland, Vegetationslose Fläche;918;ha;FLC005A;Bodenfläche
33111;Flächenerhebung nach Art der tatsächlichen Nutzung;STAG;Stichtag;2022-12-31;KREISE;Kreise und kreisfreie Städte;12065;Oberhavel, Landkreis;ADV09C;Nutzungsarten 2-Steller (AdV-Nutzungsartenkatalog 2009);ADVN09-35;Moor;53;ha;FLC005A;Bodenfläche
33111;Flächenerhebung nach Art der tatsächlichen Nutzung;STAG;Stichtag;2017-12-31;KREISE;Kreise und kreisfreie Städte;12064;Märkisch-Oderland, Landkreis;ADV09C;Nutzungsarten 2-Steller (AdV-Nutzungsartenkatalog 2009);ADVN09-33;Gehölz;1809;ha;FLC005A;Bodenfläche
33111;Flächenerhebung nach Art der tatsächlichen Nutzung;STAG;Stichtag;2019-12-31;KREISE;Kreise und kreisfreie Städte;06533;Limburg-Weilburg, Landkreis;ADV09C;Nutzungsarten 2-Steller (AdV-Nutzungsartenkatalog 2009);ADVN09-35;Moor;1;ha;FLC005A;Bodenfläche
33111;Flächenerhebung nach Art der tatsächlichen Nutzung;STAG;Stichtag;2021-12-31;KREISE;Kreise und kreisfreie Städte;06636;Werra-Meißner-Kreis;ADV09C;Nutzungsarten 2-Steller (AdV-Nutzungsartenkatalog 2009);ADVN09-35;Moor;-;ha;FLC005A;Bodenfläche
33111;Flächenerhebung nach Art der tatsächlichen Nutzung;STAG;Stichtag;2022-12-31;KREISE;Kreise und kreisfreie Städte;06534;Marburg-Biedenkopf, Landkreis;ADV09C;Nutzungsarten 2-Steller (AdV-Nutzungsartenkatalog 2009);ADVN09-34;Heide;6;ha;FLC005A;Bodenfläche
33111;Flächenerhebung nach Art der tatsächlichen Nutzung;STAG;Stichtag;2018-12-31;KREISE;Kreise und kreisfreie Städte;06439;Rheingau-Taunus-Kreis;ADV09C;Nutzungsarten 2-Steller (AdV-Nutzungsartenkatalog 2009);ADVN09-32;Wald;43837;ha;FLC005A;Bodenfläche
33111;Flächenerhebung nach Art der tatsächlichen Nutzung;STAG;Stichtag;2017-12-31;KREISE;Kreise und kreisfreie Städte;06439;Rheingau-Taunus-Kreis;ADV09C;Nutzungsarten 2-Steller (AdV-Nutzungsartenkatalog 2009);ADVN09-37;Unland, Vegetationslose Fläche;65;ha;FLC005A;Bodenfläche
33111;Flächenerhebung nach Art der tatsächlichen Nutzung;STAG;Stichtag;2020-12-31;KREISE;Kreise und kreisfreie Städte;06636;Werra-Meißner-Kreis;ADV09C;Nutzungsarten 2-Steller (AdV-Nutzungsartenkatalog 2009);ADVN09-36;Sumpf;23;ha;FLC005A;Bodenfläche
33111;Flächenerhebung nach Art der tatsächlichen Nutzung;STAG;Stichtag;2016-12-31;KREISE;Kreise und kreisfreie Städte;12064;Märkisch-Oderland, Landkreis;ADV09C;Nutzungsarten 2-Steller (AdV-Nutzungsartenkatalog 2009);ADVN09-34;Heide;46;ha;FLC005A;Bodenfläche
33111;Flächenerhebung nach Art der tatsächlichen Nutzung;STAG;Stichtag;2019-12-31;KREISE;Kreise und kreisfreie Städte;06439;Rheingau-Taunus-Kreis;ADV09C;Nutzungsarten 2-Steller (AdV-Nutzungsartenkatalog 2009);ADVN09-31;Landwirtschaft;23410;ha;FLC005A;Bodenfläche
33111;Flächenerhebung nach Art der tatsächlichen Nutzung;STAG;Stichtag;2018-12-31;KREISE;Kreise und kreisfreie Städte;06533;Limburg-Weilburg, Landkreis;ADV09C;Nutzungsarten 2-Steller (AdV-Nutzungsartenkatalog 2009);ADVN09-36;Sumpf;6;ha;FLC005A;Bodenfläche
33111;Flächenerhebung nach Art der tatsächlichen Nutzung;STAG;Stichtag;2020-12-31;KREISE;Kreise und kreisfreie Städte;06534;Marburg-Biedenkopf, Landkreis;ADV09C;Nutzungsarten 2-Steller (AdV-Nutzungsartenkatalog 2009);ADVN09-31;Landwirtschaft;54343;ha;FLC005A;Bodenfläche
33111;Flächenerhebung nach Art der tatsächlichen Nutzung;STAG;Stichtag;2019-12-31;KREISE;Kreise und kreisfreie Städte;12066;Oberspreewald-Lausitz, Landkreis;ADV09C;Nutzungsarten 2-Steller (AdV-Nutzungsartenkatalog 2009);ADVN09-43;Stehendes Gewässer;3450;ha;FLC005A;Bodenfläche
33111;Flächenerhebung nach Art der tatsächlichen Nutzung;STAG;Stichtag;2021-12-31;KREISE;Kreise und kreisfreie Städte;12065;Oberhavel, Landkreis;ADV09C;Nutzungsarten 2-Steller (AdV-Nutzungsartenkatalog 2009);ADVN09-31;Landwirtschaft;76122;ha;FLC005A;Bodenfläche
33111;Flächenerhebung nach Art der tatsächlichen Nutzung;STAG;Stichtag;2017-12-31;KREISE;Kreise und kreisfreie Städte;06533;Limburg-Weilburg, Landkreis;ADV09C;Nutzungsarten 2-Steller (AdV-Nutzungsartenkatalog 2009);ADVN09-32;Wald;24940;ha;FLC005A;Bodenfläche
33111;Flächenerhebung nach Art der tatsächlichen Nutzung;STAG;Stichtag;2022-12-31;KREISE;Kreise und kreisfreie Städte;12063;Havelland, Landkreis;ADV09C;Nutzungsarten 2-Steller (AdV-Nutzungsartenkatalog 2009);ADVN09-41;Fließgewässer;3413;ha;FLC005A;Bodenfläche
33111;Flächenerhebung nach Art der tatsächlichen Nutzung;STAG;Stichtag;2016-12-31;KREISE;Kreise und kreisfreie Städte;06533;Limburg-Weilburg, Landkreis;ADV09C;Nutzungsarten 2-Steller (AdV-Nutzungsartenkatalog 2009);ADVN09-33;Gehölz;480;ha;FLC005A;Bodenfläche
33111;Flächenerhebung nach Art der tatsächlichen Nutzung;STAG;Stichtag;2020-12-31;KREISE;Kreise und kreisfreie Städte;12065;Oberhavel, Landkreis;ADV09C;Nutzungsarten 2-Steller (AdV-Nutzungsartenkatalog 2009);ADVN09-32;Wald;72897;ha;FLC005A;Bodenfläche
33111;Flächenerhebung nach Art der tatsächlichen Nutzung;STAG;Stichtag;2022-12-31;KREISE;Kreise und kreisfreie Städte;12066;Oberspreewald-Lausitz, Landkreis;ADV09C;Nutzungsarten 2-Steller (AdV-Nutzungsartenkatalog 2009);ADVN09-37;Unland, Vegetationslose Fläche;4230;ha;FLC005A;Bodenfläche
33111;Flächenerhebung nach Art der tatsächlichen Nutzung;STAG;Stichtag;2021-12-31;KREISE;Kreise und kreisfreie Städte;06532;Lahn-Dill-Kreis;ADV09C;Nutzungsarten 2-Steller (AdV-Nutzungsartenkatalog 2009);ADVN09-41;Fließgewässer;950;ha;FLC005A;Bodenfläche
33111;Flächenerhebung nach Art der tatsächlichen Nutzung;STAG;Stichtag;2019-12-31;KREISE;Kreise und kreisfreie Städte;06531;Gießen, Landkreis;ADV09C;Nutzungsarten 2-Steller (AdV-Nutzungsartenkatalog 2009);ADVN09-41;Fließgewässer;730;ha;FLC005A;Bodenfläche
33111;Flächenerhebung nach Art der tatsächlichen Nutzung;STAG;Stichtag;2016-12-31;KREISE;Kreise und kreisfreie Städte;12063;Havelland, Landkreis;ADV09C;Nutzungsarten 2-Steller (AdV-Nutzungsartenkatalog 2009);ADVN09-42;Hafenbecken;2;ha;FLC005A;Bodenfläche
33111;Flächenerhebung nach Art der tatsächlichen Nutzung;STAG;Stichtag;2022-12-31;KREISE;Kreise und kreisfreie Städte;06633;Kassel, Landkreis;ADV09C;Nutzungsarten 2-Steller (AdV-Nutzungsartenkatalog 2009);ADVN09-43;Stehendes Gewässer;144;ha;FLC005A;Bodenfläche
33111;Flächenerhebung nach Art der tatsächlichen Nutzung;STAG;Stichtag;2018-12-31;KREISE;Kreise und kreisfreie Städte;06633;Kassel, Landkreis;ADV09C;Nutzungsarten 2-Steller (AdV-Nutzungsartenkatalog 2009);ADVN09-32;Wald;50864;ha;FLC005A;Bodenfläche
33111;Flächenerhebung nach Art der tatsächlichen Nutzung;STAG;Stichtag;2020-12-31;KREISE;Kreise und kreisfreie Städte;06534;Marburg-Biedenkopf, Landkreis;ADV09C;Nutzungsarten 2-Steller (AdV-Nutzungsartenkatalog 2009);ADVN09-42;Hafenbecken;-;ha;FLC005A;Bodenfläche
33111;Flächenerhebung nach Art der tatsächlichen Nutzung;STAG;Stichtag;2021-12-31;KREISE;Kreise und kreisfreie Städte;12063;Havelland, Landkreis;ADV09C;Nutzungsarten 2-Steller (AdV-Nutzungsartenkatalog 2009);ADVN09-42;Hafenbecken;2;ha;FLC005A;Bodenfläche
33111;Flächenerhebung nach Art der tatsächlichen Nutzung;STAG;Stichtag;2016-12-31;KREISE;Kreise und kreisfreie Städte;06534;Marburg-Biedenkopf, Landkreis;ADV09C;Nutzungsarten 2-Steller (AdV-Nutzungsartenkatalog 2009);ADVN09-31;Landwirtschaft;54737;ha;FLC005A;Bodenfläche
33111;Flächenerhebung nach Art der tatsächlichen Nutzung;STAG;Stichtag;2021-12-31;KREISE;Kreise und kreisfreie Städte;12063;Havelland, Landkreis;ADV09C;Nutzungsarten 2-Steller (AdV-Nutzungsartenkatalog 2009);ADVN09-35;Moor;0;ha;FLC005A;Bodenfläche
33111;Flächenerhebung nach Art der tatsächlichen Nutzung;STAG;Stichtag;2020-12-31;KREISE;Kreise und kreisfreie Städte;12065;Oberhavel, Landkreis;ADV09C;Nutzungsarten 2-Steller (AdV-Nutzungsartenkatalog 2009);ADVN09-36;Sumpf;609;ha;FLC005A;Bodenfläche
33111;Flächenerhebung nach Art der tatsächlichen Nutzung;STAG;Stichtag;2020-12-31;KREISE;Kreise und kreisfreie Städte;12065;Oberhavel, Landkreis;ADV09C;Nutzungsarten 2-Steller (AdV-Nutzungsartenkatalog 2009);ADVN09-43;Stehendes Gewässer;4615;ha;FLC005A;Bodenfläche
33111;Flächenerhebung nach Art der tatsächlichen Nutzung;STAG;Stichtag;2021-12-31;KREISE;Kreise und kreisfreie Städte;06439;Rheingau-Taunus-Kreis;ADV09C;Nutzungsarten 2-Steller (AdV-Nutzungsartenkatalog 2009);ADVN09-44;Meer;-;ha;FLC005A;Bodenfläche
33111;Flächenerhebung nach Art der tatsächlichen Nutzung;STAG;Stichtag;2016-12-31;KREISE;Kreise und kreisfreie Städte;06533;Limburg-Weilburg, Landkreis;ADV09C;Nutzungsarten 2-Steller (AdV-Nutzungsartenkatalog 2009);ADVN09-44;Meer;-;ha;FLC005A;Bodenfläche
33111;Flächenerhebung nach Art der tatsächlichen Nutzung;STAG;Stichtag;2019-12-31;KREISE;Kreise und kreisfreie Städte;12063;Havelland, Landkreis;ADV09C;Nutzungsarten 2-Steller (AdV-Nutzungsartenkatalog 2009);ADVN09-34;Heide;3955;ha;FLC005A;Bodenfläche
33111;Flächenerhebung nach Art der tatsächlichen Nutzung;STAG;Stichtag;2020-12-31;KREISE;Kreise und kreisfreie Städte;06633;Kassel, Landkreis;ADV09C;Nutzungsarten 2-Steller (AdV-Nutzungsartenkatalog 2009);ADVN09-33;Gehölz;551;ha;FLC005A;Bodenfläche
33111;Flächenerhebung nach Art der tatsächlichen Nutzung;STAG;Stichtag;2022-12-31;KREISE;Kreise und kreisfreie Städte;06535;Vogelsbergkreis;ADV09C;Nutzungsarten 2-Steller (AdV-Nutzungsartenkatalog 2009);ADVN09-43;Stehendes Gewässer;365;ha;FLC005A;Bodenfläche
33111;Flächenerhebung nach Art der tatsächlichen Nutzung;STAG;Stichtag;2022-12-31;KREISE;Kreise und kreisfreie Städte;12066;Oberspreewald-Lausitz, Landkreis;ADV09C;Nutzungsarten 2-Steller (AdV-Nutzungsartenkatalog 2009);ADVN09-33;Gehölz;3893;ha;FLC005A;Bodenfläche
33111;Flächenerhebung nach Art der tatsächlichen Nutzung;STAG;Stichtag;2018-12-31;KREISE;Kreise und kreisfreie Städte;06533;Limburg-Weilburg, Landkreis;ADV09C;Nutzungsarten 2-Steller (AdV-Nutzungsartenkatalog 2009);ADVN09-42;Hafenbecken;-;ha;FLC005A;Bodenfläche
33111;Flächenerhebung nach Art der tatsächlichen Nutzung;STAG;Stichtag;2019-12-31;KREISE;Kreise und kreisfreie Städte;06439;Rheingau-Taunus-Kreis;ADV09C;Nutzungsarten 2-Steller (AdV-Nutzungsartenkatalog 2009);ADVN09-36;Sumpf;5;ha;FLC005A;Bodenfläche
33111;Flächenerhebung nach Art der tatsächlichen Nutzung;STAG;Stichtag;2018-12-31;KREISE;Kreise und kreisfreie Städte;12065;Oberhavel, Landkreis;ADV09C;Nutzungsarten 2-Steller (AdV-Nutzungsartenkatalog 2009);ADVN09-35;Moor;61;ha;FLC005A;Bodenfläche
33111;Flächenerhebung nach Art der tatsächlichen Nutzung;STAG;Stichtag;2017-12-31;KREISE;Kreise und kreisfreie Städte;06531;Gießen, Landkreis;ADV09C;Nutzungsarten 2-Steller (AdV-Nutzungsartenkatalog 2009);ADVN09-43;Stehendes Gewässer;380;ha;FLC005A;Bodenfläche
33111;Flächenerhebung nach Art der tatsächlichen Nutzung;STAG;Stichtag;2017-12-31;KREISE;Kreise und kreisfreie Städte;12063;Havelland, Landkreis;ADV09C;Nutzungsarten 2-Steller (AdV-Nutzungsartenkatalog 2009);ADVN09-31;Landwirtschaft;99552;ha;FLC005A;Bodenfläche
33111;Flächenerhebung nach Art der tatsächlichen Nutzung;STAG;Stichtag;2016-12-31;KREISE;Kreise und kreisfreie Städte;12065;Oberhavel, Landkreis;ADV09C;Nutzungsarten 2-Steller (AdV-Nutzungsartenkatalog 2009);ADVN09-36;Sumpf;568;ha;FLC005A;Bodenfläche
33111;Flächenerhebung nach Art der tatsächlichen Nutzung;STAG;Stichtag;2021-12-31;KREISE;Kreise und kreisfreie Städte;06533;Limburg-Weilburg, Landkreis;ADV09C;Nutzungsarten 2-Steller (AdV-Nutzungsartenkatalog 2009);ADVN09-32;Wald;24976;ha;FLC005A;Bodenfläche
33111;Flächenerhebung nach Art der tatsächlichen Nutzung;STAG;Stichtag;2019-12-31;KREISE;Kreise und kreisfreie Städte;06532;Lahn-Dill-Kreis;ADV09C;Nutzungsarten 2-Steller (AdV-Nutzungsartenkatalog 2009);ADVN09-37;Unland, Vegetationslose Fläche;206;ha;FLC005A;Bodenfläche
33111;Flächenerhebung nach Art der tatsächlichen Nutzung;STAG;Stichtag;2020-12-31;KREISE;Kreise und kreisfreie Städte;06535;Vogelsbergkreis;ADV09C;Nutzungsarten 2-Steller (AdV-Nutzungsartenkatalog 2009);ADVN09-33;Gehölz;1114;ha;FLC005A;Bodenfläche
33111;Flächenerhebung nach Art der tatsächlichen Nutzung;STAG;Stichtag;2021-12-31;KREISE;Kreise und kreisfreie Städte;06533;Limburg-Weilburg, Landkreis;ADV09C;Nutzungsarten 2-Steller (AdV-Nutzungsartenkatalog 2009);ADVN09-37;Unland, Vegetationslose Fläche;564;ha;FLC005A;Bodenfläche
33111;Flächenerhebung nach Art der tatsächlichen Nutzung;STAG;Stichtag;2017-12-31;KREISE;Kreise und kreisfreie Städte;12063;Havelland, Landkreis;ADV09C;Nutzungsarten 2-Steller (AdV-Nutzungsartenkatalog 2009);ADVN09-35;Moor;0;ha;FLC005A;Bodenfläche
33111;Flächenerhebung nach Art der tatsächlichen Nutzung;STAG;Stichtag;2018-12-31;KREISE;Kreise und kreisfreie Städte;06534;Marburg-Biedenkopf, Landkreis;ADV09C;Nutzungsarten 2-Steller (AdV-Nutzungsartenkatalog 2009);ADVN09-34;Heide;6;ha;FLC005A;Bodenfläche
33111;Flächenerhebung nach Art der tatsächlichen Nutzung;STAG;Stichtag;2016-12-31;KREISE;Kreise und kreisfreie Städte;12065;Oberhavel, Landkreis;ADV09C;Nutzungsarten 2-Steller (AdV-Nutzungsartenkatalog 2009);ADVN09-32;Wald;71777;ha;FLC005A;Bodenfläche
33111;Flächenerhebung nach Art der tatsächlichen Nutzung;STAG;Stichtag;2022-12-31;KREISE;Kreise und kreisfreie Städte;06633;Kassel, Landkreis;ADV09C;Nutzungsarten 2-Steller (AdV-Nutzungsartenkatalog 2009);ADVN09-32;Wald;51069;ha;FLC005A;Bodenfläche
33111;Flächenerhebung nach Art der tatsächlichen Nutzung;STAG;Stichtag;2019-12-31;KREISE;Kreise und kreisfreie Städte;06532;Lahn-Dill-Kreis;ADV09C;Nutzungsarten 2-Steller (AdV-Nutzungsartenkatalog 2009);ADVN09-33;Gehölz;896;ha;FLC005A;Bodenfläche
33111;Flächenerhebung nach Art der tatsächlichen Nutzung;STAG;Stichtag;2022-12-31;KREISE;Kreise und kreisfreie Städte;06535;Vogelsbergkreis;ADV09C;Nutzungsarten 2-Steller (AdV-Nutzungsartenkatalog 2009);ADVN09-36;Sumpf;32;ha;FLC005A;Bodenfläche
33111;Flächenerhebung nach Art der tatsächlichen Nutzung;STAG;Stichtag;2017-12-31;KREISE;Kreise und kreisfreie Städte;06532;Lahn-Dill-Kreis;ADV09C;Nutzungsarten 2-Steller (AdV-Nutzungsartenkatalog 2009);ADVN09-34;Heide;-;ha;FLC005A;Bodenfläche
33111;Flächenerhebung nach Art der tatsächlichen Nutzung;STAG;Stichtag;2016-12-31;KREISE;Kreise und kreisfreie Städte;06534;Marburg-Biedenkopf, Landkreis;ADV09C;Nutzungsarten 2-Steller (AdV-Nutzungsartenkatalog 2009);ADVN09-35;Moor;41;ha;FLC005A;Bodenfläche
33111;Flächenerhebung nach Art der tatsächlichen Nutzung;STAG;Stichtag;2020-12-31;KREISE;Kreise und kreisfreie Städte;12066;Oberspreewald-Lausitz, Landkreis;ADV09C;Nutzungsarten 2-Steller (AdV-Nutzungsartenkatalog 2009);ADVN09-34;Heide;8;ha;FLC005A;Bodenfläche
33111;Flächenerhebung nach Art der tatsächlichen Nutzung;STAG;Stichtag;2021-12-31;KREISE;Kreise und kreisfreie Städte;06636;Werra-Meißner-Kreis;ADV09C;Nutzungsarten 2-Steller (AdV-Nutzungsartenkatalog 2009);ADVN09-42;Hafenbecken;-;ha;FLC005A;Bodenfläche
33111;Flächenerhebung nach Art der tatsächlichen Nutzung;STAG;Stichtag;2019-12-31;KREISE;Kreise und kreisfreie Städte;12067;Oder-Spree, Landkreis;ADV09C;Nutzungsarten 2-Steller (AdV-Nutzungsartenkatalog 2009);ADVN09-41;Fließgewässer;2085;ha;FLC005A;Bodenfläche
33111;Flächenerhebung nach Art der tatsächlichen Nutzung;STAG;Stichtag;2022-12-31;KREISE;Kreise und kreisfreie Städte;12064;Märkisch-Oderland, Landkreis;ADV09C;Nutzungsarten 2-Steller (AdV-Nutzungsartenkatalog 2009);ADVN09-43;Stehendes Gewässer;3183;ha;FLC005A;Bodenfläche
33111;Flächenerhebung nach Art der tatsächlichen Nutzung;STAG;Stichtag;2022-12-31;KREISE;Kreise und kreisfreie Städte;12066;Oberspreewald-Lausitz, Landkreis;ADV09C;Nutzungsarten 2-Steller (AdV-Nutzungsartenkatalog 2009);ADVN09-44;Meer;-;ha;FLC005A;Bodenfläche
33111;Flächenerhebung nach Art der tatsächlichen Nutzung;STAG;Stichtag;2022-12-31;KREISE;Kreise und kreisfreie Städte;06633;Kassel, Landkreis;ADV09C;Nutzungsarten 2-Steller (AdV-Nutzungsartenkatalog 2009);ADVN09-36;Sumpf;26;ha;FLC005A;Bodenfläche
33111;Flächenerhebung nach Art der tatsächlichen Nutzung;STAG;Stichtag;2019-12-31;KREISE;Kreise und kreisfreie Städte;06636;Werra-Meißner-Kreis;ADV09C;Nutzungsarten 2-Steller (AdV-Nutzungsartenkatalog 2009);ADVN09-34;Heide;-;ha;FLC005A;Bodenfläche
33111;Flächenerhebung nach Art der tatsächlichen Nutzung;STAG;Stichtag;2022-12-31;KREISE;Kreise und kreisfreie Städte;06535;Vogelsbergkreis;ADV09C;Nutzungsarten 2-Steller (AdV-Nutzungsartenkatalog 2009);ADVN09-32;Wald;56621;ha;FLC005A;Bodenfläche
33111;Flächenerhebung nach Art der tatsächlichen Nutzung;STAG;Stichtag;2016-12-31;KREISE;Kreise und kreisfreie Städte;12065;Oberhavel, Landkreis;ADV09C;Nutzungsarten 2-Steller (AdV-Nutzungsartenkatalog 2009);ADVN09-43;Stehendes Gewässer;4645;ha;FLC005A;Bodenfläche
33111;Flächenerhebung nach Art der tatsächlichen Nutzung;STAG;Stichtag;2020-12-31;KREISE;Kreise und kreisfreie Städte;06535;Vogelsbergkreis;ADV09C;Nutzungsarten 2-Steller (AdV-Nutzungsartenkatalog 2009);ADVN09-44;Meer;-;ha;FLC005A;Bodenfläche
33111;Flächenerhebung nach Art der tatsächlichen Nutzung;STAG;Stichtag;2016-12-31;KREISE;Kreise und kreisfreie Städte;06633;Kassel, Landkreis;ADV09C;Nutzungsarten 2-Steller (AdV-Nutzungsartenkatalog 2009);ADVN09-33;Gehölz;452;ha;FLC005A;Bodenfläche
33111;Flächenerhebung nach Art der tatsächlichen Nutzung;STAG;Stichtag;2018-12-31;KREISE;Kreise und kreisfreie Städte;12065;Oberhavel, Landkreis;ADV09C;Nutzungsarten 2-Steller (AdV-Nutzungsartenkatalog 2009);ADVN09-41;Fließgewässer;2020;ha;FLC005A;Bodenfläche
33111;Flächenerhebung nach Art der tatsächlichen Nutzung;STAG;Stichtag;2022-12-31;KREISE;Kreise und kreisfreie Städte;12067;Oder-Spree, Landkreis;ADV09C;Nutzungsarten 2-Steller (AdV-Nutzungsartenkatalog 2009);ADVN09-31;Landwirtschaft;81483;ha;FLC005A;Bodenfläche
33111;Flächenerhebung nach Art der tatsächlichen Nutzung;STAG;Stichtag;2017-12-31;KREISE;Kreise und kreisfreie Städte;06439;Rheingau-Taunus-Kreis;ADV09C;Nutzungsarten 2-Steller (AdV-Nutzungsartenkatalog 2009);ADVN09-44;Meer;-;ha;FLC005A;Bodenfläche
33111;Flächenerhebung nach Art der tatsächlichen Nutzung;STAG;Stichtag;2020-12-31;KREISE;Kreise und kreisfreie Städte;12067;Oder-Spree, Landkreis;ADV09C;Nutzungsarten 2-Steller (AdV-Nutzungsartenkatalog 2009);ADVN09-37;Unland, Vegetationslose Fläche;2479;ha;FLC005A;Bodenfläche
33111;Flächenerhebung nach Art der tatsächlichen Nutzung;STAG;Stichtag;2018-12-31;KREISE;Kreise und kreisfreie Städte;12066;Oberspreewald-Lausitz, Landkreis;ADV09C;Nutzungsarten 2-Steller (AdV-Nutzungsartenkatalog 2009);ADVN09-37;Unland, Vegetationslose Fläche;5133;ha;FLC005A;Bodenfläche
33111;Flächenerhebung nach Art der tatsächlichen Nutzung;STAG;Stichtag;2018-12-31;KREISE;Kreise und kreisfreie Städte;12066;Oberspreewald-Lausitz, Landkreis;ADV09C;Nutzungsarten 2-Steller (AdV-Nutzungsartenkatalog 2009);ADVN09-33;Gehölz;741;ha;FLC005A;Bodenfläche
33111;Flächenerhebung nach Art der tatsächlichen Nutzung;STAG;Stichtag;2020-12-31;KREISE;Kreise und kreisfreie Städte;12066;Oberspreewald-Lausitz, Landkreis;ADV09C;Nutzungsarten 2-Steller (AdV-Nutzungsartenkatalog 2009);ADVN09-41;Fließgewässer;1425;ha;FLC005A;Bodenfläche
33111;Flächenerhebung nach Art der tatsächlichen Nutzung;STAG;Stichtag;2022-12-31;KREISE;Kreise und kreisfreie Städte;12067;Oder-Spree, Landkreis;ADV09C;Nutzungsarten 2-Steller (AdV-Nutzungsartenkatalog 2009);ADVN09-35;Moor;4;ha;FLC005A;Bodenfläche
33111;Flächenerhebung nach Art der tatsächlichen Nutzung;STAG;Stichtag;2021-12-31;KREISE;Kreise und kreisfreie Städte;06531;Gießen, Landkreis;ADV09C;Nutzungsarten 2-Steller (AdV-Nutzungsartenkatalog 2009);ADVN09-43;Stehendes Gewässer;394;ha;FLC005A;Bodenfläche
33111;Flächenerhebung nach Art der tatsächlichen Nutzung;STAG;Stichtag;2016-12-31;KREISE;Kreise und kreisfreie Städte;12066;Oberspreewald-Lausitz, Landkreis;ADV09C;Nutzungsarten 2-Steller (AdV-Nutzungsartenkatalog 2009);ADVN09-34;Heide;7;ha;FLC005A;Bodenfläche
33111;Flächenerhebung nach Art der tatsächlichen Nutzung;STAG;Stichtag;2021-12-31;KREISE;Kreise und kreisfreie Städte;06532;Lahn-Dill-Kreis;ADV09C;Nutzungsarten 2-Steller (AdV-Nutzungsartenkatalog 2009);ADVN09-34;Heide;-;ha;FLC005A;Bodenfläche
33111;Flächenerhebung nach Art der tatsächlichen Nutzung;STAG;Stichtag;2019-12-31;KREISE;Kreise und kreisfreie Städte;06531;Gießen, Landkreis;ADV09C;Nutzungsarten 2-Steller (AdV-Nutzungsartenkatalog 2009);ADVN09-35;Moor;0;ha;FLC005A;Bodenfläche
33111;Flächenerhebung nach Art der tatsächlichen Nutzung;STAG;Stichtag;2017-12-31;KREISE;Kreise und kreisfreie Städte;06636;Werra-Meißner-Kreis;ADV09C;Nutzungsarten 2-Steller (AdV-Nutzungsartenkatalog 2009);ADVN09-42;Hafenbecken;-;ha;FLC005A;Bodenfläche
33111;Flächenerhebung nach Art der tatsächlichen Nutzung;STAG;Stichtag;2022-12-31;KREISE;Kreise und kreisfreie Städte;12065;Oberhavel, Landkreis;ADV09C;Nutzungsarten 2-Steller (AdV-Nutzungsartenkatalog 2009);ADVN09-41;Fließgewässer;2091;ha;FLC005A;Bodenfläche
33111;Flächenerhebung nach Art der tatsächlichen Nutzung;STAG;Stichtag;2021-12-31;KREISE;Kreise und kreisfreie Städte;12063;Havelland, Landkreis;ADV09C;Nutzungsarten 2-Steller (AdV-Nutzungsartenkatalog 2009);ADVN09-31;Landwirtschaft;97891;ha;FLC005A;Bodenfläche
33111;Flächenerhebung nach Art der tatsächlichen Nutzung;STAG;Stichtag;2016-12-31;KREISE;Kreise und kreisfreie Städte;06534;Marburg-Biedenkopf, Landkreis;ADV09C;Nutzungsarten 2-Steller (AdV-Nutzungsartenkatalog 2009);ADVN09-42;Hafenbecken;-;ha;FLC005A;Bodenfläche
33111;Flächenerhebung nach Art der tatsächlichen Nutzung;STAG;Stichtag;2018-12-31;KREISE;Kreise und kreisfreie Städte;06535;Vogelsbergkreis;ADV09C;Nutzungsarten 2-Steller (AdV-Nutzungsartenkatalog 2009);ADVN09-36;Sumpf;25;ha;FLC005A;Bodenfläche
33111;Flächenerhebung nach Art der tatsächlichen Nutzung;STAG;Stichtag;2019-12-31;KREISE;Kreise und kreisfreie Städte;06439;Rheingau-Taunus-Kreis;ADV09C;Nutzungsarten 2-Steller (AdV-Nutzungsartenkatalog 2009);ADVN09-42;Hafenbecken;6;ha;FLC005A;Bodenfläche
33111;Flächenerhebung nach Art der tatsächlichen Nutzung;STAG;Stichtag;2017-12-31;KREISE;Kreise und kreisfreie Städte;06531;Gießen, Landkreis;ADV09C;Nutzungsarten 2-Steller (AdV-Nutzungsartenkatalog 2009);ADVN09-32;Wald;29434;ha;FLC005A;Bodenfläche
33111;Flächenerhebung nach Art der tatsächlichen Nutzung;STAG;Stichtag;2020-12-31;KREISE;Kreise und kreisfreie Städte;06633;Kassel, Landkreis;ADV09C;Nutzungsarten 2-Steller (AdV-Nutzungsartenkatalog 2009);ADVN09-44;Meer;-;ha;FLC005A;Bodenfläche
33111;Flächenerhebung nach Art der tatsächlichen Nutzung;STAG;Stichtag;2016-12-31;KREISE;Kreise und kreisfreie Städte;06535;Vogelsbergkreis;ADV09C;Nutzungsarten 2-Steller (AdV-Nutzungsartenkatalog 2009);ADVN09-33;Gehölz;633;ha;FLC005A;Bodenfläche
33111;Flächenerhebung nach Art der tatsächlichen Nutzung;STAG;Stichtag;2020-12-31;KREISE;Kreise und kreisfreie Städte;12067;Oder-Spree, Landkreis;ADV09C;Nutzungsarten 2-Steller (AdV-Nutzungsartenkatalog 2009);ADVN09-32;Wald;107654;ha;FLC005A;Bodenfläche
33111;Flächenerhebung nach Art der tatsächlichen Nutzung;STAG;Stichtag;2017-12-31;KREISE;Kreise und kreisfreie Städte;06531;Gießen, Landkreis;ADV09C;Nutzungsarten 2-Steller (AdV-Nutzungsartenkatalog 2009);ADVN09-36;Sumpf;29;ha;FLC005A;Bodenfläche
33111;Flächenerhebung nach Art der tatsächlichen Nutzung;STAG;Stichtag;2017-12-31;KREISE;Kreise und kreisfreie Städte;06636;Werra-Meißner-Kreis;ADV09C;Nutzungsarten 2-Steller (AdV-Nutzungsartenkatalog 2009);ADVN09-41;Fließgewässer;1025;ha;FLC005A;Bodenfläche
33111;Flächenerhebung nach Art der tatsächlichen Nutzung;STAG;Stichtag;2018-12-31;KREISE;Kreise und kreisfreie Städte;06535;Vogelsbergkreis;ADV09C;Nutzungsarten 2-Steller (AdV-Nutzungsartenkatalog 2009);ADVN09-32;Wald;56466;ha;FLC005A;Bodenfläche
33111;Flächenerhebung nach Art der tatsächlichen Nutzung;STAG;Stichtag;2018-12-31;KREISE;Kreise und kreisfreie Städte;12064;Märkisch-Oderland, Landkreis;ADV09C;Nutzungsarten 2-Steller (AdV-Nutzungsartenkatalog 2009);ADVN09-43;Stehendes Gewässer;3190;ha;FLC005A;Bodenfläche
33111;Flächenerhebung nach Art der tatsächlichen Nutzung;STAG;Stichtag;2018-12-31;KREISE;Kreise und kreisfreie Städte;06633;Kassel, Landkreis;ADV09C;Nutzungsarten 2-Steller (AdV-Nutzungsartenkatalog 2009);ADVN09-36;Sumpf;31;ha;FLC005A;Bodenfläche
33111;Flächenerhebung nach Art der tatsächlichen Nutzung;STAG;Stichtag;2017-12-31;KREISE;Kreise und kreisfreie Städte;12063;Havelland, Landkreis;ADV09C;Nutzungsarten 2-Steller (AdV-Nutzungsartenkatalog 2009);ADVN09-41;Fließgewässer;3290;ha;FLC005A;Bodenfläche
33111;Flächenerhebung nach Art der tatsächlichen Nutzung;STAG;Stichtag;2019-12-31;KREISE;Kreise und kreisfreie Städte;06533;Limburg-Weilburg, Landkreis;ADV09C;Nutzungsarten 2-Steller (AdV-Nutzungsartenkatalog 2009);ADVN09-41;Fließgewässer;738;ha;FLC005A;Bodenfläche
33111;Flächenerhebung nach Art der tatsächlichen Nutzung;STAG;Stichtag;2022-12-31;KREISE;Kreise und kreisfreie Städte;06532;Lahn-Dill-Kreis;ADV09C;Nutzungsarten 2-Steller (AdV-Nutzungsartenkatalog 2009);ADVN09-44;Meer;-;ha;FLC005A;Bodenfläche
33111;Flächenerhebung nach Art der tatsächlichen Nutzung;STAG;Stichtag;2020-12-31;KREISE;Kreise und kreisfreie Städte;12063;Havelland, Landkreis;ADV09C;Nutzungsarten 2-Steller (AdV-Nutzungsartenkatalog 2009);ADVN09-43;Stehendes Gewässer;2069;ha;FLC005A;Bodenfläche
33111;Flächenerhebung nach Art der tatsächlichen Nutzung;STAG;Stichtag;2018-12-31;KREISE;Kreise und kreisfreie Städte;12067;Oder-Spree, Landkreis;ADV09C;Nutzungsarten 2-Steller (AdV-Nutzungsartenkatalog 2009);ADVN09-42;Hafenbecken;14;ha;FLC005A;Bodenfläche
33111;Flächenerhebung nach Art der tatsächlichen Nutzung;STAG;Stichtag;2020-12-31;KREISE;Kreise und kreisfreie Städte;06636;Werra-Meißner-Kreis;ADV09C;Nutzungsarten 2-Steller (AdV-Nutzungsartenkatalog 2009);ADVN09-32;Wald;43604;ha;FLC005A;Bodenfläche
33111;Flächenerhebung nach Art der tatsächlichen Nutzung;STAG;Stichtag;2021-12-31;KREISE;Kreise und kreisfreie Städte;12066;Oberspreewald-Lausitz, Landkreis;ADV09C;Nutzungsarten 2-Steller (AdV-Nutzungsartenkatalog 2009);ADVN09-34;Heide;8;ha;FLC005A;Bodenfläche
33111;Flächenerhebung nach Art der tatsächlichen Nutzung;STAG;Stichtag;2021-12-31;KREISE;Kreise und kreisfreie Städte;12065;Oberhavel, Landkreis;ADV09C;Nutzungsarten 2-Steller (AdV-Nutzungsartenkatalog 2009);ADVN09-35;Moor;54;ha;FLC005A;Bodenfläche
33111;Flächenerhebung nach Art der tatsächlichen Nutzung;STAG;Stichtag;2022-12-31;KREISE;Kreise und kreisfreie Städte;06533;Limburg-Weilburg, Landkreis;ADV09C;Nutzungsarten 2-Steller (AdV-Nutzungsartenkatalog 2009);ADVN09-43;Stehendes Gewässer;116;ha;FLC005A;Bodenfläche
33111;Flächenerhebung nach Art der tatsächlichen Nutzung;STAG;Stichtag;2017-12-31;KREISE;Kreise und kreisfreie Städte;12065;Oberhavel, Landkreis;ADV09C;Nutzungsarten 2-Steller (AdV-Nutzungsartenkatalog 2009);ADVN09-36;Sumpf;571;ha;FLC005A;Bodenfläche
33111;Flächenerhebung nach Art der tatsächlichen Nutzung;STAG;Stichtag;2017-12-31;KREISE;Kreise und kreisfreie Städte;12064;Märkisch-Oderland, Landkreis;ADV09C;Nutzungsarten 2-Steller (AdV-Nutzungsartenkatalog 2009);ADVN09-37;Unland, Vegetationslose Fläche;872;ha;FLC005A;Bodenfläche
33111;Flächenerhebung nach Art der tatsächlichen Nutzung;STAG;Stichtag;2021-12-31;KREISE;Kreise und kreisfreie Städte;06531;Gießen, Landkreis;ADV09C;Nutzungsarten 2-Steller (AdV-Nutzungsartenkatalog 2009);ADVN09-36;Sumpf;37;ha;FLC005A;Bodenfläche
33111;Flächenerhebung nach Art der tatsächlichen Nutzung;STAG;Stichtag;2021-12-31;KREISE;Kreise und kreisfreie Städte;06531;Gießen, Landkreis;ADV09C;Nutzungsarten 2-Steller (AdV-Nutzungsartenkatalog 2009);ADVN09-37;Unland, Vegetationslose Fläche;275;ha;FLC005A;Bodenfläche
33111;Flächenerhebung nach Art der tatsächlichen Nutzung;STAG;Stichtag;2022-12-31;KREISE;Kreise und kreisfreie Städte;06633;Kassel, Landkreis;ADV09C;Nutzungsarten 2-Steller (AdV-Nutzungsartenkatalog 2009);ADVN09-37;Unland, Vegetationslose Fläche;438;ha;FLC005A;Bodenfläche
33111;Flächenerhebung nach Art der tatsächlichen Nutzung;STAG;Stichtag;2016-12-31;KREISE;Kreise und kreisfreie Städte;12063;Havelland, Landkreis;ADV09C;Nutzungsarten 2-Steller (AdV-Nutzungsartenkatalog 2009);ADVN09-32;Wald;43308;ha;FLC005A;Bodenfläche
33111;Flächenerhebung nach Art der tatsächlichen Nutzung;STAG;Stichtag;2019-12-31;KREISE;Kreise und kreisfreie Städte;06534;Marburg-Biedenkopf, Landkreis;ADV09C;Nutzungsarten 2-Steller (AdV-Nutzungsartenkatalog 2009);ADVN09-37;Unland, Vegetationslose Fläche;414;ha;FLC005A;Bodenfläche
33111;Flächenerhebung nach Art der tatsächlichen Nutzung;STAG;Stichtag;2017-12-31;KREISE;Kreise und kreisfreie Städte;12065;Oberhavel, Landkreis;ADV09C;Nutzungsarten 2-Steller (AdV-Nutzungsartenkatalog 2009);ADVN09-35;Moor;61;ha;FLC005A;Bodenfläche
33111;Flächenerhebung nach Art der tatsächlichen Nutzung;STAG;Stichtag;2022-12-31;KREISE;Kreise und kreisfreie Städte;12066;Oberspreewald-Lausitz, Landkreis;ADV09C;Nutzungsarten 2-Steller (AdV-Nutzungsartenkatalog 2009);ADVN09-43;Stehendes Gewässer;6529;ha;FLC005A;Bodenfläche
33111;Flächenerhebung nach Art der tatsächlichen Nutzung;STAG;Stichtag;2018-12-31;KREISE;Kreise und kreisfreie Städte;06532;Lahn-Dill-Kreis;ADV09C;Nutzungsarten 2-Steller (AdV-Nutzungsartenkatalog 2009);ADVN09-34;Heide;-;ha;FLC005A;Bodenfläche
33111;Flächenerhebung nach Art der tatsächlichen Nutzung;STAG;Stichtag;2018-12-31;KREISE;Kreise und kreisfreie Städte;12067;Oder-Spree, Landkreis;ADV09C;Nutzungsarten 2-Steller (AdV-Nutzungsartenkatalog 2009);ADVN09-31;Landwirtschaft;83178;ha;FLC005A;Bodenfläche
33111;Flächenerhebung nach Art der tatsächlichen Nutzung;STAG;Stichtag;2022-12-31;KREISE;Kreise und kreisfreie Städte;06535;Vogelsbergkreis;ADV09C;Nutzungsarten 2-Steller (AdV-Nutzungsartenkatalog 2009);ADVN09-37;Unland, Vegetationslose Fläche;409;ha;FLC005A;Bodenfläche
33111;Flächenerhebung nach Art der tatsächlichen Nutzung;STAG;Stichtag;2020-12-31;KREISE;Kreise und kreisfreie Städte;06439;Rheingau-Taunus-Kreis;ADV09C;Nutzungsarten 2-Steller (AdV-Nutzungsartenkatalog 2009);ADVN09-34;Heide;-;ha;FLC005A;Bodenfläche
33111;Flächenerhebung nach Art der tatsächlichen Nutzung;STAG;Stichtag;2020-12-31;KREISE;Kreise und kreisfreie Städte;06636;Werra-Meißner-Kreis;ADV09C;Nutzungsarten 2-Steller (AdV-Nutzungsartenkatalog 2009);ADVN09-43;Stehendes Gewässer;381;ha;FLC005A;Bodenfläche
33111;Flächenerhebung nach Art der tatsächlichen Nutzung;STAG;Stichtag;2019-12-31;KREISE;Kreise und kreisfreie Städte;06636;Werra-Meißner-Kreis;ADV09C;Nutzungsarten 2-Steller (AdV-Nutzungsartenkatalog 2009);ADVN09-33;Gehölz;904;ha;FLC005A;Bodenfläche
33111;Flächenerhebung nach Art der tatsächlichen Nutzung;STAG;Stichtag;2018-12-31;KREISE;Kreise und kreisfreie Städte;06532;Lahn-Dill-Kreis;ADV09C;Nutzungsarten 2-Steller (AdV-Nutzungsartenkatalog 2009);ADVN09-33;Gehölz;830;ha;FLC005A;Bodenfläche
33111;Flächenerhebung nach Art der tatsächlichen Nutzung;STAG;Stichtag;2022-12-31;KREISE;Kreise und kreisfreie Städte;06533;Limburg-Weilburg, Landkreis;ADV09C;Nutzungsarten 2-Steller (AdV-Nutzungsartenkatalog 2009);ADVN09-32;Wald;25045;ha;FLC005A;Bodenfläche
33111;Flächenerhebung nach Art der tatsächlichen Nutzung;STAG;Stichtag;2016-12-31;KREISE;Kreise und kreisfreie Städte;12065;Oberhavel, Landkreis;ADV09C;Nutzungsarten 2-Steller (AdV-Nutzungsartenkatalog 2009);ADVN09-31;Landwirtschaft;77281;ha;FLC005A;Bodenfläche
33111;Flächenerhebung nach Art der tatsächlichen Nutzung;STAG;Stichtag;2022-12-31;KREISE;Kreise und kreisfreie Städte;06533;Limburg-Weilburg, Landkreis;ADV09C;Nutzungsarten 2-Steller (AdV-Nutzungsartenkatalog 2009);ADVN09-31;Landwirtschaft;33488;ha;FLC005A;Bodenfläche
33111;Flächenerhebung nach Art der tatsächlichen Nutzung;STAG;Stichtag;2020-12-31;KREISE;Kreise und kreisfreie Städte;06439;Rheingau-Taunus-Kreis;ADV09C;Nutzungsarten 2-Steller (AdV-Nutzungsartenkatalog 2009);ADVN09-33;Gehölz;1400;ha;FLC005A;Bodenfläche
33111;Flächenerhebung nach Art der tatsächlichen Nutzung;STAG;Stichtag;2016-12-31;KREISE;Kreise und kreisfreie Städte;06636;Werra-Meißner-Kreis;ADV09C;Nutzungsarten 2-Steller (AdV-Nutzungsartenkatalog 2009);ADVN09-32;Wald;43580;ha;FLC005A;Bodenfläche
33111;Flächenerhebung nach Art der tatsächlichen Nutzung;STAG;Stichtag;2016-12-31;KREISE;Kreise und kreisfreie Städte;12063;Havelland, Landkreis;ADV09C;Nutzungsarten 2-Steller (AdV-Nutzungsartenkatalog 2009);ADVN09-43;Stehendes Gewässer;2066;ha;FLC005A;Bodenfläche
33111;Flächenerhebung nach Art der tatsächlichen Nutzung;STAG;Stichtag;2018-12-31;KREISE;Kreise und kreisfreie Städte;06532;Lahn-Dill-Kreis;ADV09C;Nutzungsarten 2-Steller (AdV-Nutzungsartenkatalog 2009);ADVN09-44;Meer;-;ha;FLC005A;Bodenfläche
33111;Flächenerhebung nach Art der tatsächlichen Nutzung;STAG;Stichtag;2019-12-31;KREISE;Kreise und kreisfreie Städte;06531;Gießen, Landkreis;ADV09C;Nutzungsarten 2-Steller (AdV-Nutzungsartenkatalog 2009);ADVN09-42;Hafenbecken;-;ha;FLC005A;Bodenfläche
33111;Flächenerhebung nach Art der tatsächlichen Nutzung;STAG;Stichtag;2019-12-31;KREISE;Kreise und kreisfreie Städte;06532;Lahn-Dill-Kreis;ADV09C;Nutzungsarten 2-Steller (AdV-Nutzungsartenkatalog 2009);ADVN09-43;Stehendes Gewässer;302;ha;FLC005A;Bodenfläche
33111;Flächenerhebung nach Art der tatsächlichen Nutzung;STAG;Stichtag;2018-12-31;KREISE;Kreise und kreisfreie Städte;12067;Oder-Spree, Landkreis;ADV09C;Nutzungsarten 2-Steller (AdV-Nutzungsartenkatalog 2009);ADVN09-41;Fließgewässer;2085;ha;FLC005A;Bodenfläche
33111;Flächenerhebung nach Art der tatsächlichen Nutzung;STAG;Stichtag;2017-12-31;KREISE;Kreise und kreisfreie Städte;12063;Havelland, Landkreis;ADV09C;Nutzungsarten 2-Steller (AdV-Nutzungsartenkatalog 2009);ADVN09-42;Hafenbecken;2;ha;FLC005A;Bodenfläche
33111;Flächenerhebung nach Art der tatsächlichen Nutzung;STAG;Stichtag;2020-12-31;KREISE;Kreise und kreisfreie Städte;12065;Oberhavel, Landkreis;ADV09C;Nutzungsarten 2-Steller (AdV-Nutzungsartenkatalog 2009);ADVN09-37;Unland, Vegetationslose Fläche;3216;ha;FLC005A;Bodenfläche
33111;Flächenerhebung nach Art der tatsächlichen Nutzung;STAG;Stichtag;2020-12-31;KREISE;Kreise und kreisfreie Städte;06439;Rheingau-Taunus-Kreis;ADV09C;Nutzungsarten 2-Steller (AdV-Nutzungsartenkatalog 2009);ADVN09-44;Meer;-;ha;FLC005A;Bodenfläche
33111;Flächenerhebung nach Art der tatsächlichen Nutzung;STAG;Stichtag;2021-12-31;KREISE;Kreise und kreisfreie Städte;12063;Havelland, Landkreis;ADV09C;Nutzungsarten 2-Steller (AdV-Nutzungsartenkatalog 2009);ADVN09-41;Fließgewässer;3286;ha;FLC005A;Bodenfläche
33111;Flächenerhebung nach Art der tatsächlichen Nutzung;STAG;Stichtag;2019-12-31;KREISE;Kreise und kreisfreie Städte;06439;Rheingau-Taunus-Kreis;ADV09C;Nutzungsarten 2-Steller (AdV-Nutzungsartenkatalog 2009);ADVN09-35;Moor;0;ha;FLC005A;Bodenfläche
33111;Flächenerhebung nach Art der tatsächlichen Nutzung;STAG;Stichtag;2021-12-31;KREISE;Kreise und kreisfreie Städte;12065;Oberhavel, Landkreis;ADV09C;Nutzungsarten 2-Steller (AdV-Nutzungsartenkatalog 2009);ADVN09-36;Sumpf;638;ha;FLC005A;Bodenfläche
33111;Flächenerhebung nach Art der tatsächlichen Nutzung;STAG;Stichtag;2020-12-31;KREISE;Kreise und kreisfreie Städte;12063;Havelland, Landkreis;ADV09C;Nutzungsarten 2-Steller (AdV-Nutzungsartenkatalog 2009);ADVN09-42;Hafenbecken;2;ha;FLC005A;Bodenfläche
33111;Flächenerhebung nach Art der tatsächlichen Nutzung;STAG;Stichtag;2020-12-31;KREISE;Kreise und kreisfreie Städte;12064;Märkisch-Oderland, Landkreis;ADV09C;Nutzungsarten 2-Steller (AdV-Nutzungsartenkatalog 2009);ADVN09-41;Fließgewässer;2577;ha;FLC005A;Bodenfläche
33111;Flächenerhebung nach Art der tatsächlichen Nutzung;STAG;Stichtag;2021-12-31;KREISE;Kreise und kreisfreie Städte;12064;Märkisch-Oderland, Landkreis;ADV09C;Nutzungsarten 2-Steller (AdV-Nutzungsartenkatalog 2009);ADVN09-37;Unland, Vegetationslose Fläche;913;ha;FLC005A;Bodenfläche
33111;Flächenerhebung nach Art der tatsächlichen Nutzung;STAG;Stichtag;2022-12-31;KREISE;Kreise und kreisfreie Städte;06533;Limburg-Weilburg, Landkreis;ADV09C;Nutzungsarten 2-Steller (AdV-Nutzungsartenkatalog 2009);ADVN09-42;Hafenbecken;-;ha;FLC005A;Bodenfläche
33111;Flächenerhebung nach Art der tatsächlichen Nutzung;STAG;Stichtag;2020-12-31;KREISE;Kreise und kreisfreie Städte;06636;Werra-Meißner-Kreis;ADV09C;Nutzungsarten 2-Steller (AdV-Nutzungsartenkatalog 2009);ADVN09-31;Landwirtschaft;43891;ha;FLC005A;Bodenfläche
33111;Flächenerhebung nach Art der tatsächlichen Nutzung;STAG;Stichtag;2016-12-31;KREISE;Kreise und kreisfreie Städte;06439;Rheingau-Taunus-Kreis;ADV09C;Nutzungsarten 2-Steller (AdV-Nutzungsartenkatalog 2009);ADVN09-34;Heide;-;ha;FLC005A;Bodenfläche
33111;Flächenerhebung nach Art der tatsächlichen Nutzung;STAG;Stichtag;2016-12-31;KREISE;Kreise und kreisfreie Städte;12064;Märkisch-Oderland, Landkreis;ADV09C;Nutzungsarten 2-Steller (AdV-Nutzungsartenkatalog 2009);ADVN09-33;Gehölz;1766;ha;FLC005A;Bodenfläche
33111;Flächenerhebung nach Art der tatsächlichen Nutzung;STAG;Stichtag;2019-12-31;KREISE;Kreise und kreisfreie Städte;06533;Limburg-Weilburg, Landkreis;ADV09C;Nutzungsarten 2-Steller (AdV-Nutzungsartenkatalog 2009);ADVN09-31;Landwirtschaft;33615;ha;FLC005A;Bodenfläche
33111;Flächenerhebung nach Art der tatsächlichen Nutzung;STAG;Stichtag;2019-12-31;KREISE;Kreise und kreisfreie Städte;06533;Limburg-Weilburg, Landkreis;ADV09C;Nutzungsarten 2-Steller (AdV-Nutzungsartenkatalog 2009);ADVN09-36;Sumpf;9;ha;FLC005A;Bodenfläche
33111;Flächenerhebung nach Art der tatsächlichen Nutzung;STAG;Stichtag;2022-12-31;KREISE;Kreise und kreisfreie Städte;12067;Oder-Spree, Landkreis;ADV09C;Nutzungsarten 2-Steller (AdV-Nutzungsartenkatalog 2009);ADVN09-42;Hafenbecken;15;ha;FLC005A;Bodenfläche
33111;Flächenerhebung nach Art der tatsächlichen Nutzung;STAG;Stichtag;2021-12-31;KREISE;Kreise und kreisfreie Städte;12067;Oder-Spree, Landkreis;ADV09C;Nutzungsarten 2-Steller (AdV-Nutzungsartenkatalog 2009);ADVN09-43;Stehendes Gewässer;6267;ha;FLC005A;Bodenfläche
33111;Flächenerhebung nach Art der tatsächlichen Nutzung;STAG;Stichtag;2022-12-31;KREISE;Kreise und kreisfreie Städte;12067;Oder-Spree, Landkreis;ADV09C;Nutzungsarten 2-Steller (AdV-Nutzungsartenkatalog 2009);ADVN09-41;Fließgewässer;2158;ha;FLC005A;Bodenfläche
33111;Flächenerhebung nach Art der tatsächlichen Nutzung;STAG;Stichtag;2018-12-31;KREISE;Kreise und kreisfreie Städte;12066;Oberspreewald-Lausitz, Landkreis;ADV09C;Nutzungsarten 2-Steller (AdV-Nutzungsartenkatalog 2009);ADVN09-44;Meer;-;ha;FLC005A;Bodenfläche
33111;Flächenerhebung nach Art der tatsächlichen Nutzung;STAG;Stichtag;2018-12-31;KREISE;Kreise und kreisfreie Städte;12066;Oberspreewald-Lausitz, Landkreis;ADV09C;Nutzungsarten 2-Steller (AdV-Nutzungsartenkatalog 2009);ADVN09-43;Stehendes Gewässer;3420;ha;FLC005A;Bodenfläche
33111;Flächenerhebung nach Art der tatsächlichen Nutzung;STAG;Stichtag;2018-12-31;KREISE;Kreise und kreisfreie Städte;06533;Limburg-Weilburg, Landkreis;ADV09C;Nutzungsarten 2-Steller (AdV-Nutzungsartenkatalog 2009);ADVN09-32;Wald;24962;ha;FLC005A;Bodenfläche
33111;Flächenerhebung nach Art der tatsächlichen Nutzung;STAG;Stichtag;2020-12-31;KREISE;Kreise und kreisfreie Städte;12065;Oberhavel, Landkreis;ADV09C;Nutzungsarten 2-Steller (AdV-Nutzungsartenkatalog 2009);ADVN09-31;Landwirtschaft;76697;ha;FLC005A;Bodenfläche
33111;Flächenerhebung nach Art der tatsächlichen Nutzung;STAG;Stichtag;2018-12-31;KREISE;Kreise und kreisfreie Städte;06533;Limburg-Weilburg, Landkreis;ADV09C;Nutzungsarten 2-Steller (AdV-Nutzungsartenkatalog 2009);ADVN09-31;Landwirtschaft;33678;ha;FLC005A;Bodenfläche
33111;Flächenerhebung nach Art der tatsächlichen Nutzung;STAG;Stichtag;2016-12-31;KREISE;Kreise und kreisfreie Städte;06439;Rheingau-Taunus-Kreis;ADV09C;Nutzungsarten 2-Steller (AdV-Nutzungsartenkatalog 2009);ADVN09-33;Gehölz;1323;ha;FLC005A;Bodenfläche
33111;Flächenerhebung nach Art der tatsächlichen Nutzung;STAG;Stichtag;2016-12-31;KREISE;Kreise und kreisfreie Städte;06636;Werra-Meißner-Kreis;ADV09C;Nutzungsarten 2-Steller (AdV-Nutzungsartenkatalog 2009);ADVN09-31;Landwirtschaft;44075;ha;FLC005A;Bodenfläche
33111;Flächenerhebung nach Art der tatsächlichen Nutzung;STAG;Stichtag;2016-12-31;KREISE;Kreise und kreisfreie Städte;06439;Rheingau-Taunus-Kreis;ADV09C;Nutzungsarten 2-Steller (AdV-Nutzungsartenkatalog 2009);ADVN09-44;Meer;-;ha;FLC005A;Bodenfläche
33111;Flächenerhebung nach Art der tatsächlichen Nutzung;STAG;Stichtag;2017-12-31;KREISE;Kreise und kreisfreie Städte;12065;Oberhavel, Landkreis;ADV09C;Nutzungsarten 2-Steller (AdV-Nutzungsartenkatalog 2009);ADVN09-41;Fließgewässer;2019;ha;FLC005A;Bodenfläche
33111;Flächenerhebung nach Art der tatsächlichen Nutzung;STAG;Stichtag;2019-12-31;KREISE;Kreise und kreisfreie Städte;06535;Vogelsbergkreis;ADV09C;Nutzungsarten 2-Steller (AdV-Nutzungsartenkatalog 2009);ADVN09-41;Fließgewässer;1099;ha;FLC005A;Bodenfläche
33111;Flächenerhebung nach Art der tatsächlichen Nutzung;STAG;Stichtag;2022-12-31;KREISE;Kreise und kreisfreie Städte;06531;Gießen, Landkreis;ADV09C;Nutzungsarten 2-Steller (AdV-Nutzungsartenkatalog 2009);ADVN09-43;Stehendes Gewässer;404;ha;FLC005A;Bodenfläche
33111;Flächenerhebung nach Art der tatsächlichen Nutzung;STAG;Stichtag;2016-12-31;KREISE;Kreise und kreisfreie Städte;06636;Werra-Meißner-Kreis;ADV09C;Nutzungsarten 2-Steller (AdV-Nutzungsartenkatalog 2009);ADVN09-35;Moor;-;ha;FLC005A;Bodenfläche
33111;Flächenerhebung nach Art der tatsächlichen Nutzung;STAG;Stichtag;2017-12-31;KREISE;Kreise und kreisfreie Städte;12066;Oberspreewald-Lausitz, Landkreis;ADV09C;Nutzungsarten 2-Steller (AdV-Nutzungsartenkatalog 2009);ADVN09-44;Meer;-;ha;FLC005A;Bodenfläche
33111;Flächenerhebung nach Art der tatsächlichen Nutzung;STAG;Stichtag;2019-12-31;KREISE;Kreise und kreisfreie Städte;06532;Lahn-Dill-Kreis;ADV09C;Nutzungsarten 2-Steller (AdV-Nutzungsartenkatalog 2009);ADVN09-44;Meer;-;ha;FLC005A;Bodenfläche
33111;Flächenerhebung nach Art der tatsächlichen Nutzung;STAG;Stichtag;2021-12-31;KREISE;Kreise und kreisfreie Städte;12067;Oder-Spree, Landkreis;ADV09C;Nutzungsarten 2-Steller (AdV-Nutzungsartenkatalog 2009);ADVN09-42;Hafenbecken;14;ha;FLC005A;Bodenfläche
33111;Flächenerhebung nach Art der tatsächlichen Nutzung;STAG;Stichtag;2021-12-31;KREISE;Kreise und kreisfreie Städte;12067;Oder-Spree, Landkreis;ADV09C;Nutzungsarten 2-Steller (AdV-Nutzungsartenkatalog 2009);ADVN09-35;Moor;5;ha;FLC005A;Bodenfläche
33111;Flächenerhebung nach Art der tatsächlichen Nutzung;STAG;Stichtag;2019-12-31;KREISE;Kreise und kreisfreie Städte;06633;Kassel, Landkreis;ADV09C;Nutzungsarten 2-Steller (AdV-Nutzungsartenkatalog 2009);ADVN09-41;Fließgewässer;1234;ha;FLC005A;Bodenfläche
33111;Flächenerhebung nach Art der tatsächlichen Nutzung;STAG;Stichtag;2017-12-31;KREISE;Kreise und kreisfreie Städte;12066;Oberspreewald-Lausitz, Landkreis;ADV09C;Nutzungsarten 2-Steller (AdV-Nutzungsartenkatalog 2009);ADVN09-37;Unland, Vegetationslose Fläche;4889;ha;FLC005A;Bodenfläche
33111;Flächenerhebung nach Art der tatsächlichen Nutzung;STAG;Stichtag;2017-12-31;KREISE;Kreise und kreisfreie Städte;12067;Oder-Spree, Landkreis;ADV09C;Nutzungsarten 2-Steller (AdV-Nutzungsartenkatalog 2009);ADVN09-36;Sumpf;131;ha;FLC005A;Bodenfläche
33111;Flächenerhebung nach Art der tatsächlichen Nutzung;STAG;Stichtag;2022-12-31;KREISE;Kreise und kreisfreie Städte;06531;Gießen, Landkreis;ADV09C;Nutzungsarten 2-Steller (AdV-Nutzungsartenkatalog 2009);ADVN09-31;Landwirtschaft;37899;ha;FLC005A;Bodenfläche
33111;Flächenerhebung nach Art der tatsächlichen Nutzung;STAG;Stichtag;2016-12-31;KREISE;Kreise und kreisfreie Städte;12063;Havelland, Landkreis;ADV09C;Nutzungsarten 2-Steller (AdV-Nutzungsartenkatalog 2009);ADVN09-35;Moor;0;ha;FLC005A;Bodenfläche
33111;Flächenerhebung nach Art der tatsächlichen Nutzung;STAG;Stichtag;2022-12-31;KREISE;Kreise und kreisfreie Städte;06531;Gießen, Landkreis;ADV09C;Nutzungsarten 2-Steller (AdV-Nutzungsartenkatalog 2009);ADVN09-32;Wald;29643;ha;FLC005A;Bodenfläche
33111;Flächenerhebung nach Art der tatsächlichen Nutzung;STAG;Stichtag;2017-12-31;KREISE;Kreise und kreisfreie Städte;12067;Oder-Spree, Landkreis;ADV09C;Nutzungsarten 2-Steller (AdV-Nutzungsartenkatalog 2009);ADVN09-31;Landwirtschaft;83426;ha;FLC005A;Bodenfläche
33111;Flächenerhebung nach Art der tatsächlichen Nutzung;STAG;Stichtag;2017-12-31;KREISE;Kreise und kreisfreie Städte;12067;Oder-Spree, Landkreis;ADV09C;Nutzungsarten 2-Steller (AdV-Nutzungsartenkatalog 2009);ADVN09-35;Moor;6;ha;FLC005A;Bodenfläche
33111;Flächenerhebung nach Art der tatsächlichen Nutzung;STAG;Stichtag;2022-12-31;KREISE;Kreise und kreisfreie Städte;06531;Gießen, Landkreis;ADV09C;Nutzungsarten 2-Steller (AdV-Nutzungsartenkatalog 2009);ADVN09-36;Sumpf;38;ha;FLC005A;Bodenfläche
33111;Flächenerhebung nach Art der tatsächlichen Nutzung;STAG;Stichtag;2022-12-31;KREISE;Kreise und kreisfreie Städte;06533;Limburg-Weilburg, Landkreis;ADV09C;Nutzungsarten 2-Steller (AdV-Nutzungsartenkatalog 2009);ADVN09-37;Unland, Vegetationslose Fläche;548;ha;FLC005A;Bodenfläche
33111;Flächenerhebung nach Art der tatsächlichen Nutzung;STAG;Stichtag;2020-12-31;KREISE;Kreise und kreisfreie Städte;12064;Märkisch-Oderland, Landkreis;ADV09C;Nutzungsarten 2-Steller (AdV-Nutzungsartenkatalog 2009);ADVN09-33;Gehölz;2170;ha;FLC005A;Bodenfläche
33111;Flächenerhebung nach Art der tatsächlichen Nutzung;STAG;Stichtag;2017-12-31;KREISE;Kreise und kreisfreie Städte;12067;Oder-Spree, Landkreis;ADV09C;Nutzungsarten 2-Steller (AdV-Nutzungsartenkatalog 2009);ADVN09-32;Wald;107390;ha;FLC005A;Bodenfläche
33111;Flächenerhebung nach Art der tatsächlichen Nutzung;STAG;Stichtag;2021-12-31;KREISE;Kreise und kreisfreie Städte;12066;Oberspreewald-Lausitz, Landkreis;ADV09C;Nutzungsarten 2-Steller (AdV-Nutzungsartenkatalog 2009);ADVN09-44;Meer;-;ha;FLC005A;Bodenfläche
33111;Flächenerhebung nach Art der tatsächlichen Nutzung;STAG;Stichtag;2022-12-31;KREISE;Kreise und kreisfreie Städte;06531;Gießen, Landkreis;ADV09C;Nutzungsarten 2-Steller (AdV-Nutzungsartenkatalog 2009);ADVN09-35;Moor;0;ha;FLC005A;Bodenfläche
33111;Flächenerhebung nach Art der tatsächlichen Nutzung;STAG;Stichtag;2019-12-31;KREISE;Kreise und kreisfreie Städte;06534;Marburg-Biedenkopf, Landkreis;ADV09C;Nutzungsarten 2-Steller (AdV-Nutzungsartenkatalog 2009);ADVN09-34;Heide;6;ha;FLC005A;Bodenfläche
33111;Flächenerhebung nach Art der tatsächlichen Nutzung;STAG;Stichtag;2020-12-31;KREISE;Kreise und kreisfreie Städte;06636;Werra-Meißner-Kreis;ADV09C;Nutzungsarten 2-Steller (AdV-Nutzungsartenkatalog 2009);ADVN09-42;Hafenbecken;-;ha;FLC005A;Bodenfläche
33111;Flächenerhebung nach Art der tatsächlichen Nutzung;STAG;Stichtag;2016-12-31;KREISE;Kreise und kreisfreie Städte;12063;Havelland, Landkreis;ADV09C;Nutzungsarten 2-Steller (AdV-Nutzungsartenkatalog 2009);ADVN09-31;Landwirtschaft;99622;ha;FLC005A;Bodenfläche
33111;Flächenerhebung nach Art der tatsächlichen Nutzung;STAG;Stichtag;2022-12-31;KREISE;Kreise und kreisfreie Städte;06531;Gießen, Landkreis;ADV09C;Nutzungsarten 2-Steller (AdV-Nutzungsartenkatalog 2009);ADVN09-42;Hafenbecken;-;ha;FLC005A;Bodenfläche
33111;Flächenerhebung nach Art der tatsächlichen Nutzung;STAG;Stichtag;2019-12-31;KREISE;Kreise und kreisfreie Städte;06534;Marburg-Biedenkopf, Landkreis;ADV09C;Nutzungsarten 2-Steller (AdV-Nutzungsartenkatalog 2009);ADVN09-43;Stehendes Gewässer;202;ha;FLC005A;Bodenfläche
33111;Flächenerhebung nach Art der tatsächlichen Nutzung;STAG;Stichtag;2019-12-31;KREISE;Kreise und kreisfreie Städte;06533;Limburg-Weilburg, Landkreis;ADV09C;Nutzungsarten 2-Steller (AdV-Nutzungsartenkatalog 2009);ADVN09-42;Hafenbecken;-;ha;FLC005A;Bodenfläche
33111;Flächenerhebung nach Art der tatsächlichen Nutzung;STAG;Stichtag;2017-12-31;KREISE;Kreise und kreisfreie Städte;12064;Märkisch-Oderland, Landkreis;ADV09C;Nutzungsarten 2-Steller (AdV-Nutzungsartenkatalog 2009);ADVN09-43;Stehendes Gewässer;3200;ha;FLC005A;Bodenfläche
33111;Flächenerhebung nach Art der tatsächlichen Nutzung;STAG;Stichtag;2017-12-31;KREISE;Kreise und kreisfreie Städte;12065;Oberhavel, Landkreis;ADV09C;Nutzungsarten 2-Steller (AdV-Nutzungsartenkatalog 2009);ADVN09-42;Hafenbecken;11;ha;FLC005A;Bodenfläche
33111;Flächenerhebung nach Art der tatsächlichen Nutzung;STAG;Stichtag;2021-12-31;KREISE;Kreise und kreisfreie Städte;12066;Oberspreewald-Lausitz, Landkreis;ADV09C;Nutzungsarten 2-Steller (AdV-Nutzungsartenkatalog 2009);ADVN09-33;Gehölz;1071;ha;FLC005A;Bodenfläche
33111;Flächenerhebung nach Art der tatsächlichen Nutzung;STAG;Stichtag;2021-12-31;KREISE;Kreise und kreisfreie Städte;12065;Oberhavel, Landkreis;ADV09C;Nutzungsarten 2-Steller (AdV-Nutzungsartenkatalog 2009);ADVN09-41;Fließgewässer;2020;ha;FLC005A;Bodenfläche
33111;Flächenerhebung nach Art der tatsächlichen Nutzung;STAG;Stichtag;2020-12-31;KREISE;Kreise und kreisfreie Städte;12063;Havelland, Landkreis;ADV09C;Nutzungsarten 2-Steller (AdV-Nutzungsartenkatalog 2009);ADVN09-37;Unland, Vegetationslose Fläche;1657;ha;FLC005A;Bodenfläche
33111;Flächenerhebung nach Art der tatsächlichen Nutzung;STAG;Stichtag;2021-12-31;KREISE;Kreise und kreisfreie Städte;12067;Oder-Spree, Landkreis;ADV09C;Nutzungsarten 2-Steller (AdV-Nutzungsartenkatalog 2009);ADVN09-36;Sumpf;182;ha;FLC005A;Bodenfläche
33111;Flächenerhebung nach Art der tatsächlichen Nutzung;STAG;Stichtag;2021-12-31;KREISE;Kreise und kreisfreie Städte;12066;Oberspreewald-Lausitz, Landkreis;ADV09C;Nutzungsarten 2-Steller (AdV-Nutzungsartenkatalog 2009);ADVN09-37;Unland, Vegetationslose Fläche;5223;ha;FLC005A;Bodenfläche
33111;Flächenerhebung nach Art der tatsächlichen Nutzung;STAG;Stichtag;2019-12-31;KREISE;Kreise und kreisfreie Städte;06535;Vogelsbergkreis;ADV09C;Nutzungsarten 2-Steller (AdV-Nutzungsartenkatalog 2009);ADVN09-35;Moor;-;ha;FLC005A;Bodenfläche
33111;Flächenerhebung nach Art der tatsächlichen Nutzung;STAG;Stichtag;2016-12-31;KREISE;Kreise und kreisfreie Städte;06636;Werra-Meißner-Kreis;ADV09C;Nutzungsarten 2-Steller (AdV-Nutzungsartenkatalog 2009);ADVN09-43;Stehendes Gewässer;382;ha;FLC005A;Bodenfläche
33111;Flächenerhebung nach Art der tatsächlichen Nutzung;STAG;Stichtag;2019-12-31;KREISE;Kreise und kreisfreie Städte;06535;Vogelsbergkreis;ADV09C;Nutzungsarten 2-Steller (AdV-Nutzungsartenkatalog 2009);ADVN09-31;Landwirtschaft;70953;ha;FLC005A;Bodenfläche
33111;Flächenerhebung nach Art der tatsächlichen Nutzung;STAG;Stichtag;2019-12-31;KREISE;Kreise und kreisfreie Städte;06535;Vogelsbergkreis;ADV09C;Nutzungsarten 2-Steller (AdV-Nutzungsartenkatalog 2009);ADVN09-36;Sumpf;32;ha;FLC005A;Bodenfläche
33111;Flächenerhebung nach Art der tatsächlichen Nutzung;STAG;Stichtag;2019-12-31;KREISE;Kreise und kreisfreie Städte;06535;Vogelsbergkreis;ADV09C;Nutzungsarten 2-Steller (AdV-Nutzungsartenkatalog 2009);ADVN09-32;Wald;56492;ha;FLC005A;Bodenfläche
33111;Flächenerhebung nach Art der tatsächlichen Nutzung;STAG;Stichtag;2022-12-31;KREISE;Kreise und kreisfreie Städte;06532;Lahn-Dill-Kreis;ADV09C;Nutzungsarten 2-Steller (AdV-Nutzungsartenkatalog 2009);ADVN09-33;Gehölz;1210;ha;FLC005A;Bodenfläche
33111;Flächenerhebung nach Art der tatsächlichen Nutzung;STAG;Stichtag;2020-12-31;KREISE;Kreise und kreisfreie Städte;12063;Havelland, Landkreis;ADV09C;Nutzungsarten 2-Steller (AdV-Nutzungsartenkatalog 2009);ADVN09-32;Wald;43907;ha;FLC005A;Bodenfläche
33111;Flächenerhebung nach Art der tatsächlichen Nutzung;STAG;Stichtag;2018-12-31;KREISE;Kreise und kreisfreie Städte;06531;Gießen, Landkreis;ADV09C;Nutzungsarten 2-Steller (AdV-Nutzungsartenkatalog 2009);ADVN09-35;Moor;0;ha;FLC005A;Bodenfläche
33111;Flächenerhebung nach Art der tatsächlichen Nutzung;STAG;Stichtag;2018-12-31;KREISE;Kreise und kreisfreie Städte;06531;Gießen, Landkreis;ADV09C;Nutzungsarten 2-Steller (AdV-Nutzungsartenkatalog 2009);ADVN09-36;Sumpf;33;ha;FLC005A;Bodenfläche
33111;Flächenerhebung nach Art der tatsächlichen Nutzung;STAG;Stichtag;2022-12-31;KREISE;Kreise und kreisfreie Städte;06532;Lahn-Dill-Kreis;ADV09C;Nutzungsarten 2-Steller (AdV-Nutzungsartenkatalog 2009);ADVN09-34;Heide;-;ha;FLC005A;Bodenfläche
33111;Flächenerhebung nach Art der tatsächlichen Nutzung;STAG;Stichtag;2017-12-31;KREISE;Kreise und kreisfreie Städte;12066;Oberspreewald-Lausitz, Landkreis;ADV09C;Nutzungsarten 2-Steller (AdV-Nutzungsartenkatalog 2009);ADVN09-34;Heide;7;ha;FLC005A;Bodenfläche
33111;Flächenerhebung nach Art der tatsächlichen Nutzung;STAG;Stichtag;2017-12-31;KREISE;Kreise und kreisfreie Städte;12066;Oberspreewald-Lausitz, Landkreis;ADV09C;Nutzungsarten 2-Steller (AdV-Nutzungsartenkatalog 2009);ADVN09-33;Gehölz;547;ha;FLC005A;Bodenfläche
33111;Flächenerhebung nach Art der tatsächlichen Nutzung;STAG;Stichtag;2020-12-31;KREISE;Kreise und kreisfreie Städte;12063;Havelland, Landkreis;ADV09C;Nutzungsarten 2-Steller (AdV-Nutzungsartenkatalog 2009);ADVN09-35;Moor;0;ha;FLC005A;Bodenfläche
33111;Flächenerhebung nach Art der tatsächlichen Nutzung;STAG;Stichtag;2021-12-31;KREISE;Kreise und kreisfreie Städte;12065;Oberhavel, Landkreis;ADV09C;Nutzungsarten 2-Steller (AdV-Nutzungsartenkatalog 2009);ADVN09-43;Stehendes Gewässer;4564;ha;FLC005A;Bodenfläche
33111;Flächenerhebung nach Art der tatsächlichen Nutzung;STAG;Stichtag;2021-12-31;KREISE;Kreise und kreisfreie Städte;12067;Oder-Spree, Landkreis;ADV09C;Nutzungsarten 2-Steller (AdV-Nutzungsartenkatalog 2009);ADVN09-31;Landwirtschaft;81806;ha;FLC005A;Bodenfläche
33111;Flächenerhebung nach Art der tatsächlichen Nutzung;STAG;Stichtag;2021-12-31;KREISE;Kreise und kreisfreie Städte;12067;Oder-Spree, Landkreis;ADV09C;Nutzungsarten 2-Steller (AdV-Nutzungsartenkatalog 2009);ADVN09-32;Wald;107714;ha;FLC005A;Bodenfläche
33111;Flächenerhebung nach Art der tatsächlichen Nutzung;STAG;Stichtag;2019-12-31;KREISE;Kreise und kreisfreie Städte;06633;Kassel, Landkreis;ADV09C;Nutzungsarten 2-Steller (AdV-Nutzungsartenkatalog 2009);ADVN09-35;Moor;0;ha;FLC005A;Bodenfläche
33111;Flächenerhebung nach Art der tatsächlichen Nutzung;STAG;Stichtag;2019-12-31;KREISE;Kreise und kreisfreie Städte;06633;Kassel, Landkreis;ADV09C;Nutzungsarten 2-Steller (AdV-Nutzungsartenkatalog 2009);ADVN09-32;Wald;50878;ha;FLC005A;Bodenfläche
33111;Flächenerhebung nach Art der tatsächlichen Nutzung;STAG;Stichtag;2018-12-31;KREISE;Kreise und kreisfreie Städte;06531;Gießen, Landkreis;ADV09C;Nutzungsarten 2-Steller (AdV-Nutzungsartenkatalog 2009);ADVN09-32;Wald;29441;ha;FLC005A;Bodenfläche
33111;Flächenerhebung nach Art der tatsächlichen Nutzung;STAG;Stichtag;2019-12-31;KREISE;Kreise und kreisfreie Städte;06633;Kassel, Landkreis;ADV09C;Nutzungsarten 2-Steller (AdV-Nutzungsartenkatalog 2009);ADVN09-31;Landwirtschaft;57458;ha;FLC005A;Bodenfläche
33111;Flächenerhebung nach Art der tatsächlichen Nutzung;STAG;Stichtag;2019-12-31;KREISE;Kreise und kreisfreie Städte;06633;Kassel, Landkreis;ADV09C;Nutzungsarten 2-Steller (AdV-Nutzungsartenkatalog 2009);ADVN09-36;Sumpf;31;ha;FLC005A;Bodenfläche
33111;Flächenerhebung nach Art der tatsächlichen Nutzung;STAG;Stichtag;2020-12-31;KREISE;Kreise und kreisfreie Städte;12063;Havelland, Landkreis;ADV09C;Nutzungsarten 2-Steller (AdV-Nutzungsartenkatalog 2009);ADVN09-31;Landwirtschaft;98047;ha;FLC005A;Bodenfläche
33111;Flächenerhebung nach Art der tatsächlichen Nutzung;STAG;Stichtag;2018-12-31;KREISE;Kreise und kreisfreie Städte;06531;Gießen, Landkreis;ADV09C;Nutzungsarten 2-Steller (AdV-Nutzungsartenkatalog 2009);ADVN09-31;Landwirtschaft;38086;ha;FLC005A;Bodenfläche
33111;Flächenerhebung nach Art der tatsächlichen Nutzung;STAG;Stichtag;2016-12-31;KREISE;Kreise und kreisfreie Städte;06636;Werra-Meißner-Kreis;ADV09C;Nutzungsarten 2-Steller (AdV-Nutzungsartenkatalog 2009);ADVN09-42;Hafenbecken;-;ha;FLC005A;Bodenfläche
33111;Flächenerhebung nach Art der tatsächlichen Nutzung;STAG;Stichtag;2021-12-31;KREISE;Kreise und kreisfreie Städte;06531;Gießen, Landkreis;ADV09C;Nutzungsarten 2-Steller (AdV-Nutzungsartenkatalog 2009);ADVN09-44;Meer;-;ha;FLC005A;Bodenfläche
33111;Flächenerhebung nach Art der tatsächlichen Nutzung;STAG;Stichtag;2021-12-31;KREISE;Kreise und kreisfreie Städte;06533;Limburg-Weilburg, Landkreis;ADV09C;Nutzungsarten 2-Steller (AdV-Nutzungsartenkatalog 2009);ADVN09-42;Hafenbecken;-;ha;FLC005A;Bodenfläche
33111;Flächenerhebung nach Art der tatsächlichen Nutzung;STAG;Stichtag;2016-12-31;KREISE;Kreise und kreisfreie Städte;06633;Kassel, Landkreis;ADV09C;Nutzungsarten 2-Steller (AdV-Nutzungsartenkatalog 2009);ADVN09-32;Wald;50821;ha;FLC005A;Bodenfläche
33111;Flächenerhebung nach Art der tatsächlichen Nutzung;STAG;Stichtag;2017-12-31;KREISE;Kreise und kreisfreie Städte;12067;Oder-Spree, Landkreis;ADV09C;Nutzungsarten 2-Steller (AdV-Nutzungsartenkatalog 2009);ADVN09-41;Fließgewässer;2071;ha;FLC005A;Bodenfläche
33111;Flächenerhebung nach Art der tatsächlichen Nutzung;STAG;Stichtag;2018-12-31;KREISE;Kreise und kreisfreie Städte;12063;Havelland, Landkreis;ADV09C;Nutzungsarten 2-Steller (AdV-Nutzungsartenkatalog 2009);ADVN09-42;Hafenbecken;2;ha;FLC005A;Bodenfläche
33111;Flächenerhebung nach Art der tatsächlichen Nutzung;STAG;Stichtag;2017-12-31;KREISE;Kreise und kreisfreie Städte;12065;Oberhavel, Landkreis;ADV09C;Nutzungsarten 2-Steller (AdV-Nutzungsartenkatalog 2009);ADVN09-43;Stehendes Gewässer;4650;ha;FLC005A;Bodenfläche
33111;Flächenerhebung nach Art der tatsächlichen Nutzung;STAG;Stichtag;2018-12-31;KREISE;Kreise und kreisfreie Städte;06439;Rheingau-Taunus-Kreis;ADV09C;Nutzungsarten 2-Steller (AdV-Nutzungsartenkatalog 2009);ADVN09-44;Meer;-;ha;FLC005A;Bodenfläche
33111;Flächenerhebung nach Art der tatsächlichen Nutzung;STAG;Stichtag;2016-12-31;KREISE;Kreise und kreisfreie Städte;06535;Vogelsbergkreis;ADV09C;Nutzungsarten 2-Steller (AdV-Nutzungsartenkatalog 2009);ADVN09-32;Wald;56444;ha;FLC005A;Bodenfläche
33111;Flächenerhebung nach Art der tatsächlichen Nutzung;STAG;Stichtag;2022-12-31;KREISE;Kreise und kreisfreie Städte;06636;Werra-Meißner-Kreis;ADV09C;Nutzungsarten 2-Steller (AdV-Nutzungsartenkatalog 2009);ADVN09-42;Hafenbecken;-;ha;FLC005A;Bodenfläche
33111;Flächenerhebung nach Art der tatsächlichen Nutzung;STAG;Stichtag;2017-12-31;KREISE;Kreise und kreisfreie Städte;06636;Werra-Meißner-Kreis;ADV09C;Nutzungsarten 2-Steller (AdV-Nutzungsartenkatalog 2009);ADVN09-34;Heide;-;ha;FLC005A;Bodenfläche
33111;Flächenerhebung nach Art der tatsächlichen Nutzung;STAG;Stichtag;2019-12-31;KREISE;Kreise und kreisfreie Städte;12064;Märkisch-Oderland, Landkreis;ADV09C;Nutzungsarten 2-Steller (AdV-Nutzungsartenkatalog 2009);ADVN09-35;Moor;4;ha;FLC005A;Bodenfläche
33111;Flächenerhebung nach Art der tatsächlichen Nutzung;STAG;Stichtag;2019-12-31;KREISE;Kreise und kreisfreie Städte;12066;Oberspreewald-Lausitz, Landkreis;ADV09C;Nutzungsarten 2-Steller (AdV-Nutzungsartenkatalog 2009);ADVN09-33;Gehölz;762;ha;FLC005A;Bodenfläche
33111;Flächenerhebung nach Art der tatsächlichen Nutzung;STAG;Stichtag;2021-12-31;KREISE;Kreise und kreisfreie Städte;12066;Oberspreewald-Lausitz, Landkreis;ADV09C;Nutzungsarten 2-Steller (AdV-Nutzungsartenkatalog 2009);ADVN09-41;Fließgewässer;1358;ha;FLC005A;Bodenfläche
33111;Flächenerhebung nach Art der tatsächlichen Nutzung;STAG;Stichtag;2017-12-31;KREISE;Kreise und kreisfreie Städte;06534;Marburg-Biedenkopf, Landkreis;ADV09C;Nutzungsarten 2-Steller (AdV-Nutzungsartenkatalog 2009);ADVN09-42;Hafenbecken;-;ha;FLC005A;Bodenfläche
33111;Flächenerhebung nach Art der tatsächlichen Nutzung;STAG;Stichtag;2017-12-31;KREISE;Kreise und kreisfreie Städte;06532;Lahn-Dill-Kreis;ADV09C;Nutzungsarten 2-Steller (AdV-Nutzungsartenkatalog 2009);ADVN09-44;Meer;-;ha;FLC005A;Bodenfläche
33111;Flächenerhebung nach Art der tatsächlichen Nutzung;STAG;Stichtag;2016-12-31;KREISE;Kreise und kreisfreie Städte;06633;Kassel, Landkreis;ADV09C;Nutzungsarten 2-Steller (AdV-Nutzungsartenkatalog 2009);ADVN09-43;Stehendes Gewässer;138;ha;FLC005A;Bodenfläche
33111;Flächenerhebung nach Art der tatsächlichen Nutzung;STAG;Stichtag;2021-12-31;KREISE;Kreise und kreisfreie Städte;06535;Vogelsbergkreis;ADV09C;Nutzungsarten 2-Steller (AdV-Nutzungsartenkatalog 2009);ADVN09-36;Sumpf;32;ha;FLC005A;Bodenfläche
33111;Flächenerhebung nach Art der tatsächlichen Nutzung;STAG;Stichtag;2018-12-31;KREISE;Kreise und kreisfreie Städte;12063;Havelland, Landkreis;ADV09C;Nutzungsarten 2-Steller (AdV-Nutzungsartenkatalog 2009);ADVN09-31;Landwirtschaft;99538;ha;FLC005A;Bodenfläche
33111;Flächenerhebung nach Art der tatsächlichen Nutzung;STAG;Stichtag;2021-12-31;KREISE;Kreise und kreisfreie Städte;06533;Limburg-Weilburg, Landkreis;ADV09C;Nutzungsarten 2-Steller (AdV-Nutzungsartenkatalog 2009);ADVN09-31;Landwirtschaft;33518;ha;FLC005A;Bodenfläche
33111;Flächenerhebung nach Art der tatsächlichen Nutzung;STAG;Stichtag;2022-12-31;KREISE;Kreise und kreisfreie Städte;06531;Gießen, Landkreis;ADV09C;Nutzungsarten 2-Steller (AdV-Nutzungsartenkatalog 2009);ADVN09-37;Unland, Vegetationslose Fläche;238;ha;FLC005A;Bodenfläche
33111;Flächenerhebung nach Art der tatsächlichen Nutzung;STAG;Stichtag;2021-12-31;KREISE;Kreise und kreisfreie Städte;06439;Rheingau-Taunus-Kreis;ADV09C;Nutzungsarten 2-Steller (AdV-Nutzungsartenkatalog 2009);ADVN09-34;Heide;-;ha;FLC005A;Bodenfläche
33111;Flächenerhebung nach Art der tatsächlichen Nutzung;STAG;Stichtag;2021-12-31;KREISE;Kreise und kreisfreie Städte;06633;Kassel, Landkreis;ADV09C;Nutzungsarten 2-Steller (AdV-Nutzungsartenkatalog 2009);ADVN09-36;Sumpf;31;ha;FLC005A;Bodenfläche
33111;Flächenerhebung nach Art der tatsächlichen Nutzung;STAG;Stichtag;2017-12-31;KREISE;Kreise und kreisfreie Städte;06534;Marburg-Biedenkopf, Landkreis;ADV09C;Nutzungsarten 2-Steller (AdV-Nutzungsartenkatalog 2009);ADVN09-31;Landwirtschaft;54613;ha;FLC005A;Bodenfläche
33111;Flächenerhebung nach Art der tatsächlichen Nutzung;STAG;Stichtag;2019-12-31;KREISE;Kreise und kreisfreie Städte;06636;Werra-Meißner-Kreis;ADV09C;Nutzungsarten 2-Steller (AdV-Nutzungsartenkatalog 2009);ADVN09-37;Unland, Vegetationslose Fläche;616;ha;FLC005A;Bodenfläche
33111;Flächenerhebung nach Art der tatsächlichen Nutzung;STAG;Stichtag;2021-12-31;KREISE;Kreise und kreisfreie Städte;06531;Gießen, Landkreis;ADV09C;Nutzungsarten 2-Steller (AdV-Nutzungsartenkatalog 2009);ADVN09-33;Gehölz;653;ha;FLC005A;Bodenfläche
33111;Flächenerhebung nach Art der tatsächlichen Nutzung;STAG;Stichtag;2017-12-31;KREISE;Kreise und kreisfreie Städte;06532;Lahn-Dill-Kreis;ADV09C;Nutzungsarten 2-Steller (AdV-Nutzungsartenkatalog 2009);ADVN09-33;Gehölz;774;ha;FLC005A;Bodenfläche
33111;Flächenerhebung nach Art der tatsächlichen Nutzung;STAG;Stichtag;2016-12-31;KREISE;Kreise und kreisfreie Städte;12066;Oberspreewald-Lausitz, Landkreis;ADV09C;Nutzungsarten 2-Steller (AdV-Nutzungsartenkatalog 2009);ADVN09-44;Meer;-;ha;FLC005A;Bodenfläche
33111;Flächenerhebung nach Art der tatsächlichen Nutzung;STAG;Stichtag;2021-12-31;KREISE;Kreise und kreisfreie Städte;06439;Rheingau-Taunus-Kreis;ADV09C;Nutzungsarten 2-Steller (AdV-Nutzungsartenkatalog 2009);ADVN09-36;Sumpf;5;ha;FLC005A;Bodenfläche
33111;Flächenerhebung nach Art der tatsächlichen Nutzung;STAG;Stichtag;2020-12-31;KREISE;Kreise und kreisfreie Städte;12067;Oder-Spree, Landkreis;ADV09C;Nutzungsarten 2-Steller (AdV-Nutzungsartenkatalog 2009);ADVN09-44;Meer;-;ha;FLC005A;Bodenfläche
33111;Flächenerhebung nach Art der tatsächlichen Nutzung;STAG;Stichtag;2020-12-31;KREISE;Kreise und kreisfreie Städte;06636;Werra-Meißner-Kreis;ADV09C;Nutzungsarten 2-Steller (AdV-Nutzungsartenkatalog 2009);ADVN09-35;Moor;-;ha;FLC005A;Bodenfläche
33111;Flächenerhebung nach Art der tatsächlichen Nutzung;STAG;Stichtag;2016-12-31;KREISE;Kreise und kreisfreie Städte;06535;Vogelsbergkreis;ADV09C;Nutzungsarten 2-Steller (AdV-Nutzungsartenkatalog 2009);ADVN09-43;Stehendes Gewässer;411;ha;FLC005A;Bodenfläche
33111;Flächenerhebung nach Art der tatsächlichen Nutzung;STAG;Stichtag;2020-12-31;KREISE;Kreise und kreisfreie Städte;12067;Oder-Spree, Landkreis;ADV09C;Nutzungsarten 2-Steller (AdV-Nutzungsartenkatalog 2009);ADVN09-42;Hafenbecken;14;ha;FLC005A;Bodenfläche
33111;Flächenerhebung nach Art der tatsächlichen Nutzung;STAG;Stichtag;2018-12-31;KREISE;Kreise und kreisfreie Städte;12067;Oder-Spree, Landkreis;ADV09C;Nutzungsarten 2-Steller (AdV-Nutzungsartenkatalog 2009);ADVN09-34;Heide;107;ha;FLC005A;Bodenfläche
33111;Flächenerhebung nach Art der tatsächlichen Nutzung;STAG;Stichtag;2018-12-31;KREISE;Kreise und kreisfreie Städte;06531;Gießen, Landkreis;ADV09C;Nutzungsarten 2-Steller (AdV-Nutzungsartenkatalog 2009);ADVN09-43;Stehendes Gewässer;383;ha;FLC005A;Bodenfläche
33111;Flächenerhebung nach Art der tatsächlichen Nutzung;STAG;Stichtag;2017-12-31;KREISE;Kreise und kreisfreie Städte;12067;Oder-Spree, Landkreis;ADV09C;Nutzungsarten 2-Steller (AdV-Nutzungsartenkatalog 2009);ADVN09-37;Unland, Vegetationslose Fläche;2576;ha;FLC005A;Bodenfläche
33111;Flächenerhebung nach Art der tatsächlichen Nutzung;STAG;Stichtag;2022-12-31;KREISE;Kreise und kreisfreie Städte;12064;Märkisch-Oderland, Landkreis;ADV09C;Nutzungsarten 2-Steller (AdV-Nutzungsartenkatalog 2009);ADVN09-36;Sumpf;910;ha;FLC005A;Bodenfläche
33111;Flächenerhebung nach Art der tatsächlichen Nutzung;STAG;Stichtag;2018-12-31;KREISE;Kreise und kreisfreie Städte;06531;Gießen, Landkreis;ADV09C;Nutzungsarten 2-Steller (AdV-Nutzungsartenkatalog 2009);ADVN09-41;Fließgewässer;730;ha;FLC005A;Bodenfläche
33111;Flächenerhebung nach Art der tatsächlichen Nutzung;STAG;Stichtag;2018-12-31;KREISE;Kreise und kreisfreie Städte;12067;Oder-Spree, Landkreis;ADV09C;Nutzungsarten 2-Steller (AdV-Nutzungsartenkatalog 2009);ADVN09-36;Sumpf;132;ha;FLC005A;Bodenfläche
33111;Flächenerhebung nach Art der tatsächlichen Nutzung;STAG;Stichtag;2022-12-31;KREISE;Kreise und kreisfreie Städte;06532;Lahn-Dill-Kreis;ADV09C;Nutzungsarten 2-Steller (AdV-Nutzungsartenkatalog 2009);ADVN09-41;Fließgewässer;929;ha;FLC005A;Bodenfläche
33111;Flächenerhebung nach Art der tatsächlichen Nutzung;STAG;Stichtag;2016-12-31;KREISE;Kreise und kreisfreie Städte;12064;Märkisch-Oderland, Landkreis;ADV09C;Nutzungsarten 2-Steller (AdV-Nutzungsartenkatalog 2009);ADVN09-35;Moor;4;ha;FLC005A;Bodenfläche
33111;Flächenerhebung nach Art der tatsächlichen Nutzung;STAG;Stichtag;2016-12-31;KREISE;Kreise und kreisfreie Städte;06439;Rheingau-Taunus-Kreis;ADV09C;Nutzungsarten 2-Steller (AdV-Nutzungsartenkatalog 2009);ADVN09-32;Wald;43799;ha;FLC005A;Bodenfläche
33111;Flächenerhebung nach Art der tatsächlichen Nutzung;STAG;Stichtag;2019-12-31;KREISE;Kreise und kreisfreie Städte;06533;Limburg-Weilburg, Landkreis;ADV09C;Nutzungsarten 2-Steller (AdV-Nutzungsartenkatalog 2009);ADVN09-32;Wald;24975;ha;FLC005A;Bodenfläche
33111;Flächenerhebung nach Art der tatsächlichen Nutzung;STAG;Stichtag;2020-12-31;KREISE;Kreise und kreisfreie Städte;06534;Marburg-Biedenkopf, Landkreis;ADV09C;Nutzungsarten 2-Steller (AdV-Nutzungsartenkatalog 2009);ADVN09-34;Heide;6;ha;FLC005A;Bodenfläche
33111;Flächenerhebung nach Art der tatsächlichen Nutzung;STAG;Stichtag;2017-12-31;KREISE;Kreise und kreisfreie Städte;12064;Märkisch-Oderland, Landkreis;ADV09C;Nutzungsarten 2-Steller (AdV-Nutzungsartenkatalog 2009);ADVN09-34;Heide;46;ha;FLC005A;Bodenfläche
33111;Flächenerhebung nach Art der tatsächlichen Nutzung;STAG;Stichtag;2016-12-31;KREISE;Kreise und kreisfreie Städte;12064;Märkisch-Oderland, Landkreis;ADV09C;Nutzungsarten 2-Steller (AdV-Nutzungsartenkatalog 2009);ADVN09-37;Unland, Vegetationslose Fläche;875;ha;FLC005A;Bodenfläche
33111;Flächenerhebung nach Art der tatsächlichen Nutzung;STAG;Stichtag;2018-12-31;KREISE;Kreise und kreisfreie Städte;06439;Rheingau-Taunus-Kreis;ADV09C;Nutzungsarten 2-Steller (AdV-Nutzungsartenkatalog 2009);ADVN09-31;Landwirtschaft;23421;ha;FLC005A;Bodenfläche
33111;Flächenerhebung nach Art der tatsächlichen Nutzung;STAG;Stichtag;2022-12-31;KREISE;Kreise und kreisfreie Städte;06636;Werra-Meißner-Kreis;ADV09C;Nutzungsarten 2-Steller (AdV-Nutzungsartenkatalog 2009);ADVN09-31;Landwirtschaft;43868;ha;FLC005A;Bodenfläche
33111;Flächenerhebung nach Art der tatsächlichen Nutzung;STAG;Stichtag;2020-12-31;KREISE;Kreise und kreisfreie Städte;06534;Marburg-Biedenkopf, Landkreis;ADV09C;Nutzungsarten 2-Steller (AdV-Nutzungsartenkatalog 2009);ADVN09-32;Wald;51367;ha;FLC005A;Bodenfläche
33111;Flächenerhebung nach Art der tatsächlichen Nutzung;STAG;Stichtag;2018-12-31;KREISE;Kreise und kreisfreie Städte;06533;Limburg-Weilburg, Landkreis;ADV09C;Nutzungsarten 2-Steller (AdV-Nutzungsartenkatalog 2009);ADVN09-35;Moor;1;ha;FLC005A;Bodenfläche
33111;Flächenerhebung nach Art der tatsächlichen Nutzung;STAG;Stichtag;2022-12-31;KREISE;Kreise und kreisfreie Städte;06534;Marburg-Biedenkopf, Landkreis;ADV09C;Nutzungsarten 2-Steller (AdV-Nutzungsartenkatalog 2009);ADVN09-35;Moor;44;ha;FLC005A;Bodenfläche
33111;Flächenerhebung nach Art der tatsächlichen Nutzung;STAG;Stichtag;2020-12-31;KREISE;Kreise und kreisfreie Städte;06636;Werra-Meißner-Kreis;ADV09C;Nutzungsarten 2-Steller (AdV-Nutzungsartenkatalog 2009);ADVN09-37;Unland, Vegetationslose Fläche;625;ha;FLC005A;Bodenfläche
33111;Flächenerhebung nach Art der tatsächlichen Nutzung;STAG;Stichtag;2016-12-31;KREISE;Kreise und kreisfreie Städte;06439;Rheingau-Taunus-Kreis;ADV09C;Nutzungsarten 2-Steller (AdV-Nutzungsartenkatalog 2009);ADVN09-37;Unland, Vegetationslose Fläche;64;ha;FLC005A;Bodenfläche
33111;Flächenerhebung nach Art der tatsächlichen Nutzung;STAG;Stichtag;2018-12-31;KREISE;Kreise und kreisfreie Städte;06533;Limburg-Weilburg, Landkreis;ADV09C;Nutzungsarten 2-Steller (AdV-Nutzungsartenkatalog 2009);ADVN09-37;Unland, Vegetationslose Fläche;542;ha;FLC005A;Bodenfläche
33111;Flächenerhebung nach Art der tatsächlichen Nutzung;STAG;Stichtag;2020-12-31;KREISE;Kreise und kreisfreie Städte;12065;Oberhavel, Landkreis;ADV09C;Nutzungsarten 2-Steller (AdV-Nutzungsartenkatalog 2009);ADVN09-35;Moor;52;ha;FLC005A;Bodenfläche
33111;Flächenerhebung nach Art der tatsächlichen Nutzung;STAG;Stichtag;2019-12-31;KREISE;Kreise und kreisfreie Städte;06533;Limburg-Weilburg, Landkreis;ADV09C;Nutzungsarten 2-Steller (AdV-Nutzungsartenkatalog 2009);ADVN09-34;Heide;-;ha;FLC005A;Bodenfläche
33111;Flächenerhebung nach Art der tatsächlichen Nutzung;STAG;Stichtag;2017-12-31;KREISE;Kreise und kreisfreie Städte;12064;Märkisch-Oderland, Landkreis;ADV09C;Nutzungsarten 2-Steller (AdV-Nutzungsartenkatalog 2009);ADVN09-32;Wald;49869;ha;FLC005A;Bodenfläche
33111;Flächenerhebung nach Art der tatsächlichen Nutzung;STAG;Stichtag;2018-12-31;KREISE;Kreise und kreisfreie Städte;06439;Rheingau-Taunus-Kreis;ADV09C;Nutzungsarten 2-Steller (AdV-Nutzungsartenkatalog 2009);ADVN09-33;Gehölz;1402;ha;FLC005A;Bodenfläche
33111;Flächenerhebung nach Art der tatsächlichen Nutzung;STAG;Stichtag;2016-12-31;KREISE;Kreise und kreisfreie Städte;06533;Limburg-Weilburg, Landkreis;ADV09C;Nutzungsarten 2-Steller (AdV-Nutzungsartenkatalog 2009);ADVN09-36;Sumpf;6;ha;FLC005A;Bodenfläche
33111;Flächenerhebung nach Art der tatsächlichen Nutzung;STAG;Stichtag;2021-12-31;KREISE;Kreise und kreisfreie Städte;12065;Oberhavel, Landkreis;ADV09C;Nutzungsarten 2-Steller (AdV-Nutzungsartenkatalog 2009);ADVN09-32;Wald;72945;ha;FLC005A;Bodenfläche
33111;Flächenerhebung nach Art der tatsächlichen Nutzung;STAG;Stichtag;2021-12-31;KREISE;Kreise und kreisfreie Städte;12063;Havelland, Landkreis;ADV09C;Nutzungsarten 2-Steller (AdV-Nutzungsartenkatalog 2009);ADVN09-43;Stehendes Gewässer;2080;ha;FLC005A;Bodenfläche
33111;Flächenerhebung nach Art der tatsächlichen Nutzung;STAG;Stichtag;2019-12-31;KREISE;Kreise und kreisfreie Städte;12066;Oberspreewald-Lausitz, Landkreis;ADV09C;Nutzungsarten 2-Steller (AdV-Nutzungsartenkatalog 2009);ADVN09-44;Meer;-;ha;FLC005A;Bodenfläche
33111;Flächenerhebung nach Art der tatsächlichen Nutzung;STAG;Stichtag;2016-12-31;KREISE;Kreise und kreisfreie Städte;06533;Limburg-Weilburg, Landkreis;ADV09C;Nutzungsarten 2-Steller (AdV-Nutzungsartenkatalog 2009);ADVN09-34;Heide;-;ha;FLC005A;Bodenfläche
33111;Flächenerhebung nach Art der tatsächlichen Nutzung;STAG;Stichtag;2020-12-31;KREISE;Kreise und kreisfreie Städte;12065;Oberhavel, Landkreis;ADV09C;Nutzungsarten 2-Steller (AdV-Nutzungsartenkatalog 2009);ADVN09-33;Gehölz;1366;ha;FLC005A;Bodenfläche
33111;Flächenerhebung nach Art der tatsächlichen Nutzung;STAG;Stichtag;2022-12-31;KREISE;Kreise und kreisfreie Städte;06534;Marburg-Biedenkopf, Landkreis;ADV09C;Nutzungsarten 2-Steller (AdV-Nutzungsartenkatalog 2009);ADVN09-33;Gehölz;642;ha;FLC005A;Bodenfläche
33111;Flächenerhebung nach Art der tatsächlichen Nutzung;STAG;Stichtag;2016-12-31;KREISE;Kreise und kreisfreie Städte;06633;Kassel, Landkreis;ADV09C;Nutzungsarten 2-Steller (AdV-Nutzungsartenkatalog 2009);ADVN09-34;Heide;-;ha;FLC005A;Bodenfläche
33111;Flächenerhebung nach Art der tatsächlichen Nutzung;STAG;Stichtag;2021-12-31;KREISE;Kreise und kreisfreie Städte;06531;Gießen, Landkreis;ADV09C;Nutzungsarten 2-Steller (AdV-Nutzungsartenkatalog 2009);ADVN09-42;Hafenbecken;-;ha;FLC005A;Bodenfläche
33111;Flächenerhebung nach Art der tatsächlichen Nutzung;STAG;Stichtag;2018-12-31;KREISE;Kreise und kreisfreie Städte;06535;Vogelsbergkreis;ADV09C;Nutzungsarten 2-Steller (AdV-Nutzungsartenkatalog 2009);ADVN09-44;Meer;-;ha;FLC005A;Bodenfläche
33111;Flächenerhebung nach Art der tatsächlichen Nutzung;STAG;Stichtag;2017-12-31;KREISE;Kreise und kreisfreie Städte;06636;Werra-Meißner-Kreis;ADV09C;Nutzungsarten 2-Steller (AdV-Nutzungsartenkatalog 2009);ADVN09-32;Wald;43581;ha;FLC005A;Bodenfläche
33111;Flächenerhebung nach Art der tatsächlichen Nutzung;STAG;Stichtag;2018-12-31;KREISE;Kreise und kreisfreie Städte;12065;Oberhavel, Landkreis;ADV09C;Nutzungsarten 2-Steller (AdV-Nutzungsartenkatalog 2009);ADVN09-42;Hafenbecken;13;ha;FLC005A;Bodenfläche
33111;Flächenerhebung nach Art der tatsächlichen Nutzung;STAG;Stichtag;2017-12-31;KREISE;Kreise und kreisfreie Städte;12067;Oder-Spree, Landkreis;ADV09C;Nutzungsarten 2-Steller (AdV-Nutzungsartenkatalog 2009);ADVN09-43;Stehendes Gewässer;6343;ha;FLC005A;Bodenfläche
33111;Flächenerhebung nach Art der tatsächlichen Nutzung;STAG;Stichtag;2018-12-31;KREISE;Kreise und kreisfreie Städte;06633;Kassel, Landkreis;ADV09C;Nutzungsarten 2-Steller (AdV-Nutzungsartenkatalog 2009);ADVN09-44;Meer;-;ha;FLC005A;Bodenfläche
33111;Flächenerhebung nach Art der tatsächlichen Nutzung;STAG;Stichtag;2022-12-31;KREISE;Kreise und kreisfreie Städte;06534;Marburg-Biedenkopf, Landkreis;ADV09C;Nutzungsarten 2-Steller (AdV-Nutzungsartenkatalog 2009);ADVN09-44;Meer;-;ha;FLC005A;Bodenfläche
33111;Flächenerhebung nach Art der tatsächlichen Nutzung;STAG;Stichtag;2016-12-31;KREISE;Kreise und kreisfreie Städte;12064;Märkisch-Oderland, Landkreis;ADV09C;Nutzungsarten 2-Steller (AdV-Nutzungsartenkatalog 2009);ADVN09-41;Fließgewässer;2562;ha;FLC005A;Bodenfläche
33111;Flächenerhebung nach Art der tatsächlichen Nutzung;STAG;Stichtag;2021-12-31;KREISE;Kreise und kreisfreie Städte;06533;Limburg-Weilburg, Landkreis;ADV09C;Nutzungsarten 2-Steller (AdV-Nutzungsartenkatalog 2009);ADVN09-33;Gehölz;615;ha;FLC005A;Bodenfläche
33111;Flächenerhebung nach Art der tatsächlichen Nutzung;STAG;Stichtag;2021-12-31;KREISE;Kreise und kreisfreie Städte;06531;Gießen, Landkreis;ADV09C;Nutzungsarten 2-Steller (AdV-Nutzungsartenkatalog 2009);ADVN09-35;Moor;0;ha;FLC005A;Bodenfläche
33111;Flächenerhebung nach Art der tatsächlichen Nutzung;STAG;Stichtag;2021-12-31;KREISE;Kreise und kreisfreie Städte;06531;Gießen, Landkreis;ADV09C;Nutzungsarten 2-Steller (AdV-Nutzungsartenkatalog 2009);ADVN09-31;Landwirtschaft;38003;ha;FLC005A;Bodenfläche
33111;Flächenerhebung nach Art der tatsächlichen Nutzung;STAG;Stichtag;2021-12-31;KREISE;Kreise und kreisfreie Städte;06533;Limburg-Weilburg, Landkreis;ADV09C;Nutzungsarten 2-Steller (AdV-Nutzungsartenkatalog 2009);ADVN09-36;Sumpf;9;ha;FLC005A;Bodenfläche
33111;Flächenerhebung nach Art der tatsächlichen Nutzung;STAG;Stichtag;2018-12-31;KREISE;Kreise und kreisfreie Städte;12067;Oder-Spree, Landkreis;ADV09C;Nutzungsarten 2-Steller (AdV-Nutzungsartenkatalog 2009);ADVN09-32;Wald;107412;ha;FLC005A;Bodenfläche
33111;Flächenerhebung nach Art der tatsächlichen Nutzung;STAG;Stichtag;2018-12-31;KREISE;Kreise und kreisfreie Städte;12065;Oberhavel, Landkreis;ADV09C;Nutzungsarten 2-Steller (AdV-Nutzungsartenkatalog 2009);ADVN09-31;Landwirtschaft;77138;ha;FLC005A;Bodenfläche
33111;Flächenerhebung nach Art der tatsächlichen Nutzung;STAG;Stichtag;2016-12-31;KREISE;Kreise und kreisfreie Städte;06535;Vogelsbergkreis;ADV09C;Nutzungsarten 2-Steller (AdV-Nutzungsartenkatalog 2009);ADVN09-41;Fließgewässer;1116;ha;FLC005A;Bodenfläche
33111;Flächenerhebung nach Art der tatsächlichen Nutzung;STAG;Stichtag;2017-12-31;KREISE;Kreise und kreisfreie Städte;06532;Lahn-Dill-Kreis;ADV09C;Nutzungsarten 2-Steller (AdV-Nutzungsartenkatalog 2009);ADVN09-31;Landwirtschaft;35696;ha;FLC005A;Bodenfläche
33111;Flächenerhebung nach Art der tatsächlichen Nutzung;STAG;Stichtag;2017-12-31;KREISE;Kreise und kreisfreie Städte;06636;Werra-Meißner-Kreis;ADV09C;Nutzungsarten 2-Steller (AdV-Nutzungsartenkatalog 2009);ADVN09-36;Sumpf;23;ha;FLC005A;Bodenfläche
33111;Flächenerhebung nach Art der tatsächlichen Nutzung;STAG;Stichtag;2017-12-31;KREISE;Kreise und kreisfreie Städte;06532;Lahn-Dill-Kreis;ADV09C;Nutzungsarten 2-Steller (AdV-Nutzungsartenkatalog 2009);ADVN09-35;Moor;-;ha;FLC005A;Bodenfläche
33111;Flächenerhebung nach Art der tatsächlichen Nutzung;STAG;Stichtag;2022-12-31;KREISE;Kreise und kreisfreie Städte;12064;Märkisch-Oderland, Landkreis;ADV09C;Nutzungsarten 2-Steller (AdV-Nutzungsartenkatalog 2009);ADVN09-42;Hafenbecken;0;ha;FLC005A;Bodenfläche
33111;Flächenerhebung nach Art der tatsächlichen Nutzung;STAG;Stichtag;2018-12-31;KREISE;Kreise und kreisfreie Städte;12063;Havelland, Landkreis;ADV09C;Nutzungsarten 2-Steller (AdV-Nutzungsartenkatalog 2009);ADVN09-44;Meer;-;ha;FLC005A;Bodenfläche
33111;Flächenerhebung nach Art der tatsächlichen Nutzung;STAG;Stichtag;2019-12-31;KREISE;Kreise und kreisfreie Städte;06636;Werra-Meißner-Kreis;ADV09C;Nutzungsarten 2-Steller (AdV-Nutzungsartenkatalog 2009);ADVN09-35;Moor;-;ha;FLC005A;Bodenfläche
33111;Flächenerhebung nach Art der tatsächlichen Nutzung;STAG;Stichtag;2016-12-31;KREISE;Kreise und kreisfreie Städte;06633;Kassel, Landkreis;ADV09C;Nutzungsarten 2-Steller (AdV-Nutzungsartenkatalog 2009);ADVN09-41;Fließgewässer;1232;ha;FLC005A;Bodenfläche
33111;Flächenerhebung nach Art der tatsächlichen Nutzung;STAG;Stichtag;2016-12-31;KREISE;Kreise und kreisfreie Städte;12064;Märkisch-Oderland, Landkreis;ADV09C;Nutzungsarten 2-Steller (AdV-Nutzungsartenkatalog 2009);ADVN09-44;Meer;-;ha;FLC005A;Bodenfläche
33111;Flächenerhebung nach Art der tatsächlichen Nutzung;STAG;Stichtag;2016-12-31;KREISE;Kreise und kreisfreie Städte;06633;Kassel, Landkreis;ADV09C;Nutzungsarten 2-Steller (AdV-Nutzungsartenkatalog 2009);ADVN09-37;Unland, Vegetationslose Fläche;459;ha;FLC005A;Bodenfläche
33111;Flächenerhebung nach Art der tatsächlichen Nutzung;STAG;Stichtag;2020-12-31;KREISE;Kreise und kreisfreie Städte;06534;Marburg-Biedenkopf, Landkreis;ADV09C;Nutzungsarten 2-Steller (AdV-Nutzungsartenkatalog 2009);ADVN09-43;Stehendes Gewässer;202;ha;FLC005A;Bodenfläche
33111;Flächenerhebung nach Art der tatsächlichen Nutzung;STAG;Stichtag;2018-12-31;KREISE;Kreise und kreisfreie Städte;06633;Kassel, Landkreis;ADV09C;Nutzungsarten 2-Steller (AdV-Nutzungsartenkatalog 2009);ADVN09-31;Landwirtschaft;57704;ha;FLC005A;Bodenfläche
33111;Flächenerhebung nach Art der tatsächlichen Nutzung;STAG;Stichtag;2022-12-31;KREISE;Kreise und kreisfreie Städte;12066;Oberspreewald-Lausitz, Landkreis;ADV09C;Nutzungsarten 2-Steller (AdV-Nutzungsartenkatalog 2009);ADVN09-32;Wald;47643;ha;FLC005A;Bodenfläche
33111;Flächenerhebung nach Art der tatsächlichen Nutzung;STAG;Stichtag;2020-12-31;KREISE;Kreise und kreisfreie Städte;06534;Marburg-Biedenkopf, Landkreis;ADV09C;Nutzungsarten 2-Steller (AdV-Nutzungsartenkatalog 2009);ADVN09-41;Fließgewässer;1153;ha;FLC005A;Bodenfläche
33111;Flächenerhebung nach Art der tatsächlichen Nutzung;STAG;Stichtag;2021-12-31;KREISE;Kreise und kreisfreie Städte;12063;Havelland, Landkreis;ADV09C;Nutzungsarten 2-Steller (AdV-Nutzungsartenkatalog 2009);ADVN09-34;Heide;3974;ha;FLC005A;Bodenfläche
33111;Flächenerhebung nach Art der tatsächlichen Nutzung;STAG;Stichtag;2019-12-31;KREISE;Kreise und kreisfreie Städte;06636;Werra-Meißner-Kreis;ADV09C;Nutzungsarten 2-Steller (AdV-Nutzungsartenkatalog 2009);ADVN09-41;Fließgewässer;1027;ha;FLC005A;Bodenfläche
33111;Flächenerhebung nach Art der tatsächlichen Nutzung;STAG;Stichtag;2021-12-31;KREISE;Kreise und kreisfreie Städte;12063;Havelland, Landkreis;ADV09C;Nutzungsarten 2-Steller (AdV-Nutzungsartenkatalog 2009);ADVN09-36;Sumpf;272;ha;FLC005A;Bodenfläche
33111;Flächenerhebung nach Art der tatsächlichen Nutzung;STAG;Stichtag;2020-12-31;KREISE;Kreise und kreisfreie Städte;12065;Oberhavel, Landkreis;ADV09C;Nutzungsarten 2-Steller (AdV-Nutzungsartenkatalog 2009);ADVN09-44;Meer;-;ha;FLC005A;Bodenfläche
33111;Flächenerhebung nach Art der tatsächlichen Nutzung;STAG;Stichtag;2019-12-31;KREISE;Kreise und kreisfreie Städte;06636;Werra-Meißner-Kreis;ADV09C;Nutzungsarten 2-Steller (AdV-Nutzungsartenkatalog 2009);ADVN09-43;Stehendes Gewässer;380;ha;FLC005A;Bodenfläche
33111;Flächenerhebung nach Art der tatsächlichen Nutzung;STAG;Stichtag;2016-12-31;KREISE;Kreise und kreisfreie Städte;06533;Limburg-Weilburg, Landkreis;ADV09C;Nutzungsarten 2-Steller (AdV-Nutzungsartenkatalog 2009);ADVN09-43;Stehendes Gewässer;114;ha;FLC005A;Bodenfläche
33111;Flächenerhebung nach Art der tatsächlichen Nutzung;STAG;Stichtag;2020-12-31;KREISE;Kreise und kreisfreie Städte;12065;Oberhavel, Landkreis;ADV09C;Nutzungsarten 2-Steller (AdV-Nutzungsartenkatalog 2009);ADVN09-42;Hafenbecken;13;ha;FLC005A;Bodenfläche
33111;Flächenerhebung nach Art der tatsächlichen Nutzung;STAG;Stichtag;2018-12-31;KREISE;Kreise und kreisfreie Städte;06533;Limburg-Weilburg, Landkreis;ADV09C;Nutzungsarten 2-Steller (AdV-Nutzungsartenkatalog 2009);ADVN09-43;Stehendes Gewässer;117;ha;FLC005A;Bodenfläche
33111;Flächenerhebung nach Art der tatsächlichen Nutzung;STAG;Stichtag;2018-12-31;KREISE;Kreise und kreisfreie Städte;12065;Oberhavel, Landkreis;ADV09C;Nutzungsarten 2-Steller (AdV-Nutzungsartenkatalog 2009);ADVN09-34;Heide;125;ha;FLC005A;Bodenfläche
33111;Flächenerhebung nach Art der tatsächlichen Nutzung;STAG;Stichtag;2022-12-31;KREISE;Kreise und kreisfreie Städte;12066;Oberspreewald-Lausitz, Landkreis;ADV09C;Nutzungsarten 2-Steller (AdV-Nutzungsartenkatalog 2009);ADVN09-34;Heide;23;ha;FLC005A;Bodenfläche
33111;Flächenerhebung nach Art der tatsächlichen Nutzung;STAG;Stichtag;2018-12-31;KREISE;Kreise und kreisfreie Städte;12065;Oberhavel, Landkreis;ADV09C;Nutzungsarten 2-Steller (AdV-Nutzungsartenkatalog 2009);ADVN09-36;Sumpf;588;ha;FLC005A;Bodenfläche
33111;Flächenerhebung nach Art der tatsächlichen Nutzung;STAG;Stichtag;2022-12-31;KREISE;Kreise und kreisfreie Städte;12066;Oberspreewald-Lausitz, Landkreis;ADV09C;Nutzungsarten 2-Steller (AdV-Nutzungsartenkatalog 2009);ADVN09-36;Sumpf;219;ha;FLC005A;Bodenfläche
33111;Flächenerhebung nach Art der tatsächlichen Nutzung;STAG;Stichtag;2022-12-31;KREISE;Kreise und kreisfreie Städte;06534;Marburg-Biedenkopf, Landkreis;ADV09C;Nutzungsarten 2-Steller (AdV-Nutzungsartenkatalog 2009);ADVN09-41;Fließgewässer;1090;ha;FLC005A;Bodenfläche
33111;Flächenerhebung nach Art der tatsächlichen Nutzung;STAG;Stichtag;2018-12-31;KREISE;Kreise und kreisfreie Städte;06533;Limburg-Weilburg, Landkreis;ADV09C;Nutzungsarten 2-Steller (AdV-Nutzungsartenkatalog 2009);ADVN09-41;Fließgewässer;748;ha;FLC005A;Bodenfläche
33111;Flächenerhebung nach Art der tatsächlichen Nutzung;STAG;Stichtag;2016-12-31;KREISE;Kreise und kreisfreie Städte;12066;Oberspreewald-Lausitz, Landkreis;ADV09C;Nutzungsarten 2-Steller (AdV-Nutzungsartenkatalog 2009);ADVN09-33;Gehölz;521;ha;FLC005A;Bodenfläche
33111;Flächenerhebung nach Art der tatsächlichen Nutzung;STAG;Stichtag;2019-12-31;KREISE;Kreise und kreisfreie Städte;06531;Gießen, Landkreis;ADV09C;Nutzungsarten 2-Steller (AdV-Nutzungsartenkatalog 2009);ADVN09-36;Sumpf;37;ha;FLC005A;Bodenfläche
33111;Flächenerhebung nach Art der tatsächlichen Nutzung;STAG;Stichtag;2018-12-31;KREISE;Kreise und kreisfreie Städte;06535;Vogelsbergkreis;ADV09C;Nutzungsarten 2-Steller (AdV-Nutzungsartenkatalog 2009);ADVN09-35;Moor;-;ha;FLC005A;Bodenfläche
33111;Flächenerhebung nach Art der tatsächlichen Nutzung;STAG;Stichtag;2016-12-31;KREISE;Kreise und kreisfreie Städte;12066;Oberspreewald-Lausitz, Landkreis;ADV09C;Nutzungsarten 2-Steller (AdV-Nutzungsartenkatalog 2009);ADVN09-37;Unland, Vegetationslose Fläche;4913;ha;FLC005A;Bodenfläche
33111;Flächenerhebung nach Art der tatsächlichen Nutzung;STAG;Stichtag;2019-12-31;KREISE;Kreise und kreisfreie Städte;06531;Gießen, Landkreis;ADV09C;Nutzungsarten 2-Steller (AdV-Nutzungsartenkatalog 2009);ADVN09-31;Landwirtschaft;38095;ha;FLC005A;Bodenfläche
33111;Flächenerhebung nach Art der tatsächlichen Nutzung;STAG;Stichtag;2019-12-31;KREISE;Kreise und kreisfreie Städte;06531;Gießen, Landkreis;ADV09C;Nutzungsarten 2-Steller (AdV-Nutzungsartenkatalog 2009);ADVN09-32;Wald;29441;ha;FLC005A;Bodenfläche
33111;Flächenerhebung nach Art der tatsächlichen Nutzung;STAG;Stichtag;2017-12-31;KREISE;Kreise und kreisfreie Städte;06636;Werra-Meißner-Kreis;ADV09C;Nutzungsarten 2-Steller (AdV-Nutzungsartenkatalog 2009);ADVN09-43;Stehendes Gewässer;379;ha;FLC005A;Bodenfläche
33111;Flächenerhebung nach Art der tatsächlichen Nutzung;STAG;Stichtag;2019-12-31;KREISE;Kreise und kreisfreie Städte;06531;Gießen, Landkreis;ADV09C;Nutzungsarten 2-Steller (AdV-Nutzungsartenkatalog 2009);ADVN09-34;Heide;-;ha;FLC005A;Bodenfläche
33111;Flächenerhebung nach Art der tatsächlichen Nutzung;STAG;Stichtag;2018-12-31;KREISE;Kreise und kreisfreie Städte;06535;Vogelsbergkreis;ADV09C;Nutzungsarten 2-Steller (AdV-Nutzungsartenkatalog 2009);ADVN09-37;Unland, Vegetationslose Fläche;468;ha;FLC005A;Bodenfläche
33111;Flächenerhebung nach Art der tatsächlichen Nutzung;STAG;Stichtag;2021-12-31;KREISE;Kreise und kreisfreie Städte;12063;Havelland, Landkreis;ADV09C;Nutzungsarten 2-Steller (AdV-Nutzungsartenkatalog 2009);ADVN09-32;Wald;43986;ha;FLC005A;Bodenfläche
33111;Flächenerhebung nach Art der tatsächlichen Nutzung;STAG;Stichtag;2016-12-31;KREISE;Kreise und kreisfreie Städte;12066;Oberspreewald-Lausitz, Landkreis;ADV09C;Nutzungsarten 2-Steller (AdV-Nutzungsartenkatalog 2009);ADVN09-35;Moor;2;ha;FLC005A;Bodenfläche
33111;Flächenerhebung nach Art der tatsächlichen Nutzung;STAG;Stichtag;2020-12-31;KREISE;Kreise und kreisfreie Städte;12067;Oder-Spree, Landkreis;ADV09C;Nutzungsarten 2-Steller (AdV-Nutzungsartenkatalog 2009);ADVN09-35;Moor;5;ha;FLC005A;Bodenfläche
33111;Flächenerhebung nach Art der tatsächlichen Nutzung;STAG;Stichtag;2016-12-31;KREISE;Kreise und kreisfreie Städte;06535;Vogelsbergkreis;ADV09C;Nutzungsarten 2-Steller (AdV-Nutzungsartenkatalog 2009);ADVN09-36;Sumpf;20;ha;FLC005A;Bodenfläche
33111;Flächenerhebung nach Art der tatsächlichen Nutzung;STAG;Stichtag;2018-12-31;KREISE;Kreise und kreisfreie Städte;06633;Kassel, Landkreis;ADV09C;Nutzungsarten 2-Steller (AdV-Nutzungsartenkatalog 2009);ADVN09-37;Unland, Vegetationslose Fläche;456;ha;FLC005A;Bodenfläche
33111;Flächenerhebung nach Art der tatsächlichen Nutzung;STAG;Stichtag;2018-12-31;KREISE;Kreise und kreisfreie Städte;06633;Kassel, Landkreis;ADV09C;Nutzungsarten 2-Steller (AdV-Nutzungsartenkatalog 2009);ADVN09-33;Gehölz;486;ha;FLC005A;Bodenfläche
33111;Flächenerhebung nach Art der tatsächlichen Nutzung;STAG;Stichtag;2016-12-31;KREISE;Kreise und kreisfreie Städte;06535;Vogelsbergkreis;ADV09C;Nutzungsarten 2-Steller (AdV-Nutzungsartenkatalog 2009);ADVN09-34;Heide;0;ha;FLC005A;Bodenfläche
33111;Flächenerhebung nach Art der tatsächlichen Nutzung;STAG;Stichtag;2020-12-31;KREISE;Kreise und kreisfreie Städte;12067;Oder-Spree, Landkreis;ADV09C;Nutzungsarten 2-Steller (AdV-Nutzungsartenkatalog 2009);ADVN09-33;Gehölz;2051;ha;FLC005A;Bodenfläche
33111;Flächenerhebung nach Art der tatsächlichen Nutzung;STAG;Stichtag;2018-12-31;KREISE;Kreise und kreisfreie Städte;06535;Vogelsbergkreis;ADV09C;Nutzungsarten 2-Steller (AdV-Nutzungsartenkatalog 2009);ADVN09-31;Landwirtschaft;71100;ha;FLC005A;Bodenfläche
33111;Flächenerhebung nach Art der tatsächlichen Nutzung;STAG;Stichtag;2018-12-31;KREISE;Kreise und kreisfreie Städte;06535;Vogelsbergkreis;ADV09C;Nutzungsarten 2-Steller (AdV-Nutzungsartenkatalog 2009);ADVN09-33;Gehölz;858;ha;FLC005A;Bodenfläche
33111;Flächenerhebung nach Art der tatsächlichen Nutzung;STAG;Stichtag;2016-12-31;KREISE;Kreise und kreisfreie Städte;12066;Oberspreewald-Lausitz, Landkreis;ADV09C;Nutzungsarten 2-Steller (AdV-Nutzungsartenkatalog 2009);ADVN09-31;Landwirtschaft;42406;ha;FLC005A;Bodenfläche
33111;Flächenerhebung nach Art der tatsächlichen Nutzung;STAG;Stichtag;2016-12-31;KREISE;Kreise und kreisfreie Städte;06535;Vogelsbergkreis;ADV09C;Nutzungsarten 2-Steller (AdV-Nutzungsartenkatalog 2009);ADVN09-37;Unland, Vegetationslose Fläche;517;ha;FLC005A;Bodenfläche
33111;Flächenerhebung nach Art der tatsächlichen Nutzung;STAG;Stichtag;2018-12-31;KREISE;Kreise und kreisfreie Städte;06633;Kassel, Landkreis;ADV09C;Nutzungsarten 2-Steller (AdV-Nutzungsartenkatalog 2009);ADVN09-35;Moor;1;ha;FLC005A;Bodenfläche
33111;Flächenerhebung nach Art der tatsächlichen Nutzung;STAG;Stichtag;2020-12-31;KREISE;Kreise und kreisfreie Städte;12067;Oder-Spree, Landkreis;ADV09C;Nutzungsarten 2-Steller (AdV-Nutzungsartenkatalog 2009);ADVN09-31;Landwirtschaft;82216;ha;FLC005A;Bodenfläche
33111;Flächenerhebung nach Art der tatsächlichen Nutzung;STAG;Stichtag;2016-12-31;KREISE;Kreise und kreisfreie Städte;06531;Gießen, Landkreis;ADV09C;Nutzungsarten 2-Steller (AdV-Nutzungsartenkatalog 2009);ADVN09-32;Wald;29432;ha;FLC005A;Bodenfläche
33111;Flächenerhebung nach Art der tatsächlichen Nutzung;STAG;Stichtag;2022-12-31;KREISE;Kreise und kreisfreie Städte;12066;Oberspreewald-Lausitz, Landkreis;ADV09C;Nutzungsarten 2-Steller (AdV-Nutzungsartenkatalog 2009);ADVN09-31;Landwirtschaft;40857;ha;FLC005A;Bodenfläche
33111;Flächenerhebung nach Art der tatsächlichen Nutzung;STAG;Stichtag;2020-12-31;KREISE;Kreise und kreisfreie Städte;06532;Lahn-Dill-Kreis;ADV09C;Nutzungsarten 2-Steller (AdV-Nutzungsartenkatalog 2009);ADVN09-42;Hafenbecken;-;ha;FLC005A;Bodenfläche
33111;Flächenerhebung nach Art der tatsächlichen Nutzung;STAG;Stichtag;2019-12-31;KREISE;Kreise und kreisfreie Städte;12066;Oberspreewald-Lausitz, Landkreis;ADV09C;Nutzungsarten 2-Steller (AdV-Nutzungsartenkatalog 2009);ADVN09-37;Unland, Vegetationslose Fläche;5166;ha;FLC005A;Bodenfläche
33111;Flächenerhebung nach Art der tatsächlichen Nutzung;STAG;Stichtag;2021-12-31;KREISE;Kreise und kreisfreie Städte;06633;Kassel, Landkreis;ADV09C;Nutzungsarten 2-Steller (AdV-Nutzungsartenkatalog 2009);ADVN09-44;Meer;-;ha;FLC005A;Bodenfläche
33111;Flächenerhebung nach Art der tatsächlichen Nutzung;STAG;Stichtag;2016-12-31;KREISE;Kreise und kreisfreie Städte;06633;Kassel, Landkreis;ADV09C;Nutzungsarten 2-Steller (AdV-Nutzungsartenkatalog 2009);ADVN09-36;Sumpf;33;ha;FLC005A;Bodenfläche
33111;Flächenerhebung nach Art der tatsächlichen Nutzung;STAG;Stichtag;2020-12-31;KREISE;Kreise und kreisfreie Städte;12067;Oder-Spree, Landkreis;ADV09C;Nutzungsarten 2-Steller (AdV-Nutzungsartenkatalog 2009);ADVN09-36;Sumpf;135;ha;FLC005A;Bodenfläche
33111;Flächenerhebung nach Art der tatsächlichen Nutzung;STAG;Stichtag;2021-12-31;KREISE;Kreise und kreisfreie Städte;06633;Kassel, Landkreis;ADV09C;Nutzungsarten 2-Steller (AdV-Nutzungsartenkatalog 2009);ADVN09-32;Wald;50932;ha;FLC005A;Bodenfläche
33111;Flächenerhebung nach Art der tatsächlichen Nutzung;STAG;Stichtag;2021-12-31;KREISE;Kreise und kreisfreie Städte;06439;Rheingau-Taunus-Kreis;ADV09C;Nutzungsarten 2-Steller (AdV-Nutzungsartenkatalog 2009);ADVN09-42;Hafenbecken;6;ha;FLC005A;Bodenfläche
33111;Flächenerhebung nach Art der tatsächlichen Nutzung;STAG;Stichtag;2018-12-31;KREISE;Kreise und kreisfreie Städte;06439;Rheingau-Taunus-Kreis;ADV09C;Nutzungsarten 2-Steller (AdV-Nutzungsartenkatalog 2009);ADVN09-37;Unland, Vegetationslose Fläche;66;ha;FLC005A;Bodenfläche
33111;Flächenerhebung nach Art der tatsächlichen Nutzung;STAG;Stichtag;2016-12-31;KREISE;Kreise und kreisfreie Städte;06531;Gießen, Landkreis;ADV09C;Nutzungsarten 2-Steller (AdV-Nutzungsartenkatalog 2009);ADVN09-44;Meer;-;ha;FLC005A;Bodenfläche
33111;Flächenerhebung nach Art der tatsächlichen Nutzung;STAG;Stichtag;2018-12-31;KREISE;Kreise und kreisfreie Städte;12063;Havelland, Landkreis;ADV09C;Nutzungsarten 2-Steller (AdV-Nutzungsartenkatalog 2009);ADVN09-35;Moor;0;ha;FLC005A;Bodenfläche
33111;Flächenerhebung nach Art der tatsächlichen Nutzung;STAG;Stichtag;2018-12-31;KREISE;Kreise und kreisfreie Städte;12065;Oberhavel, Landkreis;ADV09C;Nutzungsarten 2-Steller (AdV-Nutzungsartenkatalog 2009);ADVN09-33;Gehölz;1134;ha;FLC005A;Bodenfläche
33111;Flächenerhebung nach Art der tatsächlichen Nutzung;STAG;Stichtag;2022-12-31;KREISE;Kreise und kreisfreie Städte;12064;Märkisch-Oderland, Landkreis;ADV09C;Nutzungsarten 2-Steller (AdV-Nutzungsartenkatalog 2009);ADVN09-33;Gehölz;2764;ha;FLC005A;Bodenfläche
33111;Flächenerhebung nach Art der tatsächlichen Nutzung;STAG;Stichtag;2019-12-31;KREISE;Kreise und kreisfreie Städte;12064;Märkisch-Oderland, Landkreis;ADV09C;Nutzungsarten 2-Steller (AdV-Nutzungsartenkatalog 2009);ADVN09-31;Landwirtschaft;131970;ha;FLC005A;Bodenfläche
33111;Flächenerhebung nach Art der tatsächlichen Nutzung;STAG;Stichtag;2021-12-31;KREISE;Kreise und kreisfreie Städte;06535;Vogelsbergkreis;ADV09C;Nutzungsarten 2-Steller (AdV-Nutzungsartenkatalog 2009);ADVN09-44;Meer;-;ha;FLC005A;Bodenfläche
33111;Flächenerhebung nach Art der tatsächlichen Nutzung;STAG;Stichtag;2016-12-31;KREISE;Kreise und kreisfreie Städte;12066;Oberspreewald-Lausitz, Landkreis;ADV09C;Nutzungsarten 2-Steller (AdV-Nutzungsartenkatalog 2009);ADVN09-41;Fließgewässer;1477;ha;FLC005A;Bodenfläche
33111;Flächenerhebung nach Art der tatsächlichen Nutzung;STAG;Stichtag;2019-12-31;KREISE;Kreise und kreisfreie Städte;06636;Werra-Meißner-Kreis;ADV09C;Nutzungsarten 2-Steller (AdV-Nutzungsartenkatalog 2009);ADVN09-44;Meer;-;ha;FLC005A;Bodenfläche
33111;Flächenerhebung nach Art der tatsächlichen Nutzung;STAG;Stichtag;2018-12-31;KREISE;Kreise und kreisfreie Städte;06535;Vogelsbergkreis;ADV09C;Nutzungsarten 2-Steller (AdV-Nutzungsartenkatalog 2009);ADVN09-42;Hafenbecken;-;ha;FLC005A;Bodenfläche
33111;Flächenerhebung nach Art der tatsächlichen Nutzung;STAG;Stichtag;2021-12-31;KREISE;Kreise und kreisfreie Städte;06535;Vogelsbergkreis;ADV09C;Nutzungsarten 2-Steller (AdV-Nutzungsartenkatalog 2009);ADVN09-32;Wald;56563;ha;FLC005A;Bodenfläche
33111;Flächenerhebung nach Art der tatsächlichen Nutzung;STAG;Stichtag;2021-12-31;KREISE;Kreise und kreisfreie Städte;06533;Limburg-Weilburg, Landkreis;ADV09C;Nutzungsarten 2-Steller (AdV-Nutzungsartenkatalog 2009);ADVN09-34;Heide;-;ha;FLC005A;Bodenfläche
33111;Flächenerhebung nach Art der tatsächlichen Nutzung;STAG;Stichtag;2021-12-31;KREISE;Kreise und kreisfreie Städte;06535;Vogelsbergkreis;ADV09C;Nutzungsarten 2-Steller (AdV-Nutzungsartenkatalog 2009);ADVN09-33;Gehölz;1141;ha;FLC005A;Bodenfläche
33111;Flächenerhebung nach Art der tatsächlichen Nutzung;STAG;Stichtag;2021-12-31;KREISE;Kreise und kreisfreie Städte;06533;Limburg-Weilburg, Landkreis;ADV09C;Nutzungsarten 2-Steller (AdV-Nutzungsartenkatalog 2009);ADVN09-35;Moor;1;ha;FLC005A;Bodenfläche
33111;Flächenerhebung nach Art der tatsächlichen Nutzung;STAG;Stichtag;2018-12-31;KREISE;Kreise und kreisfreie Städte;12065;Oberhavel, Landkreis;ADV09C;Nutzungsarten 2-Steller (AdV-Nutzungsartenkatalog 2009);ADVN09-32;Wald;72535;ha;FLC005A;Bodenfläche
33111;Flächenerhebung nach Art der tatsächlichen Nutzung;STAG;Stichtag;2018-12-31;KREISE;Kreise und kreisfreie Städte;06633;Kassel, Landkreis;ADV09C;Nutzungsarten 2-Steller (AdV-Nutzungsartenkatalog 2009);ADVN09-42;Hafenbecken;1;ha;FLC005A;Bodenfläche
33111;Flächenerhebung nach Art der tatsächlichen Nutzung;STAG;Stichtag;2017-12-31;KREISE;Kreise und kreisfreie Städte;06532;Lahn-Dill-Kreis;ADV09C;Nutzungsarten 2-Steller (AdV-Nutzungsartenkatalog 2009);ADVN09-37;Unland, Vegetationslose Fläche;214;ha;FLC005A;Bodenfläche
33111;Flächenerhebung nach Art der tatsächlichen Nutzung;STAG;Stichtag;2016-12-31;KREISE;Kreise und kreisfreie Städte;06533;Limburg-Weilburg, Landkreis;ADV09C;Nutzungsarten 2-Steller (AdV-Nutzungsartenkatalog 2009);ADVN09-42;Hafenbecken;-;ha;FLC005A;Bodenfläche
33111;Flächenerhebung nach Art der tatsächlichen Nutzung;STAG;Stichtag;2016-12-31;KREISE;Kreise und kreisfreie Städte;06533;Limburg-Weilburg, Landkreis;ADV09C;Nutzungsarten 2-Steller (AdV-Nutzungsartenkatalog 2009);ADVN09-41;Fließgewässer;740;ha;FLC005A;Bodenfläche
33111;Flächenerhebung nach Art der tatsächlichen Nutzung;STAG;Stichtag;2021-12-31;KREISE;Kreise und kreisfreie Städte;06633;Kassel, Landkreis;ADV09C;Nutzungsarten 2-Steller (AdV-Nutzungsartenkatalog 2009);ADVN09-33;Gehölz;561;ha;FLC005A;Bodenfläche
33111;Flächenerhebung nach Art der tatsächlichen Nutzung;STAG;Stichtag;2018-12-31;KREISE;Kreise und kreisfreie Städte;06633;Kassel, Landkreis;ADV09C;Nutzungsarten 2-Steller (AdV-Nutzungsartenkatalog 2009);ADVN09-41;Fließgewässer;1233;ha;FLC005A;Bodenfläche
33111;Flächenerhebung nach Art der tatsächlichen Nutzung;STAG;Stichtag;2021-12-31;KREISE;Kreise und kreisfreie Städte;06439;Rheingau-Taunus-Kreis;ADV09C;Nutzungsarten 2-Steller (AdV-Nutzungsartenkatalog 2009);ADVN09-31;Landwirtschaft;23282;ha;FLC005A;Bodenfläche
33111;Flächenerhebung nach Art der tatsächlichen Nutzung;STAG;Stichtag;2017-12-31;KREISE;Kreise und kreisfreie Städte;06532;Lahn-Dill-Kreis;ADV09C;Nutzungsarten 2-Steller (AdV-Nutzungsartenkatalog 2009);ADVN09-36;Sumpf;7;ha;FLC005A;Bodenfläche
33111;Flächenerhebung nach Art der tatsächlichen Nutzung;STAG;Stichtag;2022-12-31;KREISE;Kreise und kreisfreie Städte;12064;Märkisch-Oderland, Landkreis;ADV09C;Nutzungsarten 2-Steller (AdV-Nutzungsartenkatalog 2009);ADVN09-44;Meer;-;ha;FLC005A;Bodenfläche
33111;Flächenerhebung nach Art der tatsächlichen Nutzung;STAG;Stichtag;2017-12-31;KREISE;Kreise und kreisfreie Städte;06534;Marburg-Biedenkopf, Landkreis;ADV09C;Nutzungsarten 2-Steller (AdV-Nutzungsartenkatalog 2009);ADVN09-35;Moor;41;ha;FLC005A;Bodenfläche
33111;Flächenerhebung nach Art der tatsächlichen Nutzung;STAG;Stichtag;2017-12-31;KREISE;Kreise und kreisfreie Städte;06534;Marburg-Biedenkopf, Landkreis;ADV09C;Nutzungsarten 2-Steller (AdV-Nutzungsartenkatalog 2009);ADVN09-34;Heide;6;ha;FLC005A;Bodenfläche
33111;Flächenerhebung nach Art der tatsächlichen Nutzung;STAG;Stichtag;2016-12-31;KREISE;Kreise und kreisfreie Städte;12066;Oberspreewald-Lausitz, Landkreis;ADV09C;Nutzungsarten 2-Steller (AdV-Nutzungsartenkatalog 2009);ADVN09-42;Hafenbecken;0;ha;FLC005A;Bodenfläche
33111;Flächenerhebung nach Art der tatsächlichen Nutzung;STAG;Stichtag;2020-12-31;KREISE;Kreise und kreisfreie Städte;06532;Lahn-Dill-Kreis;ADV09C;Nutzungsarten 2-Steller (AdV-Nutzungsartenkatalog 2009);ADVN09-43;Stehendes Gewässer;317;ha;FLC005A;Bodenfläche
33111;Flächenerhebung nach Art der tatsächlichen Nutzung;STAG;Stichtag;2017-12-31;KREISE;Kreise und kreisfreie Städte;06636;Werra-Meißner-Kreis;ADV09C;Nutzungsarten 2-Steller (AdV-Nutzungsartenkatalog 2009);ADVN09-31;Landwirtschaft;44033;ha;FLC005A;Bodenfläche
33111;Flächenerhebung nach Art der tatsächlichen Nutzung;STAG;Stichtag;2020-12-31;KREISE;Kreise und kreisfreie Städte;06532;Lahn-Dill-Kreis;ADV09C;Nutzungsarten 2-Steller (AdV-Nutzungsartenkatalog 2009);ADVN09-41;Fließgewässer;951;ha;FLC005A;Bodenfläche
33111;Flächenerhebung nach Art der tatsächlichen Nutzung;STAG;Stichtag;2016-12-31;KREISE;Kreise und kreisfreie Städte;06533;Limburg-Weilburg, Landkreis;ADV09C;Nutzungsarten 2-Steller (AdV-Nutzungsartenkatalog 2009);ADVN09-31;Landwirtschaft;33847;ha;FLC005A;Bodenfläche
33111;Flächenerhebung nach Art der tatsächlichen Nutzung;STAG;Stichtag;2017-12-31;KREISE;Kreise und kreisfreie Städte;06532;Lahn-Dill-Kreis;ADV09C;Nutzungsarten 2-Steller (AdV-Nutzungsartenkatalog 2009);ADVN09-41;Fließgewässer;953;ha;FLC005A;Bodenfläche
33111;Flächenerhebung nach Art der tatsächlichen Nutzung;STAG;Stichtag;2021-12-31;KREISE;Kreise und kreisfreie Städte;06633;Kassel, Landkreis;ADV09C;Nutzungsarten 2-Steller (AdV-Nutzungsartenkatalog 2009);ADVN09-31;Landwirtschaft;57300;ha;FLC005A;Bodenfläche
33111;Flächenerhebung nach Art der tatsächlichen Nutzung;STAG;Stichtag;2021-12-31;KREISE;Kreise und kreisfreie Städte;06439;Rheingau-Taunus-Kreis;ADV09C;Nutzungsarten 2-Steller (AdV-Nutzungsartenkatalog 2009);ADVN09-43;Stehendes Gewässer;63;ha;FLC005A;Bodenfläche
33111;Flächenerhebung nach Art der tatsächlichen Nutzung;STAG;Stichtag;2018-12-31;KREISE;Kreise und kreisfreie Städte;06633;Kassel, Landkreis;ADV09C;Nutzungsarten 2-Steller (AdV-Nutzungsartenkatalog 2009);ADVN09-43;Stehendes Gewässer;142;ha;FLC005A;Bodenfläche
33111;Flächenerhebung nach Art der tatsächlichen Nutzung;STAG;Stichtag;2018-12-31;KREISE;Kreise und kreisfreie Städte;06439;Rheingau-Taunus-Kreis;ADV09C;Nutzungsarten 2-Steller (AdV-Nutzungsartenkatalog 2009);ADVN09-36;Sumpf;5;ha;FLC005A;Bodenfläche
33111;Flächenerhebung nach Art der tatsächlichen Nutzung;STAG;Stichtag;2022-12-31;KREISE;Kreise und kreisfreie Städte;12064;Märkisch-Oderland, Landkreis;ADV09C;Nutzungsarten 2-Steller (AdV-Nutzungsartenkatalog 2009);ADVN09-32;Wald;50282;ha;FLC005A;Bodenfläche
33111;Flächenerhebung nach Art der tatsächlichen Nutzung;STAG;Stichtag;2016-12-31;KREISE;Kreise und kreisfreie Städte;06531;Gießen, Landkreis;ADV09C;Nutzungsarten 2-Steller (AdV-Nutzungsartenkatalog 2009);ADVN09-43;Stehendes Gewässer;386;ha;FLC005A;Bodenfläche
33111;Flächenerhebung nach Art der tatsächlichen Nutzung;STAG;Stichtag;2018-12-31;KREISE;Kreise und kreisfreie Städte;06535;Vogelsbergkreis;ADV09C;Nutzungsarten 2-Steller (AdV-Nutzungsartenkatalog 2009);ADVN09-41;Fließgewässer;1110;ha;FLC005A;Bodenfläche
33111;Flächenerhebung nach Art der tatsächlichen Nutzung;STAG;Stichtag;2018-12-31;KREISE;Kreise und kreisfreie Städte;12063;Havelland, Landkreis;ADV09C;Nutzungsarten 2-Steller (AdV-Nutzungsartenkatalog 2009);ADVN09-34;Heide;3958;ha;FLC005A;Bodenfläche
33111;Flächenerhebung nach Art der tatsächlichen Nutzung;STAG;Stichtag;2022-12-31;KREISE;Kreise und kreisfreie Städte;12064;Märkisch-Oderland, Landkreis;ADV09C;Nutzungsarten 2-Steller (AdV-Nutzungsartenkatalog 2009);ADVN09-34;Heide;46;ha;FLC005A;Bodenfläche
33111;Flächenerhebung nach Art der tatsächlichen Nutzung;STAG;Stichtag;2018-12-31;KREISE;Kreise und kreisfreie Städte;12063;Havelland, Landkreis;ADV09C;Nutzungsarten 2-Steller (AdV-Nutzungsartenkatalog 2009);ADVN09-36;Sumpf;256;ha;FLC005A;Bodenfläche
33111;Flächenerhebung nach Art der tatsächlichen Nutzung;STAG;Stichtag;2018-12-31;KREISE;Kreise und kreisfreie Städte;06535;Vogelsbergkreis;ADV09C;Nutzungsarten 2-Steller (AdV-Nutzungsartenkatalog 2009);ADVN09-43;Stehendes Gewässer;394;ha;FLC005A;Bodenfläche
33111;Flächenerhebung nach Art der tatsächlichen Nutzung;STAG;Stichtag;2021-12-31;KREISE;Kreise und kreisfreie Städte;06439;Rheingau-Taunus-Kreis;ADV09C;Nutzungsarten 2-Steller (AdV-Nutzungsartenkatalog 2009);ADVN09-41;Fließgewässer;1432;ha;FLC005A;Bodenfläche
33111;Flächenerhebung nach Art der tatsächlichen Nutzung;STAG;Stichtag;2019-12-31;KREISE;Kreise und kreisfreie Städte;12064;Märkisch-Oderland, Landkreis;ADV09C;Nutzungsarten 2-Steller (AdV-Nutzungsartenkatalog 2009);ADVN09-32;Wald;49891;ha;FLC005A;Bodenfläche
33111;Flächenerhebung nach Art der tatsächlichen Nutzung;STAG;Stichtag;2022-12-31;KREISE;Kreise und kreisfreie Städte;06636;Werra-Meißner-Kreis;ADV09C;Nutzungsarten 2-Steller (AdV-Nutzungsartenkatalog 2009);ADVN09-36;Sumpf;23;ha;FLC005A;Bodenfläche
33111;Flächenerhebung nach Art der tatsächlichen Nutzung;STAG;Stichtag;2020-12-31;KREISE;Kreise und kreisfreie Städte;06534;Marburg-Biedenkopf, Landkreis;ADV09C;Nutzungsarten 2-Steller (AdV-Nutzungsartenkatalog 2009);ADVN09-37;Unland, Vegetationslose Fläche;414;ha;FLC005A;Bodenfläche
33111;Flächenerhebung nach Art der tatsächlichen Nutzung;STAG;Stichtag;2022-12-31;KREISE;Kreise und kreisfreie Städte;06636;Werra-Meißner-Kreis;ADV09C;Nutzungsarten 2-Steller (AdV-Nutzungsartenkatalog 2009);ADVN09-35;Moor;-;ha;FLC005A;Bodenfläche
33111;Flächenerhebung nach Art der tatsächlichen Nutzung;STAG;Stichtag;2020-12-31;KREISE;Kreise und kreisfreie Städte;06534;Marburg-Biedenkopf, Landkreis;ADV09C;Nutzungsarten 2-Steller (AdV-Nutzungsartenkatalog 2009);ADVN09-35;Moor;44;ha;FLC005A;Bodenfläche
33111;Flächenerhebung nach Art der tatsächlichen Nutzung;STAG;Stichtag;2022-12-31;KREISE;Kreise und kreisfreie Städte;06636;Werra-Meißner-Kreis;ADV09C;Nutzungsarten 2-Steller (AdV-Nutzungsartenkatalog 2009);ADVN09-34;Heide;-;ha;FLC005A;Bodenfläche
33111;Flächenerhebung nach Art der tatsächlichen Nutzung;STAG;Stichtag;2022-12-31;KREISE;Kreise und kreisfreie Städte;06636;Werra-Meißner-Kreis;ADV09C;Nutzungsarten 2-Steller (AdV-Nutzungsartenkatalog 2009);ADVN09-33;Gehölz;924;ha;FLC005A;Bodenfläche
33111;Flächenerhebung nach Art der tatsächlichen Nutzung;STAG;Stichtag;2016-12-31;KREISE;Kreise und kreisfreie Städte;06533;Limburg-Weilburg, Landkreis;ADV09C;Nutzungsarten 2-Steller (AdV-Nutzungsartenkatalog 2009);ADVN09-37;Unland, Vegetationslose Fläche;543;ha;FLC005A;Bodenfläche
33111;Flächenerhebung nach Art der tatsächlichen Nutzung;STAG;Stichtag;2019-12-31;KREISE;Kreise und kreisfreie Städte;12066;Oberspreewald-Lausitz, Landkreis;ADV09C;Nutzungsarten 2-Steller (AdV-Nutzungsartenkatalog 2009);ADVN09-42;Hafenbecken;0;ha;FLC005A;Bodenfläche
33111;Flächenerhebung nach Art der tatsächlichen Nutzung;STAG;Stichtag;2019-12-31;KREISE;Kreise und kreisfreie Städte;12066;Oberspreewald-Lausitz, Landkreis;ADV09C;Nutzungsarten 2-Steller (AdV-Nutzungsartenkatalog 2009);ADVN09-41;Fließgewässer;1462;ha;FLC005A;Bodenfläche
33111;Flächenerhebung nach Art der tatsächlichen Nutzung;STAG;Stichtag;2020-12-31;KREISE;Kreise und kreisfreie Städte;06534;Marburg-Biedenkopf, Landkreis;ADV09C;Nutzungsarten 2-Steller (AdV-Nutzungsartenkatalog 2009);ADVN09-36;Sumpf;23;ha;FLC005A;Bodenfläche
33111;Flächenerhebung nach Art der tatsächlichen Nutzung;STAG;Stichtag;2020-12-31;KREISE;Kreise und kreisfreie Städte;06532;Lahn-Dill-Kreis;ADV09C;Nutzungsarten 2-Steller (AdV-Nutzungsartenkatalog 2009);ADVN09-44;Meer;-;ha;FLC005A;Bodenfläche
33111;Flächenerhebung nach Art der tatsächlichen Nutzung;STAG;Stichtag;2022-12-31;KREISE;Kreise und kreisfreie Städte;06636;Werra-Meißner-Kreis;ADV09C;Nutzungsarten 2-Steller (AdV-Nutzungsartenkatalog 2009);ADVN09-44;Meer;-;ha;FLC005A;Bodenfläche
33111;Flächenerhebung nach Art der tatsächlichen Nutzung;STAG;Stichtag;2021-12-31;KREISE;Kreise und kreisfreie Städte;06535;Vogelsbergkreis;ADV09C;Nutzungsarten 2-Steller (AdV-Nutzungsartenkatalog 2009);ADVN09-42;Hafenbecken;-;ha;FLC005A;Bodenfläche
33111;Flächenerhebung nach Art der tatsächlichen Nutzung;STAG;Stichtag;2018-12-31;KREISE;Kreise und kreisfreie Städte;06439;Rheingau-Taunus-Kreis;ADV09C;Nutzungsarten 2-Steller (AdV-Nutzungsartenkatalog 2009);ADVN09-42;Hafenbecken;6;ha;FLC005A;Bodenfläche
33111;Flächenerhebung nach Art der tatsächlichen Nutzung;STAG;Stichtag;2021-12-31;KREISE;Kreise und kreisfreie Städte;06439;Rheingau-Taunus-Kreis;ADV09C;Nutzungsarten 2-Steller (AdV-Nutzungsartenkatalog 2009);ADVN09-37;Unland, Vegetationslose Fläche;65;ha;FLC005A;Bodenfläche
33111;Flächenerhebung nach Art der tatsächlichen Nutzung;STAG;Stichtag;2016-12-31;KREISE;Kreise und kreisfreie Städte;06533;Limburg-Weilburg, Landkreis;ADV09C;Nutzungsarten 2-Steller (AdV-Nutzungsartenkatalog 2009);ADVN09-32;Wald;24992;ha;FLC005A;Bodenfläche
33111;Flächenerhebung nach Art der tatsächlichen Nutzung;STAG;Stichtag;2019-12-31;KREISE;Kreise und kreisfreie Städte;12064;Märkisch-Oderland, Landkreis;ADV09C;Nutzungsarten 2-Steller (AdV-Nutzungsartenkatalog 2009);ADVN09-37;Unland, Vegetationslose Fläche;917;ha;FLC005A;Bodenfläche
33111;Flächenerhebung nach Art der tatsächlichen Nutzung;STAG;Stichtag;2019-12-31;KREISE;Kreise und kreisfreie Städte;12064;Märkisch-Oderland, Landkreis;ADV09C;Nutzungsarten 2-Steller (AdV-Nutzungsartenkatalog 2009);ADVN09-33;Gehölz;1894;ha;FLC005A;Bodenfläche
33111;Flächenerhebung nach Art der tatsächlichen Nutzung;STAG;Stichtag;2017-12-31;KREISE;Kreise und kreisfreie Städte;06532;Lahn-Dill-Kreis;ADV09C;Nutzungsarten 2-Steller (AdV-Nutzungsartenkatalog 2009);ADVN09-42;Hafenbecken;-;ha;FLC005A;Bodenfläche
33111;Flächenerhebung nach Art der tatsächlichen Nutzung;STAG;Stichtag;2022-12-31;KREISE;Kreise und kreisfreie Städte;12064;Märkisch-Oderland, Landkreis;ADV09C;Nutzungsarten 2-Steller (AdV-Nutzungsartenkatalog 2009);ADVN09-31;Landwirtschaft;130421;ha;FLC005A;Bodenfläche
33111;Flächenerhebung nach Art der tatsächlichen Nutzung;STAG;Stichtag;2018-12-31;KREISE;Kreise und kreisfreie Städte;06439;Rheingau-Taunus-Kreis;ADV09C;Nutzungsarten 2-Steller (AdV-Nutzungsartenkatalog 2009);ADVN09-35;Moor;0;ha;FLC005A;Bodenfläche
33111;Flächenerhebung nach Art der tatsächlichen Nutzung;STAG;Stichtag;2019-12-31;KREISE;Kreise und kreisfreie Städte;12066;Oberspreewald-Lausitz, Landkreis;ADV09C;Nutzungsarten 2-Steller (AdV-Nutzungsartenkatalog 2009);ADVN09-31;Landwirtschaft;42102;ha;FLC005A;Bodenfläche
33111;Flächenerhebung nach Art der tatsächlichen Nutzung;STAG;Stichtag;2019-12-31;KREISE;Kreise und kreisfreie Städte;12066;Oberspreewald-Lausitz, Landkreis;ADV09C;Nutzungsarten 2-Steller (AdV-Nutzungsartenkatalog 2009);ADVN09-35;Moor;2;ha;FLC005A;Bodenfläche
33111;Flächenerhebung nach Art der tatsächlichen Nutzung;STAG;Stichtag;2018-12-31;KREISE;Kreise und kreisfreie Städte;12063;Havelland, Landkreis;ADV09C;Nutzungsarten 2-Steller (AdV-Nutzungsartenkatalog 2009);ADVN09-37;Unland, Vegetationslose Fläche;1746;ha;FLC005A;Bodenfläche
33111;Flächenerhebung nach Art der tatsächlichen Nutzung;STAG;Stichtag;2022-12-31;KREISE;Kreise und kreisfreie Städte;12064;Märkisch-Oderland, Landkreis;ADV09C;Nutzungsarten 2-Steller (AdV-Nutzungsartenkatalog 2009);ADVN09-35;Moor;5;ha;FLC005A;Bodenfläche
33111;Flächenerhebung nach Art der tatsächlichen Nutzung;STAG;Stichtag;2018-12-31;KREISE;Kreise und kreisfreie Städte;12063;Havelland, Landkreis;ADV09C;Nutzungsarten 2-Steller (AdV-Nutzungsartenkatalog 2009);ADVN09-33;Gehölz;621;ha;FLC005A;Bodenfläche
33111;Flächenerhebung nach Art der tatsächlichen Nutzung;STAG;Stichtag;2021-12-31;KREISE;Kreise und kreisfreie Städte;06533;Limburg-Weilburg, Landkreis;ADV09C;Nutzungsarten 2-Steller (AdV-Nutzungsartenkatalog 2009);ADVN09-44;Meer;-;ha;FLC005A;Bodenfläche
33111;Flächenerhebung nach Art der tatsächlichen Nutzung;STAG;Stichtag;2017-12-31;KREISE;Kreise und kreisfreie Städte;06534;Marburg-Biedenkopf, Landkreis;ADV09C;Nutzungsarten 2-Steller (AdV-Nutzungsartenkatalog 2009);ADVN09-44;Meer;-;ha;FLC005A;Bodenfläche
33111;Flächenerhebung nach Art der tatsächlichen Nutzung;STAG;Stichtag;2021-12-31;KREISE;Kreise und kreisfreie Städte;06535;Vogelsbergkreis;ADV09C;Nutzungsarten 2-Steller (AdV-Nutzungsartenkatalog 2009);ADVN09-31;Landwirtschaft;70694;ha;FLC005A;Bodenfläche
33111;Flächenerhebung nach Art der tatsächlichen Nutzung;STAG;Stichtag;2018-12-31;KREISE;Kreise und kreisfreie Städte;12063;Havelland, Landkreis;ADV09C;Nutzungsarten 2-Steller (AdV-Nutzungsartenkatalog 2009);ADVN09-32;Wald;43297;ha;FLC005A;Bodenfläche
33111;Flächenerhebung nach Art der tatsächlichen Nutzung;STAG;Stichtag;2016-12-31;KREISE;Kreise und kreisfreie Städte;06531;Gießen, Landkreis;ADV09C;Nutzungsarten 2-Steller (AdV-Nutzungsartenkatalog 2009);ADVN09-41;Fließgewässer;730;ha;FLC005A;Bodenfläche
33111;Flächenerhebung nach Art der tatsächlichen Nutzung;STAG;Stichtag;2017-12-31;KREISE;Kreise und kreisfreie Städte;06534;Marburg-Biedenkopf, Landkreis;ADV09C;Nutzungsarten 2-Steller (AdV-Nutzungsartenkatalog 2009);ADVN09-37;Unland, Vegetationslose Fläche;411;ha;FLC005A;Bodenfläche
33111;Flächenerhebung nach Art der tatsächlichen Nutzung;STAG;Stichtag;2016-12-31;KREISE;Kreise und kreisfreie Städte;06531;Gießen, Landkreis;ADV09C;Nutzungsarten 2-Steller (AdV-Nutzungsartenkatalog 2009);ADVN09-42;Hafenbecken;-;ha;FLC005A;Bodenfläche
33111;Flächenerhebung nach Art der tatsächlichen Nutzung;STAG;Stichtag;2021-12-31;KREISE;Kreise und kreisfreie Städte;06633;Kassel, Landkreis;ADV09C;Nutzungsarten 2-Steller (AdV-Nutzungsartenkatalog 2009);ADVN09-34;Heide;-;ha;FLC005A;Bodenfläche
33111;Flächenerhebung nach Art der tatsächlichen Nutzung;STAG;Stichtag;2021-12-31;KREISE;Kreise und kreisfreie Städte;06439;Rheingau-Taunus-Kreis;ADV09C;Nutzungsarten 2-Steller (AdV-Nutzungsartenkatalog 2009);ADVN09-32;Wald;43832;ha;FLC005A;Bodenfläche
33111;Flächenerhebung nach Art der tatsächlichen Nutzung;STAG;Stichtag;2017-12-31;KREISE;Kreise und kreisfreie Städte;06534;Marburg-Biedenkopf, Landkreis;ADV09C;Nutzungsarten 2-Steller (AdV-Nutzungsartenkatalog 2009);ADVN09-32;Wald;51332;ha;FLC005A;Bodenfläche
33111;Flächenerhebung nach Art der tatsächlichen Nutzung;STAG;Stichtag;2021-12-31;KREISE;Kreise und kreisfreie Städte;06633;Kassel, Landkreis;ADV09C;Nutzungsarten 2-Steller (AdV-Nutzungsartenkatalog 2009);ADVN09-35;Moor;0;ha;FLC005A;Bodenfläche
33111;Flächenerhebung nach Art der tatsächlichen Nutzung;STAG;Stichtag;2017-12-31;KREISE;Kreise und kreisfreie Städte;06534;Marburg-Biedenkopf, Landkreis;ADV09C;Nutzungsarten 2-Steller (AdV-Nutzungsartenkatalog 2009);ADVN09-36;Sumpf;12;ha;FLC005A;Bodenfläche
33111;Flächenerhebung nach Art der tatsächlichen Nutzung;STAG;Stichtag;2021-12-31;KREISE;Kreise und kreisfreie Städte;06439;Rheingau-Taunus-Kreis;ADV09C;Nutzungsarten 2-Steller (AdV-Nutzungsartenkatalog 2009);ADVN09-33;Gehölz;1409;ha;FLC005A;Bodenfläche
33111;Flächenerhebung nach Art der tatsächlichen Nutzung;STAG;Stichtag;2021-12-31;KREISE;Kreise und kreisfreie Städte;06535;Vogelsbergkreis;ADV09C;Nutzungsarten 2-Steller (AdV-Nutzungsartenkatalog 2009);ADVN09-35;Moor;-;ha;FLC005A;Bodenfläche
33111;Flächenerhebung nach Art der tatsächlichen Nutzung;STAG;Stichtag;2017-12-31;KREISE;Kreise und kreisfreie Städte;06534;Marburg-Biedenkopf, Landkreis;ADV09C;Nutzungsarten 2-Steller (AdV-Nutzungsartenkatalog 2009);ADVN09-33;Gehölz;444;ha;FLC005A;Bodenfläche
33111;Flächenerhebung nach Art der tatsächlichen Nutzung;STAG;Stichtag;2021-12-31;KREISE;Kreise und kreisfreie Städte;06535;Vogelsbergkreis;ADV09C;Nutzungsarten 2-Steller (AdV-Nutzungsartenkatalog 2009);ADVN09-34;Heide;-;ha;FLC005A;Bodenfläche
33111;Flächenerhebung nach Art der tatsächlichen Nutzung;STAG;Stichtag;2021-12-31;KREISE;Kreise und kreisfreie Städte;06535;Vogelsbergkreis;ADV09C;Nutzungsarten 2-Steller (AdV-Nutzungsartenkatalog 2009);ADVN09-41;Fließgewässer;1099;ha;FLC005A;Bodenfläche
33111;Flächenerhebung nach Art der tatsächlichen Nutzung;STAG;Stichtag;2021-12-31;KREISE;Kreise und kreisfreie Städte;06535;Vogelsbergkreis;ADV09C;Nutzungsarten 2-Steller (AdV-Nutzungsartenkatalog 2009);ADVN09-43;Stehendes Gewässer;365;ha;FLC005A;Bodenfläche
33111;Flächenerhebung nach Art der tatsächlichen Nutzung;STAG;Stichtag;2016-12-31;KREISE;Kreise und kreisfreie Städte;06531;Gießen, Landkreis;ADV09C;Nutzungsarten 2-Steller (AdV-Nutzungsartenkatalog 2009);ADVN09-31;Landwirtschaft;38215;ha;FLC005A;Bodenfläche
33111;Flächenerhebung nach Art der tatsächlichen Nutzung;STAG;Stichtag;2022-12-31;KREISE;Kreise und kreisfreie Städte;06636;Werra-Meißner-Kreis;ADV09C;Nutzungsarten 2-Steller (AdV-Nutzungsartenkatalog 2009);ADVN09-41;Fließgewässer;1028;ha;FLC005A;Bodenfläche
33111;Flächenerhebung nach Art der tatsächlichen Nutzung;STAG;Stichtag;2022-12-31;KREISE;Kreise und kreisfreie Städte;06636;Werra-Meißner-Kreis;ADV09C;Nutzungsarten 2-Steller (AdV-Nutzungsartenkatalog 2009);ADVN09-43;Stehendes Gewässer;381;ha;FLC005A;Bodenfläche
33111;Flächenerhebung nach Art der tatsächlichen Nutzung;STAG;Stichtag;2021-12-31;KREISE;Kreise und kreisfreie Städte;06633;Kassel, Landkreis;ADV09C;Nutzungsarten 2-Steller (AdV-Nutzungsartenkatalog 2009);ADVN09-43;Stehendes Gewässer;141;ha;FLC005A;Bodenfläche
33111;Flächenerhebung nach Art der tatsächlichen Nutzung;STAG;Stichtag;2018-12-31;KREISE;Kreise und kreisfreie Städte;06439;Rheingau-Taunus-Kreis;ADV09C;Nutzungsarten 2-Steller (AdV-Nutzungsartenkatalog 2009);ADVN09-43;Stehendes Gewässer;63;ha;FLC005A;Bodenfläche
33111;Flächenerhebung nach Art der tatsächlichen Nutzung;STAG;Stichtag;2019-12-31;KREISE;Kreise und kreisfreie Städte;12066;Oberspreewald-Lausitz, Landkreis;ADV09C;Nutzungsarten 2-Steller (AdV-Nutzungsartenkatalog 2009);ADVN09-32;Wald;45894;ha;FLC005A;Bodenfläche
33111;Flächenerhebung nach Art der tatsächlichen Nutzung;STAG;Stichtag;2019-12-31;KREISE;Kreise und kreisfreie Städte;12066;Oberspreewald-Lausitz, Landkreis;ADV09C;Nutzungsarten 2-Steller (AdV-Nutzungsartenkatalog 2009);ADVN09-34;Heide;7;ha;FLC005A;Bodenfläche
33111;Flächenerhebung nach Art der tatsächlichen Nutzung;STAG;Stichtag;2019-12-31;KREISE;Kreise und kreisfreie Städte;12066;Oberspreewald-Lausitz, Landkreis;ADV09C;Nutzungsarten 2-Steller (AdV-Nutzungsartenkatalog 2009);ADVN09-36;Sumpf;101;ha;FLC005A;Bodenfläche
33111;Flächenerhebung nach Art der tatsächlichen Nutzung;STAG;Stichtag;2017-12-31;KREISE;Kreise und kreisfreie Städte;06534;Marburg-Biedenkopf, Landkreis;ADV09C;Nutzungsarten 2-Steller (AdV-Nutzungsartenkatalog 2009);ADVN09-41;Fließgewässer;1160;ha;FLC005A;Bodenfläche
33111;Flächenerhebung nach Art der tatsächlichen Nutzung;STAG;Stichtag;2018-12-31;KREISE;Kreise und kreisfreie Städte;06439;Rheingau-Taunus-Kreis;ADV09C;Nutzungsarten 2-Steller (AdV-Nutzungsartenkatalog 2009);ADVN09-41;Fließgewässer;1432;ha;FLC005A;Bodenfläche
33111;Flächenerhebung nach Art der tatsächlichen Nutzung;STAG;Stichtag;2017-12-31;KREISE;Kreise und kreisfreie Städte;06534;Marburg-Biedenkopf, Landkreis;ADV09C;Nutzungsarten 2-Steller (AdV-Nutzungsartenkatalog 2009);ADVN09-43;Stehendes Gewässer;199;ha;FLC005A;Bodenfläche
33111;Flächenerhebung nach Art der tatsächlichen Nutzung;STAG;Stichtag;2020-12-31;KREISE;Kreise und kreisfreie Städte;06532;Lahn-Dill-Kreis;ADV09C;Nutzungsarten 2-Steller (AdV-Nutzungsartenkatalog 2009);ADVN09-37;Unland, Vegetationslose Fläche;203;ha;FLC005A;Bodenfläche
33111;Flächenerhebung nach Art der tatsächlichen Nutzung;STAG;Stichtag;2020-12-31;KREISE;Kreise und kreisfreie Städte;06532;Lahn-Dill-Kreis;ADV09C;Nutzungsarten 2-Steller (AdV-Nutzungsartenkatalog 2009);ADVN09-33;Gehölz;954;ha;FLC005A;Bodenfläche
33111;Flächenerhebung nach Art der tatsächlichen Nutzung;STAG;Stichtag;2020-12-31;KREISE;Kreise und kreisfreie Städte;06532;Lahn-Dill-Kreis;ADV09C;Nutzungsarten 2-Steller (AdV-Nutzungsartenkatalog 2009);ADVN09-32;Wald;50636;ha;FLC005A;Bodenfläche
33111;Flächenerhebung nach Art der tatsächlichen Nutzung;STAG;Stichtag;2020-12-31;KREISE;Kreise und kreisfreie Städte;06532;Lahn-Dill-Kreis;ADV09C;Nutzungsarten 2-Steller (AdV-Nutzungsartenkatalog 2009);ADVN09-31;Landwirtschaft;35211;ha;FLC005A;Bodenfläche
33111;Flächenerhebung nach Art der tatsächlichen Nutzung;STAG;Stichtag;2019-12-31;KREISE;Kreise und kreisfreie Städte;12064;Märkisch-Oderland, Landkreis;ADV09C;Nutzungsarten 2-Steller (AdV-Nutzungsartenkatalog 2009);ADVN09-44;Meer;-;ha;FLC005A;Bodenfläche
33111;Flächenerhebung nach Art der tatsächlichen Nutzung;STAG;Stichtag;2016-12-31;KREISE;Kreise und kreisfreie Städte;06531;Gießen, Landkreis;ADV09C;Nutzungsarten 2-Steller (AdV-Nutzungsartenkatalog 2009);ADVN09-37;Unland, Vegetationslose Fläche;295;ha;FLC005A;Bodenfläche
33111;Flächenerhebung nach Art der tatsächlichen Nutzung;STAG;Stichtag;2016-12-31;KREISE;Kreise und kreisfreie Städte;06531;Gießen, Landkreis;ADV09C;Nutzungsarten 2-Steller (AdV-Nutzungsartenkatalog 2009);ADVN09-36;Sumpf;29;ha;FLC005A;Bodenfläche
33111;Flächenerhebung nach Art der tatsächlichen Nutzung;STAG;Stichtag;2021-12-31;KREISE;Kreise und kreisfreie Städte;06633;Kassel, Landkreis;ADV09C;Nutzungsarten 2-Steller (AdV-Nutzungsartenkatalog 2009);ADVN09-42;Hafenbecken;1;ha;FLC005A;Bodenfläche
33111;Flächenerhebung nach Art der tatsächlichen Nutzung;STAG;Stichtag;2019-12-31;KREISE;Kreise und kreisfreie Städte;12064;Märkisch-Oderland, Landkreis;ADV09C;Nutzungsarten 2-Steller (AdV-Nutzungsartenkatalog 2009);ADVN09-41;Fließgewässer;2563;ha;FLC005A;Bodenfläche
33111;Flächenerhebung nach Art der tatsächlichen Nutzung;STAG;Stichtag;2016-12-31;KREISE;Kreise und kreisfreie Städte;06531;Gießen, Landkreis;ADV09C;Nutzungsarten 2-Steller (AdV-Nutzungsartenkatalog 2009);ADVN09-33;Gehölz;594;ha;FLC005A;Bodenfläche
33111;Flächenerhebung nach Art der tatsächlichen Nutzung;STAG;Stichtag;2021-12-31;KREISE;Kreise und kreisfreie Städte;06633;Kassel, Landkreis;ADV09C;Nutzungsarten 2-Steller (AdV-Nutzungsartenkatalog 2009);ADVN09-41;Fließgewässer;1230;ha;FLC005A;Bodenfläche
33111;Flächenerhebung nach Art der tatsächlichen Nutzung;STAG;Stichtag;2020-12-31;KREISE;Kreise und kreisfreie Städte;06532;Lahn-Dill-Kreis;ADV09C;Nutzungsarten 2-Steller (AdV-Nutzungsartenkatalog 2009);ADVN09-34;Heide;-;ha;FLC005A;Bodenfläche
33111;Flächenerhebung nach Art der tatsächlichen Nutzung;STAG;Stichtag;2016-12-31;KREISE;Kreise und kreisfreie Städte;06531;Gießen, Landkreis;ADV09C;Nutzungsarten 2-Steller (AdV-Nutzungsartenkatalog 2009);ADVN09-34;Heide;-;ha;FLC005A;Bodenfläche
33111;Flächenerhebung nach Art der tatsächlichen Nutzung;STAG;Stichtag;2016-12-31;KREISE;Kreise und kreisfreie Städte;06531;Gießen, Landkreis;ADV09C;Nutzungsarten 2-Steller (AdV-Nutzungsartenkatalog 2009);ADVN09-35;Moor;0;ha;FLC005A;Bodenfläche
33111;Flächenerhebung nach Art der tatsächlichen Nutzung;STAG;Stichtag;2020-12-31;KREISE;Kreise und kreisfreie Städte;06532;Lahn-Dill-Kreis;ADV09C;Nutzungsarten 2-Steller (AdV-Nutzungsartenkatalog 2009);ADVN09-36;Sumpf;8;ha;FLC005A;Bodenfläche
33111;Flächenerhebung nach Art der tatsächlichen Nutzung;STAG;Stichtag;2020-12-31;KREISE;Kreise und kreisfreie Städte;06532;Lahn-Dill-Kreis;ADV09C;Nutzungsarten 2-Steller (AdV-Nutzungsartenkatalog 2009);ADVN09-35;Moor;-;ha;FLC005A;Bodenfläche
33111;Flächenerhebung nach Art der tatsächlichen Nutzung;STAG;Stichtag;2019-12-31;KREISE;Kreise und kreisfreie Städte;12064;Märkisch-Oderland, Landkreis;ADV09C;Nutzungsarten 2-Steller (AdV-Nutzungsartenkatalog 2009);ADVN09-42;Hafenbecken;0;ha;FLC005A;Bodenfläche
33111;Flächenerhebung nach Art der tatsächlichen Nutzung;STAG;Stichtag;2019-12-31;KREISE;Kreise und kreisfreie Städte;12064;Märkisch-Oderland, Landkreis;ADV09C;Nutzungsarten 2-Steller (AdV-Nutzungsartenkatalog 2009);ADVN09-43;Stehendes Gewässer;3189;ha;FLC005A;Bodenfläche
