{"type": "FeatureCollection", "features": [{"type": "Feature", "properties": {"ll_slug": "east-brandenburg"}, "geometry": {"type": "MultiPolygon", "coordinates": [[[[13.959600794000039, 51.89996995300004], [13.982141, 51.89950999900003], [14.029825405000054, 51.88477043300003], [14.056726642000058, 51.88057551900005], [14.088485500000047, 51.87830499900008], [14.07994526300007, 51.87052538700004], [14.080017500000054, 51.86187249900007], [14.074596769000038, 51.82828918900003], [14.101615349000042, 51.825679570000034], [14.115564681000023, 51.81484127900006], [14.115373, 51.807247999000026], [14.116127351000046, 51.80335977800007], [14.123655522000035, 51.79877082500008], [14.120486538000023, 51.79578363300004], [14.122133502000054, 51.792042018000075], [14.114534461000062, 51.78815147100005], [14.101615349000042, 51.755722511000045], [14.100811898000075, 51.753704955000046], [14.101615349000042, 51.752695439000036], [14.111907505000033, 51.73976161400003], [14.123161757000048, 51.73709813100004], [14.12522043100006, 51.73733618600005], [14.139198117000035, 51.73895246600006], [14.14328948800005, 51.72603688800007], [14.137006897000049, 51.71344979000003], [14.130677, 51.70779499900004], [14.12522043100006, 51.70640123800007], [14.116234, 51.710247999000046], [14.109713915000043, 51.692375999000035], [14.101615349000042, 51.683597364000036], [14.093021947000068, 51.67428047800007], [14.101615349000042, 51.66708026500004], [14.104275123000036, 51.66485147000003], [14.116441748000057, 51.66431160900004], [14.123345775000075, 51.65436054000003], [14.121276865000027, 51.65051024700006], [14.12522043100006, 51.64453081200003], [14.128655, 51.63932249900006], [14.130569500000036, 51.63869499900005], [14.132323500000041, 51.638119999000025], [14.137627, 51.63619149900006], [14.165490010000042, 51.63913319400007], [14.170165827000062, 51.63682295400008], [14.178679345000035, 51.63631938900005], [14.179082424000057, 51.62705115000006], [14.18776887200005, 51.62944975100004], [14.198251364000043, 51.62199582800008], [14.216746603000047, 51.61837136400004], [14.21559796200006, 51.61650337400005], [14.209423049000065, 51.61745354700008], [14.203914616000077, 51.614346211000054], [14.190431276000027, 51.59940782700005], [14.177996483000072, 51.60015851000003], [14.175696500000072, 51.59046099900007], [14.172146500000053, 51.590193499000065], [14.167693500000041, 51.590385999000034], [14.162332500000048, 51.59061549900008], [14.157649500000048, 51.591724499000065], [14.14669138100004, 51.57505063000008], [14.151983530000052, 51.56324081000008], [14.16330530600004, 51.55987827400003], [14.163324500000044, 51.54104299900007], [14.150496560000022, 51.54116448900004], [14.141498059000071, 51.54367034200004], [14.134383, 51.540759499000046], [14.130132942000046, 51.53301659400006], [14.138873638000064, 51.523652638000044], [14.134319800000071, 51.52137189500007], [14.12522043100006, 51.52223299700006], [14.117389825000032, 51.52297401800007], [14.106852665000076, 51.520636479000075], [14.101615349000042, 51.51494338700007], [14.094551988000035, 51.49811299900006], [14.087851002000036, 51.49454531300006], [14.075820685000053, 51.491886918000034], [14.086774596000055, 51.47868895100004], [14.071855500000026, 51.47223599900008], [14.039955078000048, 51.479442136000046], [14.034011540000051, 51.47570868200006], [14.035840086000064, 51.47193213500003], [14.054659167000068, 51.460889619000056], [14.05327249800007, 51.45169124700004], [14.061668060000045, 51.445636956000044], [14.041332582000052, 51.43786499700008], [14.038255237000044, 51.434854261000055], [14.043634089000022, 51.43266470900005], [14.045562767000035, 51.42884461400007], [14.038245, 51.42844399900008], [14.043465058000038, 51.423830992000035], [14.04459, 51.41875349900005], [14.042492500000037, 51.417894499000056], [14.036849500000073, 51.41679799900004], [14.028515511000023, 51.40924604800006], [14.020553277000033, 51.40768885800003], [14.016451836000044, 51.40484849600006], [14.017279339000027, 51.40115752600008], [14.025369309000041, 51.40008098000004], [14.027148471000032, 51.39648997300003], [14.012344856000027, 51.39816757300008], [14.00409071100006, 51.395304890000034], [14.006923493000045, 51.389756515000045], [13.996868155000072, 51.383461562000036], [14.000697500000058, 51.372595999000055], [13.971249588000035, 51.37602701000003], [13.972089585000049, 51.39289703400004], [13.963678500000071, 51.39590849900003], [13.952407850000043, 51.396158882000066], [13.940114761000075, 51.38964833500006], [13.909708746000035, 51.38333817400007], [13.908004817000062, 51.37875470400007], [13.883679, 51.375207999000054], [13.869159452000076, 51.37686179000008], [13.861986405000039, 51.381523393000066], [13.836171500000034, 51.383267999000054], [13.835313, 51.37678999900004], [13.831109, 51.37655299900007], [13.829090500000063, 51.37580949900007], [13.826485, 51.37436599900008], [13.819431, 51.36988199900003], [13.806712580000067, 51.372895924000034], [13.782525, 51.36966799900006], [13.776479659000074, 51.36260635000008], [13.769048745000077, 51.36266163000005], [13.765201046000072, 51.360713514000054], [13.76259503500006, 51.36425500800004], [13.767985152000051, 51.36908880300007], [13.758020759000033, 51.37096310800007], [13.752657526000064, 51.36606117200006], [13.740841500000045, 51.36126249900008], [13.739111500000035, 51.36120199900006], [13.72803854600005, 51.36432820200008], [13.710701652000068, 51.36427519600005], [13.691250500000024, 51.37401299900006], [13.700773023000067, 51.38321308600007], [13.700043384000026, 51.39022768500007], [13.68760898000005, 51.410654340000065], [13.694445508000058, 51.411427883000044], [13.696732500000053, 51.41686399900004], [13.701187864000076, 51.42383224400004], [13.708114056000056, 51.41861886500004], [13.715460500000063, 51.41693849900008], [13.718829, 51.42308699900008], [13.721833773000071, 51.431511485000044], [13.718576922000068, 51.43240892000006], [13.715939991000027, 51.43704627000005], [13.719337916000029, 51.44015370300008], [13.719548468000028, 51.444909719000066], [13.709402, 51.459482499000046], [13.701489500000037, 51.459914499000035], [13.696105500000044, 51.46023199900003], [13.693219321000072, 51.46441709700008], [13.69464980400005, 51.48218065900005], [13.678941142000042, 51.488572486000066], [13.673852643000032, 51.48986090200003], [13.660427983000034, 51.49325987000003], [13.644937882000022, 51.49343765100008], [13.646051611000075, 51.49685845800008], [13.642188500000032, 51.498495999000056], [13.634136500000068, 51.50438399900003], [13.65384750000004, 51.50574149900007], [13.658347500000048, 51.50605099900008], [13.65397050000007, 51.52890299900008], [13.657719, 51.529052999000044], [13.660572500000058, 51.52919049900004], [13.664023500000042, 51.52927649900005], [13.667849, 51.52909249900006], [13.673852643000032, 51.52880307600003], [13.67848, 51.528579999000044], [13.681611, 51.52938699900005], [13.685313500000063, 51.528647499000044], [13.683585674000028, 51.52454009200005], [13.687538954000047, 51.52215070300008], [13.70837580400007, 51.51903621800005], [13.717548667000074, 51.52284054300003], [13.727865880000024, 51.52433374100008], [13.733447811000076, 51.529529955000044], [13.735846397000046, 51.53592756900008], [13.749750821000077, 51.536744430000056], [13.76234721000003, 51.54160494400003], [13.766064550000067, 51.54001932700004], [13.767256, 51.53341481900003], [13.777391475000059, 51.533509148000064], [13.796351032000075, 51.53774495000005], [13.815078500000027, 51.54863499900006], [13.81855, 51.54988449900003], [13.829747500000053, 51.55391299900003], [13.833465500000045, 51.55557299900005], [13.842316500000038, 51.55986099900008], [13.846358, 51.56060199900003], [13.849830500000053, 51.56303399900003], [13.853973, 51.56415899900003], [13.858084500000075, 51.564861499000074], [13.862007500000061, 51.56463899900007], [13.867115500000068, 51.56434849900006], [13.869222500000035, 51.56422849900008], [13.871469500000046, 51.56461149900008], [13.873388, 51.56536499900005], [13.87547550000005, 51.56633699900004], [13.880528500000025, 51.57527949900003], [13.880532, 51.576891499000055], [13.867087712000057, 51.590512896000064], [13.878807297000037, 51.60199680100004], [13.878541018000021, 51.61016773700004], [13.889153130000068, 51.61829966800008], [13.890101, 51.63057949900008], [13.885533624000061, 51.64740061500004], [13.877830517000064, 51.652126001000056], [13.868399153000041, 51.65332934700007], [13.864307714000063, 51.658642875000055], [13.851979500000027, 51.663268499000026], [13.835831478000046, 51.668953471000066], [13.834929500000044, 51.68262599900004], [13.82632103900005, 51.69465265700006], [13.809142251000026, 51.69615961100004], [13.808213134000027, 51.70700599800006], [13.814208121000036, 51.71167237700007], [13.804698892000033, 51.72142785300008], [13.798085, 51.73713199900004], [13.815100448000067, 51.74247853000003], [13.819792237000058, 51.73967140000008], [13.833142212000041, 51.74122823600004], [13.843856828000071, 51.735894579000046], [13.854395959000044, 51.75147943700006], [13.85127871900005, 51.75792992100003], [13.842425070000047, 51.756112263000034], [13.830696413000055, 51.758350214000075], [13.820888342000046, 51.77431330200005], [13.806632810000053, 51.784660882000026], [13.814846545000023, 51.78886500800007], [13.821899967000036, 51.78674920900005], [13.828845285000057, 51.789641463000066], [13.837236328000074, 51.789998112000035], [13.834502271000076, 51.804540822000035], [13.837860568000053, 51.81214553800004], [13.83012306300003, 51.81872306100007], [13.84046095900004, 51.82231804000003], [13.833468932000073, 51.82644742400004], [13.833668437000028, 51.82828753000007], [13.842275250000057, 51.828615306000074], [13.854202500000042, 51.83894199900004], [13.837930393000022, 51.84471459100007], [13.841635980000035, 51.84933702500007], [13.828877509000051, 51.85384075700006], [13.827709902000038, 51.85709204400007], [13.834412489000044, 51.86578921700004], [13.846811839000054, 51.875658902000055], [13.863636330000077, 51.879355264000026], [13.863734, 51.89218849900004], [13.900494987000059, 51.893069523000065], [13.917548130000057, 51.900276129000076], [13.925246161000075, 51.90095757600005], [13.92948182300006, 51.89874357900004], [13.937041479000072, 51.90121402500006], [13.951829480000072, 51.89826025000008], [13.959600794000039, 51.89996995300004]]], [[[14.41127969300004, 52.35277521000006], [14.435914050000065, 52.34144811200008], [14.41127969300004, 52.32017906600004], [14.405408, 52.31510799900008], [14.402507, 52.313175999000066], [14.401333500000021, 52.31133199900006], [14.401365500000054, 52.309664499000064], [14.397934500000076, 52.307884999000066], [14.398535500000037, 52.30294799900008], [14.395893500000057, 52.29889999900007], [14.403342083000041, 52.293198045000054], [14.39910229700007, 52.28589624800003], [14.401608636000049, 52.283691469000075], [14.395728009000038, 52.269354031000034], [14.39732308400005, 52.26764399900003], [14.41127969300004, 52.26901873300005], [14.44274259100007, 52.27211768900003], [14.44939432700005, 52.27115285900004], [14.453476473000023, 52.27348276100008], [14.467669491000038, 52.27575469900006], [14.478952268000057, 52.27032528600006], [14.477573, 52.26162949900004], [14.479397, 52.262000999000065], [14.492011, 52.25277199900006], [14.502123500000039, 52.25443399900007], [14.507063, 52.254853999000034], [14.50450358200004, 52.26215948000004], [14.51763952400006, 52.26203891400007], [14.53331376400007, 52.25706567100008], [14.53472118700006, 52.26227978500003], [14.550854557000036, 52.262433301000044], [14.552411619000054, 52.269273370000064], [14.56807131000005, 52.275709928000026], [14.582533733000048, 52.27745762600006], [14.588848469000027, 52.27086174000004], [14.598000500000069, 52.267547999000044], [14.597777500000063, 52.26879499900008], [14.597423500000048, 52.27077599900008], [14.601355, 52.27026249900007], [14.600891500000046, 52.27205199900004], [14.616946618000043, 52.27136581600007], [14.625826429000028, 52.26872296400006], [14.644839501000035, 52.263063672000044], [14.661370822000038, 52.26188630300004], [14.69269, 52.25574499900006], [14.699793958000043, 52.25132469600004], [14.705372474000058, 52.24288626900005], [14.715566772000045, 52.234319748000075], [14.71114585500004, 52.21796293700004], [14.704459500000041, 52.20755199900003], [14.688619767000034, 52.19868856200003], [14.685612537000054, 52.19371269800007], [14.699414862000026, 52.18126965300007], [14.702668756000037, 52.17833570100004], [14.704898927000045, 52.16763804800007], [14.695592394000073, 52.157514742000046], [14.682826120000072, 52.14830712300005], [14.679310671000053, 52.142615672000034], [14.683860106000054, 52.125621108000075], [14.682778679000023, 52.113800654000045], [14.699185500000056, 52.098801999000045], [14.723243101000037, 52.09370540200007], [14.733575310000049, 52.08935975300005], [14.743274229000065, 52.08325973900003], [14.74480976600006, 52.08229390500003], [14.755227, 52.070024999000054], [14.75855251400003, 52.06579260700005], [14.757448690000047, 52.06158471800006], [14.745831114000055, 52.05383300400007], [14.74955394400007, 52.04241034800003], [14.74789295000005, 52.032460453000056], [14.743274229000065, 52.02996498200008], [14.740931051000075, 52.028698923000036], [14.740744392000067, 52.023284069000056], [14.727474641000072, 52.01412911500006], [14.724414240000044, 52.00806083600003], [14.715375097000049, 52.004523188000064], [14.716716, 52.00118799900008], [14.712217432000045, 52.00052393100003], [14.700714998000024, 52.00665328000008], [14.707844799000043, 52.01297668600006], [14.698858, 52.01477949900004], [14.696894131000022, 52.009930687000065], [14.680495655000072, 52.002244079000036], [14.668836, 52.00523949900003], [14.668882454000027, 52.00714313800006], [14.662169454000036, 52.01073080700007], [14.664804743000047, 52.01560307700004], [14.650520541000049, 52.02704720300005], [14.625826429000028, 52.02798973100005], [14.618512555000052, 52.028268884000056], [14.601343431000032, 52.03311841800007], [14.590533594000021, 52.03386999600008], [14.578588783000043, 52.03010361500003], [14.56660723300007, 52.02247217100006], [14.563415903000077, 52.01913514200004], [14.56243243700004, 52.00991051300008], [14.556553592000057, 52.005843378000066], [14.524122767000051, 52.01023427800004], [14.501017932000025, 52.00804361400003], [14.492062703000045, 52.01598683900005], [14.491479053000035, 52.02972248100008], [14.483512485000062, 52.037358856000026], [14.479877983000051, 52.04595912600007], [14.485131651000074, 52.053516966000075], [14.482722, 52.05774299900003], [14.480505, 52.057123499000056], [14.474436500000024, 52.05208349900005], [14.466087500000071, 52.04834399900005], [14.446537059000036, 52.03993511300007], [14.44831206300006, 52.03242013900007], [14.445997500000033, 52.02635649900003], [14.419586172000038, 52.024256628000046], [14.41127969300004, 52.02640060600004], [14.407220408000057, 52.02744830700004], [14.403021887000023, 52.03323366600006], [14.400225231000036, 52.05308906400006], [14.357764864000046, 52.07212283300004], [14.345043, 52.07080299900008], [14.330242248000047, 52.06795671800006], [14.307270240000037, 52.05782191900005], [14.301709244000051, 52.047856300000035], [14.296529557000042, 52.044324147000054], [14.299056364000023, 52.03705269800008], [14.285476729000038, 52.03937297900006], [14.271092017000058, 52.03530357300008], [14.270267, 52.03232849900007], [14.261366839000061, 52.03205563800003], [14.252549509000062, 52.03498208900004], [14.241592316000037, 52.035169877000044], [14.239413335000052, 52.04052846500008], [14.21978591100003, 52.042567629000075], [14.214537042000075, 52.05219900600008], [14.216776637000066, 52.060366255000076], [14.213238140000044, 52.06609820700004], [14.22117650000007, 52.07014544500004], [14.232856181000045, 52.084400464000055], [14.226169359000039, 52.08448142200007], [14.222159410000074, 52.07951273100008], [14.217678426000077, 52.078701565000074], [14.205167, 52.086760499000036], [14.203650821000053, 52.073353144000066], [14.193273, 52.05800245000006], [14.159335500000054, 52.05719127700007], [14.147114990000034, 52.05428462100008], [14.139093682000066, 52.049398445000065], [14.128801, 52.05185849900005], [14.12522043100006, 52.067011284000046], [14.124115389000053, 52.06793921000008], [14.114794251000035, 52.07194708500003], [14.110699088000047, 52.07998073600004], [14.110479307000048, 52.08723600400003], [14.101615349000042, 52.089098457000034], [14.089747342000067, 52.091591985000036], [14.086327867000023, 52.09694886900007], [14.065895408000074, 52.10093961200005], [14.061119432000055, 52.10763775000004], [14.054274552000038, 52.10539899300005], [14.044121423000036, 52.105208866000055], [14.043559688000073, 52.11428140900006], [14.033083175000058, 52.11058316500004], [14.02008203400004, 52.11212274600007], [14.011247469000068, 52.10969136500006], [14.007400318000066, 52.11302456700008], [14.007002500000056, 52.11756899900007], [13.999853414000029, 52.116492436000044], [13.997386386000073, 52.11927372300005], [13.989137784000036, 52.12015639300006], [13.978605987000037, 52.13161976100008], [13.969300617000044, 52.13295922600008], [13.966008946000045, 52.13621649900006], [13.940180136000038, 52.13750199100008], [13.93343150000004, 52.13129749900003], [13.92000940500003, 52.13033126700003], [13.923054310000055, 52.128378808000036], [13.928542393000043, 52.12842805200006], [13.93244564500003, 52.12648257600006], [13.91816250000005, 52.12379149900005], [13.916977792000068, 52.127050146000045], [13.910534228000074, 52.12792791700008], [13.906748329000038, 52.12321493600007], [13.891155298000058, 52.123225596000054], [13.871189500000071, 52.11813249900007], [13.845863114000053, 52.122451039000055], [13.846476212000027, 52.13223934700005], [13.859024397000042, 52.13191317700006], [13.863671203000024, 52.13631737600008], [13.867857745000038, 52.13713759400008], [13.874758929000052, 52.14637979100007], [13.869269633000044, 52.147195468000064], [13.861684664000052, 52.15144461600005], [13.850484684000037, 52.163780046000056], [13.856280773000037, 52.16521368700006], [13.861032599000055, 52.17198579700005], [13.868356487000028, 52.17032293400007], [13.875004253000043, 52.171389548000036], [13.888714073000074, 52.17001752400006], [13.891834091000021, 52.18126965300007], [13.892383271000028, 52.18324993900006], [13.879625820000058, 52.18251265100008], [13.857552885000075, 52.18886001000004], [13.851067065000052, 52.18366676800008], [13.835032500000068, 52.185369999000045], [13.843378022000024, 52.19586184800005], [13.854331719000072, 52.20116634300007], [13.840568438000048, 52.21392197800003], [13.842894895000029, 52.21887007000004], [13.854958210000063, 52.22444474400004], [13.828366897000024, 52.233372304000056], [13.824224569000023, 52.237657943000045], [13.824410717000035, 52.24398790100008], [13.834780507000062, 52.24875799100005], [13.839251488000059, 52.262347162000026], [13.85543597800006, 52.26087243000006], [13.858840374000067, 52.262548268000046], [13.850681119000058, 52.26952279200003], [13.854494596000052, 52.274142726000036], [13.861424706000037, 52.27616493600004], [13.852583439000057, 52.284822776000055], [13.854037, 52.28998899900006], [13.822518089000027, 52.28877098100003], [13.825880440000049, 52.29420449000003], [13.838743126000054, 52.30415516000005], [13.838210791000051, 52.31402899700004], [13.821191646000045, 52.31270330800004], [13.808090747000051, 52.31964452900007], [13.799565785000027, 52.31758214600006], [13.779625361000058, 52.32282085400004], [13.76589658000006, 52.317730477000055], [13.75297895500006, 52.31836265800007], [13.750632998000071, 52.31635663700007], [13.743703500000038, 52.31852149900004], [13.735149522000029, 52.32339094000008], [13.743496114000038, 52.33046654600008], [13.740892393000024, 52.33445469600008], [13.752978620000022, 52.34420348800006], [13.756250500000021, 52.352587999000036], [13.738189778000049, 52.35776335700007], [13.729400586000054, 52.365894010000034], [13.729981955000028, 52.36777532900004], [13.740518842000029, 52.37202288800006], [13.728018533000068, 52.38604546700003], [13.716074947000038, 52.389262478000035], [13.707974620000073, 52.38915886600006], [13.701625811000042, 52.384475147000046], [13.699738, 52.377882999000065], [13.697734676000039, 52.381072215000074], [13.687674690000051, 52.38516903000004], [13.701625811000042, 52.39202989900008], [13.715584325000066, 52.39889333500008], [13.731863851000071, 52.40062094100006], [13.738749, 52.40732199900003], [13.73262169800006, 52.41391466700003], [13.729874422000023, 52.416870277000044], [13.732649696000067, 52.42192480500006], [13.739619265000044, 52.42680483400005], [13.741148580000072, 52.42787557500003], [13.738299105000067, 52.43343004700006], [13.742783830000064, 52.434623772000066], [13.745010630000024, 52.43839015200007], [13.750888707000058, 52.441239643000074], [13.753522538000027, 52.44091794900004], [13.753590322000036, 52.437169202000064], [13.760019, 52.43734949900005], [13.753168889000051, 52.447221598000056], [13.729201310000064, 52.450993123000046], [13.720642, 52.45657599900005], [13.715548752000075, 52.46184435400005], [13.703759251000065, 52.46625720800006], [13.704897232000064, 52.457099681000045], [13.701625811000042, 52.45551221100004], [13.695394260000057, 52.46320834200003], [13.682551486000023, 52.46676772500007], [13.66698, 52.47416699900003], [13.641989781000063, 52.47923467600003], [13.626523355000074, 52.47326060700004], [13.624408239000047, 52.46866751200008], [13.612536806000037, 52.471050622000064], [13.615383809000036, 52.47442372800003], [13.615372010000044, 52.48084025900005], [13.629705687000069, 52.49351027900008], [13.625439143000051, 52.496171179000044], [13.633046102000037, 52.51132729500006], [13.643327278000072, 52.518845646000045], [13.658572500000048, 52.52581099900004], [13.656895500000076, 52.52986949900003], [13.62696515500005, 52.53053825500007], [13.626920292000023, 52.53690565200003], [13.63425161400005, 52.541345629000034], [13.610827500000028, 52.54423549900008], [13.611037144000022, 52.551836937000076], [13.61732961000007, 52.56169052400003], [13.639506289000053, 52.567989013000044], [13.65446619200003, 52.569964506000076], [13.658117693000065, 52.569319617000076], [13.661159687000065, 52.56259373900008], [13.664118916000064, 52.562918480000064], [13.665699019000044, 52.56653035700003], [13.668374, 52.56613899900003], [13.674032703000023, 52.56646565800003], [13.675409345000048, 52.56996334300004], [13.684024865000026, 52.57064881800005], [13.685466181000038, 52.57245390300005], [13.685153541000034, 52.57640346300008], [13.672552030000077, 52.57803891400005], [13.671408, 52.58207149900005], [13.680308184000069, 52.57874795400005], [13.689682603000051, 52.57966082400003], [13.697995983000055, 52.58426171500008], [13.699833007000052, 52.58981755900004], [13.701625811000042, 52.58961361300004], [13.715024963000076, 52.58808931500005], [13.716917038000076, 52.59257495400004], [13.712978354000029, 52.60049393000003], [13.715900781000073, 52.60220330900006], [13.726345387000038, 52.60212570500005], [13.729807299000072, 52.61208164400006], [13.782177515000058, 52.62333246900005], [13.818801965000034, 52.62761332100007], [13.82846713400005, 52.62501709600008], [13.832806859000073, 52.62964694800007], [13.833604018000074, 52.63723857700006], [13.845615, 52.64733399900007], [13.837999678000074, 52.65224033900006], [13.848431890000029, 52.659679261000065], [13.850687, 52.67056799900007], [13.850901630000067, 52.679519361000075], [13.857172462000051, 52.68442776100005], [13.84931311400004, 52.688872927000034], [13.849701500000037, 52.69355899900006], [13.834901436000052, 52.69109470300003], [13.816384861000074, 52.67901294400008], [13.806829506000042, 52.67910744000005], [13.800273510000068, 52.673771430000045], [13.780932668000048, 52.66742846500006], [13.754326500000047, 52.71346149900006], [13.759422500000028, 52.71647449900007], [13.750910232000024, 52.72413759800003], [13.737419449000072, 52.72955306400007], [13.732607391000045, 52.73346091900004], [13.763548, 52.74369749900006], [13.791619739000055, 52.74876816400007], [13.795178531000033, 52.74587758600006], [13.800930398000048, 52.74482200700004], [13.832350439000038, 52.75418787500007], [13.854797, 52.75801699900006], [13.862008827000068, 52.76000318700005], [13.86354013500005, 52.77225883500006], [13.871685870000022, 52.773328967000054], [13.875773066000022, 52.77784894900003], [13.863937231000023, 52.78287783300004], [13.863525, 52.787566999000035], [13.90161594500006, 52.78960022900003], [13.907701382000027, 52.79338824800004], [13.923112660000072, 52.79498723300003], [13.94022211500004, 52.80803519800003], [13.936791476000053, 52.81318755800004], [13.941786388000025, 52.82423304900004], [13.953325649000021, 52.825872265000044], [13.954236500000036, 52.82795949900003], [13.966533045000062, 52.82469796400005], [13.973540440000022, 52.82541698800003], [13.977394, 52.831446999000036], [13.979184609000072, 52.84285010100007], [13.988382500000057, 52.851806999000075], [14.000587643000074, 52.85696447200007], [14.003339892000042, 52.855784680000056], [14.00929108500003, 52.85323350500005], [14.020084128000065, 52.85439685500006], [14.024349981000057, 52.848148852000065], [14.06150199700005, 52.856673296000054], [14.068653558000051, 52.85359516200003], [14.081663264000042, 52.85679970600006], [14.093441770000027, 52.857205821000036], [14.09596705100006, 52.86603265100007], [14.10032745500007, 52.868919970000036], [14.08799702400006, 52.86952547100003], [14.078478236000024, 52.87278584300003], [14.064178764000076, 52.86993705900005], [14.06070414900006, 52.87202684500005], [14.06033282900006, 52.88442572900004], [14.065100148000056, 52.88701252000004], [14.072898216000056, 52.89826208900007], [14.079407500000059, 52.90072499900003], [14.08125350000006, 52.899068499000066], [14.079150500000026, 52.89365749900003], [14.08236850000003, 52.89092549900005], [14.09264, 52.89776899900005], [14.09574850000007, 52.90269999900005], [14.101615349000042, 52.90255162200003], [14.11625, 52.90218149900005], [14.117899500000021, 52.90287949900005], [14.124115389000053, 52.903252731000066], [14.12522043100006, 52.90098877100007], [14.130627633000074, 52.88990902200004], [14.156692, 52.895590999000035], [14.161128704000078, 52.88789005500007], [14.157416384000044, 52.87460412900003], [14.12522043100006, 52.84689477100005], [14.124115389000053, 52.84594340700005], [14.122903543000064, 52.84295452100008], [14.122988798000051, 52.83755518400005], [14.124115389000053, 52.83467486500007], [14.12522043100006, 52.83372613900008], [14.127624, 52.83166249900006], [14.13071725900005, 52.828349126000035], [14.142298926000024, 52.82416475900004], [14.207345708000048, 52.81917082400008], [14.21554984900007, 52.81712708300006], [14.253048, 52.78981699900004], [14.257355, 52.78717799900005], [14.279913108000073, 52.77418956900004], [14.303889050000066, 52.76599071000004], [14.324778, 52.76116949900006], [14.350841676000073, 52.75131343500004], [14.361311065000052, 52.740559810000036], [14.37339352500004, 52.73637881800005], [14.384393560000035, 52.72532642200008], [14.404833691000022, 52.711099165000064], [14.41127969300004, 52.70358730800007], [14.413077754000028, 52.701491704000034], [14.424279047000027, 52.69571231100008], [14.430686775000027, 52.68395751500003], [14.436438, 52.67990049900004], [14.453348884000036, 52.67680050000007], [14.457668320000039, 52.67345062900006], [14.461730663000026, 52.664422728000034], [14.46824874300006, 52.65974427700007], [14.498477, 52.64735049900003], [14.514601706000064, 52.63993955900003], [14.565063, 52.62449699900003], [14.596684954000068, 52.61001128400005], [14.608273902000064, 52.59885169000006], [14.611834, 52.58912999900008], [14.619011906000026, 52.58297472800007], [14.625826429000028, 52.58007646300007], [14.637002, 52.575322999000036], [14.639599769000029, 52.571175571000026], [14.637543453000035, 52.566662130000054], [14.625826429000028, 52.56073767000004], [14.620214342000054, 52.55789975500005], [14.615724576000048, 52.55400999500006], [14.614018065000039, 52.54560339900007], [14.604481252000028, 52.533739764000075], [14.60619, 52.525869999000065], [14.61320454500003, 52.510230568000054], [14.625826429000028, 52.504420451000044], [14.630974804000061, 52.502050326000074], [14.635092772000064, 52.49580896900005], [14.629995853000025, 52.48707754000003], [14.625826429000028, 52.48450541300008], [14.613461906000055, 52.47687682600008], [14.611397500000066, 52.47095399900007], [14.608797, 52.46386999900005], [14.578196078000076, 52.44142982300008], [14.560466553000026, 52.43903959100004], [14.549663028000055, 52.43354713900004], [14.544294398000034, 52.425528444000065], [14.545574803000022, 52.41391466700003], [14.545793286000048, 52.41193263100007], [14.535930015000076, 52.40035404400004], [14.534362, 52.39500799900003], [14.527646165000021, 52.392440872000066], [14.511110558000041, 52.39193523100005], [14.474892517000058, 52.39785482000008], [14.455881352000063, 52.39811861900006], [14.431744500000036, 52.39421449900004], [14.423764500000061, 52.37396849900006], [14.41127969300004, 52.35727882600003], [14.408773292000035, 52.35392751300003], [14.41127969300004, 52.35277521000006]], [[14.245373389000065, 52.08510037700006], [14.241376328000058, 52.086653227000056], [14.235525860000052, 52.084034968000026], [14.239300909000065, 52.08331885400003], [14.245373389000065, 52.08510037700006]]], [[[13.167797777000033, 53.24984232600008], [13.175863131000028, 53.247571709000056], [13.179928, 53.250148499000034], [13.186139169000057, 53.247529402000055], [13.191297678000069, 53.234555674000035], [13.206063346000064, 53.22074758900004], [13.229283339000062, 53.21717780500006], [13.241403500000047, 53.23240099900005], [13.25036912400003, 53.22126640700003], [13.244438454000033, 53.21344140600007], [13.247489226000027, 53.20753830800004], [13.271339989000069, 53.20322260900008], [13.276501110000027, 53.193602429000066], [13.287978062000036, 53.19538389100006], [13.289756707000038, 53.19242385500007], [13.287271071000077, 53.18637552000007], [13.309337475000063, 53.17675958700005], [13.296891023000057, 53.16095881900003], [13.30094682500004, 53.15371148600008], [13.291885768000043, 53.142777118000026], [13.29729846500004, 53.14044547300006], [13.290933911000025, 53.13657123400003], [13.299579471000072, 53.12743993000004], [13.322049, 53.11075199900006], [13.323347406000039, 53.10217269600008], [13.33371535200007, 53.097496585000044], [13.34824659000003, 53.096158381000066], [13.361635945000046, 53.087585250000075], [13.366521, 53.07931849900007], [13.37106546700005, 53.07612512600008], [13.369870757000058, 53.06936002600003], [13.383262352000031, 53.06751431100008], [13.389740669000048, 53.06100431200008], [13.396108344000027, 53.059413326000026], [13.408154104000062, 53.058033339000076], [13.41469793300007, 53.05509004100003], [13.409345957000028, 53.048774267000056], [13.410760693000043, 53.043740866000064], [13.40339933100006, 53.03202411500007], [13.407138850000024, 53.025543439000046], [13.414630671000054, 53.02373199800007], [13.418933277000065, 53.023606276000066], [13.431776658000047, 53.02323099200004], [13.443923287000075, 53.029005211000026], [13.453146536000077, 53.02094723000005], [13.460645315000022, 53.00878057300008], [13.484727664000047, 53.00867808100003], [13.487511139000048, 53.002636547000066], [13.496413973000074, 53.001170254000044], [13.499755004000065, 52.99644900700008], [13.492011988000058, 52.98755487200003], [13.509259316000055, 52.987047466000035], [13.517898, 52.988665999000034], [13.511760537000043, 52.97434109500006], [13.484593910000058, 52.96400863000008], [13.475379230000044, 52.96659465500005], [13.471469253000066, 52.96463993000003], [13.453708734000031, 52.964705980000076], [13.441578677000052, 52.95914179500005], [13.436768794000045, 52.952543140000046], [13.418933277000065, 52.945982911000044], [13.404472311000063, 52.94066317200003], [13.398492335000071, 52.93412312300006], [13.398859500000071, 52.93006249900003], [13.403063471000053, 52.93164467100007], [13.410310225000046, 52.929894396000066], [13.420883651000054, 52.93004427300008], [13.422762634000037, 52.931456626000056], [13.420593563000068, 52.93483281600004], [13.431780342000025, 52.934721522000075], [13.428281918000039, 52.92815214900003], [13.416271510000058, 52.92466458800004], [13.411186633000057, 52.91963642700006], [13.412390904000063, 52.911963686000036], [13.427445158000069, 52.90522850000008], [13.430895295000028, 52.90585995300006], [13.430118117000063, 52.90917274800006], [13.433366878000072, 52.913284617000045], [13.446034723000025, 52.91173816300005], [13.452724769000042, 52.91807127000004], [13.469750564000037, 52.91736842900008], [13.476231100000064, 52.90646734300003], [13.485765684000057, 52.90188137500007], [13.467837091000035, 52.89181946900004], [13.465232170000036, 52.88609169600005], [13.507775, 52.87348349900003], [13.493107257000077, 52.872946451000075], [13.47561292000006, 52.877544243000045], [13.470532060000039, 52.87097759900007], [13.47783576300003, 52.858305518000066], [13.484493474000033, 52.853394484000034], [13.496699079000052, 52.850196776000075], [13.509414543000048, 52.85099344100007], [13.52008556800007, 52.84812217000007], [13.506413517000055, 52.838108859000045], [13.497132281000063, 52.84085096500007], [13.494642396000074, 52.839794221000034], [13.494599325000024, 52.836023510000075], [13.499772500000063, 52.83030495700007], [13.492285926000022, 52.81169832900008], [13.47976591400004, 52.80916143400003], [13.468848112000046, 52.81236191900007], [13.464005256000064, 52.80859484200005], [13.452901212000029, 52.805941551000046], [13.421964, 52.804170499000065], [13.423559228000045, 52.79812897000005], [13.430144946000041, 52.79014899900005], [13.406068903000062, 52.77945078300007], [13.404820977000043, 52.770639208000034], [13.414021516000048, 52.751878032000036], [13.404848837000031, 52.74956537000003], [13.397169500000075, 52.74392849900005], [13.407897925000043, 52.74471943700007], [13.407557771000029, 52.738296544000036], [13.423201874000029, 52.73443684600005], [13.414122123000027, 52.72659673800007], [13.408688218000066, 52.72673371800005], [13.407229933000053, 52.72457306700005], [13.408428743000059, 52.72189580700007], [13.419086277000076, 52.71911843100003], [13.421036566000055, 52.70947764400006], [13.405142254000054, 52.70903495600004], [13.408316808000052, 52.69761293900007], [13.397475894000024, 52.68922356100006], [13.403722127000037, 52.688001487000065], [13.39905774500005, 52.68236695100006], [13.40559410000003, 52.68022784600004], [13.398447127000054, 52.67378475900006], [13.406021391000024, 52.67379526800005], [13.421799498000041, 52.669151026000065], [13.419061784000064, 52.66709566000003], [13.413866255000073, 52.66766125000004], [13.407082358000025, 52.66304459700007], [13.406726139000057, 52.66025468500004], [13.400733608000053, 52.65704382400003], [13.404447847000029, 52.651183400000036], [13.39854, 52.648194499000056], [13.396108344000027, 52.64803661600007], [13.388487805000068, 52.638144184000055], [13.376496917000054, 52.63265330400003], [13.373566061000076, 52.628421487000026], [13.357778723000024, 52.62343135100008], [13.344613500000037, 52.624765499000034], [13.336263734000056, 52.62326501200005], [13.306843982000032, 52.62829155800006], [13.304717553000046, 52.63649709400005], [13.309257500000058, 52.643140499000026], [13.301260027000069, 52.65315984000006], [13.310034, 52.65737599900007], [13.306273655000041, 52.659161923000056], [13.28341954900003, 52.66021304800006], [13.28216217000005, 52.64203072000004], [13.263057466000078, 52.64024280500007], [13.26387892300005, 52.62759568800004], [13.238331, 52.627788999000074], [13.221068737000053, 52.62757569200005], [13.217405039000028, 52.62101763100003], [13.202339917000074, 52.60650542600007], [13.204518356000051, 52.60234539000004], [13.217842240000039, 52.59268467100003], [13.216864917000066, 52.58795771200005], [13.20486221300007, 52.58738882200004], [13.164263, 52.59890049900008], [13.163637180000023, 52.60113387800004], [13.154444393000063, 52.60253765200008], [13.155179500000031, 52.606592499000044], [13.148852284000043, 52.60819008300007], [13.147859040000071, 52.61176260900004], [13.152946280000037, 52.61254163900003], [13.158754613000042, 52.61685489600006], [13.157461752000074, 52.627008242000045], [13.136929455000029, 52.63151547100006], [13.119736961000058, 52.63190263900003], [13.11225170800003, 52.63489675300008], [13.09620226900006, 52.659048245000065], [13.090437104000046, 52.663364038000054], [13.094524174000071, 52.67755375000007], [13.086901499000021, 52.679065035000065], [13.076993806000075, 52.67790811300006], [13.047693240000058, 52.669171075000065], [13.04181526700006, 52.669496673000026], [13.01594731800003, 52.670929544000046], [13.016141210000058, 52.67287725300008], [13.02557732200006, 52.67579709100005], [13.027251663000072, 52.67380535600006], [13.028938261000064, 52.67588810900003], [13.027744448000021, 52.67760246900008], [13.018806894000022, 52.67764325600007], [13.021881533000055, 52.68915422900005], [12.991581, 52.69252899900005], [12.995598500000028, 52.69764649900003], [12.986588500000039, 52.70098999900006], [12.983783, 52.70140749900003], [12.97038400200006, 52.70148487300003], [12.976158601000066, 52.71038761300008], [12.966506791000029, 52.71325788400003], [12.96209772900005, 52.72027907200004], [12.929844244000037, 52.72469715500006], [12.92529870900006, 52.72301928300004], [12.923296187000062, 52.719321698000044], [12.873350810000034, 52.70946022100003], [12.865172198000039, 52.70381392100006], [12.828762500000039, 52.69475649900005], [12.82610444900007, 52.707659756000055], [12.831922376000023, 52.70852504100003], [12.846570426000028, 52.70586729100006], [12.864407277000055, 52.71046622000006], [12.877622361000022, 52.71834228000006], [12.866295156000035, 52.722558339000045], [12.870613476000074, 52.726080084000046], [12.908617675000073, 52.743697731000054], [12.920759692000047, 52.745362252000064], [12.922049741000023, 52.76911889400003], [12.910965259000022, 52.77355191600003], [12.91940377700007, 52.79221056800003], [12.924950372000069, 52.790759241000046], [12.932793, 52.79221749900006], [12.938638942000068, 52.79453109600007], [12.942968121000035, 52.79997743300004], [12.937982500000032, 52.80406899900004], [12.961839788000077, 52.811965017000034], [12.97033652600004, 52.816889881000066], [12.97961148500002, 52.81825114600008], [12.98504708400003, 52.82681579100006], [12.984170615000039, 52.828629086000035], [12.974788826000065, 52.82809918100003], [12.96949550200003, 52.83145289400005], [12.952188500000034, 52.83400049900007], [12.954563500000063, 52.83747849900004], [12.962738500000057, 52.835945999000046], [12.975123500000052, 52.83507299900003], [12.986864, 52.836227499000074], [12.986388, 52.84073549900006], [12.973966, 52.83936999900004], [12.96740550000004, 52.83974599900006], [12.966229500000054, 52.84264899900006], [12.974796500000025, 52.84228549900007], [12.98687368700007, 52.84483437600005], [12.97617428500007, 52.85527430800005], [12.97651574200006, 52.861960131000046], [12.99057182100006, 52.86259293300003], [12.993305349000025, 52.85775477000004], [12.997023859000024, 52.85714694900008], [13.00559787800006, 52.85884881000004], [12.999962149000055, 52.86181754200004], [12.999980150000056, 52.86493765500006], [13.013719804000061, 52.865530327000045], [13.02667318300007, 52.85624018300007], [13.039302500000076, 52.85469949900005], [13.039897852000024, 52.87597952300007], [13.024864253000032, 52.87895909900004], [13.017828, 52.90591949900005], [13.023344938000037, 52.90839024600007], [13.02566, 52.90942699900006], [13.038949201000037, 52.91360625800007], [13.040313385000047, 52.91445560000005], [13.04181526700006, 52.91539065300003], [13.047012436000045, 52.918626190000055], [13.05157992200003, 52.93570960300008], [13.04971368300005, 52.94558378900007], [13.056773, 52.95595049900004], [13.054128, 52.957354999000074], [13.054326500000059, 52.96391749900005], [13.050908, 52.97027699900008], [13.047931794000021, 52.97834591900005], [13.050111930000071, 52.98983544100008], [13.04181526700006, 52.99001779300005], [13.038949201000037, 52.99008078600008], [13.027532875000077, 52.98998599500004], [13.021895653000058, 52.99575274100005], [13.007719507000047, 52.99978679000003], [13.011293211000066, 53.01054150700003], [13.031686524000065, 53.024082527000076], [13.023551757000064, 53.03174224900005], [13.022811, 53.06311449900005], [13.024390304000065, 53.071868333000054], [13.012126, 53.07350899900007], [12.974923484000044, 53.07356730300006], [12.96600230000007, 53.08493260200004], [12.951977663000037, 53.08695382900004], [12.945509074000029, 53.08994258900003], [12.939207041000031, 53.10205171800004], [12.940220621000037, 53.10443441100006], [12.95004962400003, 53.10694079900003], [12.950303749000057, 53.11847308400007], [12.959949504000065, 53.12511762500003], [12.964225589000023, 53.13187241900005], [12.990600296000025, 53.130639907000045], [13.007723249000037, 53.13942336000008], [13.010608537000053, 53.14504066000006], [13.023652170000048, 53.147522941000034], [13.019661877000033, 53.14960131700008], [13.008488030000024, 53.150647509000066], [12.997047733000045, 53.14929093600006], [12.997119041000076, 53.15188277000004], [13.002738297000064, 53.15553955300004], [12.990580710000074, 53.15809598700008], [12.984683, 53.16498549900007], [12.990812343000073, 53.16826788700007], [13.00506960000007, 53.16748707600004], [13.008123262000026, 53.171906842000055], [13.019569905000026, 53.17611965400005], [13.019261312000026, 53.184687249000035], [13.026730500000042, 53.185185999000055], [13.038388500000053, 53.19316549900003], [13.04181526700006, 53.19455058200003], [13.055614294000065, 53.20012763200003], [13.068138326000053, 53.20237281900006], [13.07810906800006, 53.20101786600003], [13.088602742000035, 53.21514028000007], [13.093067004000034, 53.216113275000055], [13.098940489000029, 53.21395370600004], [13.104549364000036, 53.21536184200005], [13.107702820000043, 53.22563785700004], [13.104512641000042, 53.23495655000005], [13.108425500000067, 53.23869549900007], [13.120042364000028, 53.24073899100006], [13.131166174000043, 53.23731056400004], [13.138194191000025, 53.244659624000064], [13.15070412800003, 53.250317359000064], [13.153917432000071, 53.24681629500003], [13.167797777000033, 53.24984232600008]]], [[[13.404733460000045, 52.93723251700004], [13.407870696000032, 52.93905571200003], [13.40871048400004, 52.93762622000003], [13.407096243000069, 52.93435661500007], [13.404408471000067, 52.93511642800007], [13.404733460000045, 52.93723251700004]]], [[[13.243779493000034, 53.236853308000036], [13.247183067000037, 53.23394113300003], [13.242056005000052, 53.23297778500006], [13.242105626000068, 53.236536013000034], [13.243779493000034, 53.236853308000036]]]]}}, {"type": "Feature", "properties": {"ll_slug": "havellandisches-luch"}, "geometry": {"type": "Polygon", "coordinates": [[[12.60153609200006, 52.800906292000036], [12.610735288000058, 52.79048789500007], [12.638201441000035, 52.79939703100007], [12.643723715000021, 52.80118805800004], [12.651134500000069, 52.80001499900004], [12.647089579000067, 52.79260241000003], [12.653736772000059, 52.78969555100008], [12.65748626900006, 52.79061357100005], [12.662598524000032, 52.787420893000046], [12.668856594000033, 52.782110327000055], [12.667863150000073, 52.77748987000007], [12.675426722000054, 52.77345883100003], [12.673774412000057, 52.76965630400008], [12.68262465500004, 52.76591547000004], [12.703164267000034, 52.760034691000044], [12.716766807000056, 52.758407427000066], [12.719760551000036, 52.75550936700006], [12.717041, 52.751341499000034], [12.716655012000047, 52.74827525900008], [12.721780050000064, 52.743658175000064], [12.712937080000074, 52.73804193800004], [12.70814213400007, 52.72971343100005], [12.716557349000027, 52.72842100300005], [12.717590045000065, 52.72347726900006], [12.726973074000057, 52.722014337000076], [12.736854692000065, 52.71165871200003], [12.740512500000023, 52.703295499000035], [12.764046, 52.69747799900006], [12.762328500000024, 52.69580799900007], [12.766015, 52.694581999000036], [12.833666845000039, 52.682713955000054], [12.828762500000039, 52.69475649900005], [12.865172198000039, 52.70381392100006], [12.873350810000034, 52.70946022100003], [12.923296187000062, 52.719321698000044], [12.92529870900006, 52.72301928300004], [12.929844244000037, 52.72469715500006], [12.96209772900005, 52.72027907200004], [12.966506791000029, 52.71325788400003], [12.976158601000066, 52.71038761300008], [12.97038400200006, 52.70148487300003], [12.983783, 52.70140749900003], [12.986588500000039, 52.70098999900006], [12.995598500000028, 52.69764649900003], [12.991581, 52.69252899900005], [13.021881533000055, 52.68915422900005], [13.018806894000022, 52.67764325600007], [13.027744448000021, 52.67760246900008], [13.028938261000064, 52.67588810900003], [13.027251663000072, 52.67380535600006], [13.02557732200006, 52.67579709100005], [13.016141210000058, 52.67287725300008], [13.01594731800003, 52.670929544000046], [13.04181526700006, 52.669496673000026], [13.047693240000058, 52.669171075000065], [13.076993806000075, 52.67790811300006], [13.086901499000021, 52.679065035000065], [13.094524174000071, 52.67755375000007], [13.090437104000046, 52.663364038000054], [13.09620226900006, 52.659048245000065], [13.11225170800003, 52.63489675300008], [13.119736961000058, 52.63190263900003], [13.136929455000029, 52.63151547100006], [13.157461752000074, 52.627008242000045], [13.158754613000042, 52.61685489600006], [13.152946280000037, 52.61254163900003], [13.147859040000071, 52.61176260900004], [13.148852284000043, 52.60819008300007], [13.155179500000031, 52.606592499000044], [13.154444393000063, 52.60253765200008], [13.163637180000023, 52.60113387800004], [13.164263, 52.59890049900008], [13.156519009000021, 52.59714056400003], [13.14492531600007, 52.59008607800007], [13.12898750000005, 52.58744199900008], [13.128646482000022, 52.58372209600003], [13.133109821000062, 52.580064297000035], [13.149638927000069, 52.582580473000064], [13.152907091000031, 52.57384140500005], [13.146635536000076, 52.56180817300003], [13.14614363100003, 52.55409383700004], [13.141362664000042, 52.55232933000008], [13.130586702000073, 52.55483821900003], [13.125113, 52.543795499000055], [13.117980785000043, 52.51767017100008], [13.14256326800006, 52.51932824900007], [13.163952831000074, 52.511031124000056], [13.164940845000046, 52.50925112700003], [13.153695500000026, 52.50182149900007], [13.138420059000055, 52.502068294000026], [13.120648626000047, 52.49123651000008], [13.098726830000032, 52.493660169000066], [13.094891633000032, 52.470220751000056], [13.070646142000044, 52.46183614100005], [13.062567257000069, 52.46117582200003], [13.046050277000063, 52.468299846000036], [13.04181526700006, 52.476127449000046], [13.03964353400005, 52.48014094100006], [13.029160214000058, 52.48185659600006], [13.020928861000073, 52.49140682800004], [13.021362002000046, 52.49587635000006], [13.004325613000049, 52.51365917900006], [12.994448500000033, 52.512683999000046], [12.992420784000046, 52.50954771900007], [12.959705825000071, 52.505863066000074], [12.953098325000042, 52.50326437900003], [12.949334, 52.50457599900005], [12.935788467000066, 52.49978463700006], [12.932390205000047, 52.48781018200003], [12.917116025000041, 52.48109287200003], [12.915677680000044, 52.47350030200005], [12.895727754000063, 52.46805100600005], [12.890247013000021, 52.464832958000045], [12.893531, 52.46076349900005], [12.894760692000034, 52.454332183000076], [12.89128207300007, 52.45092946400007], [12.884233115000029, 52.454025666000064], [12.875063985000054, 52.454161482000075], [12.863488, 52.45921599900004], [12.816690473000051, 52.473234726000044], [12.811994932000061, 52.47247140400003], [12.811973665000039, 52.465957255000035], [12.800289145000022, 52.46526477500004], [12.79403669900006, 52.46309795700006], [12.778973138000026, 52.46281167600006], [12.765212161000022, 52.46542797600006], [12.755187167000031, 52.45874175600005], [12.745205, 52.45848499900006], [12.74047779600005, 52.46463818600006], [12.745827678000069, 52.467834278000055], [12.743301788000053, 52.47709785200004], [12.758830425000042, 52.482339815000046], [12.754833764000068, 52.48894022300004], [12.749740809000059, 52.489676932000066], [12.734559500000046, 52.49821599900008], [12.747107500000027, 52.507393499000045], [12.749739, 52.50958449900003], [12.738789500000053, 52.51650949900005], [12.732805, 52.519831999000075], [12.72723650000006, 52.52263449900005], [12.716307500000028, 52.52503099900008], [12.717159001000027, 52.52861356600005], [12.721416903000033, 52.53124414600006], [12.716937856000072, 52.532670616000075], [12.718151574000046, 52.53790666500004], [12.723901, 52.53984349900003], [12.718316753000067, 52.54540189800008], [12.711575955000058, 52.544754202000036], [12.690404500000056, 52.55005599900005], [12.689036500000043, 52.54864149900004], [12.68670650000007, 52.547765999000035], [12.685081500000024, 52.54683299900006], [12.683791, 52.54578599900003], [12.68262465500004, 52.54445495300007], [12.671502365000038, 52.537528347000034], [12.651270483000076, 52.54192466000006], [12.645755058000077, 52.54072018700003], [12.646483500000045, 52.53803499900005], [12.639653397000075, 52.537147246000075], [12.638201441000035, 52.53784579200004], [12.635456694000027, 52.53916627900003], [12.611793171000045, 52.536746289000064], [12.608974228000022, 52.53370807600004], [12.58315250000004, 52.52741499900003], [12.575519, 52.52693499900005], [12.56938850000006, 52.52801199900006], [12.547129, 52.53090199900004], [12.54753450000004, 52.53363899900006], [12.541741500000057, 52.53373699900004], [12.538812, 52.53679149900006], [12.536324500000035, 52.53821899900004], [12.532670500000052, 52.537029999000026], [12.531556, 52.53815549900003], [12.514008796000041, 52.53453376500005], [12.502287017000072, 52.53676481800005], [12.495447202000037, 52.54478491900005], [12.487349894000033, 52.54537834200005], [12.489917967000054, 52.548931648000064], [12.481519030000072, 52.55291267200005], [12.486651229000074, 52.55513130400004], [12.485656791000054, 52.55662257800003], [12.464566130000037, 52.55446053700007], [12.458255418000022, 52.551154463000046], [12.428372, 52.553945999000064], [12.426844216000063, 52.54691436100006], [12.429102362000037, 52.540125628000055], [12.414755744000047, 52.54216092100006], [12.407082957000057, 52.53831651200005], [12.414799283000036, 52.53202307500004], [12.426658007000071, 52.52727300600003], [12.425365457000055, 52.522668914000064], [12.428482509000048, 52.51300472100007], [12.414664500000072, 52.508763499000054], [12.418857751000075, 52.50745098400006], [12.423171315000047, 52.50130300700005], [12.41618283400004, 52.49924103500007], [12.412169043000063, 52.49512301800007], [12.423223088000043, 52.491897805000065], [12.413606790000074, 52.48100465500005], [12.413255432000028, 52.47693443000003], [12.434839380000028, 52.475857346000055], [12.44884537300004, 52.47819797600005], [12.447219614000062, 52.47266058800005], [12.441608726000027, 52.470741651000026], [12.43517650900003, 52.46044542100003], [12.428175, 52.45814349900007], [12.423982324000065, 52.454540130000055], [12.422279455000023, 52.45625370000005], [12.407430632000057, 52.45682822100008], [12.392258649000041, 52.44805791300007], [12.36118, 52.44277199900006], [12.35462835900006, 52.44158848300003], [12.342115174000071, 52.43932796000007], [12.327893588000052, 52.44027912900003], [12.32208634400007, 52.44453533800004], [12.31718, 52.45409549900006], [12.31645287400005, 52.460136257000045], [12.324389456000063, 52.465102081000055], [12.328287566000029, 52.47681546300004], [12.314425130000075, 52.476500599000076], [12.309567281000056, 52.47990286600003], [12.309738433000064, 52.48489333800006], [12.314475494000021, 52.48966517200006], [12.326988093000068, 52.49237407500004], [12.328473282000061, 52.495622723000054], [12.322683849000043, 52.49551309200007], [12.310356752000075, 52.49148017300007], [12.297355709000044, 52.495084751000036], [12.278478345000053, 52.487926713000036], [12.273094805000028, 52.488044742000056], [12.26459389200005, 52.49565504900005], [12.266921103000072, 52.50020499000004], [12.260128015000078, 52.505792549000034], [12.257072667000045, 52.51711301900008], [12.237522496000054, 52.52286889100003], [12.232525802000055, 52.52138705800007], [12.225248702000044, 52.51082934400006], [12.226232120000077, 52.505393207000054], [12.22052478300003, 52.50119924000006], [12.218148605000067, 52.501471683000034], [12.212429970000073, 52.50212735300005], [12.202958780000074, 52.49827999100006], [12.185414015000049, 52.49719095300003], [12.171555, 52.50633649900004], [12.168178952000062, 52.51515541200007], [12.185069360000057, 52.52713642300006], [12.187509172000034, 52.53242214900007], [12.17947554400007, 52.53424442200003], [12.172583222000071, 52.538290896000035], [12.15876972600006, 52.53405226700005], [12.152930101000038, 52.52952501100003], [12.14603648900004, 52.52926787000007], [12.143822928000077, 52.53099089800003], [12.144133299000032, 52.53676526400005], [12.150672136000026, 52.54255189700007], [12.15921744800005, 52.56062118300008], [12.179942228000073, 52.57473052100005], [12.173808558000076, 52.58103542500004], [12.173215, 52.59746699900006], [12.175897115000055, 52.60575147000003], [12.17039843300006, 52.60895280300008], [12.173301984000034, 52.615973663000034], [12.169280535000041, 52.61811310500008], [12.171894, 52.625781999000026], [12.201922266000054, 52.61892986500004], [12.210923624000031, 52.62442122900006], [12.218148605000067, 52.62594151700006], [12.236807500000054, 52.629867499000056], [12.231143579000047, 52.630624090000026], [12.231006411000067, 52.63806378000004], [12.237238210000044, 52.64316323300005], [12.233182672000055, 52.65289177400007], [12.235606614000062, 52.664620385000035], [12.239299500000072, 52.66581849900007], [12.234796877000065, 52.68001774700008], [12.227641434000077, 52.68317843500006], [12.232259125000041, 52.68874362200006], [12.222791974000074, 52.68895674500004], [12.218148605000067, 52.69598687900003], [12.218148605000067, 52.699625506000075], [12.222432643000047, 52.70394479700008], [12.218148605000067, 52.70612332200005], [12.205436794000036, 52.71258691100007], [12.20934724500006, 52.71589824200004], [12.208545418000028, 52.71788075000006], [12.19831251200003, 52.718454619000056], [12.203347, 52.72475599900008], [12.204692860000023, 52.72693391000007], [12.201294500000074, 52.72900399900004], [12.221520260000034, 52.739635546000045], [12.218946367000058, 52.74988800300008], [12.209882801000049, 52.75391537200005], [12.207025103000035, 52.75995342400006], [12.212229732000026, 52.76531621300006], [12.214125824000064, 52.77264521300003], [12.222430798000062, 52.77655698800004], [12.221860121000077, 52.78913577800006], [12.22974479900006, 52.789770428000054], [12.242592258000059, 52.78758468700005], [12.249203500000021, 52.79186199900005], [12.260594709000031, 52.79576491600005], [12.264044, 52.80021849900004], [12.269635, 52.80089249900004], [12.271673, 52.79914449900008], [12.27798450000006, 52.798530999000036], [12.279822500000023, 52.79700199900003], [12.282302500000071, 52.79629999900004], [12.29699776900003, 52.80047291800008], [12.307375021000041, 52.79834823600004], [12.325752500000021, 52.797506499000065], [12.334380305000025, 52.79542033700005], [12.35462835900006, 52.79741086000007], [12.358499499000061, 52.79779140900007], [12.376374269000053, 52.80476099700007], [12.380538064000064, 52.802507587000036], [12.396745281000051, 52.80212923500005], [12.399728500000037, 52.799382999000045], [12.397445571000048, 52.79339478700007], [12.405774543000064, 52.78961481200008], [12.405660864000026, 52.786943962000066], [12.378729, 52.770128499000066], [12.381992303000061, 52.76893506300007], [12.387752767000052, 52.77107190500004], [12.39627179100006, 52.77109265200005], [12.401496861000055, 52.76604970200003], [12.401377257000036, 52.755972875000055], [12.405862094000042, 52.75349705000008], [12.413741725000023, 52.752463128000045], [12.424488096000061, 52.75642358200008], [12.435850500000072, 52.75675449900007], [12.445193096000025, 52.75537709400004], [12.45093941400006, 52.75710453600004], [12.479215578000037, 52.75819140100003], [12.486392642000055, 52.76057920100004], [12.49121937600006, 52.758350257000075], [12.524645, 52.75291949900003], [12.534028344000035, 52.75013779500006], [12.535148438000022, 52.75405451100005], [12.545639728000026, 52.75394135300007], [12.548986797000055, 52.76056593700008], [12.542825823000044, 52.76549411700006], [12.549493766000069, 52.77486421700007], [12.544676843000047, 52.78009649000006], [12.534306325000045, 52.782419067000035], [12.533528, 52.79265349900004], [12.540718780000077, 52.79269980600003], [12.542055337000022, 52.80168544400004], [12.550817856000037, 52.80191653600008], [12.549924973000032, 52.810291291000055], [12.583959228000026, 52.807698671000026], [12.60153609200006, 52.800906292000036]]]}}, {"type": "Feature", "properties": {"ll_slug": "north-hessian-loess"}, "geometry": {"type": "Polygon", "coordinates": [[[9.930694851000055, 51.39189899200005], [9.931980138000029, 51.38057891900007], [9.928339, 51.37529899900005], [9.928288500000065, 51.37236399900007], [9.925462, 51.37212149900006], [9.923293500000057, 51.36804299900007], [9.923573, 51.36625599900003], [9.924294, 51.363345999000046], [9.925874, 51.35932849900007], [9.925469, 51.35379349900006], [9.932162043000062, 51.345888786000046], [9.930920207000042, 51.33974120900007], [9.941884132000041, 51.33510587300003], [9.947567, 51.32639499900006], [9.94687250000004, 51.320831499000064], [9.948390164000045, 51.31717815600007], [9.94096458200005, 51.31007450000004], [9.940433361000032, 51.30675879200004], [9.947651791000055, 51.30341473900006], [9.959743500000059, 51.30491199900007], [9.969058467000025, 51.30036203600008], [9.970868719000066, 51.295160820000035], [9.975620153000023, 51.29179462700006], [9.973122757000056, 51.28512398000004], [9.980637500000057, 51.28405799900003], [10.004186751000077, 51.28649164300003], [10.012163008000073, 51.283082327000045], [10.023120634000065, 51.282037993000074], [10.030080715000054, 51.27837821600008], [10.041130400000043, 51.28003411100008], [10.057276500000057, 51.27736699900004], [10.059916, 51.275865499000076], [10.060123500000032, 51.27366199900007], [10.058837500000038, 51.27017499900006], [10.056422571000041, 51.26734847300003], [10.047382207000055, 51.26413374200007], [10.049734252000064, 51.25722423000008], [10.046969, 51.25342549900006], [10.052396001000034, 51.25413333600005], [10.06231824400004, 51.25202984300006], [10.070309500000064, 51.24393199900004], [10.072879500000056, 51.24400349900003], [10.075385500000039, 51.243726999000046], [10.078995, 51.24278099900005], [10.071572206000042, 51.23877655000007], [10.067522328000052, 51.22960241700008], [10.069400467000037, 51.226503026000046], [10.07758053300006, 51.22387360600004], [10.089610279000055, 51.22630060000006], [10.094006955000054, 51.221655386000066], [10.106674450000071, 51.221152336000046], [10.113797022000028, 51.215726188000076], [10.121920500000044, 51.21687049900004], [10.127413260000026, 51.21879185500006], [10.141316937000056, 51.219009268000036], [10.149790500000051, 51.20618949900006], [10.160312918000045, 51.20841043300004], [10.165312419000031, 51.21186030600006], [10.171308199000066, 51.21135976100004], [10.188293994000048, 51.203711611000074], [10.19608138600006, 51.19712550200006], [10.19698519000002, 51.19251626500005], [10.206942, 51.190648999000075], [10.214314987000023, 51.18700602000007], [10.22041727800007, 51.185952171000054], [10.23122408300003, 51.18796776100004], [10.23480717700005, 51.18718621000005], [10.235881015000075, 51.18523610900007], [10.233382730000073, 51.179193637000026], [10.229455040000062, 51.174812443000064], [10.214314987000023, 51.168368127000065], [10.207870075000073, 51.16450477600006], [10.207436360000031, 51.155422943000076], [10.200973819000069, 51.15029735100006], [10.20422575300006, 51.14616425200006], [10.210013, 51.144082999000034], [10.204193934000045, 51.13336591400008], [10.206357106000041, 51.12724444200006], [10.210512035000022, 51.12397816400005], [10.207144167000024, 51.121719572000075], [10.20808401000005, 51.11786082500004], [10.198965909000037, 51.113449435000064], [10.190817521000042, 51.11599178700004], [10.188478366000027, 51.122295346000044], [10.179704284000024, 51.127630682000074], [10.179303822000065, 51.130541410000035], [10.184606961000043, 51.13304132500008], [10.185169924000036, 51.13984110700005], [10.178174538000064, 51.14168550100004], [10.175793105000025, 51.14721500100006], [10.169398365000063, 51.152446016000056], [10.146005221000053, 51.144806868000046], [10.125725500000044, 51.14633549900003], [10.12668684700003, 51.14355809400007], [10.118321500000036, 51.13957299900005], [10.132338875000073, 51.134023005000074], [10.140433428000051, 51.125316131000034], [10.145942955000066, 51.12499250400003], [10.150131419000047, 51.12041561500007], [10.172712111000067, 51.117716038000026], [10.174319, 51.11063199900008], [10.173055719000047, 51.10607190800005], [10.165833708000036, 51.10798573200003], [10.16033240300004, 51.10721001400003], [10.164983006000057, 51.09996115300004], [10.157115, 51.09631699900007], [10.145596553000075, 51.08579617400005], [10.15385400100007, 51.070662311000035], [10.14567508600004, 51.06649126500008], [10.146555524000064, 51.061968196000066], [10.141180820000045, 51.059748702000036], [10.14647050000002, 51.05506799900007], [10.153152, 51.05500699900006], [10.160216500000047, 51.053372499000034], [10.164436, 51.051877999000055], [10.166939, 51.05051349900003], [10.171072500000037, 51.04918299900004], [10.177436, 51.04881449900006], [10.18156650000003, 51.04800699900005], [10.184671500000036, 51.04903249900008], [10.186944935000042, 51.04492185000004], [10.201557946000037, 51.036705547000054], [10.205069559000037, 51.031289720000075], [10.215185500000075, 51.02641949900004], [10.214314987000023, 51.02509249900004], [10.208479036000028, 51.019596112000045], [10.193856771000071, 51.01945130300004], [10.19389041100004, 51.01656415800005], [10.202181, 51.012008999000045], [10.202279150000038, 51.00854494300006], [10.19528282400006, 51.00260368200003], [10.190070007000031, 50.99947425200003], [10.182348500000046, 50.99848749900008], [10.17091266400007, 50.99697396400006], [10.169511820000025, 51.00093339700004], [10.165210031000072, 50.997618156000044], [10.150182548000032, 50.99424653400007], [10.136820070000056, 50.99531550100005], [10.128393537000022, 51.000437344000034], [10.131629532000034, 51.00555513300003], [10.119955879000031, 51.011526909000054], [10.109562379000067, 51.009381242000075], [10.103037620000066, 51.004856019000044], [10.08404239400005, 51.00971936800005], [10.07232328400005, 51.01102103900007], [10.065331173000061, 51.00988397000003], [10.05478873800007, 51.01287496800006], [10.032434500000022, 51.01104649900003], [10.021558500000026, 50.992949499000076], [10.015690910000046, 50.99484552600006], [10.003170165000029, 50.99227053200008], [9.994863547000023, 50.99587899800008], [9.990317, 50.99544799900008], [9.983095762000062, 51.00304115700004], [9.987445549000029, 51.00660161900004], [9.994767258000024, 51.02220512300005], [10.000850723000042, 51.026221547000034], [9.999305805000063, 51.028502797000044], [9.98946888200004, 51.03031180200003], [9.965089787000068, 51.03958619500003], [9.95195059300005, 51.04767380100003], [9.939265117000048, 51.04925387000003], [9.932483251000065, 51.05200630400003], [9.924751394000054, 51.05122670500003], [9.916489544000058, 51.04519892700006], [9.908030002000032, 51.045926345000055], [9.895252412000048, 51.045129888000076], [9.891506290000052, 51.04743538100007], [9.886934, 51.046181499000056], [9.870352025000045, 51.04945239500006], [9.866572079000036, 51.04957296400005], [9.865034627000057, 51.06108073900003], [9.859323372000063, 51.06037979300004], [9.847269166000046, 51.06842005100003], [9.827716782000039, 51.07232154400003], [9.821759, 51.082253999000045], [9.823086, 51.08430399900004], [9.821119, 51.08499449900006], [9.817246500000067, 51.08504399900005], [9.811909, 51.08275399900003], [9.807328, 51.08246599900008], [9.802306, 51.08108649900004], [9.800182500000062, 51.08078599900006], [9.797954, 51.080790499000045], [9.796005500000035, 51.08117449900004], [9.777533, 51.083158499000035], [9.774821179000071, 51.09932764400003], [9.780697261000057, 51.11666468100003], [9.773271, 51.14628649900004], [9.759153364000042, 51.14957355800004], [9.750788261000025, 51.14508343000006], [9.731641214000035, 51.14484160900008], [9.72154517000007, 51.15219442700004], [9.71366718400003, 51.15217120500006], [9.713360628000032, 51.15587980400005], [9.703985096000054, 51.15878267800008], [9.692614991000028, 51.16799841000005], [9.693422, 51.17331399900007], [9.693732187000023, 51.17714062400006], [9.686936323000054, 51.183198986000036], [9.685201663000043, 51.184745269000075], [9.635957500000075, 51.18309799900004], [9.62010355800004, 51.18086205800006], [9.611537789000067, 51.177492769000025], [9.604123214000026, 51.17159269500007], [9.59793650000006, 51.17410149900007], [9.58116063600005, 51.17805292400004], [9.576627607000034, 51.18551337700006], [9.562822009000058, 51.18758815100006], [9.56357, 51.18890249900005], [9.570729115000063, 51.19026833500004], [9.558489062000035, 51.19767911000008], [9.56669895300007, 51.209783670000036], [9.555037133000042, 51.20961954000006], [9.552362809000044, 51.21345682000003], [9.545641543000045, 51.215399105000074], [9.529358903000059, 51.21234226900003], [9.52264837000007, 51.219694350000054], [9.516152500000032, 51.22227399900004], [9.514608172000067, 51.21850948400004], [9.50863771400003, 51.21604873800004], [9.484807571000033, 51.21306137700003], [9.478619958000024, 51.21926275800007], [9.471864026000048, 51.21952784100006], [9.473834500000066, 51.22506899900003], [9.467564500000037, 51.222844999000074], [9.460626, 51.22172199900007], [9.46247194700004, 51.225092389000054], [9.452832269000055, 51.22367], [9.450032862000057, 51.22767399400004], [9.44529424500007, 51.22854025100003], [9.430058119000023, 51.22559828900006], [9.419874481000022, 51.22646001000004], [9.409422776000042, 51.221689999000034], [9.397203115000025, 51.231833263000055], [9.36108712600003, 51.23544881400005], [9.35156495700005, 51.25224678400008], [9.326768, 51.25764699900003], [9.326604, 51.256214499000066], [9.32899150000003, 51.25479849900006], [9.32911050000007, 51.252945999000076], [9.313258500000074, 51.251553999000066], [9.310717500000067, 51.25167199900005], [9.310749500000043, 51.24987299900005], [9.297900674000061, 51.24667310600006], [9.285415564000061, 51.25346638100007], [9.277095756000051, 51.24967801100007], [9.27908872300003, 51.24333107400008], [9.274158046000025, 51.23951836500004], [9.281632578000028, 51.238968432000036], [9.283299915000043, 51.23518765100005], [9.27153327800005, 51.23330550700007], [9.273031039000045, 51.23050377700008], [9.279732598000066, 51.228179726000064], [9.274285102000022, 51.22255000200005], [9.276021309000043, 51.214962952000064], [9.267982927000048, 51.21335983300003], [9.265473, 51.197771999000054], [9.257131500000071, 51.19800749900003], [9.249574, 51.19729699900006], [9.245433, 51.19632599900007], [9.240079, 51.19938199900008], [9.235938500000032, 51.19942699900008], [9.233275500000047, 51.19939849900004], [9.230594103000044, 51.19848173500003], [9.226507500000025, 51.19708449900003], [9.222180688000037, 51.19507833500006], [9.228763879000041, 51.17941221800004], [9.221464221000076, 51.17990016700003], [9.214272348000065, 51.17498488500007], [9.206398394000075, 51.17293343400007], [9.197915154000043, 51.173879750000026], [9.189525500000059, 51.17041799900005], [9.18529469200007, 51.171887714000036], [9.176915215000065, 51.17524354500006], [9.173524544000031, 51.190170556000055], [9.168454264000047, 51.19515751700004], [9.150846842000021, 51.20835517300003], [9.142084246000024, 51.21174343900003], [9.138219375000062, 51.21613594000007], [9.128764, 51.21959249900004], [9.127313900000047, 51.22263735700005], [9.128183354000043, 51.23311019800008], [9.130340967000052, 51.23682408900004], [9.12938398600005, 51.243259101000035], [9.123386852000067, 51.24361215700003], [9.119155500000033, 51.24525149900006], [9.111367980000068, 51.24480078100004], [9.098098640000046, 51.252025220000064], [9.09466545400005, 51.257505096000045], [9.093813500000067, 51.26761799900004], [9.125512039000057, 51.27694074900006], [9.116361220000044, 51.28152293000005], [9.113565063000067, 51.28775951500006], [9.109189919000073, 51.290206186000034], [9.110609960000033, 51.296122782000054], [9.106046221000042, 51.30330844800005], [9.109670433000076, 51.30541995300007], [9.112048142000049, 51.32024118700008], [9.105985800000042, 51.322585805000074], [9.100988124000025, 51.33048319800008], [9.124493985000072, 51.338194213000065], [9.128256126000053, 51.34444961000003], [9.11041835900005, 51.34969171100005], [9.101653500000054, 51.364355999000054], [9.116439511000067, 51.36442627100007], [9.141646137000066, 51.371836262000045], [9.144170792000068, 51.36461103800008], [9.154860696000071, 51.35716649900007], [9.167004091000024, 51.359711495000056], [9.167084357000022, 51.36176824700004], [9.161272315000076, 51.36361562900004], [9.160208445000023, 51.36810649100005], [9.165370457000051, 51.369289802000026], [9.165107681000052, 51.37200152400004], [9.17147446100006, 51.37116580900005], [9.173892124000076, 51.37297522600005], [9.16637791900007, 51.38321171200005], [9.168609391000075, 51.39375307100005], [9.163492500000075, 51.39946749900008], [9.14628084900005, 51.40755365500007], [9.141463263000048, 51.41287463900005], [9.144832432000044, 51.416077046000055], [9.149148276000062, 51.415515811000034], [9.150637414000073, 51.41785240400003], [9.157633413000042, 51.41427247900003], [9.161101077000069, 51.41913372300007], [9.154601438000043, 51.42125488000005], [9.160554232000038, 51.42487108100005], [9.155410500000073, 51.442674999000076], [9.161145739000062, 51.444534213000054], [9.163882647000037, 51.451534725000045], [9.175104660000045, 51.46279042900005], [9.18529469200007, 51.46628700500003], [9.215635706000057, 51.460223160000055], [9.218516, 51.47223599900008], [9.217194519000032, 51.48090619900006], [9.22521783700006, 51.48871191300003], [9.230594103000044, 51.489660238000056], [9.238447320000034, 51.49104543800007], [9.237826373000075, 51.49363282100006], [9.242107255000064, 51.49726241500008], [9.264023439000027, 51.498587832000055], [9.268149, 51.505881499000054], [9.283545680000032, 51.51422432800007], [9.30811211100007, 51.51322256000003], [9.315259130000072, 51.52323403100007], [9.310778791000075, 51.530763602000036], [9.31145985300003, 51.536266125000054], [9.319291096000029, 51.54572124600003], [9.317764834000059, 51.55158541600008], [9.320535500000062, 51.553030499000045], [9.33420572600005, 51.559205192000036], [9.353792739000028, 51.58092963400003], [9.365138530000024, 51.585291389000076], [9.371551694000061, 51.591979], [9.357076358000029, 51.59767085800007], [9.33697950000004, 51.611991999000054], [9.338752511000052, 51.615029959000026], [9.355666141000029, 51.61961028700006], [9.370406395000032, 51.619660716000055], [9.375051631000076, 51.626118837000035], [9.391540980000059, 51.62652519100004], [9.39849950000007, 51.62455749900005], [9.400928606000036, 51.62656109000005], [9.421763758000054, 51.629615269000055], [9.43169073000007, 51.633560240000065], [9.443926229000056, 51.64401449800005], [9.438978990000066, 51.64756990400008], [9.440457, 51.65039399900007], [9.453523165000036, 51.64642755500006], [9.465519, 51.65306299900004], [9.490320857000029, 51.657185076000076], [9.496141656000077, 51.65635889500004], [9.498267722000037, 51.651650896000035], [9.49162350000006, 51.638119999000025], [9.496653500000036, 51.63093799900008], [9.509208895000029, 51.62696399100008], [9.520445980000034, 51.626239343000066], [9.534377, 51.631420999000056], [9.540553142000022, 51.63825440100004], [9.545495750000043, 51.639673052000035], [9.554139822000025, 51.636809811000035], [9.566327215000058, 51.62546439800008], [9.58670391100003, 51.62620744600008], [9.592361500000038, 51.62852699900003], [9.60633805200007, 51.629137365000076], [9.614291, 51.63151849900004], [9.616107194000051, 51.633910651000065], [9.624757357000021, 51.63632483300006], [9.630207778000056, 51.63467401400004], [9.627521513000033, 51.62939440200006], [9.636136175000047, 51.62288070500006], [9.636439500000051, 51.613094999000054], [9.63945982100006, 51.60812974800007], [9.650936972000068, 51.60501739100005], [9.66118928000003, 51.59335199700007], [9.672610238000061, 51.587824443000045], [9.679978341000037, 51.587312230000066], [9.685331, 51.582016499000076], [9.690190769000026, 51.57658884300008], [9.685092377000046, 51.56787394400004], [9.672377500000039, 51.568403999000054], [9.643480384000043, 51.58209402800003], [9.63382225600003, 51.584155846000044], [9.627797790000045, 51.58234290900003], [9.625360557000022, 51.57458081000004], [9.628385007000077, 51.56744982500004], [9.636074736000069, 51.55962577300005], [9.644820668000023, 51.55870025400003], [9.647755500000073, 51.55251099900005], [9.624601558000052, 51.54880712500005], [9.612426219000042, 51.55729940900005], [9.610086939000041, 51.55646117300006], [9.611078, 51.553580999000076], [9.615587, 51.546533999000076], [9.621926761000054, 51.540223050000066], [9.616081234000035, 51.527205956000046], [9.606096510000043, 51.52172998200007], [9.590053999000077, 51.522325066000064], [9.586583590000032, 51.51702206600004], [9.597087384000076, 51.50824093500006], [9.618200562000027, 51.48247009700003], [9.626472742000033, 51.47662661000004], [9.642374114000063, 51.47081782200007], [9.643309855000041, 51.466740489000074], [9.637221500000066, 51.46274199900006], [9.630242253000063, 51.45738866500005], [9.627903220000064, 51.44463291000005], [9.633867396000028, 51.427270673000066], [9.642861822000043, 51.417005130000064], [9.63053837900003, 51.410618459000034], [9.629228367000053, 51.40634423900008], [9.611179105000076, 51.40743591300003], [9.60423350000002, 51.40311299900003], [9.59414623400005, 51.39831621400003], [9.587556808000045, 51.40226398000004], [9.579777565000029, 51.40158643800004], [9.571722, 51.39033599900006], [9.564450193000027, 51.38685802300006], [9.559757667000042, 51.37826671800008], [9.562507615000072, 51.37450404000003], [9.575734664000038, 51.37185554100006], [9.576130204000037, 51.36908685100008], [9.566354903000047, 51.36140436100004], [9.550134, 51.36188399900004], [9.537907088000054, 51.36793006700003], [9.532450417000064, 51.36707128100005], [9.534564482000064, 51.36310114500003], [9.548441, 51.35895549900005], [9.557291, 51.35137849900008], [9.550943378000056, 51.35260389700005], [9.547916135000037, 51.351416535000055], [9.538470006000068, 51.33787316400003], [9.505602838000073, 51.34337059200004], [9.501363841000057, 51.349542979000034], [9.496891, 51.35169699900007], [9.48498784800006, 51.346416833000035], [9.473446288000048, 51.34593978700008], [9.468016551000062, 51.34284670200003], [9.46153924400005, 51.34588084900008], [9.458833233000064, 51.344028139000045], [9.440037500000074, 51.349577999000076], [9.421727070000031, 51.35381762700007], [9.399658374000069, 51.35051090400003], [9.395892013000037, 51.35320150800004], [9.381269288000055, 51.34849194900005], [9.376054269000065, 51.35002388000004], [9.370011, 51.348699999000075], [9.373595591000026, 51.33661729200003], [9.380149646000064, 51.329282688000035], [9.38119100800003, 51.31994929900003], [9.376700965000055, 51.317568093000034], [9.358260973000029, 51.31534415300007], [9.356587559000047, 51.30947397800003], [9.351519, 51.307210499000064], [9.356758845000058, 51.30539489500006], [9.362715213000058, 51.298885202000065], [9.363359600000024, 51.293408860000056], [9.368910237000023, 51.29259667400004], [9.369339577000062, 51.287497708000046], [9.373497576000034, 51.28447309100005], [9.377786828000069, 51.28306242300005], [9.387462392000032, 51.28541943100004], [9.389430785000059, 51.28229072900007], [9.397399500000063, 51.28143049900007], [9.400294, 51.28158399900008], [9.403893500000038, 51.281041499000025], [9.40625, 51.27908399900008], [9.413301, 51.27636049900008], [9.418348500000036, 51.273401499000045], [9.425225500000067, 51.27069349900006], [9.43124350000005, 51.269749999000055], [9.441746500000022, 51.26834249900003], [9.443822, 51.26790249900006], [9.448377, 51.26692649900008], [9.450691500000062, 51.26730699900003], [9.454407, 51.267295499000056], [9.459841500000039, 51.26417649900003], [9.482835, 51.261940999000046], [9.490862475000029, 51.271792349000066], [9.491484652000054, 51.28327448700003], [9.498340831000064, 51.28209220400004], [9.500056266000058, 51.27629350900003], [9.512674823000054, 51.27368486800003], [9.512638500000037, 51.26800749900008], [9.528482877000044, 51.278114059000075], [9.525027986000055, 51.28361948700007], [9.53658798500004, 51.28753074800005], [9.542671447000032, 51.28603652400005], [9.551599, 51.290778499000055], [9.556945, 51.294182499000044], [9.558483500000023, 51.29516199900007], [9.553927065000039, 51.31072563300006], [9.544307769000056, 51.31245638400003], [9.53163698000003, 51.31796268100004], [9.544559761000073, 51.32740066500003], [9.566317231000028, 51.32891852000006], [9.569427621000045, 51.33311443100007], [9.568025, 51.34000149900004], [9.581804721000026, 51.34096976300003], [9.605871445000048, 51.32624048400004], [9.61836300300007, 51.32756381400003], [9.632188362000022, 51.32572093400006], [9.629649285000028, 51.313127046000034], [9.632966785000065, 51.31245260500003], [9.636235278000072, 51.31549020400007], [9.638722500000029, 51.31492299900003], [9.646886773000062, 51.31601907900006], [9.66124983100002, 51.31215935800003], [9.664607612000054, 51.31596502200006], [9.67083020900003, 51.317076248000035], [9.680394769000031, 51.31074605900005], [9.686936323000054, 51.30899198700007], [9.728707050000025, 51.29778988000004], [9.732304500000055, 51.295231999000066], [9.76734332600006, 51.306901855000035], [9.77109050000007, 51.31820699900004], [9.77331566600003, 51.32571337300004], [9.767264277000038, 51.327290634000065], [9.770584851000024, 51.335865356000056], [9.765386616000058, 51.33571028100005], [9.765538586000048, 51.33181462500005], [9.746546918000035, 51.32045646300003], [9.739621402000068, 51.319957388000034], [9.736532187000023, 51.32274170000005], [9.73547043800005, 51.32965222000007], [9.719872343000077, 51.34844792900003], [9.712358106000067, 51.35469088200006], [9.70553250000006, 51.357270999000036], [9.702213910000069, 51.36180462400006], [9.703997713000035, 51.365255955000066], [9.724133423000069, 51.37045916500006], [9.732522287000052, 51.36868334900004], [9.73989085200003, 51.36978118300004], [9.75197244900005, 51.37505169500008], [9.756936316000065, 51.381993058000035], [9.766605287000061, 51.385974142000066], [9.78312918000006, 51.38906780900004], [9.800598637000064, 51.38707468200005], [9.800634303000038, 51.397629907000066], [9.795432510000069, 51.399209866000035], [9.793169327000044, 51.40269684500004], [9.794954663000055, 51.40717153400004], [9.803510500000073, 51.41040049900005], [9.812008500000047, 51.41068449900007], [9.821657591000076, 51.40965225600007], [9.829850032000024, 51.404647856000054], [9.840138203000038, 51.40192246400005], [9.840748192000035, 51.383432491000065], [9.850742323000077, 51.37382230000003], [9.863818563000052, 51.37188291000007], [9.868359500000054, 51.37422949900008], [9.860553117000052, 51.37875080200007], [9.856290605000027, 51.385092661000044], [9.85933693000004, 51.39311058000004], [9.850956996000036, 51.40155327700006], [9.85348558800007, 51.409185861000026], [9.851240010000026, 51.41332288000007], [9.86281411300007, 51.41459834900007], [9.870352025000045, 51.41253191800007], [9.879957944000068, 51.40516403300006], [9.88398088100007, 51.41465639200004], [9.899743224000076, 51.41718554600004], [9.90605860100004, 51.42024955000005], [9.908030002000032, 51.41760847000006], [9.91267080700004, 51.41139059400007], [9.908030002000032, 51.41002533800008], [9.908030002000032, 51.407552972000076], [9.930694851000055, 51.39189899200005]]]}}, {"type": "Feature", "properties": {"ll_slug": "hessian-low-mountain"}, "geometry": {"type": "MultiPolygon", "coordinates": [[[[8.04369340200003, 50.37571428100006], [8.048884873000077, 50.37831423200004], [8.049404485000025, 50.37535789100008], [8.04558971800003, 50.374014224000064], [8.04369340200003, 50.37571428100006]]], [[[8.455509406000033, 50.41418617000005], [8.446636183000066, 50.41126721900008], [8.445307437000054, 50.40781411200004], [8.430703298000026, 50.40709224500006], [8.407770722000066, 50.39918529400006], [8.404657740000061, 50.39811186400004], [8.391844422000077, 50.40377628700003], [8.38860986800006, 50.398475586000075], [8.389933, 50.38715749900007], [8.361514, 50.37984849900005], [8.355424062000054, 50.37472273900005], [8.35012062800007, 50.37375689000004], [8.350055047000069, 50.36995436900003], [8.34662435000007, 50.36717220700007], [8.35304271700005, 50.360500227000045], [8.34380806200005, 50.35663688300008], [8.336479372000042, 50.35641787000003], [8.337274612000044, 50.349036444000035], [8.330846270000052, 50.34513446200003], [8.31519350000002, 50.34037599900006], [8.325679983000043, 50.330097168000066], [8.341027655000062, 50.32851242400005], [8.353935682000042, 50.31663075000006], [8.361676776000024, 50.31491348800006], [8.362423772000056, 50.312644668000075], [8.362840558000073, 50.31137873400007], [8.359960164000029, 50.308019641000044], [8.35356272000007, 50.306172556000035], [8.341158280000059, 50.30614051600003], [8.336967263000076, 50.30412798000003], [8.342729382000073, 50.298583224000026], [8.354557, 50.29422999900004], [8.349321939000049, 50.29288990300006], [8.345020658000067, 50.284518483000056], [8.326969727000062, 50.28310301100004], [8.32307026500007, 50.27591856600003], [8.313629, 50.27144899900003], [8.302787239000054, 50.271238854000046], [8.299893552000071, 50.27636593400007], [8.289122872000064, 50.27795724200007], [8.277126485000053, 50.27575803000008], [8.256756738000036, 50.26483917300004], [8.25316650000002, 50.26613099900004], [8.247894446000032, 50.26651848800003], [8.238476683000044, 50.27748695400004], [8.230935901000066, 50.27608384200005], [8.221256, 50.29155699900008], [8.196801367000035, 50.287988548000044], [8.169809926000028, 50.27689897000005], [8.144042, 50.28026149900006], [8.130836291000037, 50.28080222600005], [8.121913500000062, 50.277224999000055], [8.119352455000069, 50.29812430100003], [8.103886, 50.30798449900004], [8.104624406000028, 50.312644668000075], [8.106147691000047, 50.32225686100003], [8.101823912000043, 50.32656669900007], [8.095690099000024, 50.327396349000026], [8.092943640000044, 50.329900673000054], [8.086455500000056, 50.32990949900005], [8.075301563000039, 50.329876941000066], [8.071436, 50.33262649900007], [8.076216662000036, 50.33619384200006], [8.076996318000056, 50.33981333300005], [8.075879215000043, 50.34961957100006], [8.070425, 50.35574999900007], [8.06997750000005, 50.35814449900005], [8.067419011000027, 50.358807314000046], [8.063852, 50.368817499000045], [8.060747073000073, 50.37319266700007], [8.052316505000022, 50.37564239900007], [8.052264606000051, 50.378845117000026], [8.04666209100003, 50.37905826600007], [8.042068924000034, 50.385601189000056], [8.032800031000022, 50.38197922900008], [8.019895957000074, 50.38249652600007], [8.014323, 50.384474999000076], [8.020362500000033, 50.388494499000046], [8.023757500000045, 50.40076599900004], [8.014001, 50.40094299900005], [7.989626500000043, 50.39817149900006], [7.987274351000053, 50.39943729200007], [7.989643, 50.40102599900007], [7.982396579000067, 50.407424941000045], [7.971559500000069, 50.40622049900003], [7.964738828000065, 50.41096205900004], [7.966172, 50.41521299900006], [7.973989245000041, 50.414516226000046], [7.978654127000027, 50.416460415000074], [7.986817288000054, 50.42787683900008], [7.985107164000055, 50.43209793700004], [7.98778143800007, 50.43502966900007], [7.97512, 50.43589999900007], [7.976905804000069, 50.43775676300004], [7.988080987000046, 50.43974074800008], [7.989391500000067, 50.44289249900004], [7.990633, 50.44393699900007], [7.996920500000044, 50.44473099900006], [8.001021, 50.44530599900003], [8.001240104000033, 50.44734764700007], [8.007065873000045, 50.44894622700008], [8.010064837000073, 50.45268335800006], [8.009822889000077, 50.45987095800007], [8.001405816000045, 50.46267594600005], [7.995113500000059, 50.46934999900003], [7.987668, 50.47272599900003], [7.986057100000039, 50.481290813000044], [7.979304379000041, 50.485315841000045], [7.98102609700004, 50.492508678000036], [7.978903, 50.49538399900007], [7.989094799000043, 50.49882925500003], [7.982937, 50.511460999000064], [7.990756, 50.51468349900006], [7.994554, 50.516008499000066], [7.996564, 50.51723149900005], [7.995681500000046, 50.51948099900005], [7.99378282300006, 50.522225940000055], [7.99630250000007, 50.524508999000034], [8.004538966000041, 50.52993614900004], [8.010010884000053, 50.53052779700005], [8.023841, 50.54214599900007], [8.02766484700004, 50.54470883500005], [8.029087408000066, 50.550379476000046], [8.033965500000022, 50.55190549900004], [8.041304146000073, 50.55324441600004], [8.041611500000045, 50.55699349900004], [8.065621858000043, 50.548847515000034], [8.069049500000062, 50.54594349900003], [8.06975, 50.54224899900004], [8.07052150000004, 50.53799799900003], [8.08610025400003, 50.53836625000008], [8.103500600000075, 50.533328992000065], [8.117602158000068, 50.53525172900004], [8.120880500000055, 50.53965999900004], [8.114882426000065, 50.53923671800004], [8.111660581000024, 50.542655754000066], [8.121813, 50.54884349900004], [8.137005504000058, 50.55108186700005], [8.13275681500005, 50.55972881500003], [8.147142, 50.58211299900006], [8.151592, 50.59937099900003], [8.127958500000034, 50.60771899900004], [8.126969597000027, 50.61010526200005], [8.136527095000076, 50.61737197100007], [8.140853350000043, 50.62686983200007], [8.13908585300004, 50.63226059600004], [8.13003986900003, 50.63747129300003], [8.126857425000026, 50.64446957600006], [8.120951500000047, 50.64813049900005], [8.115564500000062, 50.65186349900006], [8.113960500000076, 50.65249649900005], [8.11269150000004, 50.65405449900004], [8.110092500000064, 50.65725099900004], [8.109908, 50.66001949900004], [8.109688, 50.665155499000036], [8.11022950000006, 50.670900999000025], [8.112583500000028, 50.675567999000066], [8.120335500000067, 50.67774399900003], [8.125776500000029, 50.68581399900006], [8.130226973000049, 50.695863185000064], [8.142606500000056, 50.695448499000065], [8.150005020000037, 50.70536957200005], [8.151565021000067, 50.71391624300003], [8.166506232000074, 50.73570110600008], [8.163554988000044, 50.744723847000046], [8.154955933000053, 50.749060360000044], [8.149589184000035, 50.75603937600005], [8.150542494000035, 50.76077434200005], [8.136616421000042, 50.76701632500004], [8.140597720000073, 50.77160099100007], [8.13078076000005, 50.77843762100008], [8.129247500000076, 50.789104999000074], [8.137943006000057, 50.790543349000075], [8.144198213000038, 50.79533910400005], [8.165783346000069, 50.803720214000066], [8.175194006000027, 50.81763260300005], [8.187629139000023, 50.82816111400007], [8.198385, 50.83386949900006], [8.203621, 50.83607049900007], [8.208766, 50.83667599900008], [8.211229500000059, 50.83861499900007], [8.214183500000047, 50.84157199900005], [8.220868, 50.84558349900004], [8.226714, 50.847867499000074], [8.231314, 50.850639999000066], [8.233921334000058, 50.85556212100005], [8.258791792000068, 50.87119378700004], [8.26636490200002, 50.87944072300007], [8.284968, 50.88224499900008], [8.291660500000035, 50.88110853500007], [8.294557102000056, 50.87342909900008], [8.306373946000065, 50.86156503400008], [8.318883588000062, 50.86162729000006], [8.337154613000052, 50.865451017000055], [8.352063945000054, 50.86500988700004], [8.355496, 50.86200099900003], [8.359577647000037, 50.86113442900006], [8.366565122000054, 50.86297728200003], [8.370311806000075, 50.87296306600007], [8.385605153000029, 50.87649681800008], [8.388622798000029, 50.89114550700003], [8.398238174000028, 50.89517213400006], [8.407770722000066, 50.90159250700003], [8.418995500000051, 50.909151499000075], [8.433062201000041, 50.917643362000035], [8.445161778000056, 50.91609400100003], [8.456838361000052, 50.91768102700007], [8.45812684300006, 50.92151564000005], [8.450893220000069, 50.93340092200003], [8.450065593000033, 50.940918855000064], [8.461185114000045, 50.94925806300006], [8.459837031000063, 50.96545813400007], [8.465663500000062, 50.96834849900006], [8.468948500000067, 50.96917099900003], [8.475274500000069, 50.96957799900008], [8.477892, 50.969047499000055], [8.49467344900006, 50.961572681000064], [8.501064776000021, 50.96177011700007], [8.517148100000043, 50.95489357100007], [8.537223062000066, 50.954017528000065], [8.56124251600005, 50.955770090000044], [8.576414924000062, 50.94863207100008], [8.602104, 50.95130149900007], [8.608350907000045, 50.95451535500007], [8.633856207000065, 50.96094752600004], [8.637724672000047, 50.96416357900006], [8.645036120000043, 50.96662161900008], [8.65419157100007, 50.973072036000076], [8.653072847000033, 50.98024200300006], [8.661538994000068, 50.983535405000055], [8.672172173000035, 50.99467518900008], [8.679300880000028, 50.99467460000005], [8.690185271000075, 50.991197492000026], [8.706145500000048, 50.99382899900007], [8.705333522000046, 50.98787599100007], [8.709413720000043, 50.98100122800008], [8.71484197600006, 50.97825199500005], [8.732876500000032, 50.975257499000065], [8.728163189000043, 50.970309791000034], [8.731827500000065, 50.96462199900003], [8.765686790000075, 50.97787248000003], [8.782545518000063, 50.95744711700007], [8.809962, 50.95721399900003], [8.834159759000045, 50.95791347100004], [8.84906447700007, 50.96367589700003], [8.85672607600003, 50.95962131400006], [8.858878944000026, 50.958481935000066], [8.875859133000063, 50.95799498700006], [8.882436982000058, 50.954906021000056], [8.89691750000003, 50.95357549900007], [8.906114372000047, 50.95205810700003], [8.916108955000027, 50.95846812800005], [8.91069096700005, 50.96830076500004], [8.917196500000045, 50.970987499000046], [8.921812944000067, 50.967735634000064], [8.938664945000028, 50.965115463000075], [8.939675358000045, 50.95891195000007], [8.945899796000049, 50.953442804000076], [8.967085702000077, 50.94672606100005], [8.9746, 50.93830399900003], [8.97493, 50.93085649900007], [8.984568083000056, 50.928819747000034], [8.998704583000062, 50.92918078900004], [9.003006796000022, 50.92631052300004], [9.009254553000062, 50.92570498500004], [9.015766385000063, 50.91467741000008], [9.012945272000024, 50.910669221000035], [9.020333, 50.90704599900005], [9.027142500000025, 50.90281249900005], [9.038671686000043, 50.90752957800004], [9.034690266000041, 50.91585752900005], [9.041102056000057, 50.91737823700004], [9.044864676000032, 50.92079681200005], [9.057798584000068, 50.91887377900008], [9.076079271000026, 50.91119336000003], [9.078582599000072, 50.91218895900005], [9.078285247000053, 50.91697069400004], [9.093040302000077, 50.911718560000054], [9.091772996000032, 50.91991965300008], [9.100865357000032, 50.91778508900006], [9.109958, 50.91897749900005], [9.132363060000046, 50.89852480600007], [9.127262272000053, 50.89386135600006], [9.117955825000024, 50.89019964500005], [9.111541420000037, 50.890704768000035], [9.109897167000042, 50.88690168800008], [9.121240680000028, 50.88078266700006], [9.131585131000065, 50.86790713900007], [9.141807, 50.86193099900004], [9.14228270500007, 50.85180279200006], [9.150804925000045, 50.846953822000046], [9.148868500000049, 50.83664499900004], [9.154262742000071, 50.83444571100006], [9.16612028000003, 50.83438664500005], [9.18529469200007, 50.82991669900008], [9.201147005000053, 50.82302282900008], [9.209594, 50.822253999000054], [9.218557277000059, 50.82424834100004], [9.227635722000059, 50.82157160500003], [9.230594103000044, 50.822966069000074], [9.232818500000064, 50.82655899900004], [9.238265192000028, 50.82399262500007], [9.240308408000033, 50.81803350800004], [9.26134397900006, 50.81635338600006], [9.262118354000052, 50.80694168800005], [9.269023197000024, 50.79998381300004], [9.273952765000047, 50.80552269400005], [9.28962985100003, 50.80286887400007], [9.29953633200006, 50.80584823700008], [9.311175264000042, 50.80583733900005], [9.316363500000023, 50.80967499900004], [9.317634420000047, 50.800790868000036], [9.329092032000062, 50.795829850000075], [9.350433672000065, 50.80029138900005], [9.363338086000056, 50.79928418600008], [9.365659764000043, 50.790665782000076], [9.374453407000033, 50.78795628000006], [9.379004847000033, 50.77767747300004], [9.387726893000035, 50.77783332800004], [9.391577924000046, 50.77344634700006], [9.400291329000027, 50.77769251800004], [9.405696508000062, 50.789065821000065], [9.411601007000058, 50.79043696200006], [9.422273749000055, 50.78905479200006], [9.436135408000041, 50.79241711900005], [9.441055, 50.79564449900005], [9.442682940000054, 50.78632181200004], [9.448049447000074, 50.78166937300006], [9.436920791000034, 50.777609658000074], [9.434990274000029, 50.77381050900004], [9.448427267000056, 50.769602803000055], [9.453694803000076, 50.774693779000074], [9.458275426000057, 50.77604172900004], [9.460747807000075, 50.77159959900007], [9.454494, 50.76354649900003], [9.471875355000066, 50.76527307400005], [9.477926401000047, 50.76330019300008], [9.493622480000056, 50.75365187600005], [9.495883782000021, 50.741505475000054], [9.5063, 50.73464949900006], [9.525077145000068, 50.740910333000045], [9.535329750000074, 50.747233132000076], [9.542625486000077, 50.75556373500007], [9.560011, 50.76298949900007], [9.571211364000021, 50.76558709900007], [9.581777251000062, 50.76531812700006], [9.586439597000037, 50.76107071900003], [9.604563, 50.75744199900004], [9.60582736400005, 50.73754041600006], [9.611464500000068, 50.73547649900007], [9.60729271300005, 50.727909157000056], [9.607312496000077, 50.72046135000005], [9.62307820600006, 50.68815386300008], [9.637860535000073, 50.68062692800004], [9.650018500000044, 50.680867499000044], [9.64571187100006, 50.67421893200003], [9.638553262000073, 50.67132944100007], [9.620460318000028, 50.64981830600004], [9.624205854000024, 50.64008477800007], [9.641732500000046, 50.62778949900007], [9.634894789000043, 50.62262110100005], [9.613664287000063, 50.61539049800007], [9.607138500000076, 50.60560249900004], [9.60285917400006, 50.60768090400006], [9.590506532000063, 50.60743767800005], [9.582845666000026, 50.60942628200007], [9.571512172000041, 50.61625894000008], [9.552748716000053, 50.622170822000044], [9.55168850800004, 50.624606062000055], [9.555264083000054, 50.62967509200007], [9.550266, 50.63069399900007], [9.545155261000048, 50.63296637600007], [9.544193939000024, 50.63777577500008], [9.539522069000043, 50.640160765000076], [9.521153690000062, 50.637185473000045], [9.501920735000056, 50.63783080200005], [9.494829847000062, 50.642699133000065], [9.493832405000035, 50.64836407000007], [9.48834142000004, 50.65122752800005], [9.480281053000056, 50.66242682500007], [9.472324025000034, 50.66373840500006], [9.466069, 50.66061799900007], [9.47416525500006, 50.65767255600008], [9.481242087000055, 50.65198939900006], [9.480700094000042, 50.64485679000006], [9.472983707000026, 50.63430529900006], [9.473981408000043, 50.62766245200004], [9.48904740000006, 50.62083142600005], [9.500469, 50.61103299900003], [9.500073008000072, 50.60751445300008], [9.482345654000028, 50.591887135000036], [9.479234500000075, 50.57508749900006], [9.497021984000071, 50.56818768900007], [9.494188165000025, 50.560483987000055], [9.488178, 50.55683599900004], [9.464138216000038, 50.549534376000054], [9.45486150000005, 50.530650499000046], [9.454941647000055, 50.52630117900003], [9.447850588000051, 50.52118850900007], [9.448140676000037, 50.50472177900008], [9.43564410700003, 50.49695620700004], [9.42753250000004, 50.47871199900004], [9.43042086500003, 50.476094190000026], [9.438305496000055, 50.474667811000074], [9.459906500000045, 50.47697549900005], [9.460202224000057, 50.47250382500005], [9.454060422000055, 50.46145129300004], [9.46172183300007, 50.45270503900008], [9.470607690000065, 50.45158213000008], [9.479113, 50.44068549900004], [9.473609100000033, 50.441684562000034], [9.466834040000037, 50.43958433900008], [9.449501224000073, 50.426604875000066], [9.438898271000028, 50.42893671300004], [9.440269271000034, 50.421282974000064], [9.436003175000053, 50.40919290100004], [9.411008277000064, 50.40308724300007], [9.39734717500005, 50.39106996600003], [9.385363623000046, 50.391158818000065], [9.369840921000048, 50.39509269200005], [9.365640600000063, 50.39380225200006], [9.365729500000043, 50.38919599900004], [9.361650258000054, 50.38629602200007], [9.350255361000052, 50.386344406000035], [9.349711315000036, 50.39333163100008], [9.342039862000036, 50.399809004000076], [9.351655226000048, 50.41404632100006], [9.34840706500006, 50.42052391900006], [9.355590576000054, 50.42031185400003], [9.356342819000076, 50.427706828000055], [9.352758593000033, 50.43650404300007], [9.335956500000066, 50.45186199900007], [9.315812821000065, 50.45470247000003], [9.297387377000064, 50.46290866800007], [9.290909050000039, 50.46211816400006], [9.285011409000049, 50.45574153600006], [9.290121370000065, 50.449386290000064], [9.286735, 50.437297999000066], [9.278109614000073, 50.440117642000075], [9.271456026000067, 50.438665968000066], [9.259400690000064, 50.456075783000074], [9.259345630000041, 50.46243952000003], [9.25199850000007, 50.46238449900005], [9.232914121000022, 50.46055646700006], [9.230594103000044, 50.45979193800008], [9.204138887000056, 50.45107311700008], [9.192177050000055, 50.444482546000074], [9.18529469200007, 50.44535805800007], [9.172001051000052, 50.444606932000056], [9.165274456000077, 50.442312634000075], [9.152542753000034, 50.43505016700004], [9.143674500000031, 50.424686499000074], [9.145099526000024, 50.43130315900004], [9.152711120000049, 50.439032086000054], [9.148138679000056, 50.44131880200007], [9.14354890900006, 50.437205719000076], [9.135076982000044, 50.43589070400003], [9.104274, 50.43613749900004], [9.096186389000025, 50.43613389600006], [9.08794957300006, 50.43895548200004], [9.095374918000061, 50.445222184000045], [9.09184437500005, 50.450648476000026], [9.093397671000048, 50.45695343700004], [9.078945371000032, 50.45932032700006], [9.070366285000034, 50.45697132500004], [9.062738606000039, 50.46419148800004], [9.059123073000023, 50.47144149500008], [9.061768654000048, 50.48463312000007], [9.074112114000059, 50.49147453900008], [9.076417148000075, 50.49510493200006], [9.057505770000034, 50.499841057000026], [9.042425500000036, 50.497989999000026], [9.027484882000067, 50.49657590000004], [9.008221012000035, 50.48994055700007], [9.006104385000071, 50.490785095000035], [9.007691745000045, 50.494884228000046], [9.002327500000035, 50.494875499000045], [8.979994635000025, 50.49049021700006], [8.987003192000032, 50.48065577700004], [8.979834935000042, 50.46731928500003], [8.980735675000062, 50.46524916000004], [8.989296160000038, 50.46242040200008], [8.985608772000035, 50.45346398600003], [8.959036402000038, 50.447736520000035], [8.957525954000062, 50.44494338800007], [8.962215319000052, 50.440219951000074], [8.94990119800002, 50.43192178000004], [8.93597873300007, 50.43421937100004], [8.928011237000021, 50.43319674400004], [8.908468266000057, 50.43787184700005], [8.906114372000047, 50.43472077900003], [8.900406500000031, 50.42707899900006], [8.886035228000026, 50.428556266000044], [8.874490770000023, 50.43531714800008], [8.87281699600004, 50.44169568400008], [8.864426080000044, 50.44598585700004], [8.861047835000022, 50.44516971500008], [8.85844810900005, 50.43779649500004], [8.85672607600003, 50.436529789000076], [8.851129452000066, 50.43241274700006], [8.818921940000052, 50.43384767800006], [8.799187, 50.44244849900008], [8.79715150000004, 50.44805249900003], [8.795247500000073, 50.45236249900006], [8.80435650000004, 50.457448999000064], [8.805776500000036, 50.45824149900005], [8.802367918000073, 50.46566320900007], [8.794630877000031, 50.470585322000034], [8.790649433000056, 50.47900864600007], [8.782049527000027, 50.479692527000054], [8.765219325000032, 50.467129861000046], [8.753779759000054, 50.47376589500004], [8.739643500000057, 50.47848999900003], [8.723248512000055, 50.47797844100006], [8.712119993000044, 50.47531345800007], [8.694471668000062, 50.480509303000076], [8.686905, 50.48529349900008], [8.685400500000071, 50.483141999000054], [8.672381814000062, 50.482867001000045], [8.667258233000041, 50.48489088600007], [8.646550955000066, 50.483431213000074], [8.644627781000054, 50.48086250500006], [8.637724672000047, 50.47830778900004], [8.633245663000025, 50.47665011500004], [8.625714722000055, 50.46479517200004], [8.61914637600006, 50.46362450000004], [8.610679927000035, 50.464834677000056], [8.601330922000045, 50.46115067100004], [8.601199894000047, 50.45774473200004], [8.589463901000045, 50.452814911000075], [8.58438029000007, 50.44762371400003], [8.575963642000033, 50.44671249600003], [8.577556602000072, 50.44283094900004], [8.601383936000047, 50.43128206800003], [8.597686132000035, 50.42521315700003], [8.600432690000048, 50.42190428400005], [8.598476780000055, 50.41901256700004], [8.577542, 50.41501899900004], [8.539131172000054, 50.41638711200005], [8.528965600000049, 50.41190619200006], [8.514139500000056, 50.39935149900003], [8.50655772400006, 50.39689806400003], [8.494571588000042, 50.39623392800007], [8.489081184000042, 50.40294683700006], [8.482842067000036, 50.40105008300003], [8.480600110000069, 50.40508374800004], [8.475413028000048, 50.40713173700004], [8.477365829000064, 50.41091884600007], [8.470341959000052, 50.41133907400007], [8.467215, 50.41504849900008], [8.455509406000033, 50.41418617000005]]]]}}, {"type": "Feature", "properties": {"ll_slug": "rheingau"}, "geometry": {"type": "Polygon", "coordinates": [[[8.395000500000037, 50.27213399900006], [8.398107, 50.27112899900004], [8.400078, 50.27259649900003], [8.401957, 50.272027499000046], [8.404225, 50.26935099900004], [8.407770722000066, 50.268640051000034], [8.409318565000035, 50.266611047000026], [8.410798500000055, 50.258867499000075], [8.407770722000066, 50.25720181300005], [8.40426988400003, 50.25080227400008], [8.377764500000069, 50.243831999000065], [8.381394822000061, 50.242217922000066], [8.396532455000056, 50.23548699400004], [8.404788132000022, 50.22912210900006], [8.406613616000072, 50.22304080100008], [8.392528877000075, 50.21901980300004], [8.361171279000075, 50.21471250700006], [8.353492115000051, 50.20573871200003], [8.353887500000042, 50.201009499000065], [8.351881133000063, 50.19127994000007], [8.337069500000041, 50.191610999000034], [8.341548284000055, 50.18858383400004], [8.351757957000075, 50.18820203200005], [8.357266013000071, 50.18506693000006], [8.346483190000072, 50.174482030000036], [8.350857851000058, 50.170718425000075], [8.36116043100003, 50.168304111000054], [8.36649721300006, 50.162348456000075], [8.36401197400005, 50.15686107300007], [8.351028385000063, 50.16013995800006], [8.345159774000024, 50.159228710000036], [8.327649, 50.14588649900003], [8.32223530300007, 50.15040789400007], [8.316901247000033, 50.15151240100005], [8.286818760000074, 50.14750795900005], [8.28175665200007, 50.15044454900004], [8.274734659000046, 50.15123747700005], [8.243397500000071, 50.14755899900007], [8.239516080000044, 50.14158664200005], [8.209543946000053, 50.13163492500007], [8.190659054000037, 50.12312739200007], [8.18244803600004, 50.12241410400003], [8.177362598000059, 50.12526874400004], [8.15946652100007, 50.12377020500003], [8.150124943000037, 50.115734184000075], [8.141691902000048, 50.112625809000065], [8.131841332000022, 50.10352688300003], [8.112335, 50.09374849900007], [8.115179883000053, 50.09037570800007], [8.130272337000065, 50.09180579000008], [8.137038464000057, 50.08760590600008], [8.132010791000027, 50.08203028300005], [8.120044974000052, 50.08415459200006], [8.111570118000031, 50.08351594900006], [8.111481, 50.07851749900004], [8.112240330000077, 50.07374427500008], [8.12305359800007, 50.07438922500006], [8.135003500000039, 50.068294999000045], [8.159526767000045, 50.05315973000006], [8.175135500000067, 50.03425549900004], [8.170267500000023, 50.03315949900008], [8.164831500000048, 50.03181899900005], [8.161579500000073, 50.030864499000074], [8.158227500000066, 50.02988349900005], [8.151974500000051, 50.02803999900004], [8.144957, 50.02640899900007], [8.138082500000053, 50.02550699900007], [8.11363177800007, 50.01949044200006], [8.087792, 50.00915949900008], [8.07957, 50.006898499000044], [8.077372500000024, 50.00650899900006], [8.074730500000044, 50.00613849900003], [8.072524500000043, 50.00591999900007], [8.062133, 50.005468499000074], [8.05434, 50.00512949900008], [8.035593168000048, 50.001992408000035], [7.987222, 49.98440499900005], [7.976378, 49.98039349900006], [7.967401500000051, 49.97777299900008], [7.957393500000023, 49.97697399900005], [7.95212, 49.976225499000066], [7.946944500000029, 49.97502999900007], [7.886048258000073, 49.97203902100006], [7.875717727000051, 49.97362041000008], [7.868038500000068, 49.97868149900006], [7.864396, 49.98267549900004], [7.858245500000066, 50.006345999000075], [7.852399888000036, 50.01251989000008], [7.830051, 50.02155249900005], [7.808701500000041, 50.03650949900003], [7.805884500000047, 50.039341999000044], [7.801678500000037, 50.040538999000034], [7.792205500000023, 50.04418349900004], [7.784709, 50.04841199900005], [7.779659, 50.05110649900007], [7.776501500000052, 50.05351849900006], [7.773721, 50.05631049900006], [7.772620500000073, 50.058456499000044], [7.772651500000052, 50.061607999000046], [7.773997, 50.06653999900004], [7.784218011000064, 50.06765100600006], [7.788334819000056, 50.072579405000056], [7.796209, 50.07657549900006], [7.803944166000065, 50.08421448900003], [7.813101259000064, 50.08346485100003], [7.817854519000036, 50.081106454000064], [7.822621943000058, 50.083320541000035], [7.828944037000042, 50.081751145000055], [7.835331259000043, 50.08340932500005], [7.838518132000047, 50.087064962000056], [7.834198736000076, 50.091525009000065], [7.835613346000059, 50.09446419200003], [7.830064500000049, 50.09318149900008], [7.831837648000032, 50.09879347200007], [7.837592357000062, 50.101139397000054], [7.834837712000024, 50.10452851800005], [7.83523150000002, 50.11002099900003], [7.843089932000055, 50.11239251600006], [7.844918, 50.12349949900005], [7.852399888000036, 50.127552801000036], [7.854016, 50.128328999000075], [7.859411482000041, 50.12730522100003], [7.868395500000076, 50.12090049900007], [7.885242898000058, 50.114956910000046], [7.898605312000029, 50.12126554000008], [7.902529430000072, 50.12136075500007], [7.913546104000034, 50.11505337700004], [7.923735, 50.10284949900006], [7.930097, 50.10373999900003], [7.925812611000026, 50.10743680000007], [7.926950862000069, 50.119076773000074], [7.922690714000055, 50.13310108200005], [7.931760809000025, 50.14396912600006], [7.917342, 50.14915999900006], [7.916862, 50.150499499000034], [7.913804500000026, 50.15106949900007], [7.911580500000071, 50.15227949900003], [7.911238500000024, 50.15365849900007], [7.909328500000072, 50.15527149900004], [7.908167, 50.156262499000036], [7.902735500000063, 50.15846249900005], [7.898905, 50.15956349900006], [7.89192476900007, 50.16239314000006], [7.885171263000075, 50.16864157200007], [7.887912289000042, 50.17455851100004], [7.883092, 50.18038699900006], [7.910707348000074, 50.19421991200005], [7.907826500000056, 50.20075649900008], [7.919818601000031, 50.20741953000004], [7.944719570000075, 50.20951217100003], [7.95156, 50.21426099900003], [7.949075733000029, 50.217681233000064], [7.953052, 50.220397999000056], [7.961862605000022, 50.220536097000036], [7.984261013000037, 50.227034907000075], [7.987889087000042, 50.23035194900007], [7.990204, 50.23866499900004], [7.99594062500006, 50.235860107000065], [7.993877835000035, 50.23219798800005], [7.999189500000057, 50.23042599900003], [8.005461500000024, 50.22912249900003], [8.003776609000056, 50.22456172200003], [8.011315789000037, 50.22192063700004], [8.01312000300004, 50.218002487000035], [8.035050500000068, 50.21559299900008], [8.033790957000065, 50.22088226300008], [8.040295620000052, 50.22555477600008], [8.038050500000054, 50.22692849900005], [8.041736875000026, 50.229081292000046], [8.046796163000067, 50.228000406000035], [8.057681509000076, 50.23455123200006], [8.04921777800007, 50.24083640100008], [8.048972788000071, 50.242217922000066], [8.048713010000029, 50.24368278700007], [8.043916522000075, 50.24306928400006], [8.03619118000006, 50.24627611500006], [8.037875, 50.24910699900005], [8.031944602000067, 50.25512242100007], [8.025161083000057, 50.25481276200003], [8.021650500000021, 50.25834499900003], [8.025106, 50.25993199900006], [8.025586500000031, 50.261742999000035], [8.029854500000056, 50.26203299900004], [8.029748, 50.26326399900006], [8.032120500000076, 50.26381899900008], [8.035463716000038, 50.26533255000004], [8.03666254500007, 50.27093365300004], [8.042485, 50.27243199900005], [8.059333500000037, 50.27339499900006], [8.071930275000057, 50.272416401000044], [8.075129662000052, 50.26758030500008], [8.081879542000024, 50.265698695000026], [8.08065608000004, 50.26127330000003], [8.09142491700004, 50.26460011900008], [8.10479926100004, 50.26043048300005], [8.111461, 50.27006349900006], [8.121913500000062, 50.277224999000055], [8.130836291000037, 50.28080222600005], [8.144042, 50.28026149900006], [8.169809926000028, 50.27689897000005], [8.196801367000035, 50.287988548000044], [8.221256, 50.29155699900008], [8.230935901000066, 50.27608384200005], [8.238476683000044, 50.27748695400004], [8.247894446000032, 50.26651848800003], [8.25316650000002, 50.26613099900004], [8.256756738000036, 50.26483917300004], [8.277126485000053, 50.27575803000008], [8.289122872000064, 50.27795724200007], [8.299893552000071, 50.27636593400007], [8.302787239000054, 50.271238854000046], [8.313629, 50.27144899900003], [8.32307026500007, 50.27591856600003], [8.326969727000062, 50.28310301100004], [8.345020658000067, 50.284518483000056], [8.349321939000049, 50.29288990300006], [8.354557, 50.29422999900004], [8.361145657000066, 50.296001413000056], [8.370483098000022, 50.295454618000065], [8.369619027000056, 50.28898038300008], [8.378454668000074, 50.28732813100004], [8.38133248500003, 50.28158661300006], [8.39540450000004, 50.27471599900008], [8.393499, 50.27304299900004], [8.395000500000037, 50.27213399900006]]]}}]}