{"features": [{"geometry": {"coordinates": [[[14.1812, 52.55], [14.1812, 52.5492], [14.18, 52.549], [14.1787, 52.5501], [14.1736, 52.5518], [14.1755, 52.5524], [14.1794, 52.5514], [14.1812, 52.55]]], "type": "Polygon"}, "properties": {"BEMERKUNG": "Hintersee", "GEN_ID": null, "GL_ID": null, "SYM_NR": null, "feature_kind": "water_area", "general_unit_de": null, "general_unit_en": null, "lead_horizon_count": null, "lead_profile_de": null, "lead_profile_en": null, "legend_unit_de": null, "legend_unit_en": null, "parent_material_code": null, "parent_material_de": null, "parent_material_en": null, "profile_count": null, "profile_summary_de": null, "profile_summary_en": null, "semantic_source": "raw-buek250-feature", "semantic_version": "buek250-soil-semantics-v1", "soil_group_de": "Gew\u00e4sser", "soil_group_en": "Water area", "soil_group_key": "water-area", "soil_label_de": "Hintersee", "soil_label_en": "Hintersee", "soil_type_primary_de": null, "soil_type_primary_en": null, "soil_type_secondary_de": null, "soil_type_secondary_en": null, "soil_type_tertiary_de": null, "soil_type_tertiary_en": null, "source_note_de": "Hintersee", "source_note_en": "Hintersee", "special_area_kind": "water_area"}, "type": "Feature"}, {"geometry": {"coordinates": [[[[14.3542, 52.4114], [14.3538, 52.412], [14.3569, 52.4126], [14.3579, 52.4117], [14.3569, 52.411], [14.3542, 52.4114]]], [[[13.8306, 52.6095], [13.8302, 52.6105], [13.8332, 52.6101], [13.8336, 52.6089], [13.8329, 52.6083], [13.8306, 52.6095]]], [[[14.1826, 52.6097], [14.185, 52.61], [14.1853, 52.609], [14.1835, 52.6084], [14.1826, 52.6097]]]], "type": "MultiPolygon"}, "properties": {"BEMERKUNG": "Kesselsee", "GEN_ID": null, "GL_ID": null, "SYM_NR": null, "feature_kind": "water_area", "general_unit_de": null, "general_unit_en": null, "lead_horizon_count": null, "lead_profile_de": null, "lead_profile_en": null, "legend_unit_de": null, "legend_unit_en": null, "parent_material_code": null, "parent_material_de": null, "parent_material_en": null, "profile_count": null, "profile_summary_de": null, "profile_summary_en": null, "semantic_source": "raw-buek250-feature", "semantic_version": "buek250-soil-semantics-v1", "soil_group_de": "Gew\u00e4sser", "soil_group_en": "Water area", "soil_group_key": "water-area", "soil_label_de": "Kesselsee", "soil_label_en": "Kesselsee", "soil_type_primary_de": null, "soil_type_primary_en": null, "soil_type_secondary_de": null, "soil_type_secondary_en": null, "soil_type_tertiary_de": null, "soil_type_tertiary_en": null, "source_note_de": "Kesselsee", "source_note_en": "Kesselsee", "special_area_kind": "water_area"}, "type": "Feature"}, {"geometry": {"coordinates": [[[13.8911, 52.7257], [13.8994, 52.7273], [13.8972, 52.7262], [13.892, 52.7252], [13.8911, 52.7257]]], "type": "Polygon"}, "properties": {"BEMERKUNG": "Buchsee", "GEN_ID": null, "GL_ID": null, "SYM_NR": null, "feature_kind": "water_area", "general_unit_de": null, "general_unit_en": null, "lead_horizon_count": null, "lead_profile_de": null, "lead_profile_en": null, "legend_unit_de": null, "legend_unit_en": null, "parent_material_code": null, "parent_material_de": null, "parent_material_en": null, "profile_count": null, "profile_summary_de": null, "profile_summary_en": null, "semantic_source": "raw-buek250-feature", "semantic_version": "buek250-soil-semantics-v1", "soil_group_de": "Gew\u00e4sser", "soil_group_en": "Water area", "soil_group_key": "water-area", "soil_label_de": "Buchsee", "soil_label_en": "Buchsee", "soil_type_primary_de": null, "soil_type_primary_en": null, "soil_type_secondary_de": null, "soil_type_secondary_en": null, "soil_type_tertiary_de": null, "soil_type_tertiary_en": null, "source_note_de": "Buchsee", "source_note_en": "Buchsee", "special_area_kind": "water_area"}, "type": "Feature"}, {"geometry": {"coordinates": [[[14.1642, 52.5624], [14.1632, 52.5648], [14.1659, 52.5643], [14.1697, 52.5614], [14.1642, 52.5624]]], "type": "Polygon"}, "properties": {"BEMERKUNG": "Birkensee", "GEN_ID": null, "GL_ID": null, "SYM_NR": null, "feature_kind": "water_area", "general_unit_de": null, "general_unit_en": null, "lead_horizon_count": null, "lead_profile_de": null, "lead_profile_en": null, "legend_unit_de": null, "legend_unit_en": null, "parent_material_code": null, "parent_material_de": null, "parent_material_en": null, "profile_count": null, "profile_summary_de": null, "profile_summary_en": null, "semantic_source": "raw-buek250-feature", "semantic_version": "buek250-soil-semantics-v1", "soil_group_de": "Gew\u00e4sser", "soil_group_en": "Water area", "soil_group_key": "water-area", "soil_label_de": "Birkensee", "soil_label_en": "Birkensee", "soil_type_primary_de": null, "soil_type_primary_en": null, "soil_type_secondary_de": null, "soil_type_secondary_en": null, "soil_type_tertiary_de": null, "soil_type_tertiary_en": null, "source_note_de": "Birkensee", "source_note_en": "Birkensee", "special_area_kind": "water_area"}, "type": "Feature"}, {"geometry": {"coordinates": [[[14.3593, 52.4816], [14.3615, 52.4836], [14.3632, 52.4868], [14.364, 52.4866], [14.3629, 52.4837], [14.3599, 52.4812], [14.3593, 52.4816]]], "type": "Polygon"}, "properties": {"BEMERKUNG": "Schafsee", "GEN_ID": null, "GL_ID": null, "SYM_NR": null, "feature_kind": "water_area", "general_unit_de": null, "general_unit_en": null, "lead_horizon_count": null, "lead_profile_de": null, "lead_profile_en": null, "legend_unit_de": null, "legend_unit_en": null, "parent_material_code": null, "parent_material_de": null, "parent_material_en": null, "profile_count": null, "profile_summary_de": null, "profile_summary_en": null, "semantic_source": "raw-buek250-feature", "semantic_version": "buek250-soil-semantics-v1", "soil_group_de": "Gew\u00e4sser", "soil_group_en": "Water area", "soil_group_key": "water-area", "soil_label_de": "Schafsee", "soil_label_en": "Schafsee", "soil_type_primary_de": null, "soil_type_primary_en": null, "soil_type_secondary_de": null, "soil_type_secondary_en": null, "soil_type_tertiary_de": null, "soil_type_tertiary_en": null, "source_note_de": "Schafsee", "source_note_en": "Schafsee", "special_area_kind": "water_area"}, "type": "Feature"}, {"geometry": {"coordinates": [[[[14.399, 52.4663], [14.3989, 52.4679], [14.4009, 52.4706], [14.4034, 52.471], [14.4, 52.466], [14.399, 52.4663]]], [[[14.3353, 52.4933], [14.3384, 52.4925], [14.339, 52.4916], [14.3354, 52.4913], [14.3302, 52.4956], [14.3295, 52.4954], [14.3302, 52.4936], [14.3292, 52.4934], [14.3239, 52.4962], [14.3304, 52.4985], [14.3329, 52.4976], [14.3353, 52.4933]]], [[[14.0061, 52.6899], [14.0084, 52.6934], [14.0085, 52.6963], [14.01, 52.697], [14.0118, 52.6967], [14.0122, 52.6958], [14.0086, 52.69], [14.0089, 52.6881], [14.0072, 52.688], [14.0061, 52.6899]]]], "type": "MultiPolygon"}, "properties": {"BEMERKUNG": "Gro\u00dfer See", "GEN_ID": null, "GL_ID": null, "SYM_NR": null, "feature_kind": "water_area", "general_unit_de": null, "general_unit_en": null, "lead_horizon_count": null, "lead_profile_de": null, "lead_profile_en": null, "legend_unit_de": null, "legend_unit_en": null, "parent_material_code": null, "parent_material_de": null, "parent_material_en": null, "profile_count": null, "profile_summary_de": null, "profile_summary_en": null, "semantic_source": "raw-buek250-feature", "semantic_version": "buek250-soil-semantics-v1", "soil_group_de": "Gew\u00e4sser", "soil_group_en": "Water area", "soil_group_key": "water-area", "soil_label_de": "Gro\u00dfer See", "soil_label_en": "Gro\u00dfer See", "soil_type_primary_de": null, "soil_type_primary_en": null, "soil_type_secondary_de": null, "soil_type_secondary_en": null, "soil_type_tertiary_de": null, "soil_type_tertiary_en": null, "source_note_de": "Gro\u00dfer See", "source_note_en": "Gro\u00dfer See", "special_area_kind": "water_area"}, "type": "Feature"}, {"geometry": {"coordinates": [[[14.2511, 52.4906], [14.2504, 52.4924], [14.2512, 52.4925], [14.2544, 52.4897], [14.2571, 52.4886], [14.2586, 52.4865], [14.258, 52.4858], [14.2511, 52.4906]]], "type": "Polygon"}, "properties": {"BEMERKUNG": "Bauernsee", "GEN_ID": null, "GL_ID": null, "SYM_NR": null, "feature_kind": "water_area", "general_unit_de": null, "general_unit_en": null, "lead_horizon_count": null, "lead_profile_de": null, "lead_profile_en": null, "legend_unit_de": null, "legend_unit_en": null, "parent_material_code": null, "parent_material_de": null, "parent_material_en": null, "profile_count": null, "profile_summary_de": null, "profile_summary_en": null, "semantic_source": "raw-buek250-feature", "semantic_version": "buek250-soil-semantics-v1", "soil_group_de": "Gew\u00e4sser", "soil_group_en": "Water area", "soil_group_key": "water-area", "soil_label_de": "Bauernsee", "soil_label_en": "Bauernsee", "soil_type_primary_de": null, "soil_type_primary_en": null, "soil_type_secondary_de": null, "soil_type_secondary_en": null, "soil_type_tertiary_de": null, "soil_type_tertiary_en": null, "source_note_de": "Bauernsee", "source_note_en": "Bauernsee", "special_area_kind": "water_area"}, "type": "Feature"}, {"geometry": {"coordinates": [[[[14.2646, 52.5216], [14.2658, 52.5222], [14.2673, 52.5218], [14.2682, 52.5187], [14.2662, 52.5172], [14.2635, 52.5168], [14.2646, 52.5216]]], [[[13.6328, 52.5467], [13.6336, 52.5489], [13.633, 52.5501], [13.6345, 52.5498], [13.6347, 52.5468], [13.6371, 52.5449], [13.6367, 52.5438], [13.6355, 52.5436], [13.6328, 52.5467]]], [[[13.9763, 52.5493], [13.976, 52.5522], [13.9777, 52.5531], [13.9783, 52.553], [13.9779, 52.5514], [13.9786, 52.5503], [13.9773, 52.5487], [13.9763, 52.5493]]]], "type": "MultiPolygon"}, "properties": {"BEMERKUNG": "Haussee", "GEN_ID": null, "GL_ID": null, "SYM_NR": null, "feature_kind": "water_area", "general_unit_de": null, "general_unit_en": null, "lead_horizon_count": null, "lead_profile_de": null, "lead_profile_en": null, "legend_unit_de": null, "legend_unit_en": null, "parent_material_code": null, "parent_material_de": null, "parent_material_en": null, "profile_count": null, "profile_summary_de": null, "profile_summary_en": null, "semantic_source": "raw-buek250-feature", "semantic_version": "buek250-soil-semantics-v1", "soil_group_de": "Gew\u00e4sser", "soil_group_en": "Water area", "soil_group_key": "water-area", "soil_label_de": "Haussee", "soil_label_en": "Hfromsee", "soil_type_primary_de": null, "soil_type_primary_en": null, "soil_type_secondary_de": null, "soil_type_secondary_en": null, "soil_type_tertiary_de": null, "soil_type_tertiary_en": null, "source_note_de": "Haussee", "source_note_en": "Hfromsee", "special_area_kind": "water_area"}, "type": "Feature"}, {"geometry": {"coordinates": [[[[13.7647, 52.454], [13.765, 52.4536], [13.7639, 52.4531], [13.7639, 52.4546], [13.7647, 52.454]]], [[[13.7635, 52.4555], [13.7634, 52.4558], [13.7636, 52.4556], [13.7635, 52.4555]]], [[[13.775, 52.4656], [13.7741, 52.4641], [13.7676, 52.4599], [13.7649, 52.4593], [13.775, 52.4656]]]], "type": "MultiPolygon"}, "properties": {"BEMERKUNG": null, "GEN_ID": 967, "GL_ID": 356.0, "SYM_NR": "576", "feature_kind": "soil_unit", "general_unit_de": "Gleye und Humusgleye mit Anmoorgleyen und Nassgleyen aus Niederungssand oder Flusssand", "general_unit_en": "Gley soils and Humusgley soils with Anmoorgley soilsn and Nassgley soilsn from lowland sand oder Flusssand", "lead_horizon_count": 4.0, "lead_profile_de": "Normgley", "lead_profile_en": "Typical gley", "legend_unit_de": "Gleye, Anmoorgleye und Humusgleye aus Fluss- und Niederungssand", "legend_unit_en": "Gley soils, Anmoorgley soils and Humusgley soils from Fluss- and lowland sand", "parent_material_code": "3.4.1.1", "parent_material_de": "Niederungssand", "parent_material_en": "Lowland sand", "profile_count": 5.0, "profile_summary_de": "Normgley | 5 Profile | 4 Horizonte im Leitprofil", "profile_summary_en": "Typical gley | 5 profiles | 4 horizons in lead profile", "semantic_source": "sqlite-buek250-v10", "semantic_version": "buek250-soil-semantics-v1", "soil_group_de": "Gleye", "soil_group_en": "Gley soils", "soil_group_key": "gley-soils", "soil_label_de": "Gleye, Anmoorgleye und Humusgleye aus Fluss- und Niederungssand", "soil_label_en": "Gley soils, Anmoorgley soils and Humusgley soils from Fluss- and lowland sand", "soil_type_primary_de": "Gleye", "soil_type_primary_en": "Gley soils", "soil_type_secondary_de": null, "soil_type_secondary_en": null, "soil_type_tertiary_de": null, "soil_type_tertiary_en": null, "source_note_de": null, "source_note_en": null, "special_area_kind": null}, "type": "Feature"}, {"geometry": {"coordinates": [[[[13.8643, 52.5262], [13.8676, 52.5296], [13.8712, 52.5356], [13.8793, 52.5433], [13.882, 52.5477], [13.8841, 52.5483], [13.8853, 52.5477], [13.8855, 52.5455], [13.8774, 52.5369], [13.8745, 52.5309], [13.8711, 52.5272], [13.8653, 52.5234], [13.8637, 52.5206], [13.8643, 52.5262]]], [[[13.7186, 52.5566], [13.7185, 52.5518], [13.7217, 52.5485], [13.7214, 52.5463], [13.7179, 52.5403], [13.7179, 52.5383], [13.7213, 52.5343], [13.721, 52.5331], [13.7185, 52.5309], [13.7172, 52.5282], [13.717, 52.5251], [13.7157, 52.5239], [13.7089, 52.5201], [13.6884, 52.5189], [13.7002, 52.5219], [13.7077, 52.5228], [13.7138, 52.5263], [13.7167, 52.5321], [13.7172, 52.5356], [13.7162, 52.5426], [13.7179, 52.5489], [13.7162, 52.551], [13.7129, 52.5519], [13.7049, 52.5465], [13.6982, 52.5475], [13.6916, 52.5449], [13.6844, 52.5404], [13.6826, 52.5381], [13.6824, 52.5358], [13.6829, 52.5335], [13.6841, 52.5321], [13.6862, 52.5315], [13.6869, 52.5289], [13.686, 52.5267], [13.673, 52.5201], [13.6725, 52.5221], [13.6709, 52.5219], [13.6674, 52.5174], [13.665, 52.5167], [13.6691, 52.522], [13.6721, 52.5235], [13.6782, 52.5249], [13.6803, 52.5259], [13.6814, 52.5273], [13.681, 52.5292], [13.671, 52.5337], [13.671, 52.5347], [13.6802, 52.5358], [13.68, 52.5394], [13.6818, 52.5419], [13.6852, 52.5442], [13.6858, 52.5454], [13.6897, 52.5456], [13.6958, 52.5478], [13.696, 52.5489], [13.6945, 52.5501], [13.6965, 52.5505], [13.7011, 52.549], [13.7079, 52.5505], [13.7099, 52.552], [13.7118, 52.555], [13.7121, 52.5588], [13.7174, 52.5649], [13.7172, 52.5666], [13.7203, 52.5676], [13.7192, 52.5636], [13.7142, 52.5587], [13.7143, 52.5576], [13.7161, 52.5561], [13.7186, 52.5566]]], [[[13.8408, 52.5965], [13.8378, 52.6021], [13.8384, 52.6069], [13.8417, 52.6042], [13.8428, 52.6023], [13.8444, 52.6013], [13.8469, 52.6011], [13.857, 52.6022], [13.8614, 52.604], [13.8693, 52.6045], [13.8717, 52.6059], [13.8691, 52.6103], [13.8736, 52.6134], [13.8744, 52.6152], [13.8752, 52.6152], [13.8757, 52.6141], [13.8742, 52.61], [13.8748, 52.6052], [13.8739, 52.6038], [13.852, 52.5995], [13.8408, 52.5965]]]], "type": "MultiPolygon"}, "properties": {"BEMERKUNG": null, "GEN_ID": 953, "GL_ID": 285.0, "SYM_NR": "186", "feature_kind": "soil_unit", "general_unit_de": "Braunerden mit Gley-Braunerden und Braunerde-Gleye aus (Sandflie\u00dferde \u00fcber) Schmelzwassersand oder Schwemmsand (mit Gleyen aus Flusssand)", "general_unit_en": "Brown soils with gley-brown soils and brown soil-gley soils from (Sandflie\u00dferde over) glaciofluvial sand oder Schwemmsand (with gley soilsn from Flusssand)", "lead_horizon_count": 5.0, "lead_profile_de": "Normbraunerde", "lead_profile_en": "Typical brown soil", "legend_unit_de": "Braunerden und Gley-Braunerden aus Decksand \u00fcber lehmiger Sandflie\u00dferde oder lehmigem Schwemmsand vergesellschaftet mit Gleyen und Anmoorgleyen aus Flusssand", "legend_unit_en": "Brown soils and gley-brown soils from Decksand over lehmiger Sandflie\u00dferde oder lehmigem Schwemmsand vergesellschaftet with gley soilsn and Anmoorgley soilsn from Flusssand", "parent_material_code": "3.2.1.1", "parent_material_de": "Schmelzwassersand", "parent_material_en": "Glaciofluvial sand", "profile_count": 8.0, "profile_summary_de": "Normbraunerde | 8 Profile | 5 Horizonte im Leitprofil", "profile_summary_en": "Typical brown soil | 8 profiles | 5 horizons in lead profile", "semantic_source": "sqlite-buek250-v10", "semantic_version": "buek250-soil-semantics-v1", "soil_group_de": "Braunerden", "soil_group_en": "Brown soils", "soil_group_key": "brown-soils", "soil_label_de": "Braunerden und Gley-Braunerden aus Decksand \u00fcber lehmiger Sandflie\u00dferde oder lehmigem Schwemmsand vergesellschaftet mit Gleyen und Anmoorgleyen aus Flusssand", "soil_label_en": "Brown soils and gley-brown soils from Decksand over lehmiger Sandflie\u00dferde oder lehmigem Schwemmsand vergesellschaftet with gley soilsn and Anmoorgley soilsn from Flusssand", "soil_type_primary_de": "Braunerden", "soil_type_primary_en": "Brown soils", "soil_type_secondary_de": "Gleye", "soil_type_secondary_en": "Gley soils", "soil_type_tertiary_de": null, "soil_type_tertiary_en": null, "source_note_de": null, "source_note_en": null, "special_area_kind": null}, "type": "Feature"}, {"geometry": {"coordinates": [[[13.7908, 52.5705], [13.7898, 52.5684], [13.7954, 52.5696], [13.8022, 52.5694], [13.8035, 52.5701], [13.8036, 52.5713], [13.8007, 52.5736], [13.8015, 52.5742], [13.8041, 52.573], [13.8059, 52.5737], [13.806, 52.5727], [13.807, 52.5726], [13.8088, 52.5743], [13.8125, 52.5738], [13.823, 52.5791], [13.8238, 52.5783], [13.8235, 52.5765], [13.822, 52.5751], [13.8139, 52.5707], [13.8119, 52.5701], [13.81, 52.5711], [13.8064, 52.5707], [13.8048, 52.568], [13.8053, 52.5651], [13.803, 52.5655], [13.8032, 52.567], [13.8023, 52.5675], [13.7931, 52.5673], [13.7879, 52.5662], [13.7841, 52.564], [13.7797, 52.5626], [13.7796, 52.5637], [13.7816, 52.5654], [13.7825, 52.5675], [13.7892, 52.5706], [13.7954, 52.5762], [13.7952, 52.5773], [13.7905, 52.5779], [13.7909, 52.5787], [13.7957, 52.5786], [13.7993, 52.5799], [13.8067, 52.5838], [13.8156, 52.5902], [13.8261, 52.595], [13.8278, 52.5951], [13.828, 52.5941], [13.8259, 52.5926], [13.8161, 52.5878], [13.8084, 52.5822], [13.8001, 52.5783], [13.7908, 52.5705]]], "type": "Polygon"}, "properties": {"BEMERKUNG": null, "GEN_ID": 965, "GL_ID": 366.0, "SYM_NR": "194", "feature_kind": "soil_unit", "general_unit_de": "Gleye und Humusgleye aus Fluss- oder Niederungssand mit Regosolen aus Flugsand", "general_unit_en": "Gley soils and Humusgley soils from Fluss- oder lowland sand with regosolen from aeolian sand", "lead_horizon_count": 4.0, "lead_profile_de": "Normgley", "lead_profile_en": "Typical gley", "legend_unit_de": "Gleye und Humusgleye aus Fluss- oder Niederungssand vergesellschaftet mit Regosolen aus Flugsand", "legend_unit_en": "Gley soils and Humusgley soils from Fluss- oder lowland sand vergesellschaftet with regosolen from aeolian sand", "parent_material_code": "3.4.1.3", "parent_material_de": "Niederungssand und Flugsand", "parent_material_en": "Lowland sand and aeolian sand", "profile_count": 6.0, "profile_summary_de": "Normgley | 6 Profile | 4 Horizonte im Leitprofil", "profile_summary_en": "Typical gley | 6 profiles | 4 horizons in lead profile", "semantic_source": "sqlite-buek250-v10", "semantic_version": "buek250-soil-semantics-v1", "soil_group_de": "Gleye", "soil_group_en": "Gley soils", "soil_group_key": "gley-soils", "soil_label_de": "Gleye und Humusgleye aus Fluss- oder Niederungssand vergesellschaftet mit Regosolen aus Flugsand", "soil_label_en": "Gley soils and Humusgley soils from Fluss- oder lowland sand vergesellschaftet with regosolen from aeolian sand", "soil_type_primary_de": "Gleye", "soil_type_primary_en": "Gley soils", "soil_type_secondary_de": "Ah/C-B\u00f6den", "soil_type_secondary_en": "Ah/C soils", "soil_type_tertiary_de": null, "soil_type_tertiary_en": null, "source_note_de": null, "source_note_en": null, "special_area_kind": null}, "type": "Feature"}, {"geometry": {"coordinates": [[[[14.0625, 52.5605], [14.0633, 52.5622], [14.0644, 52.562], [14.0657, 52.5599], [14.0656, 52.5584], [14.0648, 52.5583], [14.0625, 52.5605]]], [[[14.1347, 52.5739], [14.1372, 52.5741], [14.1365, 52.5732], [14.1353, 52.5729], [14.1347, 52.5739]]]], "type": "MultiPolygon"}, "properties": {"BEMERKUNG": "Wei\u00dfer See", "GEN_ID": null, "GL_ID": null, "SYM_NR": null, "feature_kind": "water_area", "general_unit_de": null, "general_unit_en": null, "lead_horizon_count": null, "lead_profile_de": null, "lead_profile_en": null, "legend_unit_de": null, "legend_unit_en": null, "parent_material_code": null, "parent_material_de": null, "parent_material_en": null, "profile_count": null, "profile_summary_de": null, "profile_summary_en": null, "semantic_source": "raw-buek250-feature", "semantic_version": "buek250-soil-semantics-v1", "soil_group_de": "Gew\u00e4sser", "soil_group_en": "Water area", "soil_group_key": "water-area", "soil_label_de": "Wei\u00dfer See", "soil_label_en": "Wei\u00dfer See", "soil_type_primary_de": null, "soil_type_primary_en": null, "soil_type_secondary_de": null, "soil_type_secondary_en": null, "soil_type_tertiary_de": null, "soil_type_tertiary_en": null, "source_note_de": "Wei\u00dfer See", "source_note_en": "Wei\u00dfer See", "special_area_kind": "water_area"}, "type": "Feature"}, {"geometry": {"coordinates": [[[14.3222, 52.4319], [14.3225, 52.4363], [14.3267, 52.4363], [14.3301, 52.4346], [14.3296, 52.4336], [14.3257, 52.4329], [14.3247, 52.4311], [14.3234, 52.4307], [14.3222, 52.4319]]], "type": "Polygon"}, "properties": {"BEMERKUNG": "Burgsee", "GEN_ID": null, "GL_ID": null, "SYM_NR": null, "feature_kind": "water_area", "general_unit_de": null, "general_unit_en": null, "lead_horizon_count": null, "lead_profile_de": null, "lead_profile_en": null, "legend_unit_de": null, "legend_unit_en": null, "parent_material_code": null, "parent_material_de": null, "parent_material_en": null, "profile_count": null, "profile_summary_de": null, "profile_summary_en": null, "semantic_source": "raw-buek250-feature", "semantic_version": "buek250-soil-semantics-v1", "soil_group_de": "Gew\u00e4sser", "soil_group_en": "Water area", "soil_group_key": "water-area", "soil_label_de": "Burgsee", "soil_label_en": "Burgsee", "soil_type_primary_de": null, "soil_type_primary_en": null, "soil_type_secondary_de": null, "soil_type_secondary_en": null, "soil_type_tertiary_de": null, "soil_type_tertiary_en": null, "source_note_de": "Burgsee", "source_note_en": "Burgsee", "special_area_kind": "water_area"}, "type": "Feature"}, {"geometry": {"coordinates": [[[14.3287, 52.4607], [14.3248, 52.461], [14.3222, 52.4584], [14.3218, 52.4548], [14.3198, 52.4541], [14.3201, 52.4561], [14.3188, 52.4585], [14.3211, 52.4612], [14.3254, 52.4623], [14.3283, 52.462], [14.3315, 52.4642], [14.3325, 52.464], [14.3327, 52.463], [14.3317, 52.4615], [14.3287, 52.4607]]], "type": "Polygon"}, "properties": {"BEMERKUNG": "M\u00fchlensee", "GEN_ID": null, "GL_ID": null, "SYM_NR": null, "feature_kind": "water_area", "general_unit_de": null, "general_unit_en": null, "lead_horizon_count": null, "lead_profile_de": null, "lead_profile_en": null, "legend_unit_de": null, "legend_unit_en": null, "parent_material_code": null, "parent_material_de": null, "parent_material_en": null, "profile_count": null, "profile_summary_de": null, "profile_summary_en": null, "semantic_source": "raw-buek250-feature", "semantic_version": "buek250-soil-semantics-v1", "soil_group_de": "Gew\u00e4sser", "soil_group_en": "Water area", "soil_group_key": "water-area", "soil_label_de": "M\u00fchlensee", "soil_label_en": "M\u00fchlensee", "soil_type_primary_de": null, "soil_type_primary_en": null, "soil_type_secondary_de": null, "soil_type_secondary_en": null, "soil_type_tertiary_de": null, "soil_type_tertiary_en": null, "source_note_de": "M\u00fchlensee", "source_note_en": "M\u00fchlensee", "special_area_kind": "water_area"}, "type": "Feature"}, {"geometry": {"coordinates": [[[[13.7651, 52.4534], [13.7645, 52.4501], [13.7639, 52.4531], [13.7651, 52.4534]]], [[[13.7657, 52.4493], [13.7655, 52.4471], [13.7646, 52.4498], [13.765, 52.4488], [13.7657, 52.4493]]]], "type": "MultiPolygon"}, "properties": {"BEMERKUNG": null, "GEN_ID": 960, "GL_ID": 430.0, "SYM_NR": "548", "feature_kind": "soil_unit", "general_unit_de": "Regosole und Podsole (mit Podsol-Braunerden) aus Flugsand (\u00fcber Niederungssand)", "general_unit_en": "Regosole and podzols (with Podsol-brown soils) from aeolian sand (over lowland sand)", "lead_horizon_count": 4.0, "lead_profile_de": "Normregosol", "lead_profile_en": "Typical regosol", "legend_unit_de": "Regosole und Podsole aus Flugsand vergesellschaftet mit Braunerden aus Niederungssand", "legend_unit_en": "Regosole and podzols from aeolian sand vergesellschaftet with brown soils from lowland sand", "parent_material_code": "4.0.3.4", "parent_material_de": "Flugsand und Niederungssand", "parent_material_en": "Aeolian sand and lowland sand", "profile_count": 6.0, "profile_summary_de": "Normregosol | 6 Profile | 4 Horizonte im Leitprofil", "profile_summary_en": "Typical regosol | 6 profiles | 4 horizons in lead profile", "semantic_source": "sqlite-buek250-v10", "semantic_version": "buek250-soil-semantics-v1", "soil_group_de": "Ah/C-B\u00f6den", "soil_group_en": "Ah/C soils", "soil_group_key": "ah-c-soils", "soil_label_de": "Regosole und Podsole aus Flugsand vergesellschaftet mit Braunerden aus Niederungssand", "soil_label_en": "Regosole and podzols from aeolian sand vergesellschaftet with brown soils from lowland sand", "soil_type_primary_de": "Ah/C-B\u00f6den", "soil_type_primary_en": "Ah/C soils", "soil_type_secondary_de": "Podsole", "soil_type_secondary_en": "Podzols", "soil_type_tertiary_de": null, "soil_type_tertiary_en": null, "source_note_de": null, "source_note_en": null, "special_area_kind": null}, "type": "Feature"}, {"geometry": {"coordinates": [[[[13.7783, 52.6837], [13.7813, 52.688], [13.7782, 52.6885], [13.7772, 52.6856], [13.7728, 52.6816], [13.7618, 52.7006], [13.7653, 52.6995], [13.7674, 52.6973], [13.7711, 52.6966], [13.7776, 52.699], [13.7919, 52.6981], [13.7956, 52.6993], [13.7976, 52.7008], [13.7977, 52.7022], [13.7995, 52.702], [13.799, 52.6992], [13.7976, 52.698], [13.7911, 52.6958], [13.79, 52.6948], [13.79, 52.6934], [13.7926, 52.6906], [13.7936, 52.6883], [13.7931, 52.6837], [13.7941, 52.6836], [13.7963, 52.6847], [13.7982, 52.6919], [13.7999, 52.6932], [13.8063, 52.6947], [13.8087, 52.6961], [13.807, 52.6972], [13.806, 52.6989], [13.8126, 52.7012], [13.8144, 52.701], [13.8163, 52.6991], [13.8122, 52.6982], [13.8074, 52.6844], [13.8055, 52.6823], [13.8044, 52.6816], [13.8012, 52.6818], [13.7984, 52.6794], [13.7912, 52.678], [13.7911, 52.6765], [13.7918, 52.6761], [13.7971, 52.6762], [13.7982, 52.6755], [13.7972, 52.6731], [13.782, 52.6678], [13.7815, 52.6682], [13.7832, 52.6732], [13.7813, 52.6743], [13.7783, 52.672], [13.7752, 52.6774], [13.7771, 52.6788], [13.7783, 52.6837]]], [[[13.7609, 52.7021], [13.7606, 52.7026], [13.761, 52.7027], [13.7609, 52.7021]]], [[[13.671, 52.5347], [13.671, 52.5337], [13.681, 52.5292], [13.6814, 52.5273], [13.6803, 52.5259], [13.6709, 52.5232], [13.6691, 52.522], [13.665, 52.5167], [13.663, 52.5172], [13.6627, 52.5204], [13.6603, 52.5247], [13.6595, 52.5306], [13.6594, 52.5335], [13.6621, 52.5377], [13.6748, 52.5429], [13.6762, 52.5469], [13.6823, 52.5473], [13.6858, 52.5454], [13.68, 52.5394], [13.6802, 52.5358], [13.671, 52.5347]]], [[[13.6216, 52.562], [13.6218, 52.5615], [13.6207, 52.5626], [13.6216, 52.562]]], [[[13.6289, 52.5635], [13.6318, 52.5636], [13.6322, 52.5619], [13.627, 52.5565], [13.6226, 52.5608], [13.6257, 52.5595], [13.6246, 52.5615], [13.6231, 52.5617], [13.6219, 52.563], [13.6282, 52.5643], [13.6289, 52.5635]]], [[[13.6657, 52.5665], [13.6681, 52.5662], [13.6652, 52.5653], [13.6657, 52.5665]]], [[[13.6719, 52.5805], [13.6714, 52.5821], [13.6729, 52.5815], [13.6719, 52.5805]]], [[[13.9618, 52.6562], [13.9671, 52.652], [13.9677, 52.6499], [13.9662, 52.6475], [13.9632, 52.6454], [13.9607, 52.6395], [13.9508, 52.6337], [13.9461, 52.6356], [13.9439, 52.6388], [13.9442, 52.6434], [13.9454, 52.6448], [13.9499, 52.6469], [13.9438, 52.6495], [13.9403, 52.6519], [13.9396, 52.655], [13.9417, 52.6568], [13.9483, 52.6579], [13.9557, 52.6561], [13.9618, 52.6562]]], [[[13.8791, 52.6654], [13.8807, 52.6646], [13.8806, 52.6639], [13.8789, 52.663], [13.8685, 52.6623], [13.8694, 52.6609], [13.8735, 52.661], [13.8725, 52.6569], [13.8846, 52.6537], [13.8858, 52.6523], [13.886, 52.6492], [13.8871, 52.6474], [13.8888, 52.6462], [13.8944, 52.6468], [13.8954, 52.645], [13.892, 52.6439], [13.8884, 52.6443], [13.8764, 52.6487], [13.8732, 52.6513], [13.8649, 52.655], [13.8633, 52.6535], [13.867, 52.6509], [13.8669, 52.65], [13.8629, 52.6477], [13.8626, 52.6451], [13.8617, 52.6446], [13.8581, 52.6454], [13.8513, 52.6453], [13.8479, 52.6441], [13.848, 52.6456], [13.8528, 52.6505], [13.8515, 52.6559], [13.8557, 52.6581], [13.8578, 52.6604], [13.8649, 52.6652], [13.8684, 52.6665], [13.8791, 52.6654]]], [[[13.858, 52.6866], [13.8592, 52.6849], [13.859, 52.6832], [13.8564, 52.6811], [13.856, 52.6796], [13.8509, 52.6781], [13.8509, 52.6795], [13.8572, 52.6844], [13.8511, 52.6879], [13.8536, 52.6882], [13.858, 52.6866]]], [[[13.9189, 52.6678], [13.9194, 52.6695], [13.9228, 52.673], [13.9198, 52.6782], [13.9213, 52.6795], [13.9216, 52.681], [13.9258, 52.6846], [13.9294, 52.6865], [13.9334, 52.6868], [13.9354, 52.6853], [13.9358, 52.6825], [13.9325, 52.6773], [13.9317, 52.6743], [13.9278, 52.6721], [13.9264, 52.6689], [13.922, 52.6669], [13.9189, 52.6678]]], [[[13.8137, 52.6824], [13.8106, 52.6843], [13.8109, 52.6853], [13.8154, 52.6884], [13.8152, 52.6933], [13.8157, 52.6945], [13.8217, 52.6964], [13.8221, 52.7002], [13.8248, 52.7046], [13.8277, 52.7056], [13.8312, 52.7056], [13.8349, 52.7044], [13.8392, 52.7043], [13.8463, 52.7054], [13.8483, 52.7065], [13.8596, 52.7052], [13.8654, 52.7055], [13.8646, 52.7032], [13.8633, 52.7026], [13.8553, 52.7015], [13.851, 52.6993], [13.8503, 52.6925], [13.8495, 52.6912], [13.8497, 52.6936], [13.8349, 52.6911], [13.8312, 52.6887], [13.8242, 52.6872], [13.8192, 52.6839], [13.818, 52.6823], [13.8181, 52.6801], [13.8164, 52.679], [13.8134, 52.679], [13.8142, 52.6796], [13.8137, 52.6824]]]], "type": "MultiPolygon"}, "properties": {"BEMERKUNG": null, "GEN_ID": 875, "GL_ID": 257.0, "SYM_NR": "75", "feature_kind": "soil_unit", "general_unit_de": "Fahlerde-Braunerden und Braunerde-Fahlerden mit Pseudogley-Fahlerden aus Decksand \u00fcber Decklehm und tiefem Geschiebemergel mit Braunerden aus Decksand \u00fcber Decklehm und tiefer lehmiger Sandflie\u00dferde", "general_unit_en": "Fahlerde-brown soils and brown soil-Fahlerden with pseudogley-Fahlerden from Decksand over Decklehm and tiefem glacial till marl with brown soils from Decksand over Decklehm and tiefer lehmiger Sandflie\u00dferde", "lead_horizon_count": 5.0, "lead_profile_de": "Fahlerde-Braunerde", "lead_profile_en": "Fahlerde-brown soil", "legend_unit_de": "Fahlerde-Braunerden und Braunerde-Fahlerden aus lehmigem Decksand \u00fcber Decklehm und tiefem Geschiebemergel vergesellschaftet mit Braunerden aus lehmigem Decksand \u00fcber Decklehm (Geschiebelehmreste) und tiefem Schmelzwassersand", "legend_unit_en": "Fahlerde-brown soils and brown soil-Fahlerden from lehmigem Decksand over Decklehm and tiefem glacial till marl vergesellschaftet with brown soils from lehmigem Decksand over Decklehm (glacial till loamreste) and tiefem glaciofluvial sand", "parent_material_code": "3.1.2.2", "parent_material_de": "Geschiebemergel mit sandiger Deckschicht", "parent_material_en": "Glacial till marl with sandiger Deckschicht", "profile_count": 5.0, "profile_summary_de": "Fahlerde-Braunerde | 5 Profile | 5 Horizonte im Leitprofil", "profile_summary_en": "Fahlerde-brown soil | 5 profiles | 5 horizons in lead profile", "semantic_source": "sqlite-buek250-v10", "semantic_version": "buek250-soil-semantics-v1", "soil_group_de": "Braunerden", "soil_group_en": "Brown soils", "soil_group_key": "brown-soils", "soil_label_de": "Fahlerde-Braunerden und Braunerde-Fahlerden aus lehmigem Decksand \u00fcber Decklehm und tiefem Geschiebemergel vergesellschaftet mit Braunerden aus lehmigem Decksand \u00fcber Decklehm (Geschiebelehmreste) und tiefem Schmelzwassersand", "soil_label_en": "Fahlerde-brown soils and brown soil-Fahlerden from lehmigem Decksand over Decklehm and tiefem glacial till marl vergesellschaftet with brown soils from lehmigem Decksand over Decklehm (glacial till loamreste) and tiefem glaciofluvial sand", "soil_type_primary_de": "Braunerden", "soil_type_primary_en": "Brown soils", "soil_type_secondary_de": "Lessiv\u00e9s", "soil_type_secondary_en": "Luvisols", "soil_type_tertiary_de": null, "soil_type_tertiary_en": null, "source_note_de": null, "source_note_en": null, "special_area_kind": null}, "type": "Feature"}, {"geometry": {"coordinates": [[[13.9033, 52.4897], [13.8998, 52.4923], [13.8992, 52.4954], [13.9044, 52.4964], [13.9056, 52.4983], [13.9056, 52.5011], [13.9065, 52.503], [13.913, 52.5088], [13.912, 52.5141], [13.9149, 52.517], [13.9157, 52.5219], [13.9149, 52.5233], [13.9159, 52.5257], [13.9178, 52.5242], [13.9191, 52.5202], [13.917, 52.5169], [13.9179, 52.5149], [13.9165, 52.5087], [13.914, 52.5051], [13.9136, 52.5013], [13.9105, 52.4987], [13.9112, 52.4971], [13.9111, 52.4939], [13.9099, 52.4918], [13.9078, 52.4902], [13.9033, 52.4897]]], "type": "Polygon"}, "properties": {"BEMERKUNG": null, "GEN_ID": 946, "GL_ID": 314.0, "SYM_NR": "539", "feature_kind": "soil_unit", "general_unit_de": "Braunerden aus Schmelzwassersand mit Braunerden aus Decksand \u00fcber lehmigem Geschiebesand oder Geschiebemergel", "general_unit_en": "Brown soils from glaciofluvial sand with brown soils from Decksand over lehmigem glacial till sand oder glacial till marl", "lead_horizon_count": 4.0, "lead_profile_de": "Normbraunerde", "lead_profile_en": "Typical brown soil", "legend_unit_de": "Braunerden aus Schmelzwassersand vergesellschaftet mit Braunerden aus Decksand \u00fcber lehmigem Geschiebesand oder Geschiebemergel", "legend_unit_en": "Brown soils from glaciofluvial sand vergesellschaftet with brown soils from Decksand over lehmigem glacial till sand oder glacial till marl", "parent_material_code": "3.2.1.4", "parent_material_de": "Schmelzwassersand und Geschiebemergel", "parent_material_en": "Glaciofluvial sand and glacial till marl", "profile_count": 5.0, "profile_summary_de": "Normbraunerde | 5 Profile | 4 Horizonte im Leitprofil", "profile_summary_en": "Typical brown soil | 5 profiles | 4 horizons in lead profile", "semantic_source": "sqlite-buek250-v10", "semantic_version": "buek250-soil-semantics-v1", "soil_group_de": "Braunerden", "soil_group_en": "Brown soils", "soil_group_key": "brown-soils", "soil_label_de": "Braunerden aus Schmelzwassersand vergesellschaftet mit Braunerden aus Decksand \u00fcber lehmigem Geschiebesand oder Geschiebemergel", "soil_label_en": "Brown soils from glaciofluvial sand vergesellschaftet with brown soils from Decksand over lehmigem glacial till sand oder glacial till marl", "soil_type_primary_de": "Braunerden", "soil_type_primary_en": "Brown soils", "soil_type_secondary_de": null, "soil_type_secondary_en": null, "soil_type_tertiary_de": null, "soil_type_tertiary_en": null, "source_note_de": null, "source_note_en": null, "special_area_kind": null}, "type": "Feature"}, {"geometry": {"coordinates": [[[[13.7171, 52.5912], [13.7161, 52.5951], [13.7174, 52.596], [13.7206, 52.5903], [13.7216, 52.5898], [13.7183, 52.5844], [13.7175, 52.5796], [13.724, 52.572], [13.7258, 52.5719], [13.7275, 52.5741], [13.7309, 52.5836], [13.7337, 52.5879], [13.7375, 52.591], [13.7437, 52.5942], [13.7472, 52.5988], [13.7487, 52.5998], [13.751, 52.5998], [13.7525, 52.599], [13.7466, 52.5908], [13.7398, 52.589], [13.7387, 52.5853], [13.7355, 52.5807], [13.7355, 52.5797], [13.7368, 52.5788], [13.7459, 52.5798], [13.7478, 52.5823], [13.7496, 52.5806], [13.7585, 52.5801], [13.7627, 52.5811], [13.7675, 52.5849], [13.7677, 52.5888], [13.7693, 52.5893], [13.7688, 52.5819], [13.7616, 52.5794], [13.7576, 52.5792], [13.7564, 52.5748], [13.7568, 52.5701], [13.7598, 52.5674], [13.7675, 52.567], [13.7722, 52.5636], [13.7796, 52.5637], [13.7805, 52.5608], [13.7831, 52.5587], [13.7802, 52.5586], [13.7786, 52.5595], [13.7781, 52.5616], [13.7772, 52.562], [13.7738, 52.5616], [13.7678, 52.5627], [13.766, 52.565], [13.7598, 52.5648], [13.7575, 52.5622], [13.7565, 52.5625], [13.7566, 52.5648], [13.7552, 52.5663], [13.748, 52.5659], [13.7455, 52.564], [13.743, 52.5638], [13.7346, 52.5657], [13.7327, 52.5641], [13.7304, 52.5594], [13.725, 52.5572], [13.7226, 52.5544], [13.7226, 52.5517], [13.7247, 52.5479], [13.7242, 52.5447], [13.7215, 52.5416], [13.7237, 52.5333], [13.7223, 52.5298], [13.7187, 52.526], [13.7177, 52.5221], [13.7164, 52.5207], [13.709, 52.5185], [13.6884, 52.5165], [13.6784, 52.5088], [13.6663, 52.5039], [13.6662, 52.5028], [13.6682, 52.5012], [13.6678, 52.5006], [13.6658, 52.501], [13.664, 52.5047], [13.66, 52.505], [13.655, 52.5017], [13.6545, 52.4928], [13.6431, 52.4791], [13.6265, 52.4733], [13.6244, 52.4687], [13.6229, 52.469], [13.6218, 52.4711], [13.6233, 52.4743], [13.6292, 52.4766], [13.6334, 52.4767], [13.6415, 52.4841], [13.6487, 52.4892], [13.6497, 52.4905], [13.6488, 52.4947], [13.6515, 52.5001], [13.6515, 52.5036], [13.6624, 52.5089], [13.664, 52.5106], [13.6645, 52.5115], [13.6602, 52.5171], [13.6593, 52.5245], [13.6569, 52.5299], [13.6561, 52.5299], [13.6557, 52.5309], [13.6573, 52.5356], [13.6644, 52.5411], [13.6668, 52.5415], [13.6668, 52.5404], [13.6621, 52.5377], [13.6594, 52.5335], [13.6603, 52.5247], [13.6627, 52.5204], [13.663, 52.5172], [13.6644, 52.5168], [13.6666, 52.5167], [13.6709, 52.5219], [13.6725, 52.5221], [13.673, 52.5212], [13.673, 52.5201], [13.6687, 52.5127], [13.6689, 52.5075], [13.6742, 52.5092], [13.6823, 52.5156], [13.6884, 52.5189], [13.7089, 52.5201], [13.717, 52.5251], [13.7172, 52.5282], [13.7213, 52.5343], [13.7179, 52.5383], [13.7179, 52.5403], [13.7214, 52.5463], [13.7217, 52.5485], [13.7185, 52.5518], [13.7186, 52.5566], [13.7161, 52.5561], [13.7143, 52.5576], [13.7142, 52.5587], [13.7192, 52.5636], [13.7203, 52.5676], [13.7184, 52.5739], [13.7144, 52.5785], [13.7127, 52.5819], [13.7132, 52.5866], [13.7171, 52.5912]], [[13.7308, 52.5694], [13.7302, 52.5708], [13.7286, 52.5712], [13.7267, 52.5701], [13.7268, 52.5689], [13.7247, 52.5694], [13.7238, 52.5687], [13.7224, 52.564], [13.719, 52.5613], [13.718, 52.5581], [13.7229, 52.5579], [13.7251, 52.5589], [13.7289, 52.563], [13.7308, 52.5694]], [[13.7348, 52.5681], [13.7371, 52.5673], [13.7387, 52.5684], [13.7394, 52.5705], [13.7404, 52.5706], [13.7408, 52.5698], [13.7393, 52.567], [13.7399, 52.5661], [13.7452, 52.5654], [13.7497, 52.5679], [13.7527, 52.5678], [13.7551, 52.5696], [13.7553, 52.5709], [13.7536, 52.5782], [13.753, 52.579], [13.75, 52.5792], [13.735, 52.5763], [13.7334, 52.5735], [13.7333, 52.5698], [13.7348, 52.5681]]], [[[13.8923, 52.5565], [13.8952, 52.5553], [13.9039, 52.5541], [13.8979, 52.5531], [13.895, 52.5517], [13.8933, 52.5519], [13.8935, 52.554], [13.8923, 52.5545], [13.8879, 52.5521], [13.8844, 52.553], [13.8815, 52.5498], [13.8775, 52.548], [13.875, 52.5455], [13.8742, 52.5425], [13.8691, 52.5443], [13.8636, 52.5435], [13.8597, 52.5414], [13.8561, 52.5373], [13.849, 52.5327], [13.8425, 52.5259], [13.84, 52.5195], [13.8414, 52.5163], [13.8429, 52.516], [13.844, 52.5169], [13.8448, 52.5198], [13.8471, 52.5231], [13.8555, 52.5269], [13.8622, 52.5315], [13.8647, 52.532], [13.8696, 52.5371], [13.8698, 52.5364], [13.8646, 52.5293], [13.8637, 52.5206], [13.8631, 52.5201], [13.8635, 52.517], [13.8551, 52.5159], [13.8557, 52.5151], [13.8588, 52.5152], [13.8593, 52.5141], [13.8585, 52.5132], [13.8525, 52.514], [13.85, 52.5135], [13.8431, 52.5078], [13.8408, 52.5078], [13.8411, 52.5103], [13.835, 52.5131], [13.8385, 52.5161], [13.8375, 52.5186], [13.8394, 52.5251], [13.847, 52.5336], [13.8525, 52.5374], [13.8584, 52.5433], [13.8597, 52.5443], [13.8699, 52.546], [13.8697, 52.5453], [13.872, 52.5437], [13.8738, 52.5437], [13.8735, 52.5468], [13.8762, 52.5496], [13.8753, 52.5524], [13.8745, 52.553], [13.8802, 52.5527], [13.8817, 52.5541], [13.8823, 52.5573], [13.8854, 52.5591], [13.8852, 52.5709], [13.8841, 52.5746], [13.8855, 52.5774], [13.8862, 52.5819], [13.8941, 52.5887], [13.8968, 52.5896], [13.8967, 52.5886], [13.8882, 52.5807], [13.8862, 52.574], [13.8879, 52.5721], [13.8865, 52.5657], [13.888, 52.5595], [13.8861, 52.5564], [13.8923, 52.5565]]], [[[13.8716, 52.5512], [13.8729, 52.5524], [13.8735, 52.5527], [13.872, 52.5508], [13.8728, 52.55], [13.8725, 52.5487], [13.871, 52.548], [13.8716, 52.5512]]]], "type": "MultiPolygon"}, "properties": {"BEMERKUNG": null, "GEN_ID": 972, "GL_ID": 1054.0, "SYM_NR": "86", "feature_kind": "soil_unit", "general_unit_de": "Erdniedermoore (\u00fcber Flusssand) mit Moorgleyen aus flachem Niedermoortorf \u00fcber sandigen (schluffigen) Flussablagerungen", "general_unit_en": "Erdfens (over Flusssand) with Moorgley soilsn from flachem fen peat over sandigen (schluffigen) Flussablagerungen", "lead_horizon_count": 4.0, "lead_profile_de": "Normerdniedermoor", "lead_profile_en": "Normerdfen", "legend_unit_de": "Erdniedermoore mit Moorgleyen aus (flachem) Niedermoortorf \u00fcber Flusssand", "legend_unit_en": "Erdfens with Moorgley soilsn from (flachem) fen peat over Flusssand", "parent_material_code": "10.1.3.1", "parent_material_de": "Niedermoortorf und Flusssand", "parent_material_en": "Fen peat and Flusssand", "profile_count": 4.0, "profile_summary_de": "Normerdniedermoor | 4 Profile | 4 Horizonte im Leitprofil", "profile_summary_en": "Normerdfen | 4 profiles | 4 horizons in lead profile", "semantic_source": "sqlite-buek250-v10", "semantic_version": "buek250-soil-semantics-v1", "soil_group_de": "Niedermoore", "soil_group_en": "Fens", "soil_group_key": "fens", "soil_label_de": "Erdniedermoore mit Moorgleyen aus (flachem) Niedermoortorf \u00fcber Flusssand", "soil_label_en": "Erdfens with Moorgley soilsn from (flachem) fen peat over Flusssand", "soil_type_primary_de": "Niedermoore", "soil_type_primary_en": "Fens", "soil_type_secondary_de": null, "soil_type_secondary_en": null, "soil_type_tertiary_de": null, "soil_type_tertiary_en": null, "source_note_de": null, "source_note_en": null, "special_area_kind": null}, "type": "Feature"}, {"geometry": {"coordinates": [[[[13.9794, 52.6258], [13.9751, 52.6229], [13.9751, 52.6217], [13.9788, 52.6198], [13.9739, 52.6189], [13.9674, 52.6156], [13.9633, 52.6155], [13.9652, 52.6178], [13.9636, 52.619], [13.9565, 52.6182], [13.9537, 52.6185], [13.9506, 52.6208], [13.9504, 52.6231], [13.9471, 52.6249], [13.9471, 52.6263], [13.9487, 52.6278], [13.9544, 52.6296], [13.9756, 52.6307], [13.9793, 52.6294], [13.9794, 52.6258]]], [[[13.8647, 52.6901], [13.865, 52.6907], [13.8648, 52.6896], [13.8647, 52.6901]]], [[[13.8658, 52.6929], [13.8672, 52.6931], [13.8659, 52.6926], [13.8655, 52.6921], [13.8658, 52.6929]]], [[[13.8711, 52.6941], [13.8696, 52.6935], [13.8684, 52.6933], [13.8711, 52.6941]]], [[[13.9438, 52.701], [13.9429, 52.7003], [13.9428, 52.6982], [13.9554, 52.6944], [13.9592, 52.6941], [13.96, 52.6914], [13.9697, 52.6928], [13.9702, 52.6923], [13.9646, 52.6909], [13.9638, 52.6903], [13.9642, 52.6892], [13.9668, 52.6884], [13.9679, 52.6865], [13.9698, 52.6856], [13.974, 52.685], [13.9784, 52.6829], [13.9846, 52.6839], [13.985, 52.6831], [13.9838, 52.6824], [13.9848, 52.6812], [13.9915, 52.6824], [13.9969, 52.6805], [13.9982, 52.6784], [13.9955, 52.6768], [13.984, 52.6772], [13.9765, 52.6811], [13.9681, 52.6826], [13.9509, 52.6935], [13.9418, 52.6926], [13.9403, 52.691], [13.9405, 52.6899], [13.9448, 52.6845], [13.942, 52.6814], [13.9416, 52.6761], [13.9396, 52.6732], [13.9397, 52.6716], [13.9412, 52.6707], [13.9447, 52.6722], [13.9466, 52.6722], [13.9477, 52.6708], [13.9504, 52.67], [13.9507, 52.6691], [13.9446, 52.6687], [13.9433, 52.667], [13.9398, 52.6663], [13.9279, 52.6602], [13.9239, 52.6592], [13.9233, 52.6592], [13.925, 52.6605], [13.9159, 52.66], [13.9163, 52.6594], [13.914, 52.6586], [13.912, 52.6549], [13.9048, 52.6503], [13.8967, 52.6417], [13.8975, 52.6379], [13.8972, 52.6337], [13.8958, 52.6323], [13.8939, 52.6277], [13.8941, 52.6264], [13.8952, 52.6225], [13.8981, 52.6198], [13.9016, 52.6145], [13.9016, 52.6131], [13.9029, 52.6116], [13.9071, 52.6102], [13.9086, 52.6087], [13.9067, 52.6042], [13.9072, 52.6031], [13.9059, 52.6024], [13.9039, 52.6043], [13.9004, 52.61], [13.8958, 52.6145], [13.8934, 52.6187], [13.8938, 52.6206], [13.8927, 52.6225], [13.8891, 52.6226], [13.8875, 52.6255], [13.8882, 52.6279], [13.8878, 52.6307], [13.8887, 52.6323], [13.8905, 52.634], [13.891, 52.636], [13.8883, 52.6364], [13.8889, 52.6387], [13.8914, 52.6403], [13.8905, 52.6421], [13.892, 52.6439], [13.8957, 52.6451], [13.8961, 52.6437], [13.8982, 52.646], [13.8976, 52.6471], [13.9004, 52.6497], [13.9001, 52.6505], [13.8968, 52.6509], [13.8969, 52.6517], [13.9008, 52.6537], [13.8962, 52.6594], [13.8881, 52.6626], [13.8937, 52.6637], [13.8949, 52.6721], [13.8958, 52.6735], [13.9004, 52.6745], [13.9038, 52.6772], [13.9061, 52.6798], [13.9067, 52.6827], [13.9152, 52.686], [13.9154, 52.6872], [13.9091, 52.6874], [13.9151, 52.6904], [13.915, 52.6913], [13.9128, 52.693], [13.9126, 52.6945], [13.9179, 52.694], [13.9203, 52.6953], [13.921, 52.6949], [13.9185, 52.6925], [13.919, 52.6866], [13.92, 52.6858], [13.9298, 52.6886], [13.9302, 52.6912], [13.935, 52.6928], [13.9349, 52.6946], [13.9366, 52.6964], [13.9319, 52.6992], [13.9315, 52.7004], [13.9365, 52.6994], [13.9386, 52.6973], [13.9397, 52.6978], [13.9407, 52.6998], [13.9396, 52.7035], [13.9458, 52.7073], [13.9462, 52.7096], [13.9485, 52.7112], [13.9482, 52.7129], [13.9516, 52.7125], [13.9539, 52.7111], [13.9539, 52.7093], [13.9486, 52.7052], [13.9504, 52.7023], [13.9438, 52.701]], [[13.9387, 52.6892], [13.9391, 52.6895], [13.9372, 52.6918], [13.9346, 52.6904], [13.9352, 52.6895], [13.9387, 52.6892]], [[13.9216, 52.681], [13.9213, 52.6795], [13.9198, 52.6782], [13.916, 52.6812], [13.9131, 52.681], [13.9087, 52.6775], [13.9105, 52.6752], [13.906, 52.6742], [13.9013, 52.6705], [13.898, 52.6649], [13.898, 52.6625], [13.9031, 52.6558], [13.9051, 52.6552], [13.9073, 52.6556], [13.9106, 52.6594], [13.9129, 52.6606], [13.9231, 52.6614], [13.9263, 52.6626], [13.9322, 52.6669], [13.9331, 52.6683], [13.9322, 52.6708], [13.9329, 52.673], [13.9314, 52.6739], [13.9325, 52.6773], [13.9358, 52.6825], [13.9354, 52.6853], [13.9334, 52.6868], [13.9294, 52.6865], [13.9216, 52.681]], [[13.9079, 52.68], [13.9075, 52.6793], [13.9095, 52.6791], [13.9101, 52.6804], [13.9095, 52.6808], [13.9079, 52.68]], [[13.9156, 52.6839], [13.9133, 52.6843], [13.9109, 52.682], [13.9127, 52.6819], [13.9156, 52.6839]], [[13.8896, 52.6327], [13.8918, 52.6333], [13.8946, 52.6362], [13.8949, 52.6374], [13.8931, 52.6409], [13.8926, 52.6399], [13.894, 52.6376], [13.8896, 52.6327]]], [[[13.9203, 52.6587], [13.9187, 52.6592], [13.9233, 52.6592], [13.9203, 52.6587]]], [[[13.7558, 52.7387], [13.7572, 52.7394], [13.7578, 52.7418], [13.7635, 52.7437], [13.7749, 52.7455], [13.7696, 52.74], [13.7635, 52.7369], [13.7478, 52.7343], [13.7443, 52.7276], [13.7435, 52.7272], [13.7374, 52.7296], [13.7326, 52.7335], [13.753, 52.7402], [13.7558, 52.7387]]], [[[13.8656, 52.7613], [13.8667, 52.7602], [13.8656, 52.7595], [13.8605, 52.7596], [13.862, 52.76], [13.8623, 52.762], [13.8656, 52.7613]]], [[[13.851, 52.6993], [13.8553, 52.7015], [13.8633, 52.7026], [13.8646, 52.7032], [13.8659, 52.7059], [13.8662, 52.7068], [13.8649, 52.7078], [13.8663, 52.7138], [13.8634, 52.7133], [13.8588, 52.7162], [13.8575, 52.7178], [13.8591, 52.7216], [13.8618, 52.7196], [13.8703, 52.7163], [13.8746, 52.713], [13.8808, 52.7141], [13.8827, 52.7153], [13.885, 52.7191], [13.8855, 52.7226], [13.8902, 52.7239], [13.8911, 52.7256], [13.893, 52.7253], [13.899, 52.7268], [13.8992, 52.7274], [13.8923, 52.7261], [13.9019, 52.7293], [13.9029, 52.7307], [13.9022, 52.7371], [13.9056, 52.7387], [13.9076, 52.7406], [13.9068, 52.7439], [13.8988, 52.7457], [13.897, 52.7481], [13.8932, 52.7495], [13.8928, 52.7515], [13.898, 52.7511], [13.9011, 52.752], [13.9067, 52.7547], [13.9109, 52.7582], [13.9107, 52.7598], [13.9089, 52.7619], [13.9018, 52.7642], [13.9018, 52.7654], [13.9043, 52.7674], [13.9036, 52.7701], [13.8976, 52.7721], [13.8921, 52.7719], [13.8906, 52.7736], [13.8888, 52.7741], [13.8903, 52.7768], [13.8917, 52.7767], [13.904, 52.7727], [13.9077, 52.7724], [13.9058, 52.7778], [13.9046, 52.7785], [13.9014, 52.7764], [13.8994, 52.7768], [13.8973, 52.779], [13.8994, 52.7798], [13.9032, 52.7794], [13.9043, 52.7803], [13.8982, 52.7872], [13.8936, 52.7883], [13.9005, 52.7894], [13.9034, 52.7886], [13.9117, 52.7853], [13.9121, 52.7812], [13.9138, 52.779], [13.9159, 52.778], [13.9208, 52.7775], [13.9267, 52.7783], [13.928, 52.7776], [13.9266, 52.7765], [13.9135, 52.7751], [13.9122, 52.7741], [13.9084, 52.7773], [13.908, 52.7815], [13.9074, 52.7817], [13.9063, 52.7794], [13.9074, 52.777], [13.9121, 52.7728], [13.9109, 52.7712], [13.9071, 52.7686], [13.9069, 52.7667], [13.9085, 52.7664], [13.912, 52.771], [13.9141, 52.7721], [13.9137, 52.7733], [13.9149, 52.7741], [13.915, 52.7722], [13.9172, 52.7693], [13.9171, 52.768], [13.9154, 52.7667], [13.9125, 52.7664], [13.9119, 52.7654], [13.9124, 52.7629], [13.9134, 52.7612], [13.916, 52.7595], [13.921, 52.7583], [13.9203, 52.7573], [13.9209, 52.7558], [13.9195, 52.7547], [13.9148, 52.7539], [13.9117, 52.7513], [13.9077, 52.7507], [13.9049, 52.7492], [13.9049, 52.7484], [13.9076, 52.7461], [13.9117, 52.7434], [13.9135, 52.7407], [13.912, 52.738], [13.9095, 52.7372], [13.9073, 52.7353], [13.9059, 52.7325], [13.906, 52.7299], [13.9083, 52.7262], [13.9064, 52.725], [13.9006, 52.7257], [13.8983, 52.7252], [13.8943, 52.7237], [13.8916, 52.7217], [13.89, 52.7172], [13.884, 52.7126], [13.8847, 52.7115], [13.8896, 52.7119], [13.8924, 52.7107], [13.8924, 52.71], [13.8886, 52.7087], [13.8905, 52.7052], [13.8892, 52.7045], [13.8766, 52.7056], [13.8703, 52.7052], [13.8658, 52.7009], [13.8556, 52.6953], [13.8539, 52.6931], [13.8551, 52.6895], [13.8598, 52.6874], [13.8633, 52.6877], [13.8647, 52.6886], [13.8662, 52.6884], [13.8673, 52.6917], [13.8727, 52.6938], [13.8763, 52.6987], [13.8772, 52.7017], [13.879, 52.7029], [13.8859, 52.7034], [13.8877, 52.7033], [13.8885, 52.7021], [13.887, 52.7012], [13.8806, 52.7005], [13.8821, 52.6983], [13.8809, 52.6953], [13.88, 52.6976], [13.8772, 52.6981], [13.8698, 52.6888], [13.8651, 52.6865], [13.8593, 52.6789], [13.8537, 52.676], [13.8522, 52.6736], [13.8536, 52.6702], [13.8529, 52.6688], [13.8529, 52.6638], [13.8488, 52.6577], [13.8418, 52.6523], [13.8414, 52.6508], [13.8432, 52.6489], [13.838, 52.6522], [13.8484, 52.6597], [13.8491, 52.6629], [13.8501, 52.6632], [13.8508, 52.6653], [13.8501, 52.6677], [13.8517, 52.6769], [13.8587, 52.6815], [13.8639, 52.687], [13.8622, 52.6869], [13.859, 52.6832], [13.8592, 52.6849], [13.858, 52.6866], [13.8536, 52.6882], [13.8511, 52.6879], [13.8493, 52.6889], [13.851, 52.6993]], [[13.8839, 52.7145], [13.8885, 52.7188], [13.8871, 52.7189], [13.88, 52.7127], [13.8839, 52.7145]]], [[[13.8287, 52.6228], [13.8317, 52.6199], [13.8326, 52.6169], [13.8304, 52.6132], [13.8304, 52.6111], [13.8279, 52.6088], [13.8266, 52.6135], [13.8267, 52.6192], [13.8198, 52.6266], [13.8206, 52.6271], [13.8282, 52.6251], [13.8287, 52.6228]]], [[[13.8357, 52.6355], [13.8367, 52.6346], [13.836, 52.6342], [13.8344, 52.6355], [13.8334, 52.6353], [13.8336, 52.6372], [13.8357, 52.6388], [13.8357, 52.6355]]]], "type": "MultiPolygon"}, "properties": {"BEMERKUNG": null, "GEN_ID": 873, "GL_ID": 322.0, "SYM_NR": "432", "feature_kind": "soil_unit", "general_unit_de": "Braunerden und Fahlerde-Braunerden mit Gley-Braunerden aus lehmigem Geschiebesand", "general_unit_en": "Brown soils and Fahlerde-brown soils with gley-brown soils from lehmigem glacial till sand", "lead_horizon_count": 5.0, "lead_profile_de": "Normbraunerde", "lead_profile_en": "Typical brown soil", "legend_unit_de": "Braunerden und Fahlerde-Braunerden mit Gley-Braunerden aus lehmigem Geschiebesand oder lehmiger Sandflie\u00dferde", "legend_unit_en": "Brown soils and Fahlerde-brown soils with gley-brown soils from lehmigem glacial till sand oder lehmiger Sandflie\u00dferde", "parent_material_code": "3.2.2.1", "parent_material_de": "Geschiebesand", "parent_material_en": "Glacial till sand", "profile_count": 5.0, "profile_summary_de": "Normbraunerde | 5 Profile | 5 Horizonte im Leitprofil", "profile_summary_en": "Typical brown soil | 5 profiles | 5 horizons in lead profile", "semantic_source": "sqlite-buek250-v10", "semantic_version": "buek250-soil-semantics-v1", "soil_group_de": "Braunerden", "soil_group_en": "Brown soils", "soil_group_key": "brown-soils", "soil_label_de": "Braunerden und Fahlerde-Braunerden mit Gley-Braunerden aus lehmigem Geschiebesand oder lehmiger Sandflie\u00dferde", "soil_label_en": "Brown soils and Fahlerde-brown soils with gley-brown soils from lehmigem glacial till sand oder lehmiger Sandflie\u00dferde", "soil_type_primary_de": "Braunerden", "soil_type_primary_en": "Brown soils", "soil_type_secondary_de": null, "soil_type_secondary_en": null, "soil_type_tertiary_de": null, "soil_type_tertiary_en": null, "source_note_de": null, "source_note_en": null, "special_area_kind": null}, "type": "Feature"}, {"geometry": {"coordinates": [[[[13.8105, 52.4474], [13.8186, 52.4485], [13.8262, 52.4485], [13.8273, 52.449], [13.8281, 52.4528], [13.8305, 52.4544], [13.8335, 52.4539], [13.8343, 52.4531], [13.8337, 52.451], [13.8387, 52.4508], [13.8422, 52.4517], [13.8453, 52.4544], [13.8552, 52.46], [13.8577, 52.4637], [13.8612, 52.4665], [13.873, 52.4709], [13.883, 52.4717], [13.89, 52.4743], [13.8953, 52.4774], [13.8977, 52.483], [13.8993, 52.4839], [13.899, 52.4848], [13.9017, 52.4851], [13.9032, 52.4838], [13.9005, 52.4804], [13.8972, 52.4719], [13.8926, 52.4683], [13.8858, 52.4671], [13.8792, 52.4577], [13.8697, 52.4535], [13.8547, 52.453], [13.8517, 52.4573], [13.8238, 52.438], [13.803, 52.4393], [13.8032, 52.4437], [13.7991, 52.4441], [13.8105, 52.4474]]], [[[13.9528, 52.48], [13.9582, 52.4816], [13.962, 52.4848], [13.9766, 52.4871], [13.9907, 52.4906], [14.0045, 52.4961], [14.0088, 52.5003], [14.021, 52.5075], [14.0265, 52.5126], [14.0302, 52.5183], [14.0338, 52.5223], [14.0395, 52.5317], [14.0465, 52.5381], [14.0479, 52.5412], [14.0508, 52.5432], [14.0515, 52.5456], [14.0496, 52.5453], [14.0432, 52.5415], [14.0343, 52.5397], [14.0397, 52.5431], [14.0536, 52.5485], [14.059, 52.5518], [14.0672, 52.5494], [14.0669, 52.547], [14.0639, 52.5432], [14.064, 52.5417], [14.0657, 52.5406], [14.0619, 52.538], [14.0568, 52.5394], [14.0521, 52.5383], [14.045, 52.5344], [14.0404, 52.5286], [14.0372, 52.5221], [14.0305, 52.5129], [14.024, 52.5068], [14.0198, 52.5041], [14.0184, 52.5016], [14.0164, 52.5013], [14.0118, 52.4974], [14.0068, 52.4946], [13.9996, 52.4915], [13.9815, 52.4862], [13.9802, 52.4845], [13.981, 52.4817], [13.9786, 52.4797], [13.9774, 52.4769], [13.9752, 52.4745], [13.9749, 52.4718], [13.9768, 52.4705], [13.982, 52.4705], [13.9843, 52.4686], [13.9881, 52.4685], [13.9917, 52.47], [13.9957, 52.4753], [14.0014, 52.4765], [13.9999, 52.4752], [14.0006, 52.4741], [13.9988, 52.4734], [13.9974, 52.4712], [13.9959, 52.4703], [13.9949, 52.4684], [13.9963, 52.4672], [13.9921, 52.4679], [13.9877, 52.4655], [13.9779, 52.4686], [13.9706, 52.4688], [13.9688, 52.4708], [13.9629, 52.4697], [13.9608, 52.4727], [13.9584, 52.4725], [13.9539, 52.4737], [13.9503, 52.4769], [13.9485, 52.4768], [13.9493, 52.478], [13.9528, 52.48]]], [[[13.9974, 52.465], [13.9994, 52.4698], [14.0009, 52.4689], [14.0066, 52.4725], [14.0306, 52.479], [14.0335, 52.4789], [14.0323, 52.4775], [14.0089, 52.4712], [14.0033, 52.4687], [13.9995, 52.4653], [13.9947, 52.4635], [13.994, 52.4642], [13.9974, 52.465]]], [[[14.1443, 52.7067], [14.1484, 52.7045], [14.1519, 52.7044], [14.1586, 52.6992], [14.1655, 52.6963], [14.1689, 52.6925], [14.1679, 52.6862], [14.1696, 52.6824], [14.1669, 52.6819], [14.1628, 52.6793], [14.1603, 52.6798], [14.1588, 52.6787], [14.1574, 52.669], [14.1593, 52.6663], [14.1641, 52.6671], [14.1655, 52.6633], [14.1687, 52.6637], [14.1702, 52.6629], [14.1726, 52.6598], [14.1721, 52.6575], [14.1735, 52.6551], [14.177, 52.6528], [14.1871, 52.6569], [14.1919, 52.6525], [14.1946, 52.6528], [14.1952, 52.6542], [14.1915, 52.6575], [14.1938, 52.6592], [14.1922, 52.663], [14.1927, 52.6637], [14.1939, 52.6637], [14.1997, 52.6602], [14.2016, 52.6578], [14.2041, 52.6568], [14.2052, 52.6524], [14.2064, 52.6508], [14.2142, 52.6476], [14.2143, 52.6467], [14.2131, 52.6461], [14.2118, 52.6469], [14.2089, 52.6469], [14.2052, 52.6492], [14.2025, 52.6497], [14.1996, 52.6492], [14.1952, 52.6469], [14.1872, 52.6475], [14.1863, 52.6469], [14.1878, 52.6456], [14.1958, 52.6449], [14.1987, 52.6454], [14.2013, 52.6475], [14.2033, 52.6481], [14.2074, 52.6456], [14.2112, 52.6457], [14.2095, 52.644], [14.2113, 52.6388], [14.2099, 52.6357], [14.2019, 52.6314], [14.1994, 52.6266], [14.2014, 52.6233], [14.2042, 52.6224], [14.2051, 52.6228], [14.2072, 52.6278], [14.2087, 52.6292], [14.2136, 52.6299], [14.2148, 52.6294], [14.2154, 52.6281], [14.212, 52.6252], [14.2078, 52.618], [14.2041, 52.6159], [14.2045, 52.6137], [14.2033, 52.6119], [14.1973, 52.6105], [14.1984, 52.6098], [14.1976, 52.6095], [14.1967, 52.6102], [14.1888, 52.6075], [14.1886, 52.6064], [14.1896, 52.6061], [14.1915, 52.6074], [14.1922, 52.6069], [14.1895, 52.6045], [14.1859, 52.6052], [14.1714, 52.5998], [14.1667, 52.6012], [14.158, 52.5949], [14.1565, 52.5953], [14.16, 52.5998], [14.1654, 52.6044], [14.1625, 52.6007], [14.1651, 52.6015], [14.167, 52.6034], [14.1693, 52.6042], [14.1695, 52.605], [14.1733, 52.606], [14.1759, 52.6049], [14.1784, 52.6065], [14.1771, 52.6074], [14.1825, 52.609], [14.1846, 52.6085], [14.1852, 52.6098], [14.1878, 52.611], [14.1885, 52.6128], [14.1953, 52.6122], [14.1992, 52.6149], [14.1987, 52.6159], [14.2, 52.6162], [14.2007, 52.6179], [14.198, 52.6191], [14.1951, 52.6183], [14.1928, 52.6187], [14.1931, 52.6231], [14.1926, 52.6254], [14.1918, 52.6259], [14.1897, 52.6266], [14.1861, 52.6264], [14.1813, 52.6248], [14.1773, 52.626], [14.1734, 52.6302], [14.172, 52.6345], [14.1696, 52.6377], [14.1678, 52.6391], [14.161, 52.64], [14.1576, 52.6418], [14.1573, 52.6466], [14.1585, 52.6496], [14.1628, 52.653], [14.1629, 52.6577], [14.1604, 52.6602], [14.1559, 52.6627], [14.1543, 52.6651], [14.1541, 52.6716], [14.1522, 52.6744], [14.152, 52.6776], [14.1499, 52.684], [14.1508, 52.6934], [14.1478, 52.6956], [14.1396, 52.6965], [14.1369, 52.6982], [14.1363, 52.7005], [14.1324, 52.7064], [14.1336, 52.7135], [14.1352, 52.7116], [14.1383, 52.7106], [14.1382, 52.7065], [14.1443, 52.7067]]], [[[13.6203, 52.4836], [13.6192, 52.4732], [13.6218, 52.4711], [13.6229, 52.469], [13.6125, 52.4711], [13.6154, 52.4744], [13.6154, 52.4808], [13.6189, 52.4837], [13.6203, 52.4836]]], [[[14.2239, 52.652], [14.2246, 52.6502], [14.2296, 52.6462], [14.2309, 52.644], [14.2349, 52.6434], [14.2393, 52.6446], [14.242, 52.6442], [14.2486, 52.6389], [14.2491, 52.6323], [14.2623, 52.6265], [14.2635, 52.6238], [14.2635, 52.622], [14.2664, 52.619], [14.2624, 52.6144], [14.259, 52.6136], [14.2582, 52.6126], [14.2577, 52.6075], [14.2556, 52.6045], [14.2554, 52.6027], [14.2585, 52.5984], [14.258, 52.5974], [14.253, 52.5986], [14.2489, 52.6015], [14.2454, 52.6013], [14.2465, 52.6045], [14.2428, 52.6029], [14.2395, 52.6036], [14.2346, 52.608], [14.2352, 52.6125], [14.2326, 52.6138], [14.2327, 52.6172], [14.2311, 52.6189], [14.2257, 52.6171], [14.2241, 52.6144], [14.225, 52.6137], [14.2283, 52.6144], [14.2308, 52.613], [14.2313, 52.6114], [14.2294, 52.6101], [14.2293, 52.607], [14.2366, 52.6019], [14.2361, 52.6002], [14.2307, 52.6004], [14.2225, 52.6031], [14.2212, 52.6015], [14.2064, 52.6015], [14.2037, 52.5998], [14.1991, 52.6011], [14.1959, 52.6007], [14.1935, 52.5994], [14.1946, 52.6016], [14.1944, 52.6034], [14.1954, 52.6043], [14.2073, 52.6072], [14.2137, 52.611], [14.2189, 52.6115], [14.2192, 52.6135], [14.2181, 52.6137], [14.2232, 52.6215], [14.2227, 52.623], [14.2273, 52.6231], [14.2335, 52.6219], [14.2503, 52.6205], [14.2579, 52.6179], [14.2596, 52.6182], [14.2592, 52.6208], [14.2567, 52.6225], [14.2534, 52.6237], [14.2459, 52.6238], [14.2431, 52.6263], [14.2369, 52.6287], [14.2364, 52.6311], [14.2371, 52.6347], [14.2362, 52.6361], [14.2348, 52.6362], [14.233, 52.6352], [14.2334, 52.6285], [14.2321, 52.6262], [14.2289, 52.6254], [14.2254, 52.6261], [14.2296, 52.638], [14.2246, 52.6417], [14.2256, 52.6446], [14.2242, 52.6466], [14.2217, 52.6474], [14.2185, 52.647], [14.2169, 52.6485], [14.2203, 52.6497], [14.2206, 52.6524], [14.2239, 52.652]]], [[[14.2879, 52.5972], [14.2894, 52.5943], [14.2979, 52.5881], [14.301, 52.5884], [14.3045, 52.5876], [14.3028, 52.5868], [14.3021, 52.5843], [14.3027, 52.5826], [14.3137, 52.5818], [14.3164, 52.5803], [14.3166, 52.5786], [14.3141, 52.5767], [14.3138, 52.5778], [14.3124, 52.5782], [14.3054, 52.5774], [14.301, 52.5788], [14.296, 52.5783], [14.2918, 52.58], [14.2902, 52.5799], [14.2785, 52.5766], [14.2745, 52.5766], [14.2653, 52.5732], [14.2628, 52.5745], [14.2607, 52.5784], [14.2572, 52.5824], [14.2489, 52.5839], [14.2451, 52.5857], [14.2386, 52.5904], [14.2357, 52.5939], [14.2408, 52.5939], [14.2407, 52.5908], [14.2435, 52.5889], [14.2488, 52.5882], [14.2555, 52.5856], [14.2632, 52.584], [14.268, 52.5814], [14.2717, 52.5813], [14.2877, 52.5848], [14.2882, 52.5876], [14.2908, 52.5881], [14.2911, 52.589], [14.2892, 52.5901], [14.2821, 52.5901], [14.2799, 52.5924], [14.2784, 52.5988], [14.2816, 52.6001], [14.285, 52.5976], [14.2879, 52.5972]]], [[[13.9061, 52.4832], [13.9094, 52.4847], [13.9099, 52.4837], [13.9164, 52.4839], [13.9179, 52.4823], [13.9183, 52.4804], [13.9298, 52.4809], [13.9419, 52.4782], [13.9364, 52.4758], [13.9266, 52.4738], [13.9156, 52.475], [13.9007, 52.4737], [13.9061, 52.4832]]], [[[14.1231, 52.8456], [14.121, 52.8396], [14.123, 52.8352], [14.1108, 52.8368], [14.0953, 52.8353], [14.0891, 52.8312], [14.0857, 52.8322], [14.0831, 52.8345], [14.083, 52.837], [14.0803, 52.8415], [14.0806, 52.8426], [14.0835, 52.8448], [14.085, 52.8446], [14.0875, 52.843], [14.0927, 52.8448], [14.0955, 52.844], [14.1032, 52.8438], [14.1084, 52.846], [14.1175, 52.8466], [14.1231, 52.8456]]], [[[14.0761, 52.7733], [14.0835, 52.7726], [14.0873, 52.7702], [14.0882, 52.7667], [14.0842, 52.7685], [14.0755, 52.7686], [14.0697, 52.7641], [14.0634, 52.7621], [14.0638, 52.763], [14.0622, 52.7644], [14.0631, 52.7656], [14.0567, 52.7709], [14.0491, 52.7746], [14.0417, 52.7759], [14.038, 52.7795], [14.0408, 52.7828], [14.0412, 52.7846], [14.0462, 52.7807], [14.0588, 52.7777], [14.0703, 52.7722], [14.0761, 52.7733]]], [[[14.1409, 52.7249], [14.1416, 52.7214], [14.138, 52.7231], [14.136, 52.7212], [14.1329, 52.7203], [14.1313, 52.7168], [14.1296, 52.7173], [14.1242, 52.7163], [14.1133, 52.7123], [14.1079, 52.709], [14.1051, 52.7095], [14.1048, 52.711], [14.106, 52.712], [14.1178, 52.7151], [14.1191, 52.7159], [14.1196, 52.7174], [14.1248, 52.7179], [14.1292, 52.7201], [14.1268, 52.7247], [14.1177, 52.7284], [14.121, 52.7315], [14.1215, 52.7356], [14.1196, 52.7381], [14.1273, 52.7392], [14.1296, 52.7377], [14.1409, 52.7249]]], [[[14.0832, 52.5797], [14.0916, 52.5815], [14.1002, 52.5798], [14.1059, 52.5799], [14.1082, 52.5783], [14.1083, 52.5774], [14.1077, 52.5762], [14.1021, 52.5746], [14.0979, 52.5763], [14.0914, 52.5765], [14.0874, 52.5741], [14.087, 52.5715], [14.0849, 52.5708], [14.0823, 52.5713], [14.0847, 52.5735], [14.0847, 52.575], [14.0799, 52.5754], [14.0783, 52.5747], [14.0759, 52.5753], [14.0745, 52.5761], [14.0735, 52.5782], [14.0691, 52.5755], [14.0684, 52.577], [14.0637, 52.5777], [14.0638, 52.58], [14.0687, 52.5804], [14.0681, 52.5829], [14.0687, 52.5834], [14.0778, 52.5799], [14.0832, 52.5797]], [[14.0953, 52.5786], [14.0955, 52.5793], [14.0926, 52.5805], [14.091, 52.5804], [14.092, 52.579], [14.0953, 52.5786]], [[14.099, 52.5777], [14.1019, 52.5763], [14.1069, 52.5762], [14.1079, 52.5771], [14.1064, 52.5781], [14.0991, 52.5782], [14.099, 52.5777]]], [[[14.2662, 52.5928], [14.2713, 52.5909], [14.2772, 52.5899], [14.2796, 52.5889], [14.2809, 52.5874], [14.2794, 52.5858], [14.277, 52.5859], [14.2659, 52.5903], [14.2461, 52.5942], [14.2464, 52.5957], [14.2484, 52.5958], [14.2616, 52.5928], [14.2662, 52.5928]]], [[[14.349, 52.5683], [14.3477, 52.5691], [14.3481, 52.5745], [14.3472, 52.5764], [14.3482, 52.5774], [14.3498, 52.5776], [14.3599, 52.572], [14.3605, 52.5697], [14.3561, 52.5685], [14.349, 52.5683]]], [[[13.8672, 52.5628], [13.8694, 52.5595], [13.8719, 52.5585], [13.8738, 52.5543], [13.8752, 52.5533], [13.8716, 52.5512], [13.8699, 52.5542], [13.8668, 52.5568], [13.8619, 52.5576], [13.8589, 52.5577], [13.8559, 52.5566], [13.855, 52.5572], [13.8555, 52.5597], [13.8608, 52.5594], [13.8642, 52.5603], [13.8649, 52.5626], [13.8647, 52.5652], [13.8656, 52.5662], [13.8667, 52.5652], [13.8672, 52.5628]]], [[[14.0825, 52.737], [14.0794, 52.7376], [14.0927, 52.7404], [14.099, 52.7433], [14.1012, 52.7454], [14.1051, 52.7466], [14.1051, 52.745], [14.0956, 52.7395], [14.0825, 52.737]]], [[[14.1936, 52.6144], [14.1931, 52.614], [14.1919, 52.614], [14.1936, 52.6144]]]], "type": "MultiPolygon"}, "properties": {"BEMERKUNG": null, "GEN_ID": 964, "GL_ID": 352.0, "SYM_NR": "550", "feature_kind": "soil_unit", "general_unit_de": "Braunerden und Gley-Braunerden mit Braunerde-Gleyen und Gleyen aus (Decksand \u00fcber) Niederungssand oder Flusssand", "general_unit_en": "Brown soils and gley-brown soils with brown soil-gley soilsn and gley soilsn from (Decksand over) lowland sand oder Flusssand", "lead_horizon_count": 5.0, "lead_profile_de": "Normbraunerde", "lead_profile_en": "Typical brown soil", "legend_unit_de": "Braunerden mit Gleyen aus Niederungssand", "legend_unit_en": "Brown soils with gley soilsn from lowland sand", "parent_material_code": "3.4.1.1", "parent_material_de": "Niederungssand", "parent_material_en": "Lowland sand", "profile_count": 7.0, "profile_summary_de": "Normbraunerde | 7 Profile | 5 Horizonte im Leitprofil", "profile_summary_en": "Typical brown soil | 7 profiles | 5 horizons in lead profile", "semantic_source": "sqlite-buek250-v10", "semantic_version": "buek250-soil-semantics-v1", "soil_group_de": "Braunerden", "soil_group_en": "Brown soils", "soil_group_key": "brown-soils", "soil_label_de": "Braunerden mit Gleyen aus Niederungssand", "soil_label_en": "Brown soils with gley soilsn from lowland sand", "soil_type_primary_de": "Braunerden", "soil_type_primary_en": "Brown soils", "soil_type_secondary_de": "Gleye", "soil_type_secondary_en": "Gley soils", "soil_type_tertiary_de": null, "soil_type_tertiary_en": null, "source_note_de": null, "source_note_en": null, "special_area_kind": null}, "type": "Feature"}, {"geometry": {"coordinates": [[[[14.1431, 52.7095], [14.1442, 52.7087], [14.153, 52.7085], [14.1587, 52.7058], [14.1629, 52.7027], [14.1644, 52.7028], [14.1696, 52.7006], [14.1704, 52.7011], [14.1706, 52.6961], [14.1756, 52.6953], [14.1775, 52.6938], [14.1759, 52.6907], [14.1761, 52.6847], [14.1769, 52.6827], [14.1799, 52.6804], [14.1843, 52.6818], [14.188, 52.6784], [14.1882, 52.6767], [14.184, 52.6773], [14.1821, 52.676], [14.1818, 52.6746], [14.1943, 52.6707], [14.1931, 52.6658], [14.1888, 52.6693], [14.1818, 52.6699], [14.1779, 52.6692], [14.1697, 52.6652], [14.1676, 52.6652], [14.1693, 52.6686], [14.1746, 52.6709], [14.1785, 52.6714], [14.1794, 52.6723], [14.1732, 52.675], [14.1751, 52.6784], [14.1747, 52.6797], [14.1722, 52.6794], [14.1704, 52.6803], [14.1679, 52.6862], [14.1689, 52.6925], [14.1655, 52.6963], [14.1586, 52.6992], [14.1527, 52.704], [14.1484, 52.7045], [14.1443, 52.7067], [14.139, 52.7063], [14.1378, 52.7069], [14.1383, 52.7106], [14.1433, 52.7104], [14.1431, 52.7095]]], [[[13.9005, 52.4804], [13.9032, 52.4838], [13.9061, 52.4832], [13.9007, 52.4737], [13.8972, 52.4719], [13.9005, 52.4804]]], [[[13.9328, 52.4755], [13.9343, 52.4754], [13.9274, 52.4732], [13.9266, 52.4738], [13.9328, 52.4755]]], [[[13.8459, 52.5036], [13.8434, 52.501], [13.838, 52.4992], [13.8324, 52.4995], [13.8322, 52.4945], [13.8336, 52.4933], [13.8326, 52.4926], [13.8146, 52.4919], [13.8085, 52.4926], [13.8131, 52.4939], [13.814, 52.4958], [13.8204, 52.4965], [13.8249, 52.501], [13.8291, 52.5019], [13.8346, 52.5061], [13.8431, 52.5078], [13.85, 52.5135], [13.8541, 52.5139], [13.8533, 52.5126], [13.8506, 52.5121], [13.8493, 52.5107], [13.849, 52.5082], [13.8503, 52.5063], [13.8459, 52.5036]]], [[[13.7859, 52.5537], [13.7955, 52.5476], [13.8035, 52.5457], [13.81, 52.5404], [13.8159, 52.5398], [13.817, 52.5405], [13.8156, 52.5376], [13.8059, 52.5404], [13.8047, 52.5426], [13.8016, 52.5447], [13.7922, 52.5459], [13.7879, 52.5445], [13.7815, 52.5406], [13.7798, 52.5406], [13.7792, 52.5423], [13.7814, 52.5442], [13.7815, 52.5452], [13.7776, 52.5462], [13.7762, 52.545], [13.7738, 52.5491], [13.7738, 52.5504], [13.7757, 52.5519], [13.7786, 52.5595], [13.7802, 52.5586], [13.7789, 52.5546], [13.7798, 52.5536], [13.7859, 52.5537]], [[13.7824, 52.5484], [13.7833, 52.5475], [13.7832, 52.5456], [13.7853, 52.5452], [13.7881, 52.5489], [13.7854, 52.5502], [13.7848, 52.5523], [13.7835, 52.5526], [13.7785, 52.552], [13.7772, 52.5512], [13.7772, 52.5489], [13.7824, 52.5484]]], [[[14.1017, 52.852], [14.0956, 52.8512], [14.0883, 52.8516], [14.0739, 52.8501], [14.0564, 52.852], [14.0375, 52.85], [14.0457, 52.8528], [14.0574, 52.8543], [14.0637, 52.8539], [14.0691, 52.8522], [14.089, 52.8535], [14.1017, 52.852]]], [[[13.8094, 52.4971], [13.8111, 52.4979], [13.811, 52.4971], [13.8094, 52.4971]]]], "type": "MultiPolygon"}, "properties": {"BEMERKUNG": null, "GEN_ID": 971, "GL_ID": 42.0, "SYM_NR": "577", "feature_kind": "soil_unit", "general_unit_de": "Humusgleye und Anmoorgleye aus Flusssand", "general_unit_en": "Humusgley soils and Anmoorgley soils from Flusssand", "lead_horizon_count": 4.0, "lead_profile_de": "Humusgley", "lead_profile_en": "Humusgley", "legend_unit_de": "Humusgleye mit Gleyen und Anmoorgleyen aus Flusssand vergesellschaftet mit Moorgleyen aus flachem Niedermoortorf \u00fcber Flusssand", "legend_unit_en": "Humusgley soils with gley soilsn and Anmoorgley soilsn from Flusssand vergesellschaftet with Moorgley soilsn from flachem fen peat over Flusssand", "parent_material_code": "2.1.1.1", "parent_material_de": "Flusssand", "parent_material_en": "Flusssand", "profile_count": 4.0, "profile_summary_de": "Humusgley | 4 Profile | 4 Horizonte im Leitprofil", "profile_summary_en": "Humusgley | 4 profiles | 4 horizons in lead profile", "semantic_source": "sqlite-buek250-v10", "semantic_version": "buek250-soil-semantics-v1", "soil_group_de": "Gleye", "soil_group_en": "Gley soils", "soil_group_key": "gley-soils", "soil_label_de": "Humusgleye mit Gleyen und Anmoorgleyen aus Flusssand vergesellschaftet mit Moorgleyen aus flachem Niedermoortorf \u00fcber Flusssand", "soil_label_en": "Humusgley soils with gley soilsn and Anmoorgley soilsn from Flusssand vergesellschaftet with Moorgley soilsn from flachem fen peat over Flusssand", "soil_type_primary_de": "Gleye", "soil_type_primary_en": "Gley soils", "soil_type_secondary_de": null, "soil_type_secondary_en": null, "soil_type_tertiary_de": null, "soil_type_tertiary_en": null, "source_note_de": null, "source_note_en": null, "special_area_kind": null}, "type": "Feature"}, {"geometry": {"coordinates": [[[[13.7628, 52.7101], [13.7669, 52.7099], [13.7706, 52.7085], [13.7721, 52.7064], [13.7705, 52.7049], [13.7677, 52.7039], [13.7596, 52.7044], [13.7573, 52.7083], [13.7628, 52.7101]]], [[[13.8149, 52.7021], [13.8097, 52.7007], [13.7928, 52.7026], [13.7804, 52.7022], [13.7782, 52.7031], [13.7779, 52.7041], [13.781, 52.706], [13.7809, 52.7086], [13.7833, 52.711], [13.7969, 52.7134], [13.8005, 52.7134], [13.8108, 52.7105], [13.8178, 52.7116], [13.821, 52.7133], [13.8234, 52.7114], [13.823, 52.7091], [13.8149, 52.7021]]], [[[13.7959, 52.7445], [13.7945, 52.7432], [13.7957, 52.7394], [13.7954, 52.7377], [13.7921, 52.7362], [13.7855, 52.7366], [13.7899, 52.7433], [13.79, 52.7454], [13.7887, 52.7467], [13.7884, 52.7482], [13.7912, 52.7487], [13.7959, 52.7445]]]], "type": "MultiPolygon"}, "properties": {"BEMERKUNG": null, "GEN_ID": 938, "GL_ID": 425.0, "SYM_NR": "116", "feature_kind": "soil_unit", "general_unit_de": "Podsole und Regosole aus Flugsand und Podsol-Braunerden aus Flugsand oder Schmelzwassersand", "general_unit_en": "Podzols and regosole from aeolian sand and Podsol-brown soils from aeolian sand oder glaciofluvial sand", "lead_horizon_count": 9.0, "lead_profile_de": "Normpodsol", "lead_profile_en": "Typical podzol", "legend_unit_de": "Podsole und Regosole aus Flugsand \u00fcber tiefem Schmelzwassersand und Braunerde-Regosole und Podsol-Braunerden aus Flugsand", "legend_unit_en": "Podzols and regosole from aeolian sand over tiefem glaciofluvial sand and brown soil-regosole and Podsol-brown soils from aeolian sand", "parent_material_code": "4.0.3.2", "parent_material_de": "Flugsand und Schmelzwassersand", "parent_material_en": "Aeolian sand and glaciofluvial sand", "profile_count": 6.0, "profile_summary_de": "Normpodsol | 6 Profile | 9 Horizonte im Leitprofil", "profile_summary_en": "Typical podzol | 6 profiles | 9 horizons in lead profile", "semantic_source": "sqlite-buek250-v10", "semantic_version": "buek250-soil-semantics-v1", "soil_group_de": "Podsole", "soil_group_en": "Podzols", "soil_group_key": "podzols", "soil_label_de": "Podsole und Regosole aus Flugsand \u00fcber tiefem Schmelzwassersand und Braunerde-Regosole und Podsol-Braunerden aus Flugsand", "soil_label_en": "Podzols and regosole from aeolian sand over tiefem glaciofluvial sand and brown soil-regosole and Podsol-brown soils from aeolian sand", "soil_type_primary_de": "Podsole", "soil_type_primary_en": "Podzols", "soil_type_secondary_de": "Ah/C-B\u00f6den", "soil_type_secondary_en": "Ah/C soils", "soil_type_tertiary_de": null, "soil_type_tertiary_en": null, "source_note_de": null, "source_note_en": null, "special_area_kind": null}, "type": "Feature"}, {"geometry": {"coordinates": [[[[14.1282, 52.852], [14.1231, 52.8456], [14.1166, 52.8466], [14.1084, 52.846], [14.1041, 52.8446], [14.102, 52.8452], [14.1014, 52.847], [14.0977, 52.8475], [14.0958, 52.847], [14.0962, 52.8456], [14.1004, 52.8441], [14.0955, 52.844], [14.0927, 52.8448], [14.0875, 52.843], [14.085, 52.8446], [14.0835, 52.8448], [14.0803, 52.842], [14.0831, 52.8364], [14.0831, 52.8345], [14.082, 52.834], [14.0793, 52.8355], [14.0787, 52.8386], [14.0759, 52.838], [14.0758, 52.8411], [14.0744, 52.842], [14.0757, 52.8477], [14.0775, 52.8483], [14.077, 52.8498], [14.0791, 52.8509], [14.1023, 52.852], [14.1073, 52.851], [14.1099, 52.8521], [14.1154, 52.8512], [14.1186, 52.8524], [14.1282, 52.852]], [[14.0864, 52.8457], [14.0881, 52.8468], [14.0856, 52.8472], [14.0836, 52.8464], [14.0864, 52.8457]]], [[[13.9715, 52.4959], [13.9889, 52.5042], [13.9895, 52.5072], [13.9912, 52.5085], [13.9973, 52.5099], [13.9992, 52.5113], [14.006, 52.5126], [14.0127, 52.5181], [14.0163, 52.5229], [14.0183, 52.5275], [14.0333, 52.5392], [14.0346, 52.538], [14.0356, 52.5363], [14.0352, 52.5355], [14.0258, 52.5311], [14.0095, 52.5128], [14.0016, 52.5079], [13.9972, 52.5063], [13.9785, 52.4964], [13.9641, 52.4905], [13.9647, 52.4918], [13.9715, 52.4959]]], [[[13.9602, 52.4879], [13.9641, 52.4905], [13.9635, 52.4889], [13.9595, 52.4856], [13.9593, 52.4847], [13.9609, 52.4843], [13.9582, 52.4816], [13.9517, 52.4795], [13.9485, 52.4768], [13.945, 52.4766], [13.9431, 52.4786], [13.9602, 52.4879]]], [[[13.943, 52.476], [13.9379, 52.4742], [13.9364, 52.4758], [13.9413, 52.4779], [13.943, 52.476]]]], "type": "MultiPolygon"}, "properties": {"BEMERKUNG": null, "GEN_ID": 970, "GL_ID": 50.0, "SYM_NR": "578", "feature_kind": "soil_unit", "general_unit_de": "Humusgleye und Gleye mit Anmoorgleyen aus Flusssand (oder Niederungssand) und Erdniedermoore \u00fcber Flusssand", "general_unit_en": "Humusgley soils and gley soils with Anmoorgley soilsn from Flusssand (oder lowland sand) and Erdfens over Flusssand", "lead_horizon_count": 4.0, "lead_profile_de": "Humusgley", "lead_profile_en": "Humusgley", "legend_unit_de": "Humusgleye und Anmoorgleye aus Flusssand und Erdniedermoore mit Moorgleyen aus (flachem) Niedermoortorf \u00fcber Flusssand", "legend_unit_en": "Humusgley soils and Anmoorgley soils from Flusssand and Erdfens with Moorgley soilsn from (flachem) fen peat over Flusssand", "parent_material_code": "2.1.1.2", "parent_material_de": "Flusssand und Niedermoortorf", "parent_material_en": "Flusssand and fen peat", "profile_count": 5.0, "profile_summary_de": "Humusgley | 5 Profile | 4 Horizonte im Leitprofil", "profile_summary_en": "Humusgley | 5 profiles | 4 horizons in lead profile", "semantic_source": "sqlite-buek250-v10", "semantic_version": "buek250-soil-semantics-v1", "soil_group_de": "Gleye", "soil_group_en": "Gley soils", "soil_group_key": "gley-soils", "soil_label_de": "Humusgleye und Anmoorgleye aus Flusssand und Erdniedermoore mit Moorgleyen aus (flachem) Niedermoortorf \u00fcber Flusssand", "soil_label_en": "Humusgley soils and Anmoorgley soils from Flusssand and Erdfens with Moorgley soilsn from (flachem) fen peat over Flusssand", "soil_type_primary_de": "Gleye", "soil_type_primary_en": "Gley soils", "soil_type_secondary_de": "Niedermoore", "soil_type_secondary_en": "Fens", "soil_type_tertiary_de": null, "soil_type_tertiary_en": null, "source_note_de": null, "source_note_en": null, "special_area_kind": null}, "type": "Feature"}, {"geometry": {"coordinates": [[[13.8696, 52.5456], [13.8702, 52.5476], [13.8727, 52.5492], [13.872, 52.5505], [13.8725, 52.5519], [13.8746, 52.553], [13.8762, 52.5494], [13.8735, 52.5468], [13.8739, 52.5439], [13.8728, 52.5435], [13.8696, 52.5456]]], "type": "Polygon"}, "properties": {"BEMERKUNG": "Herrensee", "GEN_ID": null, "GL_ID": null, "SYM_NR": null, "feature_kind": "water_area", "general_unit_de": null, "general_unit_en": null, "lead_horizon_count": null, "lead_profile_de": null, "lead_profile_en": null, "legend_unit_de": null, "legend_unit_en": null, "parent_material_code": null, "parent_material_de": null, "parent_material_en": null, "profile_count": null, "profile_summary_de": null, "profile_summary_en": null, "semantic_source": "raw-buek250-feature", "semantic_version": "buek250-soil-semantics-v1", "soil_group_de": "Gew\u00e4sser", "soil_group_en": "Water area", "soil_group_key": "water-area", "soil_label_de": "Herrensee", "soil_label_en": "Herrensee", "soil_type_primary_de": null, "soil_type_primary_en": null, "soil_type_secondary_de": null, "soil_type_secondary_en": null, "soil_type_tertiary_de": null, "soil_type_tertiary_en": null, "source_note_de": "Herrensee", "source_note_en": "Herrensee", "special_area_kind": "water_area"}, "type": "Feature"}, {"geometry": {"coordinates": [[[[14.3692, 52.4471], [14.3727, 52.4505], [14.373, 52.4519], [14.3743, 52.452], [14.3735, 52.4491], [14.3724, 52.4488], [14.3711, 52.4469], [14.3697, 52.4465], [14.3692, 52.4471]]], [[[13.976, 52.5412], [13.9751, 52.5404], [13.9703, 52.5413], [13.968, 52.5427], [13.9643, 52.5392], [13.9598, 52.5385], [13.9603, 52.5396], [13.9639, 52.5411], [13.966, 52.5436], [13.9748, 52.5437], [13.976, 52.5412]]], [[[14.073, 52.6496], [14.0724, 52.6479], [14.0707, 52.6494], [14.0716, 52.6504], [14.0757, 52.6509], [14.074, 52.6523], [14.0745, 52.6527], [14.0774, 52.651], [14.0773, 52.65], [14.0762, 52.6494], [14.073, 52.6496]]], [[[13.8646, 52.689], [13.8659, 52.6926], [13.8712, 52.6941], [13.8745, 52.6994], [13.8762, 52.6996], [13.8763, 52.6987], [13.8727, 52.6938], [13.8673, 52.6917], [13.8665, 52.6888], [13.8656, 52.6883], [13.8646, 52.689]]], [[[13.8801, 52.7129], [13.8818, 52.7146], [13.8837, 52.7155], [13.8871, 52.7189], [13.8885, 52.7188], [13.8839, 52.7145], [13.8801, 52.7129]]]], "type": "MultiPolygon"}, "properties": {"BEMERKUNG": "Langer See", "GEN_ID": null, "GL_ID": null, "SYM_NR": null, "feature_kind": "water_area", "general_unit_de": null, "general_unit_en": null, "lead_horizon_count": null, "lead_profile_de": null, "lead_profile_en": null, "legend_unit_de": null, "legend_unit_en": null, "parent_material_code": null, "parent_material_de": null, "parent_material_en": null, "profile_count": null, "profile_summary_de": null, "profile_summary_en": null, "semantic_source": "raw-buek250-feature", "semantic_version": "buek250-soil-semantics-v1", "soil_group_de": "Gew\u00e4sser", "soil_group_en": "Water area", "soil_group_key": "water-area", "soil_label_de": "Langer See", "soil_label_en": "Langer See", "soil_type_primary_de": null, "soil_type_primary_en": null, "soil_type_secondary_de": null, "soil_type_secondary_en": null, "soil_type_tertiary_de": null, "soil_type_tertiary_en": null, "source_note_de": "Langer See", "source_note_en": "Langer See", "special_area_kind": "water_area"}, "type": "Feature"}, {"geometry": {"coordinates": [[[[14.1414, 52.8857], [14.1419, 52.8865], [14.1433, 52.8865], [14.1438, 52.8855], [14.1456, 52.8857], [14.147, 52.8867], [14.1474, 52.8885], [14.1459, 52.8917], [14.1474, 52.892], [14.1463, 52.8928], [14.1512, 52.891], [14.1528, 52.8881], [14.1527, 52.886], [14.1494, 52.8799], [14.149, 52.8748], [14.1461, 52.8724], [14.1436, 52.8738], [14.1435, 52.8764], [14.1422, 52.8767], [14.138, 52.874], [14.134, 52.8728], [14.1257, 52.8739], [14.1215, 52.8758], [14.1182, 52.8753], [14.1162, 52.8737], [14.1025, 52.8735], [14.0997, 52.8753], [14.0957, 52.8736], [14.0865, 52.8732], [14.084, 52.8742], [14.0809, 52.8729], [14.0714, 52.8723], [14.0695, 52.8731], [14.0672, 52.8755], [14.0639, 52.8717], [14.0622, 52.8711], [14.0607, 52.872], [14.0603, 52.8844], [14.0651, 52.887], [14.0729, 52.8983], [14.0794, 52.9007], [14.0813, 52.8991], [14.0792, 52.8937], [14.0824, 52.8909], [14.0926, 52.8978], [14.0957, 52.9027], [14.1163, 52.9022], [14.1241, 52.9033], [14.1271, 52.8971], [14.1243, 52.896], [14.1259, 52.8915], [14.13, 52.8912], [14.1306, 52.8899], [14.1314, 52.8901], [14.1322, 52.8858], [14.1414, 52.8857]]], [[[14.0303, 52.8482], [14.0375, 52.85], [14.0564, 52.852], [14.0739, 52.8501], [14.0789, 52.8508], [14.077, 52.8498], [14.0775, 52.8483], [14.0761, 52.848], [14.0754, 52.8469], [14.0756, 52.8449], [14.0744, 52.8424], [14.0758, 52.8411], [14.0755, 52.8394], [14.0713, 52.8412], [14.0671, 52.8407], [14.065, 52.843], [14.0649, 52.844], [14.0679, 52.8429], [14.0736, 52.8466], [14.0727, 52.8473], [14.0683, 52.8456], [14.0658, 52.8456], [14.059, 52.8482], [14.0564, 52.8502], [14.0522, 52.8507], [14.0318, 52.8463], [14.0223, 52.8428], [14.0144, 52.8387], [14.0177, 52.8385], [14.0183, 52.8369], [14.0271, 52.837], [14.0332, 52.8412], [14.0414, 52.8438], [14.0469, 52.8408], [14.0503, 52.8404], [14.0533, 52.8425], [14.0543, 52.8443], [14.0616, 52.8447], [14.0612, 52.8411], [14.0644, 52.8383], [14.0646, 52.836], [14.0562, 52.838], [14.0552, 52.8373], [14.0562, 52.834], [14.0537, 52.8352], [14.0475, 52.8351], [14.0424, 52.8364], [14.0375, 52.8343], [14.0356, 52.8325], [14.0374, 52.8285], [14.0365, 52.8268], [14.0336, 52.8261], [14.0301, 52.8266], [14.0255, 52.8241], [14.018, 52.8228], [14.0156, 52.8213], [14.018, 52.8192], [14.0294, 52.817], [14.0373, 52.8132], [14.0397, 52.8092], [14.039, 52.8076], [14.036, 52.8078], [14.0275, 52.8108], [14.0201, 52.8149], [14.0143, 52.8169], [14.0071, 52.8232], [14.0043, 52.8285], [14.0048, 52.8323], [14.0036, 52.8338], [14.0036, 52.8356], [14.0074, 52.8402], [14.0266, 52.8485], [14.0303, 52.8482]]], [[[14.1036, 52.7353], [14.1007, 52.7386], [14.1001, 52.7406], [14.1005, 52.7422], [14.1054, 52.7455], [14.1066, 52.7438], [14.1148, 52.7377], [14.1161, 52.7359], [14.1162, 52.7337], [14.1147, 52.7317], [14.1121, 52.7313], [14.1036, 52.7353]]]], "type": "MultiPolygon"}, "properties": {"BEMERKUNG": null, "GEN_ID": 963, "GL_ID": 365.0, "SYM_NR": "549", "feature_kind": "soil_unit", "general_unit_de": "Gley-Braunerden und Braunerden mit Podsol-Braunerden aus Decksand/Flugsand \u00fcber Niederungssand mit Regosolen und Podsolen aus Flugsand", "general_unit_en": "Gley-brown soils and brown soils with Podsol-brown soils from Decksand/aeolian sand over lowland sand with regosolen and podzolsn from aeolian sand", "lead_horizon_count": 6.0, "lead_profile_de": "Normbraunerde", "lead_profile_en": "Typical brown soil", "legend_unit_de": "Braunerden und Podsol-Braunerden mit Gley-Braunerden aus Niederungssand und Regosole aus Flugsand", "legend_unit_en": "Brown soils and Podsol-brown soils with gley-brown soils from lowland sand and regosole from aeolian sand", "parent_material_code": "3.4.1.3", "parent_material_de": "Niederungssand und Flugsand", "parent_material_en": "Lowland sand and aeolian sand", "profile_count": 5.0, "profile_summary_de": "Normbraunerde | 5 Profile | 6 Horizonte im Leitprofil", "profile_summary_en": "Typical brown soil | 5 profiles | 6 horizons in lead profile", "semantic_source": "sqlite-buek250-v10", "semantic_version": "buek250-soil-semantics-v1", "soil_group_de": "Braunerden", "soil_group_en": "Brown soils", "soil_group_key": "brown-soils", "soil_label_de": "Braunerden und Podsol-Braunerden mit Gley-Braunerden aus Niederungssand und Regosole aus Flugsand", "soil_label_en": "Brown soils and Podsol-brown soils with gley-brown soils from lowland sand and regosole from aeolian sand", "soil_type_primary_de": "Braunerden", "soil_type_primary_en": "Brown soils", "soil_type_secondary_de": "Ah/C-B\u00f6den", "soil_type_secondary_en": "Ah/C soils", "soil_type_tertiary_de": null, "soil_type_tertiary_en": null, "source_note_de": null, "source_note_en": null, "special_area_kind": null}, "type": "Feature"}, {"geometry": {"coordinates": [[[[14.2842, 52.6136], [14.2912, 52.6093], [14.3054, 52.6072], [14.3119, 52.6032], [14.3127, 52.6019], [14.3181, 52.5999], [14.3217, 52.5952], [14.3293, 52.5934], [14.3295, 52.5916], [14.3239, 52.5888], [14.3228, 52.5859], [14.3199, 52.5854], [14.3113, 52.5858], [14.3095, 52.5881], [14.3038, 52.5907], [14.3008, 52.5902], [14.2996, 52.5884], [14.2985, 52.5879], [14.2894, 52.5943], [14.2879, 52.5972], [14.285, 52.5976], [14.2828, 52.5996], [14.2803, 52.6], [14.2784, 52.5986], [14.2794, 52.5936], [14.2815, 52.5906], [14.2843, 52.5897], [14.2892, 52.5901], [14.2911, 52.5885], [14.2882, 52.5876], [14.2877, 52.5848], [14.2736, 52.5818], [14.2725, 52.5832], [14.2667, 52.5862], [14.263, 52.5873], [14.2594, 52.5868], [14.2564, 52.5875], [14.2538, 52.591], [14.2455, 52.5934], [14.2464, 52.5942], [14.2659, 52.5903], [14.277, 52.5859], [14.2798, 52.5859], [14.2809, 52.5874], [14.2803, 52.5883], [14.2772, 52.5899], [14.2713, 52.5909], [14.2662, 52.5928], [14.2616, 52.5928], [14.2401, 52.5976], [14.2438, 52.599], [14.2459, 52.6012], [14.2474, 52.6017], [14.2489, 52.6015], [14.253, 52.5986], [14.258, 52.5974], [14.2585, 52.5984], [14.2554, 52.6027], [14.2556, 52.6045], [14.2577, 52.6075], [14.2582, 52.6126], [14.259, 52.6136], [14.2624, 52.6144], [14.2691, 52.6198], [14.2733, 52.6196], [14.2762, 52.6162], [14.2792, 52.6144], [14.2842, 52.6136]]], [[[14.3363, 52.5835], [14.338, 52.5853], [14.3403, 52.5851], [14.3449, 52.5817], [14.3462, 52.5785], [14.3491, 52.5777], [14.3472, 52.5764], [14.3481, 52.5745], [14.3476, 52.5696], [14.3483, 52.5685], [14.3545, 52.5683], [14.36, 52.5695], [14.3602, 52.5722], [14.3689, 52.5667], [14.3753, 52.5642], [14.3599, 52.564], [14.3502, 52.566], [14.3481, 52.5654], [14.3442, 52.5627], [14.3363, 52.5629], [14.3289, 52.5599], [14.3258, 52.5616], [14.3209, 52.5618], [14.3207, 52.5624], [14.3216, 52.5631], [14.3311, 52.5656], [14.3359, 52.5692], [14.3408, 52.5703], [14.3405, 52.5745], [14.3374, 52.5765], [14.333, 52.5762], [14.3313, 52.5732], [14.3272, 52.5734], [14.3237, 52.5765], [14.3175, 52.575], [14.3196, 52.5777], [14.3235, 52.5802], [14.3263, 52.5848], [14.332, 52.5902], [14.332, 52.5865], [14.3347, 52.5849], [14.3363, 52.5835]]], [[[14.1741, 52.6799], [14.175, 52.6792], [14.1732, 52.675], [14.1794, 52.6723], [14.1785, 52.6714], [14.1746, 52.6709], [14.1693, 52.6686], [14.1676, 52.6652], [14.1697, 52.6652], [14.1793, 52.6696], [14.1888, 52.6693], [14.1931, 52.6658], [14.1943, 52.6635], [14.1923, 52.6636], [14.1939, 52.6595], [14.1915, 52.6575], [14.1952, 52.6542], [14.1954, 52.6532], [14.1919, 52.6525], [14.1878, 52.6567], [14.1868, 52.6568], [14.1903, 52.6587], [14.1905, 52.6596], [14.187, 52.6634], [14.1857, 52.6633], [14.1843, 52.6588], [14.1783, 52.6591], [14.1762, 52.6575], [14.1745, 52.6543], [14.1722, 52.6569], [14.1726, 52.6598], [14.1702, 52.6629], [14.1687, 52.6637], [14.1652, 52.6634], [14.1641, 52.6671], [14.1588, 52.6665], [14.1576, 52.6683], [14.1573, 52.6711], [14.1582, 52.6776], [14.1593, 52.6793], [14.1628, 52.6793], [14.169, 52.6825], [14.1698, 52.6823], [14.1704, 52.6803], [14.1722, 52.6794], [14.1741, 52.6799]]], [[[13.9513, 52.5402], [13.9528, 52.539], [13.9561, 52.5382], [13.9599, 52.5391], [13.9601, 52.5382], [13.9637, 52.5389], [13.9667, 52.5419], [13.9712, 52.5404], [13.9715, 52.5393], [13.9678, 52.5376], [13.9657, 52.5382], [13.9606, 52.5369], [13.9525, 52.5332], [13.9484, 52.533], [13.944, 52.536], [13.9392, 52.5346], [13.934, 52.5347], [13.9345, 52.536], [13.9365, 52.5372], [13.9454, 52.5385], [13.9448, 52.5413], [13.9419, 52.5423], [13.9416, 52.544], [13.9426, 52.5447], [13.9476, 52.5436], [13.9515, 52.5414], [13.9513, 52.5402]], [[13.9493, 52.5398], [13.9496, 52.5412], [13.9475, 52.5413], [13.9478, 52.5391], [13.9493, 52.5398]]]], "type": "MultiPolygon"}, "properties": {"BEMERKUNG": null, "GEN_ID": 968, "GL_ID": 70.0, "SYM_NR": "343", "feature_kind": "soil_unit", "general_unit_de": "Kalkgleye und Kalkanmoorgleye aus carbonathaltigem Flusssand mit Gleyen aus Flusssand", "general_unit_en": "Kalkgley soils and Kalkanmoorgley soils from carbonathaltigem Flusssand with gley soilsn from Flusssand", "lead_horizon_count": 4.0, "lead_profile_de": "Kalkgley", "lead_profile_en": "Kalkgley", "legend_unit_de": "Kalkgleye und Kalkanmoorgleye aus carbonathaltigem Flusssand vergesellschaftet mit Gleyen und Humusgleyen aus Flusssand", "legend_unit_en": "Kalkgley soils and Kalkanmoorgley soils from carbonathaltigem Flusssand vergesellschaftet with gley soilsn and Humusgley soilsn from Flusssand", "parent_material_code": "2.1.1.4", "parent_material_de": "Flussmergel", "parent_material_en": "Flussmergel", "profile_count": 8.0, "profile_summary_de": "Kalkgley | 8 Profile | 4 Horizonte im Leitprofil", "profile_summary_en": "Kalkgley | 8 profiles | 4 horizons in lead profile", "semantic_source": "sqlite-buek250-v10", "semantic_version": "buek250-soil-semantics-v1", "soil_group_de": "Gleye", "soil_group_en": "Gley soils", "soil_group_key": "gley-soils", "soil_label_de": "Kalkgleye und Kalkanmoorgleye aus carbonathaltigem Flusssand vergesellschaftet mit Gleyen und Humusgleyen aus Flusssand", "soil_label_en": "Kalkgley soils and Kalkanmoorgley soils from carbonathaltigem Flusssand vergesellschaftet with gley soilsn and Humusgley soilsn from Flusssand", "soil_type_primary_de": "Gleye", "soil_type_primary_en": "Gley soils", "soil_type_secondary_de": null, "soil_type_secondary_en": null, "soil_type_tertiary_de": null, "soil_type_tertiary_en": null, "source_note_de": null, "source_note_en": null, "special_area_kind": null}, "type": "Feature"}, {"geometry": {"coordinates": [[[[14.1374, 52.6411], [14.1373, 52.6399], [14.1295, 52.6384], [14.1215, 52.6388], [14.1216, 52.6377], [14.1157, 52.6359], [14.1065, 52.6371], [14.1045, 52.6366], [14.1043, 52.6357], [14.1055, 52.6346], [14.1138, 52.633], [14.1141, 52.6321], [14.1115, 52.6306], [14.1118, 52.6298], [14.1233, 52.6304], [14.1251, 52.6281], [14.1317, 52.6253], [14.1351, 52.6257], [14.1377, 52.6242], [14.1388, 52.623], [14.1373, 52.6205], [14.1378, 52.6193], [14.1438, 52.6176], [14.1476, 52.6188], [14.1498, 52.617], [14.1489, 52.6154], [14.1446, 52.6159], [14.1445, 52.615], [14.146, 52.613], [14.1448, 52.6119], [14.1421, 52.6117], [14.1409, 52.6138], [14.1391, 52.6126], [14.1391, 52.6104], [14.1442, 52.6067], [14.143, 52.6056], [14.1405, 52.6062], [14.1396, 52.6056], [14.1409, 52.6021], [14.1405, 52.5985], [14.1417, 52.5955], [14.1378, 52.5925], [14.1423, 52.5896], [14.1426, 52.5876], [14.1419, 52.5868], [14.133, 52.5847], [14.1322, 52.5839], [14.1317, 52.5805], [14.1277, 52.5796], [14.1203, 52.5812], [14.1167, 52.5827], [14.1163, 52.5848], [14.119, 52.5871], [14.1204, 52.5862], [14.1227, 52.5868], [14.1219, 52.591], [14.1236, 52.5914], [14.1289, 52.5898], [14.1378, 52.5952], [14.1334, 52.597], [14.1336, 52.6028], [14.1296, 52.6043], [14.1294, 52.6067], [14.1214, 52.606], [14.1141, 52.6064], [14.1155, 52.6092], [14.1147, 52.6095], [14.1079, 52.607], [14.1002, 52.6083], [14.1018, 52.6018], [14.0999, 52.6001], [14.0941, 52.601], [14.0943, 52.5979], [14.0957, 52.5963], [14.0954, 52.5951], [14.0905, 52.5943], [14.0881, 52.5956], [14.0847, 52.5955], [14.0858, 52.5984], [14.0831, 52.6006], [14.0832, 52.6017], [14.0856, 52.6031], [14.0886, 52.6016], [14.0908, 52.6017], [14.0928, 52.6029], [14.0926, 52.6093], [14.097, 52.6138], [14.1017, 52.6146], [14.1032, 52.614], [14.1033, 52.613], [14.1046, 52.6128], [14.109, 52.6152], [14.1114, 52.6142], [14.1148, 52.6157], [14.116, 52.6147], [14.1166, 52.6112], [14.119, 52.6101], [14.1224, 52.6119], [14.1223, 52.6141], [14.1191, 52.6161], [14.1178, 52.6185], [14.1099, 52.6176], [14.1056, 52.6192], [14.1054, 52.6199], [14.1087, 52.6222], [14.1072, 52.6234], [14.1031, 52.6226], [14.0983, 52.62], [14.0892, 52.619], [14.0884, 52.617], [14.0854, 52.6175], [14.0772, 52.615], [14.0728, 52.6159], [14.0734, 52.6187], [14.0724, 52.6219], [14.0745, 52.622], [14.078, 52.6205], [14.0829, 52.6215], [14.0972, 52.6215], [14.0981, 52.6239], [14.0969, 52.625], [14.0957, 52.6253], [14.0919, 52.6237], [14.0903, 52.6252], [14.0863, 52.6265], [14.086, 52.6291], [14.0873, 52.6293], [14.0905, 52.6272], [14.0929, 52.6269], [14.0939, 52.6276], [14.0939, 52.6288], [14.0921, 52.6315], [14.0922, 52.6333], [14.0942, 52.6355], [14.0971, 52.6358], [14.1017, 52.6383], [14.1024, 52.637], [14.1034, 52.637], [14.1045, 52.6383], [14.1089, 52.6401], [14.1156, 52.639], [14.1253, 52.6409], [14.1282, 52.6422], [14.1263, 52.644], [14.1268, 52.6447], [14.1306, 52.6447], [14.1374, 52.6411]]], [[[14.1782, 52.4874], [14.1743, 52.489], [14.168, 52.4898], [14.1667, 52.4924], [14.1636, 52.4927], [14.1622, 52.4951], [14.1608, 52.4958], [14.1537, 52.4939], [14.1551, 52.4961], [14.1549, 52.4977], [14.1538, 52.4984], [14.1519, 52.4981], [14.1517, 52.4992], [14.1496, 52.5005], [14.1524, 52.5026], [14.1505, 52.5063], [14.1507, 52.509], [14.1513, 52.5096], [14.1539, 52.5088], [14.1534, 52.5063], [14.1541, 52.5055], [14.1609, 52.5065], [14.1658, 52.5115], [14.1667, 52.5159], [14.166, 52.5209], [14.1715, 52.5235], [14.1752, 52.5243], [14.1777, 52.5266], [14.1866, 52.5283], [14.1865, 52.5321], [14.185, 52.5351], [14.1873, 52.5362], [14.1888, 52.5338], [14.1926, 52.5321], [14.201, 52.522], [14.2039, 52.5207], [14.2051, 52.5209], [14.205, 52.5227], [14.2028, 52.5258], [14.198, 52.5297], [14.1965, 52.5324], [14.1998, 52.532], [14.2034, 52.5345], [14.1999, 52.5393], [14.1997, 52.5402], [14.2016, 52.5429], [14.1999, 52.5467], [14.2025, 52.5478], [14.2042, 52.5465], [14.2082, 52.5464], [14.2125, 52.5448], [14.2115, 52.5408], [14.2069, 52.5399], [14.2047, 52.5379], [14.2066, 52.537], [14.2207, 52.5366], [14.2205, 52.5352], [14.2194, 52.5342], [14.2125, 52.5304], [14.2089, 52.5303], [14.209, 52.5293], [14.2114, 52.5275], [14.2183, 52.5297], [14.2194, 52.5288], [14.2204, 52.5244], [14.2191, 52.5226], [14.2102, 52.5224], [14.2088, 52.5213], [14.2088, 52.5203], [14.2042, 52.5183], [14.2021, 52.5183], [14.1997, 52.5199], [14.1976, 52.5197], [14.1961, 52.5187], [14.1963, 52.5162], [14.192, 52.5156], [14.1905, 52.5146], [14.1902, 52.5129], [14.1914, 52.5118], [14.1987, 52.512], [14.2, 52.5115], [14.2008, 52.5062], [14.2034, 52.502], [14.1924, 52.5021], [14.1907, 52.5014], [14.1916, 52.5041], [14.1914, 52.5073], [14.1896, 52.5086], [14.1872, 52.5087], [14.1833, 52.5075], [14.1806, 52.5034], [14.1751, 52.5032], [14.1738, 52.5025], [14.1739, 52.5011], [14.1752, 52.5004], [14.1815, 52.4995], [14.1832, 52.4973], [14.1811, 52.4938], [14.1843, 52.4915], [14.1825, 52.4876], [14.1782, 52.4874]]], [[[14.2231, 52.5743], [14.2203, 52.5722], [14.2214, 52.5692], [14.2297, 52.5686], [14.2319, 52.5674], [14.2305, 52.5634], [14.234, 52.5599], [14.2326, 52.5559], [14.2312, 52.5546], [14.2331, 52.5518], [14.231, 52.5502], [14.2281, 52.5457], [14.2277, 52.5435], [14.2283, 52.5428], [14.222, 52.5423], [14.2176, 52.544], [14.2163, 52.546], [14.2126, 52.5464], [14.2114, 52.5472], [14.2107, 52.5485], [14.2116, 52.5501], [14.2075, 52.5559], [14.2088, 52.5615], [14.2075, 52.5639], [14.2083, 52.5654], [14.2124, 52.5683], [14.215, 52.5683], [14.2168, 52.5693], [14.217, 52.571], [14.2139, 52.5732], [14.2143, 52.5756], [14.2126, 52.5759], [14.2076, 52.574], [14.204, 52.5705], [14.2028, 52.5712], [14.2024, 52.5735], [14.2039, 52.5757], [14.2058, 52.5768], [14.2172, 52.5807], [14.2265, 52.5767], [14.2262, 52.5752], [14.2231, 52.5743]]], [[[13.7827, 52.6165], [13.7885, 52.6168], [13.7805, 52.6122], [13.7735, 52.6048], [13.765, 52.5994], [13.765, 52.5977], [13.7674, 52.5974], [13.7744, 52.6022], [13.7792, 52.6044], [13.781, 52.6079], [13.7875, 52.6135], [13.7869, 52.6096], [13.7902, 52.6056], [13.7903, 52.6044], [13.7787, 52.5956], [13.7731, 52.5927], [13.7708, 52.5918], [13.7657, 52.5922], [13.7673, 52.5927], [13.7659, 52.5951], [13.7608, 52.5997], [13.7586, 52.603], [13.7592, 52.6062], [13.763, 52.6084], [13.7786, 52.6143], [13.7815, 52.6174], [13.7827, 52.6165]]], [[[13.9372, 52.8018], [13.9379, 52.801], [13.9321, 52.8008], [13.9314, 52.8006], [13.9316, 52.7995], [13.9357, 52.798], [13.9372, 52.7959], [13.9423, 52.7953], [13.9416, 52.794], [13.9395, 52.793], [13.9353, 52.7929], [13.9332, 52.7944], [13.9238, 52.7955], [13.9336, 52.8026], [13.9372, 52.8018]]], [[[14.1486, 52.5021], [14.1462, 52.5013], [14.1334, 52.5045], [14.1286, 52.5037], [14.128, 52.5027], [14.1285, 52.5016], [14.1329, 52.5002], [14.14, 52.5011], [14.1398, 52.4986], [14.1416, 52.4982], [14.1412, 52.4969], [14.1386, 52.4957], [14.1348, 52.4965], [14.1311, 52.4944], [14.1245, 52.495], [14.1192, 52.4996], [14.1123, 52.4998], [14.1152, 52.5021], [14.1253, 52.504], [14.1238, 52.505], [14.1252, 52.5069], [14.1299, 52.509], [14.1341, 52.5098], [14.1362, 52.5126], [14.1383, 52.5106], [14.1388, 52.5066], [14.1486, 52.5021]]], [[[14.195, 52.5685], [14.1911, 52.5683], [14.1862, 52.5693], [14.1794, 52.568], [14.1739, 52.5696], [14.1726, 52.5713], [14.174, 52.5726], [14.1799, 52.5724], [14.1824, 52.5739], [14.183, 52.576], [14.1918, 52.5802], [14.1924, 52.5812], [14.1918, 52.5834], [14.1948, 52.5863], [14.1993, 52.5864], [14.2028, 52.5877], [14.2032, 52.5867], [14.2021, 52.5851], [14.203, 52.5829], [14.2008, 52.5813], [14.2004, 52.579], [14.1967, 52.5762], [14.1952, 52.5719], [14.1963, 52.5704], [14.195, 52.5685]]], [[[13.7694, 52.7321], [13.7738, 52.7294], [13.7743, 52.7268], [13.7709, 52.7249], [13.7705, 52.7231], [13.7646, 52.7233], [13.7633, 52.7213], [13.7622, 52.7224], [13.7558, 52.7245], [13.7547, 52.7267], [13.7547, 52.7303], [13.7559, 52.7322], [13.7584, 52.7334], [13.7631, 52.7337], [13.7637, 52.7325], [13.7694, 52.7321]]], [[[13.8323, 52.7103], [13.8301, 52.7092], [13.8335, 52.7064], [13.8425, 52.7071], [13.8483, 52.7065], [13.8463, 52.7054], [13.8392, 52.7043], [13.8277, 52.7056], [13.8248, 52.7046], [13.8231, 52.7023], [13.8222, 52.6979], [13.8186, 52.6963], [13.8173, 52.6965], [13.8163, 52.6991], [13.8144, 52.701], [13.8126, 52.7012], [13.8149, 52.7021], [13.8196, 52.7057], [13.823, 52.7091], [13.8234, 52.711], [13.8278, 52.7113], [13.8311, 52.7128], [13.8322, 52.7144], [13.8346, 52.7123], [13.8348, 52.7101], [13.8323, 52.7103]]], [[[13.9941, 52.6556], [13.9998, 52.6569], [14.0014, 52.6561], [14.0016, 52.6548], [14.0007, 52.6535], [13.9908, 52.6488], [13.9898, 52.6489], [13.9865, 52.6521], [13.9784, 52.6538], [13.9756, 52.6566], [13.9778, 52.6579], [13.9872, 52.6592], [13.9878, 52.66], [13.9904, 52.659], [13.9927, 52.6561], [13.9941, 52.6556]]], [[[13.7794, 52.6201], [13.7762, 52.6174], [13.7725, 52.6157], [13.7607, 52.6113], [13.7574, 52.6124], [13.7575, 52.6145], [13.7591, 52.6157], [13.7747, 52.6217], [13.7808, 52.6227], [13.7794, 52.6201]]], [[[14.0073, 52.6348], [14.0015, 52.6353], [13.9927, 52.6332], [13.9937, 52.6343], [13.9915, 52.6346], [13.9885, 52.6369], [13.9868, 52.6393], [13.9887, 52.6417], [13.9907, 52.6426], [13.9925, 52.6454], [13.9944, 52.6455], [13.9982, 52.6437], [14.0051, 52.6378], [14.0073, 52.6348]]], [[[13.9829, 52.5691], [13.9825, 52.5679], [13.9777, 52.5667], [13.9762, 52.5642], [13.9741, 52.5638], [13.9621, 52.5698], [13.9602, 52.571], [13.9601, 52.5721], [13.9619, 52.5735], [13.9735, 52.5746], [13.9763, 52.5737], [13.9802, 52.5699], [13.9829, 52.5691]]], [[[13.8122, 52.4597], [13.8116, 52.462], [13.8125, 52.4631], [13.8185, 52.4653], [13.8224, 52.4649], [13.8217, 52.4586], [13.819, 52.4572], [13.8146, 52.457], [13.8122, 52.4597]]]], "type": "MultiPolygon"}, "properties": {"BEMERKUNG": null, "GEN_ID": 876, "GL_ID": 257.0, "SYM_NR": "75", "feature_kind": "soil_unit", "general_unit_de": "Fahlerde-Braunerden und Braunerde-Fahlerden mit Pseudogley-Fahlerden aus Decksand \u00fcber Decklehm und tiefem Geschiebemergel mit Braunerden aus Decksand \u00fcber Decklehm und tiefer lehmiger Sandflie\u00dferde", "general_unit_en": "Fahlerde-brown soils and brown soil-Fahlerden with pseudogley-Fahlerden from Decksand over Decklehm and tiefem glacial till marl with brown soils from Decksand over Decklehm and tiefer lehmiger Sandflie\u00dferde", "lead_horizon_count": 5.0, "lead_profile_de": "Fahlerde-Braunerde", "lead_profile_en": "Fahlerde-brown soil", "legend_unit_de": "Fahlerde-Braunerden und Braunerde-Fahlerden mit Pseudogley-Braunerden aus (lehmigem) Decksand \u00fcber Decklehm und tiefem Geschiebemergel", "legend_unit_en": "Fahlerde-brown soils and brown soil-Fahlerden with pseudogley-brown soils from (lehmigem) Decksand over Decklehm and tiefem glacial till marl", "parent_material_code": "3.1.2.2", "parent_material_de": "Geschiebemergel mit sandiger Deckschicht", "parent_material_en": "Glacial till marl with sandiger Deckschicht", "profile_count": 5.0, "profile_summary_de": "Fahlerde-Braunerde | 5 Profile | 5 Horizonte im Leitprofil", "profile_summary_en": "Fahlerde-brown soil | 5 profiles | 5 horizons in lead profile", "semantic_source": "sqlite-buek250-v10", "semantic_version": "buek250-soil-semantics-v1", "soil_group_de": "Braunerden", "soil_group_en": "Brown soils", "soil_group_key": "brown-soils", "soil_label_de": "Fahlerde-Braunerden und Braunerde-Fahlerden mit Pseudogley-Braunerden aus (lehmigem) Decksand \u00fcber Decklehm und tiefem Geschiebemergel", "soil_label_en": "Fahlerde-brown soils and brown soil-Fahlerden with pseudogley-brown soils from (lehmigem) Decksand over Decklehm and tiefem glacial till marl", "soil_type_primary_de": "Braunerden", "soil_type_primary_en": "Brown soils", "soil_type_secondary_de": "Lessiv\u00e9s", "soil_type_secondary_en": "Luvisols", "soil_type_tertiary_de": null, "soil_type_tertiary_en": null, "source_note_de": null, "source_note_en": null, "special_area_kind": null}, "type": "Feature"}, {"geometry": {"coordinates": [[[[13.7187, 52.4971], [13.737, 52.502], [13.7442, 52.5071], [13.7502, 52.509], [13.7503, 52.5099], [13.7552, 52.5143], [13.7567, 52.5142], [13.7599, 52.512], [13.7603, 52.5086], [13.7646, 52.5116], [13.7665, 52.5118], [13.7665, 52.5125], [13.7641, 52.5134], [13.7642, 52.5144], [13.7719, 52.515], [13.7684, 52.5163], [13.769, 52.5175], [13.7672, 52.5187], [13.7675, 52.5204], [13.7693, 52.5211], [13.7688, 52.5247], [13.7724, 52.5264], [13.7723, 52.5282], [13.772, 52.5291], [13.767, 52.5328], [13.7662, 52.5356], [13.7747, 52.5403], [13.7767, 52.541], [13.7801, 52.5376], [13.7811, 52.5382], [13.7798, 52.5406], [13.7815, 52.5406], [13.7879, 52.5445], [13.7922, 52.5459], [13.7977, 52.5449], [13.7934, 52.5419], [13.7927, 52.5386], [13.7989, 52.5343], [13.8024, 52.5347], [13.8014, 52.5383], [13.8067, 52.5381], [13.8079, 52.5388], [13.8071, 52.5399], [13.8156, 52.5376], [13.8135, 52.5317], [13.8144, 52.5266], [13.8137, 52.5243], [13.8027, 52.5154], [13.8001, 52.5122], [13.7964, 52.5028], [13.7946, 52.5002], [13.7927, 52.4992], [13.7889, 52.4987], [13.7877, 52.4977], [13.7894, 52.4921], [13.7889, 52.4906], [13.7808, 52.4907], [13.7774, 52.4896], [13.7673, 52.4839], [13.7695, 52.4869], [13.7709, 52.4872], [13.7704, 52.4903], [13.7714, 52.4946], [13.7758, 52.4954], [13.7775, 52.4939], [13.7795, 52.4934], [13.782, 52.494], [13.7839, 52.4955], [13.7839, 52.4974], [13.7829, 52.4985], [13.7803, 52.4981], [13.7791, 52.4987], [13.7798, 52.5003], [13.776, 52.5027], [13.7763, 52.5041], [13.7884, 52.5044], [13.7957, 52.5064], [13.7959, 52.5071], [13.7948, 52.5077], [13.7877, 52.5085], [13.792, 52.5123], [13.7886, 52.5133], [13.7888, 52.5144], [13.7868, 52.5153], [13.7832, 52.5134], [13.7749, 52.5121], [13.7738, 52.5064], [13.7705, 52.5045], [13.7646, 52.5026], [13.7627, 52.4983], [13.7502, 52.4986], [13.7456, 52.4971], [13.7443, 52.4958], [13.7443, 52.4943], [13.7477, 52.4928], [13.7486, 52.4915], [13.748, 52.4892], [13.7437, 52.4857], [13.743, 52.4842], [13.7457, 52.4813], [13.7485, 52.481], [13.7551, 52.4838], [13.756, 52.4825], [13.7633, 52.4799], [13.7667, 52.4834], [13.7682, 52.4821], [13.7733, 52.4826], [13.7873, 52.4888], [13.7789, 52.4817], [13.7784, 52.4774], [13.7742, 52.4727], [13.7695, 52.4708], [13.7679, 52.4714], [13.7702, 52.477], [13.7695, 52.4789], [13.7666, 52.4799], [13.7638, 52.4789], [13.7543, 52.4779], [13.748, 52.4782], [13.7478, 52.4765], [13.7441, 52.4709], [13.7411, 52.47], [13.7407, 52.4865], [13.7131, 52.493], [13.7142, 52.4946], [13.7187, 52.4971]], [[13.7737, 52.5238], [13.7766, 52.5223], [13.7803, 52.5217], [13.7842, 52.5239], [13.7868, 52.5267], [13.787, 52.5284], [13.7859, 52.5297], [13.7824, 52.5305], [13.7737, 52.5278], [13.7722, 52.5256], [13.7737, 52.5238]], [[13.7556, 52.5049], [13.7581, 52.5034], [13.7611, 52.5032], [13.7617, 52.5017], [13.7628, 52.5024], [13.7619, 52.5037], [13.7585, 52.5041], [13.7562, 52.5055], [13.7533, 52.5053], [13.7531, 52.5046], [13.7556, 52.5049]]], [[[13.7972, 52.6731], [13.7982, 52.6755], [13.7971, 52.6762], [13.7918, 52.6761], [13.7911, 52.6765], [13.7912, 52.678], [13.7984, 52.6794], [13.8012, 52.6818], [13.8044, 52.6816], [13.8055, 52.6823], [13.8074, 52.6844], [13.8122, 52.6982], [13.8163, 52.6991], [13.8173, 52.6965], [13.8186, 52.6963], [13.8217, 52.6975], [13.8217, 52.6964], [13.8157, 52.6945], [13.8152, 52.6933], [13.8154, 52.6884], [13.8109, 52.6853], [13.8106, 52.6843], [13.8137, 52.6824], [13.8142, 52.6796], [13.8068, 52.6791], [13.8003, 52.6738], [13.7896, 52.6703], [13.7972, 52.6731]]], [[[13.7803, 52.674], [13.7828, 52.6739], [13.783, 52.6718], [13.7815, 52.6682], [13.782, 52.6678], [13.7809, 52.6674], [13.7783, 52.672], [13.7803, 52.674]]], [[[13.818, 52.6823], [13.8202, 52.6846], [13.8206, 52.6817], [13.8181, 52.6801], [13.818, 52.6823]]], [[[13.7664, 52.5305], [13.7677, 52.5278], [13.7657, 52.5234], [13.7523, 52.5161], [13.7487, 52.5113], [13.7416, 52.5084], [13.7404, 52.5084], [13.7378, 52.5146], [13.7411, 52.5164], [13.7489, 52.5176], [13.7488, 52.5186], [13.7452, 52.5202], [13.7372, 52.5218], [13.736, 52.5226], [13.7356, 52.524], [13.7461, 52.5292], [13.7469, 52.5306], [13.746, 52.5312], [13.7313, 52.5276], [13.7281, 52.5285], [13.7255, 52.5279], [13.7234, 52.526], [13.7225, 52.5221], [13.7191, 52.5167], [13.7174, 52.5152], [13.7111, 52.5138], [13.7028, 52.5088], [13.6814, 52.5027], [13.6778, 52.5031], [13.6771, 52.5038], [13.6771, 52.5048], [13.6826, 52.5091], [13.6857, 52.5132], [13.6861, 52.5152], [13.6884, 52.5165], [13.7003, 52.5173], [13.7141, 52.5195], [13.7177, 52.5221], [13.7187, 52.526], [13.7223, 52.5298], [13.7385, 52.5326], [13.7466, 52.5323], [13.7546, 52.534], [13.7619, 52.5343], [13.7664, 52.5305]]], [[[13.6729, 52.5815], [13.6774, 52.5798], [13.6763, 52.5775], [13.6726, 52.578], [13.6719, 52.5805], [13.6729, 52.5815]]], [[[13.674, 52.5665], [13.6754, 52.5699], [13.6779, 52.5667], [13.6778, 52.5648], [13.6831, 52.5632], [13.6834, 52.5605], [13.6817, 52.5582], [13.6805, 52.5534], [13.678, 52.5507], [13.6783, 52.5496], [13.6832, 52.5483], [13.6945, 52.5501], [13.696, 52.5489], [13.6958, 52.5478], [13.6897, 52.5456], [13.6858, 52.5454], [13.6823, 52.5473], [13.6776, 52.5474], [13.6756, 52.5463], [13.6748, 52.5429], [13.6668, 52.5394], [13.6668, 52.5415], [13.6711, 52.5437], [13.6728, 52.5461], [13.676, 52.5512], [13.6784, 52.5577], [13.6809, 52.5598], [13.6818, 52.5618], [13.6742, 52.5638], [13.6708, 52.5616], [13.6639, 52.5519], [13.6552, 52.5467], [13.6526, 52.5465], [13.6537, 52.5492], [13.6556, 52.5499], [13.657, 52.5526], [13.6618, 52.5539], [13.6651, 52.5568], [13.6653, 52.5587], [13.6617, 52.5627], [13.6641, 52.5629], [13.6652, 52.5653], [13.674, 52.5665]]], [[[13.7677, 52.7039], [13.7705, 52.7049], [13.7721, 52.7064], [13.7706, 52.7085], [13.7669, 52.7099], [13.7628, 52.7101], [13.765, 52.7116], [13.7758, 52.7101], [13.782, 52.7116], [13.7815, 52.7133], [13.7796, 52.7147], [13.7805, 52.7155], [13.7805, 52.7172], [13.779, 52.7183], [13.7732, 52.72], [13.7715, 52.7215], [13.7673, 52.7212], [13.7661, 52.7202], [13.7665, 52.7193], [13.7721, 52.7181], [13.7713, 52.7152], [13.7656, 52.7169], [13.7634, 52.7184], [13.7639, 52.7203], [13.7633, 52.7213], [13.7646, 52.7233], [13.767, 52.7237], [13.7784, 52.7217], [13.7828, 52.7185], [13.7852, 52.7182], [13.7872, 52.7193], [13.7866, 52.7213], [13.7798, 52.7243], [13.7873, 52.7258], [13.7911, 52.7247], [13.7948, 52.7204], [13.7989, 52.7186], [13.8075, 52.718], [13.8167, 52.7187], [13.8211, 52.7155], [13.821, 52.7133], [13.8178, 52.7116], [13.8108, 52.7105], [13.8005, 52.7134], [13.7969, 52.7134], [13.7833, 52.711], [13.7809, 52.7086], [13.781, 52.706], [13.7779, 52.7041], [13.7709, 52.704], [13.7659, 52.7025], [13.7606, 52.7026], [13.7596, 52.7044], [13.7677, 52.7039]]], [[[13.7561, 52.7112], [13.7559, 52.7108], [13.7543, 52.7135], [13.7557, 52.7143], [13.7561, 52.7112]]], [[[13.7135, 52.5863], [13.7127, 52.5819], [13.7144, 52.5785], [13.7184, 52.5739], [13.7203, 52.5676], [13.7172, 52.5666], [13.7174, 52.5649], [13.7121, 52.5588], [13.7118, 52.555], [13.7099, 52.552], [13.7079, 52.5505], [13.703, 52.5492], [13.6985, 52.5494], [13.6965, 52.5505], [13.7003, 52.5519], [13.7064, 52.5564], [13.7058, 52.5582], [13.702, 52.5597], [13.7011, 52.5608], [13.7073, 52.5703], [13.7076, 52.5748], [13.7051, 52.5775], [13.7064, 52.586], [13.7055, 52.5875], [13.7057, 52.5891], [13.7118, 52.5885], [13.7135, 52.5863]]], [[[14.0897, 52.8314], [14.0876, 52.8281], [14.0857, 52.8274], [14.0809, 52.8277], [14.0778, 52.8251], [14.0721, 52.8224], [14.0697, 52.8149], [14.0668, 52.8131], [14.0653, 52.8133], [14.0479, 52.8081], [14.039, 52.8076], [14.0397, 52.8092], [14.0422, 52.8105], [14.0447, 52.8132], [14.0451, 52.8161], [14.0462, 52.8174], [14.0501, 52.817], [14.0569, 52.8221], [14.0659, 52.8249], [14.0668, 52.8259], [14.0657, 52.8276], [14.0669, 52.829], [14.074, 52.8303], [14.076, 52.8323], [14.0792, 52.8316], [14.0855, 52.8323], [14.0897, 52.8314]]], [[[13.8422, 52.4517], [13.8387, 52.4508], [13.8337, 52.451], [13.8343, 52.4531], [13.8335, 52.4539], [13.8305, 52.4544], [13.8281, 52.4528], [13.8273, 52.449], [13.8262, 52.4485], [13.8186, 52.4485], [13.8105, 52.4474], [13.81, 52.448], [13.8099, 52.4489], [13.8145, 52.4531], [13.8146, 52.457], [13.8254, 52.4573], [13.833, 52.4605], [13.8393, 52.4614], [13.8416, 52.4631], [13.8445, 52.468], [13.8462, 52.4693], [13.8479, 52.469], [13.8525, 52.4658], [13.8589, 52.4646], [13.8529, 52.4582], [13.8453, 52.4544], [13.8422, 52.4517]]], [[[13.8299, 52.4896], [13.8281, 52.4887], [13.8253, 52.4894], [13.8223, 52.4875], [13.8129, 52.4868], [13.8105, 52.4857], [13.8085, 52.482], [13.8032, 52.4814], [13.8, 52.4844], [13.7976, 52.4849], [13.794, 52.4811], [13.7866, 52.4802], [13.783, 52.4766], [13.7829, 52.4754], [13.7845, 52.4753], [13.7872, 52.4765], [13.7861, 52.474], [13.7756, 52.4715], [13.7796, 52.475], [13.7825, 52.4803], [13.7931, 52.4868], [13.7991, 52.4892], [13.8032, 52.4921], [13.8326, 52.4926], [13.8299, 52.4896]], [[13.7992, 52.4862], [13.8032, 52.4857], [13.802, 52.4872], [13.7981, 52.4873], [13.7935, 52.4865], [13.7922, 52.4853], [13.7937, 52.485], [13.7992, 52.4862]]], [[[14.0033, 52.7467], [14.0, 52.741], [13.9995, 52.7378], [14.0026, 52.7355], [14.0046, 52.7301], [14.004, 52.7265], [14.0015, 52.7234], [13.9982, 52.7265], [13.9955, 52.727], [13.9933, 52.7313], [13.9883, 52.7316], [13.9803, 52.7304], [13.9755, 52.7316], [13.9756, 52.7338], [13.9842, 52.7359], [13.9882, 52.7394], [13.995, 52.7429], [13.9969, 52.745], [13.9969, 52.7472], [13.9982, 52.7483], [14.0004, 52.747], [14.0033, 52.7467]]], [[[13.9934, 52.7876], [13.9961, 52.789], [14.0022, 52.7882], [14.0074, 52.7904], [14.0108, 52.7896], [14.01, 52.7874], [14.011, 52.7865], [14.0102, 52.7852], [14.0, 52.7796], [13.9927, 52.7778], [13.984, 52.7774], [13.9811, 52.7759], [13.9808, 52.7779], [13.9818, 52.7789], [13.9923, 52.7799], [13.9943, 52.782], [13.9946, 52.7845], [13.9935, 52.7854], [13.9843, 52.7873], [13.9774, 52.7875], [13.9757, 52.787], [13.9759, 52.7861], [13.9748, 52.7854], [13.9703, 52.7883], [13.9673, 52.7873], [13.967, 52.7864], [13.9678, 52.7854], [13.9668, 52.7846], [13.9655, 52.7865], [13.9658, 52.7892], [13.9706, 52.7919], [13.9714, 52.7938], [13.9678, 52.7962], [13.9633, 52.8025], [13.9656, 52.8028], [13.9695, 52.7974], [13.974, 52.7946], [13.9768, 52.7914], [13.9802, 52.7898], [13.9934, 52.7876]]], [[[13.8809, 52.7845], [13.8781, 52.7847], [13.876, 52.7859], [13.8723, 52.7855], [13.8716, 52.7863], [13.874, 52.7881], [13.8904, 52.789], [13.8809, 52.7845]]], [[[13.8923, 52.7891], [13.8927, 52.7891], [13.8927, 52.789], [13.8923, 52.7891]]], [[[13.8815, 52.4747], [13.8828, 52.4769], [13.8846, 52.4779], [13.8938, 52.4783], [13.8953, 52.4774], [13.89, 52.4743], [13.883, 52.4717], [13.8744, 52.4712], [13.8612, 52.4665], [13.8572, 52.4678], [13.8558, 52.469], [13.8562, 52.4708], [13.8605, 52.4736], [13.8657, 52.4746], [13.8701, 52.478], [13.8701, 52.4796], [13.872, 52.4802], [13.8736, 52.4787], [13.8706, 52.4754], [13.8714, 52.4746], [13.8815, 52.4747]]], [[[13.6441, 52.5686], [13.6522, 52.5697], [13.6498, 52.5679], [13.6485, 52.5647], [13.6421, 52.5615], [13.6374, 52.5669], [13.6384, 52.5677], [13.6432, 52.5674], [13.6441, 52.5686]]], [[[13.9273, 52.5061], [13.9278, 52.5071], [13.9246, 52.5097], [13.924, 52.5123], [13.929, 52.5213], [13.935, 52.5259], [13.9339, 52.5188], [13.9365, 52.5109], [13.9325, 52.5045], [13.9273, 52.5061]]], [[[13.9089, 52.7911], [13.9182, 52.7901], [13.921, 52.7924], [13.9229, 52.7911], [13.9228, 52.7858], [13.9208, 52.7829], [13.9188, 52.7816], [13.9128, 52.7801], [13.9117, 52.7853], [13.9101, 52.7865], [13.9005, 52.7894], [13.9089, 52.7911]]], [[[13.9915, 52.542], [13.9913, 52.543], [13.9927, 52.5444], [13.9981, 52.5461], [13.9997, 52.545], [13.9998, 52.5437], [13.9982, 52.541], [13.9953, 52.5393], [13.9915, 52.542]]], [[[13.6888, 52.5793], [13.6901, 52.5786], [13.685, 52.5792], [13.6888, 52.5793]]]], "type": "MultiPolygon"}, "properties": {"BEMERKUNG": null, "GEN_ID": 934, "GL_ID": 316.0, "SYM_NR": "536", "feature_kind": "soil_unit", "general_unit_de": "Braunerden und Podsol-Braunerden mit Podsolen aus Schmelzwassersand mit (Fahlerde-)Braunerden aus Decksand \u00fcber Geschiebemergel/-lehm", "general_unit_en": "Brown soils and Podsol-brown soils with podzolsn from glaciofluvial sand with (Fahlerde-)brown soils from Decksand over glacial till marl/-lehm", "lead_horizon_count": 7.0, "lead_profile_de": "Normbraunerde", "lead_profile_en": "Typical brown soil", "legend_unit_de": "Braunerden und Podsol-Braunerden aus Schmelzwassersand vergesellschaftet mit Fahlerde-Braunerden aus Decksand \u00fcber Decklehm und tiefem Geschiebelehm oder -mergel", "legend_unit_en": "Brown soils and Podsol-brown soils from glaciofluvial sand vergesellschaftet with Fahlerde-brown soils from Decksand over Decklehm and tiefem glacial till loam oder -mergel", "parent_material_code": "3.2.1.4", "parent_material_de": "Schmelzwassersand und Geschiebemergel", "parent_material_en": "Glaciofluvial sand and glacial till marl", "profile_count": 5.0, "profile_summary_de": "Normbraunerde | 5 Profile | 7 Horizonte im Leitprofil", "profile_summary_en": "Typical brown soil | 5 profiles | 7 horizons in lead profile", "semantic_source": "sqlite-buek250-v10", "semantic_version": "buek250-soil-semantics-v1", "soil_group_de": "Braunerden", "soil_group_en": "Brown soils", "soil_group_key": "brown-soils", "soil_label_de": "Braunerden und Podsol-Braunerden aus Schmelzwassersand vergesellschaftet mit Fahlerde-Braunerden aus Decksand \u00fcber Decklehm und tiefem Geschiebelehm oder -mergel", "soil_label_en": "Brown soils and Podsol-brown soils from glaciofluvial sand vergesellschaftet with Fahlerde-brown soils from Decksand over Decklehm and tiefem glacial till loam oder -mergel", "soil_type_primary_de": "Braunerden", "soil_type_primary_en": "Brown soils", "soil_type_secondary_de": null, "soil_type_secondary_en": null, "soil_type_tertiary_de": null, "soil_type_tertiary_en": null, "source_note_de": null, "source_note_en": null, "special_area_kind": null}, "type": "Feature"}, {"geometry": {"coordinates": [[[13.7676, 52.4599], [13.7707, 52.4625], [13.7733, 52.4636], [13.7749, 52.465], [13.7749, 52.466], [13.7787, 52.4666], [13.7807, 52.4661], [13.7786, 52.463], [13.7725, 52.4577], [13.7696, 52.453], [13.765, 52.4488], [13.7645, 52.4506], [13.7651, 52.4534], [13.7636, 52.4549], [13.763, 52.4579], [13.7651, 52.4594], [13.7676, 52.4599]]], "type": "Polygon"}, "properties": {"BEMERKUNG": "Kalksee", "GEN_ID": null, "GL_ID": null, "SYM_NR": null, "feature_kind": "water_area", "general_unit_de": null, "general_unit_en": null, "lead_horizon_count": null, "lead_profile_de": null, "lead_profile_en": null, "legend_unit_de": null, "legend_unit_en": null, "parent_material_code": null, "parent_material_de": null, "parent_material_en": null, "profile_count": null, "profile_summary_de": null, "profile_summary_en": null, "semantic_source": "raw-buek250-feature", "semantic_version": "buek250-soil-semantics-v1", "soil_group_de": "Gew\u00e4sser", "soil_group_en": "Water area", "soil_group_key": "water-area", "soil_label_de": "Kalksee", "soil_label_en": "Kalksee", "soil_type_primary_de": null, "soil_type_primary_en": null, "soil_type_secondary_de": null, "soil_type_secondary_en": null, "soil_type_tertiary_de": null, "soil_type_tertiary_en": null, "source_note_de": "Kalksee", "source_note_en": "Kalksee", "special_area_kind": "water_area"}, "type": "Feature"}, {"geometry": {"coordinates": [[[[14.2118, 52.6508], [14.2162, 52.6539], [14.2183, 52.6536], [14.2188, 52.6526], [14.2169, 52.6497], [14.2169, 52.6485], [14.2185, 52.647], [14.2224, 52.6474], [14.2247, 52.6463], [14.2256, 52.6437], [14.2246, 52.6417], [14.2279, 52.6388], [14.2183, 52.6387], [14.2137, 52.6375], [14.2154, 52.6329], [14.2158, 52.6285], [14.2147, 52.6267], [14.213, 52.6257], [14.2104, 52.6204], [14.2128, 52.6186], [14.2079, 52.612], [14.2092, 52.6118], [14.2103, 52.6129], [14.217, 52.6129], [14.2181, 52.6137], [14.2192, 52.6135], [14.2193, 52.6122], [14.2183, 52.6112], [14.2137, 52.611], [14.2073, 52.6072], [14.1954, 52.6043], [14.1944, 52.6034], [14.1946, 52.6016], [14.1934, 52.5995], [14.1915, 52.6018], [14.188, 52.6019], [14.1863, 52.6028], [14.1766, 52.6001], [14.1755, 52.6015], [14.1859, 52.6052], [14.1895, 52.6045], [14.1922, 52.6069], [14.1923, 52.6058], [14.191, 52.6051], [14.1917, 52.6044], [14.1906, 52.6038], [14.1918, 52.6031], [14.1985, 52.6088], [14.1976, 52.6095], [14.1993, 52.6091], [14.204, 52.6114], [14.2033, 52.6119], [14.2045, 52.6137], [14.2045, 52.6163], [14.2081, 52.6183], [14.2068, 52.616], [14.2048, 52.616], [14.2054, 52.614], [14.2073, 52.6139], [14.2111, 52.6187], [14.209, 52.6194], [14.212, 52.6252], [14.2154, 52.6281], [14.2152, 52.629], [14.2114, 52.63], [14.2087, 52.6292], [14.2072, 52.6278], [14.2082, 52.6295], [14.2113, 52.631], [14.2112, 52.634], [14.2043, 52.6322], [14.2096, 52.6354], [14.2112, 52.6383], [14.2107, 52.6419], [14.2095, 52.644], [14.2112, 52.6457], [14.2074, 52.6456], [14.2033, 52.6481], [14.1966, 52.645], [14.1892, 52.6454], [14.1863, 52.6465], [14.1872, 52.6475], [14.1952, 52.6469], [14.1996, 52.6492], [14.2025, 52.6497], [14.2052, 52.6492], [14.2089, 52.6469], [14.2118, 52.6469], [14.2131, 52.6461], [14.2143, 52.6467], [14.2133, 52.6483], [14.2064, 52.6508], [14.2052, 52.6524], [14.2045, 52.6564], [14.2016, 52.6578], [14.1997, 52.6602], [14.2045, 52.659], [14.2067, 52.6553], [14.2103, 52.6513], [14.2118, 52.6508]], [[14.1866, 52.6037], [14.191, 52.6029], [14.1893, 52.6042], [14.1876, 52.6047], [14.1866, 52.6037]]], [[[14.3235, 52.5802], [14.3196, 52.5777], [14.3174, 52.5749], [14.3141, 52.5729], [14.3107, 52.5692], [14.3092, 52.5643], [14.3024, 52.5572], [14.3015, 52.5549], [14.2986, 52.5519], [14.2964, 52.5524], [14.2911, 52.5481], [14.2888, 52.5472], [14.2846, 52.5474], [14.2764, 52.5452], [14.2735, 52.5477], [14.2734, 52.5489], [14.2744, 52.5494], [14.2814, 52.5483], [14.2877, 52.5485], [14.2905, 52.5497], [14.2925, 52.5532], [14.2978, 52.5543], [14.2991, 52.5581], [14.3017, 52.5604], [14.3072, 52.5695], [14.3166, 52.5786], [14.3164, 52.5803], [14.3137, 52.5818], [14.3027, 52.5826], [14.3021, 52.5843], [14.3028, 52.5868], [14.3045, 52.5876], [14.2996, 52.5884], [14.3003, 52.5899], [14.3033, 52.5907], [14.3057, 52.5901], [14.3095, 52.5881], [14.3113, 52.5858], [14.3199, 52.5854], [14.3228, 52.5859], [14.3239, 52.5888], [14.3268, 52.5906], [14.3291, 52.591], [14.3293, 52.5934], [14.3314, 52.5926], [14.3322, 52.5917], [14.332, 52.5902], [14.3263, 52.5848], [14.3235, 52.5802]]], [[[14.1261, 52.5771], [14.125, 52.5747], [14.1209, 52.5704], [14.1205, 52.5686], [14.1218, 52.5666], [14.1217, 52.5662], [14.1191, 52.568], [14.1186, 52.5673], [14.1196, 52.5661], [14.1193, 52.565], [14.1212, 52.5654], [14.1195, 52.5641], [14.1201, 52.5616], [14.1247, 52.5612], [14.1263, 52.5602], [14.1258, 52.5592], [14.1233, 52.5587], [14.1183, 52.5603], [14.1171, 52.5651], [14.1159, 52.5659], [14.1216, 52.5747], [14.1218, 52.5761], [14.1206, 52.5772], [14.1177, 52.5785], [14.1133, 52.579], [14.1109, 52.5765], [14.1127, 52.5754], [14.112, 52.5745], [14.1013, 52.5728], [14.0937, 52.575], [14.0927, 52.5765], [14.0979, 52.5763], [14.1021, 52.5746], [14.1077, 52.5762], [14.1083, 52.5806], [14.1116, 52.5825], [14.1126, 52.5816], [14.1261, 52.5771]]], [[[14.2457, 52.5937], [14.2458, 52.5928], [14.2538, 52.591], [14.2564, 52.5875], [14.2594, 52.5868], [14.263, 52.5873], [14.2667, 52.5862], [14.2738, 52.5822], [14.2717, 52.5813], [14.268, 52.5814], [14.2632, 52.584], [14.2555, 52.5856], [14.2488, 52.5882], [14.2435, 52.5889], [14.2407, 52.5908], [14.2404, 52.5923], [14.2408, 52.5939], [14.2457, 52.5937]]], [[[14.011, 52.5143], [14.0178, 52.522], [14.0212, 52.5232], [14.0258, 52.5231], [14.0255, 52.5204], [14.0181, 52.5161], [14.0158, 52.5136], [14.0137, 52.5095], [14.0123, 52.5092], [14.011, 52.5143]]], [[[14.0787, 52.5673], [14.0772, 52.5628], [14.0753, 52.5622], [14.0742, 52.5643], [14.0749, 52.5697], [14.0717, 52.5708], [14.0717, 52.5723], [14.0739, 52.5729], [14.0768, 52.5718], [14.0782, 52.5728], [14.0783, 52.5747], [14.0799, 52.5754], [14.0852, 52.5747], [14.0787, 52.5673]], [[14.0791, 52.5688], [14.0799, 52.5709], [14.0754, 52.5714], [14.076, 52.5697], [14.0791, 52.5688]]], [[[14.2027, 52.6228], [14.2014, 52.6233], [14.2003, 52.6247], [14.2027, 52.6228]]]], "type": "MultiPolygon"}, "properties": {"BEMERKUNG": null, "GEN_ID": 973, "GL_ID": 1054.0, "SYM_NR": "120", "feature_kind": "soil_unit", "general_unit_de": "Erdniedermoore (\u00fcber Flusssand) mit Moorgleyen aus flachem Niedermoortorf \u00fcber sandigen (schluffigen) Flussablagerungen", "general_unit_en": "Erdfens (over Flusssand) with Moorgley soilsn from flachem fen peat over sandigen (schluffigen) Flussablagerungen", "lead_horizon_count": 4.0, "lead_profile_de": "Normerdniedermoor", "lead_profile_en": "Normerdfen", "legend_unit_de": "Erdniedermoore mit Moorgleyen aus (flachem) Niedermoortorf \u00fcber Flusssand", "legend_unit_en": "Erdfens with Moorgley soilsn from (flachem) fen peat over Flusssand", "parent_material_code": "10.1.3.1", "parent_material_de": "Niedermoortorf und Flusssand", "parent_material_en": "Fen peat and Flusssand", "profile_count": 3.0, "profile_summary_de": "Normerdniedermoor | 3 Profile | 4 Horizonte im Leitprofil", "profile_summary_en": "Normerdfen | 3 profiles | 4 horizons in lead profile", "semantic_source": "sqlite-buek250-v10", "semantic_version": "buek250-soil-semantics-v1", "soil_group_de": "Niedermoore", "soil_group_en": "Fens", "soil_group_key": "fens", "soil_label_de": "Erdniedermoore mit Moorgleyen aus (flachem) Niedermoortorf \u00fcber Flusssand", "soil_label_en": "Erdfens with Moorgley soilsn from (flachem) fen peat over Flusssand", "soil_type_primary_de": "Niedermoore", "soil_type_primary_en": "Fens", "soil_type_secondary_de": null, "soil_type_secondary_en": null, "soil_type_tertiary_de": null, "soil_type_tertiary_en": null, "source_note_de": null, "source_note_en": null, "special_area_kind": null}, "type": "Feature"}, {"geometry": {"coordinates": [[[14.3378, 52.484], [14.3363, 52.4866], [14.3376, 52.4886], [14.3374, 52.4901], [14.3412, 52.4916], [14.3423, 52.4905], [14.3411, 52.4895], [14.3409, 52.4847], [14.3397, 52.4836], [14.3378, 52.484]]], "type": "Polygon"}, "properties": {"BEMERKUNG": "K\u00fcchensee", "GEN_ID": null, "GL_ID": null, "SYM_NR": null, "feature_kind": "water_area", "general_unit_de": null, "general_unit_en": null, "lead_horizon_count": null, "lead_profile_de": null, "lead_profile_en": null, "legend_unit_de": null, "legend_unit_en": null, "parent_material_code": null, "parent_material_de": null, "parent_material_en": null, "profile_count": null, "profile_summary_de": null, "profile_summary_en": null, "semantic_source": "raw-buek250-feature", "semantic_version": "buek250-soil-semantics-v1", "soil_group_de": "Gew\u00e4sser", "soil_group_en": "Water area", "soil_group_key": "water-area", "soil_label_de": "K\u00fcchensee", "soil_label_en": "K\u00fcchensee", "soil_type_primary_de": null, "soil_type_primary_en": null, "soil_type_secondary_de": null, "soil_type_secondary_en": null, "soil_type_tertiary_de": null, "soil_type_tertiary_en": null, "source_note_de": "K\u00fcchensee", "source_note_en": "K\u00fcchensee", "special_area_kind": "water_area"}, "type": "Feature"}, {"geometry": {"coordinates": [[[14.0659, 52.5403], [14.068, 52.5409], [14.0692, 52.5401], [14.0688, 52.5392], [14.0672, 52.539], [14.0659, 52.5403]]], "type": "Polygon"}, "properties": {"BEMERKUNG": "Karpfenteich", "GEN_ID": null, "GL_ID": null, "SYM_NR": null, "feature_kind": "water_area", "general_unit_de": null, "general_unit_en": null, "lead_horizon_count": null, "lead_profile_de": null, "lead_profile_en": null, "legend_unit_de": null, "legend_unit_en": null, "parent_material_code": null, "parent_material_de": null, "parent_material_en": null, "profile_count": null, "profile_summary_de": null, "profile_summary_en": null, "semantic_source": "raw-buek250-feature", "semantic_version": "buek250-soil-semantics-v1", "soil_group_de": "Gew\u00e4sser", "soil_group_en": "Water area", "soil_group_key": "water-area", "soil_label_de": "Karpfenteich", "soil_label_en": "Karpfenteich", "soil_type_primary_de": null, "soil_type_primary_en": null, "soil_type_secondary_de": null, "soil_type_secondary_en": null, "soil_type_tertiary_de": null, "soil_type_tertiary_en": null, "source_note_de": "Karpfenteich", "source_note_en": "Karpfenteich", "special_area_kind": "water_area"}, "type": "Feature"}, {"geometry": {"coordinates": [[[[13.6271, 52.5348], [13.6269, 52.5341], [13.6269, 52.5357], [13.6271, 52.5348]]], [[[13.6357, 52.5392], [13.6307, 52.5392], [13.6333, 52.5408], [13.6364, 52.5404], [13.6357, 52.5392]]], [[[13.6178, 52.5448], [13.619, 52.5445], [13.6193, 52.5432], [13.6173, 52.5437], [13.6178, 52.5448]]], [[[14.3809, 52.5351], [14.3903, 52.5364], [14.3912, 52.5342], [14.3881, 52.5345], [14.3849, 52.533], [14.3848, 52.5318], [14.3904, 52.5319], [14.3895, 52.5317], [14.3882, 52.5291], [14.3847, 52.5284], [14.3857, 52.5259], [14.3829, 52.5255], [14.3796, 52.531], [14.3735, 52.5301], [14.3725, 52.5315], [14.3745, 52.5337], [14.3726, 52.5364], [14.3783, 52.5391], [14.3809, 52.5351]]]], "type": "MultiPolygon"}, "properties": {"BEMERKUNG": null, "GEN_ID": 993, "GL_ID": 1136.0, "SYM_NR": "566", "feature_kind": "soil_unit", "general_unit_de": "Versiegelte Fl\u00e4che mit Lockersyrosemen und Pararendzinen aus verkipptem carbonathaltigem Sand mit Bauschutt \u00fcber Geschiebemergel oder Niederungs-/Flusssand", "general_unit_en": "Versiegelte Fl\u00e4che with loose syrosemen and Pararendzinen from verkipptem carbonathaltigem Sand with Bfromchutt over glacial till marl oder Niederungs-/Flusssand", "lead_horizon_count": 3.0, "lead_profile_de": "Versiegelter Boden", "lead_profile_en": "Versiegelter soil", "legend_unit_de": "Versiegelte Fl\u00e4che und Lockersyroseme mit Pararendzinen aus verkipptem carbonathaltigem Sand mit/oder Bauschutt \u00fcber (sehr tiefem) Geschiebemergel", "legend_unit_en": "Versiegelte Fl\u00e4che and loose syroseme with Pararendzinen from verkipptem carbonathaltigem Sand with/oder Bfromchutt over (sehr tiefem) glacial till marl", "parent_material_code": "12.2.1.0", "parent_material_de": "Versiegelte Fl\u00e4chen und Kippsubstrate der Stadtkernbereiche und Gewerbe-/ Industriegebiete (undifferenziert)", "parent_material_en": "Sealed surfaces and Kippsubstrate der Stadtkernbereiche and Gewerbe-/ Industriegebiete (andifferenziert)", "profile_count": 6.0, "profile_summary_de": "Versiegelter Boden | 6 Profile | 3 Horizonte im Leitprofil", "profile_summary_en": "Versiegelter soil | 6 profiles | 3 horizons in lead profile", "semantic_source": "sqlite-buek250-v10", "semantic_version": "buek250-soil-semantics-v1", "soil_group_de": "versiegelte Fl\u00e4chen", "soil_group_en": "Sealed surfaces", "soil_group_key": "sealed-surfaces", "soil_label_de": "Versiegelte Fl\u00e4che und Lockersyroseme mit Pararendzinen aus verkipptem carbonathaltigem Sand mit/oder Bauschutt \u00fcber (sehr tiefem) Geschiebemergel", "soil_label_en": "Versiegelte Fl\u00e4che and loose syroseme with Pararendzinen from verkipptem carbonathaltigem Sand with/oder Bfromchutt over (sehr tiefem) glacial till marl", "soil_type_primary_de": "versiegelte Fl\u00e4chen", "soil_type_primary_en": "Sealed surfaces", "soil_type_secondary_de": "Rohb\u00f6den", "soil_type_secondary_en": "Initial soils", "soil_type_tertiary_de": "Ah/C-B\u00f6den", "soil_type_tertiary_en": "Ah/C soils", "source_note_de": null, "source_note_en": null, "special_area_kind": null}, "type": "Feature"}, {"geometry": {"coordinates": [[[[14.4163, 52.6407], [14.4221, 52.6409], [14.423, 52.6405], [14.4226, 52.6379], [14.4235, 52.6376], [14.4278, 52.6396], [14.4303, 52.6391], [14.4315, 52.6381], [14.4294, 52.6369], [14.429, 52.6337], [14.4279, 52.6332], [14.4241, 52.6339], [14.4215, 52.6324], [14.4208, 52.6306], [14.4214, 52.6289], [14.4252, 52.6262], [14.427, 52.6233], [14.4305, 52.6219], [14.428, 52.6199], [14.4289, 52.6169], [14.431, 52.6157], [14.4383, 52.615], [14.4425, 52.6133], [14.4468, 52.6139], [14.4511, 52.6116], [14.4597, 52.6104], [14.4611, 52.6094], [14.4612, 52.6067], [14.4643, 52.606], [14.465, 52.6025], [14.4696, 52.6014], [14.4726, 52.5996], [14.4754, 52.5997], [14.4724, 52.6032], [14.4741, 52.6038], [14.478, 52.6013], [14.4854, 52.6009], [14.4859, 52.6002], [14.4998, 52.6015], [14.5054, 52.5988], [14.5108, 52.5989], [14.5104, 52.5977], [14.5085, 52.597], [14.5104, 52.5952], [14.5195, 52.5981], [14.5268, 52.5977], [14.5301, 52.5986], [14.5331, 52.6006], [14.5352, 52.6006], [14.5359, 52.5999], [14.535, 52.5987], [14.5292, 52.5968], [14.519, 52.5965], [14.5151, 52.5952], [14.5121, 52.5922], [14.5159, 52.5915], [14.5166, 52.5908], [14.5163, 52.5895], [14.5131, 52.5865], [14.5138, 52.5853], [14.509, 52.583], [14.4998, 52.5827], [14.4971, 52.5805], [14.4932, 52.5799], [14.4911, 52.5776], [14.4928, 52.577], [14.5009, 52.5782], [14.5036, 52.5801], [14.5099, 52.5815], [14.5239, 52.5795], [14.5284, 52.5806], [14.5299, 52.5819], [14.5283, 52.5824], [14.5212, 52.5816], [14.5175, 52.5827], [14.5156, 52.5849], [14.521, 52.5855], [14.5248, 52.5841], [14.5294, 52.5845], [14.5319, 52.5839], [14.5366, 52.5863], [14.5377, 52.5861], [14.541, 52.5841], [14.5438, 52.5812], [14.5489, 52.5825], [14.5503, 52.5822], [14.5505, 52.5815], [14.5463, 52.5789], [14.5444, 52.5767], [14.5458, 52.5749], [14.5487, 52.5754], [14.5494, 52.5726], [14.5551, 52.5755], [14.5555, 52.5751], [14.5544, 52.5735], [14.555, 52.5715], [14.5595, 52.5723], [14.5629, 52.5717], [14.5677, 52.5676], [14.5671, 52.5663], [14.5686, 52.5636], [14.5682, 52.5629], [14.5654, 52.5634], [14.5647, 52.5629], [14.5645, 52.555], [14.5649, 52.5536], [14.5677, 52.5517], [14.568, 52.5507], [14.5658, 52.5504], [14.5605, 52.5518], [14.5558, 52.552], [14.5542, 52.551], [14.5557, 52.5495], [14.5588, 52.5503], [14.5619, 52.5493], [14.5653, 52.5496], [14.5678, 52.5487], [14.5718, 52.5456], [14.5762, 52.546], [14.5779, 52.5482], [14.5775, 52.5532], [14.5716, 52.5567], [14.5704, 52.5587], [14.5715, 52.5603], [14.5744, 52.5604], [14.5756, 52.5614], [14.5807, 52.5552], [14.5863, 52.5556], [14.5935, 52.5488], [14.5885, 52.5481], [14.58, 52.5444], [14.58, 52.5419], [14.5782, 52.5405], [14.5776, 52.5384], [14.575, 52.5364], [14.5734, 52.5365], [14.5726, 52.54], [14.5736, 52.5421], [14.5732, 52.5426], [14.5547, 52.5455], [14.5493, 52.5488], [14.5442, 52.5504], [14.5426, 52.5519], [14.5421, 52.5545], [14.5442, 52.5562], [14.5469, 52.556], [14.5493, 52.5531], [14.5516, 52.554], [14.5521, 52.5557], [14.5548, 52.5538], [14.5578, 52.5555], [14.5599, 52.5557], [14.5599, 52.5576], [14.5566, 52.5632], [14.5546, 52.5636], [14.5505, 52.5615], [14.5475, 52.5677], [14.541, 52.5682], [14.5408, 52.5703], [14.5435, 52.5705], [14.5436, 52.571], [14.5385, 52.5721], [14.5386, 52.5732], [14.5317, 52.5725], [14.5255, 52.575], [14.5253, 52.5762], [14.5214, 52.5775], [14.5142, 52.5729], [14.5086, 52.5736], [14.5081, 52.572], [14.5105, 52.5701], [14.5109, 52.5691], [14.5066, 52.5685], [14.5054, 52.5666], [14.5028, 52.5666], [14.4988, 52.5652], [14.4961, 52.5666], [14.4912, 52.5663], [14.4874, 52.5602], [14.4915, 52.5587], [14.4929, 52.5567], [14.4948, 52.5568], [14.4992, 52.5607], [14.5034, 52.5608], [14.5033, 52.5571], [14.4992, 52.5539], [14.4923, 52.5534], [14.4874, 52.5548], [14.4873, 52.5556], [14.4829, 52.5574], [14.4793, 52.5578], [14.4796, 52.5566], [14.4827, 52.5558], [14.4846, 52.5542], [14.4838, 52.5531], [14.4781, 52.5515], [14.4773, 52.5501], [14.4773, 52.5468], [14.4798, 52.5448], [14.4858, 52.545], [14.4903, 52.5467], [14.4939, 52.5503], [14.4952, 52.5492], [14.4923, 52.5449], [14.4925, 52.5427], [14.487, 52.5428], [14.4825, 52.5419], [14.4805, 52.5382], [14.476, 52.5361], [14.4729, 52.5356], [14.4725, 52.5375], [14.4759, 52.5387], [14.4768, 52.5407], [14.4714, 52.546], [14.4664, 52.5451], [14.4644, 52.5456], [14.4637, 52.5516], [14.4666, 52.5532], [14.4641, 52.5547], [14.4632, 52.5563], [14.455, 52.5559], [14.4533, 52.5587], [14.4498, 52.5614], [14.4517, 52.5628], [14.459, 52.563], [14.4653, 52.5606], [14.4664, 52.5616], [14.4685, 52.5665], [14.4712, 52.5689], [14.4734, 52.5698], [14.4782, 52.5693], [14.4828, 52.5668], [14.4857, 52.567], [14.4863, 52.569], [14.4825, 52.5718], [14.4809, 52.5726], [14.4764, 52.5727], [14.4756, 52.574], [14.4773, 52.5752], [14.4861, 52.5759], [14.4854, 52.5787], [14.4858, 52.5806], [14.4822, 52.5812], [14.48, 52.5836], [14.4801, 52.5866], [14.4821, 52.5886], [14.4801, 52.5886], [14.4733, 52.5872], [14.4729, 52.5866], [14.4743, 52.5854], [14.4736, 52.5844], [14.469, 52.5848], [14.4656, 52.5835], [14.4635, 52.5837], [14.4611, 52.5804], [14.4458, 52.5755], [14.4417, 52.5734], [14.4401, 52.5718], [14.4404, 52.5706], [14.4454, 52.5723], [14.4467, 52.5719], [14.4466, 52.5709], [14.4393, 52.5669], [14.4368, 52.567], [14.4374, 52.5698], [14.4295, 52.5746], [14.4222, 52.5707], [14.4213, 52.5707], [14.4212, 52.5724], [14.4202, 52.5726], [14.4124, 52.5726], [14.4097, 52.5719], [14.4095, 52.5707], [14.4108, 52.5696], [14.4099, 52.5686], [14.4106, 52.5676], [14.4143, 52.5662], [14.4193, 52.5658], [14.4215, 52.5643], [14.4259, 52.5569], [14.4256, 52.5557], [14.4226, 52.554], [14.4223, 52.5516], [14.429, 52.5467], [14.4327, 52.5453], [14.4365, 52.5453], [14.4459, 52.5495], [14.4491, 52.5488], [14.4542, 52.5462], [14.4526, 52.5455], [14.4458, 52.5474], [14.4379, 52.5439], [14.4332, 52.5436], [14.4269, 52.5447], [14.4239, 52.5473], [14.4187, 52.5488], [14.4136, 52.5516], [14.412, 52.5535], [14.4102, 52.5537], [14.4048, 52.5499], [14.4048, 52.5489], [14.4059, 52.5486], [14.4108, 52.5497], [14.4122, 52.547], [14.4105, 52.5456], [14.4054, 52.5448], [14.4089, 52.5397], [14.4145, 52.5423], [14.418, 52.5426], [14.4201, 52.5438], [14.4213, 52.5436], [14.4215, 52.5426], [14.4171, 52.5404], [14.4165, 52.5393], [14.4174, 52.5363], [14.4199, 52.5346], [14.4199, 52.5331], [14.4147, 52.5329], [14.4144, 52.5293], [14.406, 52.5258], [14.4024, 52.5309], [14.3956, 52.5369], [14.3948, 52.5403], [14.3969, 52.5458], [14.3931, 52.55], [14.3933, 52.5531], [14.3914, 52.558], [14.3901, 52.5591], [14.3815, 52.5619], [14.3883, 52.5649], [14.3905, 52.5642], [14.392, 52.5622], [14.3941, 52.5625], [14.396, 52.5636], [14.3966, 52.5654], [14.3959, 52.566], [14.3947, 52.567], [14.3863, 52.5685], [14.3832, 52.5664], [14.3789, 52.5649], [14.3784, 52.5644], [14.3793, 52.5633], [14.3772, 52.563], [14.3689, 52.5667], [14.358, 52.5736], [14.3498, 52.5776], [14.3462, 52.5785], [14.3449, 52.5817], [14.3403, 52.5851], [14.338, 52.5853], [14.3359, 52.5834], [14.3347, 52.5849], [14.3324, 52.5859], [14.3318, 52.5878], [14.3322, 52.5917], [14.3335, 52.5913], [14.3351, 52.5889], [14.3387, 52.5879], [14.3415, 52.5855], [14.3479, 52.5845], [14.3545, 52.5789], [14.3648, 52.5771], [14.3679, 52.5742], [14.3676, 52.5723], [14.3699, 52.5693], [14.3716, 52.5684], [14.3762, 52.5677], [14.3777, 52.5683], [14.3718, 52.5731], [14.3727, 52.5746], [14.3754, 52.5743], [14.3854, 52.5705], [14.393, 52.5691], [14.3958, 52.5691], [14.3992, 52.5703], [14.3983, 52.5722], [14.3953, 52.5749], [14.3927, 52.5761], [14.3923, 52.5773], [14.3858, 52.5791], [14.3858, 52.5803], [14.388, 52.5815], [14.3841, 52.5838], [14.3823, 52.5839], [14.3789, 52.582], [14.3745, 52.5779], [14.3662, 52.5804], [14.3676, 52.5816], [14.3737, 52.5813], [14.3749, 52.5822], [14.3751, 52.5847], [14.3738, 52.587], [14.3742, 52.5912], [14.372, 52.5926], [14.362, 52.5915], [14.3635, 52.5891], [14.3613, 52.587], [14.3619, 52.5849], [14.3602, 52.5842], [14.3586, 52.5823], [14.3535, 52.5831], [14.3484, 52.5866], [14.3533, 52.586], [14.357, 52.5872], [14.3588, 52.5881], [14.3599, 52.5906], [14.3596, 52.5922], [14.3568, 52.5958], [14.35, 52.6025], [14.3472, 52.6045], [14.3456, 52.6043], [14.3476, 52.6015], [14.3515, 52.5984], [14.3513, 52.5969], [14.3504, 52.5966], [14.3477, 52.5978], [14.3418, 52.6033], [14.3418, 52.6049], [14.3428, 52.6058], [14.3463, 52.606], [14.3533, 52.6085], [14.3476, 52.6137], [14.3483, 52.6154], [14.3514, 52.6147], [14.3533, 52.6153], [14.354, 52.6164], [14.347, 52.62], [14.3475, 52.6209], [14.3496, 52.6212], [14.3553, 52.6181], [14.3595, 52.6178], [14.3601, 52.6161], [14.3626, 52.6153], [14.3622, 52.6145], [14.3582, 52.613], [14.3568, 52.6146], [14.3542, 52.614], [14.3572, 52.609], [14.3608, 52.6109], [14.363, 52.6093], [14.3644, 52.61], [14.3702, 52.6079], [14.3707, 52.6063], [14.3692, 52.6017], [14.3712, 52.5993], [14.3682, 52.5979], [14.3677, 52.5963], [14.3791, 52.5965], [14.3816, 52.5955], [14.3852, 52.5963], [14.387, 52.5957], [14.3871, 52.5946], [14.3791, 52.5943], [14.3776, 52.5928], [14.3809, 52.5915], [14.3841, 52.5871], [14.3885, 52.5866], [14.3908, 52.5836], [14.3968, 52.5839], [14.3999, 52.5876], [14.406, 52.5898], [14.4089, 52.5879], [14.4086, 52.5853], [14.4111, 52.584], [14.4106, 52.5804], [14.414, 52.578], [14.4173, 52.5768], [14.4189, 52.5776], [14.4187, 52.5802], [14.4214, 52.5806], [14.4228, 52.5825], [14.4242, 52.583], [14.4296, 52.5829], [14.4372, 52.5778], [14.4404, 52.5768], [14.448, 52.5806], [14.4493, 52.585], [14.4509, 52.5851], [14.4556, 52.5818], [14.4578, 52.5825], [14.4585, 52.5838], [14.4581, 52.5847], [14.4511, 52.5873], [14.4487, 52.5893], [14.4487, 52.59], [14.4452, 52.5898], [14.4411, 52.5882], [14.4297, 52.5921], [14.4292, 52.5931], [14.4303, 52.5953], [14.4295, 52.5962], [14.4254, 52.5954], [14.4216, 52.5955], [14.414, 52.5977], [14.4175, 52.6003], [14.4179, 52.6033], [14.4154, 52.6037], [14.4142, 52.6055], [14.412, 52.6058], [14.4101, 52.6071], [14.4065, 52.6074], [14.4031, 52.6062], [14.4016, 52.6079], [14.4, 52.6085], [14.396, 52.609], [14.3943, 52.6081], [14.3913, 52.6081], [14.3871, 52.6099], [14.3828, 52.6101], [14.3823, 52.6118], [14.3809, 52.6125], [14.3767, 52.6119], [14.3719, 52.6137], [14.3718, 52.616], [14.3753, 52.6164], [14.3753, 52.6176], [14.3772, 52.6192], [14.3778, 52.6218], [14.3801, 52.6216], [14.3807, 52.6192], [14.3817, 52.6183], [14.3824, 52.6187], [14.383, 52.6248], [14.3817, 52.6254], [14.3817, 52.6271], [14.3868, 52.6318], [14.3868, 52.633], [14.3885, 52.6348], [14.3925, 52.6359], [14.3919, 52.6381], [14.3899, 52.6399], [14.3901, 52.6415], [14.3946, 52.6423], [14.3985, 52.6404], [14.4007, 52.6402], [14.4014, 52.6412], [14.4008, 52.6426], [14.4163, 52.6407]], [[14.3631, 52.5973], [14.3653, 52.5984], [14.3662, 52.6058], [14.3636, 52.604], [14.362, 52.6061], [14.3601, 52.6056], [14.354, 52.6063], [14.3532, 52.6055], [14.3534, 52.604], [14.3588, 52.6011], [14.3602, 52.5957], [14.362, 52.5952], [14.3631, 52.5973]], [[14.4006, 52.554], [14.4053, 52.5553], [14.4102, 52.5587], [14.414, 52.5577], [14.4178, 52.5552], [14.4205, 52.5557], [14.4192, 52.5576], [14.4128, 52.5606], [14.4042, 52.5616], [14.3999, 52.5597], [14.3967, 52.5567], [14.3986, 52.5544], [14.4006, 52.554]], [[14.4803, 52.5949], [14.4798, 52.5941], [14.4888, 52.5909], [14.4898, 52.5896], [14.4891, 52.5886], [14.4927, 52.5874], [14.4948, 52.5857], [14.5047, 52.5857], [14.5078, 52.5874], [14.5089, 52.5929], [14.5073, 52.5943], [14.5059, 52.5942], [14.5041, 52.592], [14.5025, 52.5918], [14.4936, 52.5936], [14.4933, 52.5944], [14.4945, 52.5965], [14.4927, 52.5974], [14.4803, 52.5949]], [[14.4173, 52.6079], [14.4205, 52.6053], [14.431, 52.604], [14.4317, 52.6027], [14.4282, 52.6015], [14.4282, 52.6002], [14.4292, 52.5996], [14.4354, 52.6016], [14.4366, 52.5988], [14.4381, 52.5983], [14.4415, 52.5984], [14.4478, 52.6001], [14.4471, 52.6018], [14.4483, 52.6035], [14.446, 52.6053], [14.4428, 52.6055], [14.4287, 52.6094], [14.4259, 52.6088], [14.4164, 52.6104], [14.414, 52.6099], [14.4142, 52.6087], [14.4173, 52.6079]]], [[[14.344, 52.6464], [14.3347, 52.6496], [14.3324, 52.6518], [14.3248, 52.6469], [14.3175, 52.6468], [14.3161, 52.6476], [14.3149, 52.6534], [14.317, 52.6538], [14.3276, 52.6519], [14.3293, 52.6526], [14.3292, 52.654], [14.3238, 52.6581], [14.3207, 52.6561], [14.313, 52.657], [14.3078, 52.6556], [14.307, 52.6528], [14.308, 52.6496], [14.3094, 52.648], [14.3169, 52.644], [14.3233, 52.6423], [14.3288, 52.6389], [14.3298, 52.6361], [14.3275, 52.6338], [14.3286, 52.632], [14.3312, 52.6314], [14.3338, 52.6341], [14.3361, 52.635], [14.3418, 52.6352], [14.3417, 52.6344], [14.3377, 52.6328], [14.3369, 52.6317], [14.3359, 52.6295], [14.3362, 52.6275], [14.3394, 52.6262], [14.343, 52.6261], [14.3467, 52.6239], [14.3457, 52.6224], [14.3445, 52.622], [14.3428, 52.6236], [14.3412, 52.623], [14.3405, 52.6207], [14.3416, 52.6187], [14.3413, 52.6172], [14.3378, 52.6154], [14.3364, 52.6115], [14.3335, 52.6095], [14.3332, 52.6149], [14.334, 52.619], [14.3363, 52.6233], [14.3354, 52.6245], [14.331, 52.6235], [14.3282, 52.6242], [14.3272, 52.6253], [14.3331, 52.6274], [14.334, 52.63], [14.3326, 52.6306], [14.3302, 52.6295], [14.3259, 52.6299], [14.3226, 52.6259], [14.322, 52.624], [14.3267, 52.6219], [14.33, 52.6182], [14.3312, 52.6145], [14.329, 52.6125], [14.3247, 52.6129], [14.3242, 52.6133], [14.3265, 52.6143], [14.3256, 52.6178], [14.3157, 52.6222], [14.3155, 52.6237], [14.3202, 52.629], [14.3207, 52.6318], [14.3198, 52.6337], [14.3153, 52.6374], [14.3166, 52.639], [14.3226, 52.6372], [14.324, 52.6374], [14.3246, 52.6385], [14.3212, 52.6403], [14.315, 52.6419], [14.3058, 52.6486], [14.3034, 52.6529], [14.3038, 52.6547], [14.3064, 52.6581], [14.3061, 52.6595], [14.2938, 52.6718], [14.2888, 52.6743], [14.2904, 52.6771], [14.2835, 52.6876], [14.2783, 52.6912], [14.2692, 52.6949], [14.2689, 52.6977], [14.2719, 52.6991], [14.2733, 52.7007], [14.2742, 52.6955], [14.2754, 52.6943], [14.2797, 52.6939], [14.2862, 52.6893], [14.2919, 52.6897], [14.2947, 52.6879], [14.2973, 52.6879], [14.3009, 52.6893], [14.3028, 52.6892], [14.3047, 52.6876], [14.3055, 52.6848], [14.3067, 52.6837], [14.3074, 52.6836], [14.3089, 52.6862], [14.3117, 52.6866], [14.3126, 52.6858], [14.3119, 52.6841], [14.3122, 52.6813], [14.3111, 52.6787], [14.3118, 52.6771], [14.3152, 52.6756], [14.3206, 52.6755], [14.3245, 52.6741], [14.325, 52.6708], [14.3267, 52.6701], [14.3308, 52.6757], [14.3302, 52.6767], [14.3259, 52.678], [14.3257, 52.6805], [14.3208, 52.6861], [14.3203, 52.6895], [14.3226, 52.6911], [14.3218, 52.6938], [14.3228, 52.696], [14.3285, 52.698], [14.3272, 52.7008], [14.3304, 52.706], [14.3313, 52.7059], [14.3321, 52.7043], [14.3325, 52.7008], [14.3385, 52.6996], [14.3391, 52.7004], [14.3378, 52.7027], [14.3402, 52.7064], [14.348, 52.7019], [14.3549, 52.7029], [14.3609, 52.7013], [14.3622, 52.704], [14.3657, 52.7041], [14.3666, 52.702], [14.3649, 52.7007], [14.3648, 52.6993], [14.3628, 52.6978], [14.3618, 52.695], [14.3586, 52.6934], [14.3567, 52.6931], [14.3553, 52.694], [14.3541, 52.6965], [14.3543, 52.6988], [14.351, 52.7002], [14.3444, 52.6992], [14.3439, 52.6959], [14.3393, 52.696], [14.3386, 52.6946], [14.3398, 52.693], [14.3433, 52.6917], [14.35, 52.6863], [14.3499, 52.6834], [14.3541, 52.6812], [14.3613, 52.6789], [14.3631, 52.6769], [14.3675, 52.6785], [14.369, 52.6799], [14.3649, 52.6849], [14.3605, 52.6886], [14.3639, 52.6931], [14.3663, 52.6918], [14.3669, 52.6902], [14.369, 52.6901], [14.3697, 52.6868], [14.3708, 52.6861], [14.3729, 52.6863], [14.3759, 52.6889], [14.3841, 52.6918], [14.3889, 52.6916], [14.3837, 52.6872], [14.3827, 52.6844], [14.3851, 52.682], [14.3884, 52.682], [14.3934, 52.6804], [14.3983, 52.6817], [14.4009, 52.6834], [14.3981, 52.6871], [14.4002, 52.6902], [14.4007, 52.6942], [14.4038, 52.6948], [14.4078, 52.6943], [14.4095, 52.6961], [14.4116, 52.6922], [14.4184, 52.6909], [14.4209, 52.6893], [14.4211, 52.6883], [14.4185, 52.6868], [14.4132, 52.688], [14.4121, 52.687], [14.4093, 52.6866], [14.4091, 52.6857], [14.412, 52.6837], [14.41, 52.6813], [14.4104, 52.6802], [14.413, 52.6807], [14.4176, 52.6842], [14.4192, 52.6846], [14.4171, 52.6808], [14.4174, 52.6782], [14.419, 52.6778], [14.4203, 52.6785], [14.4214, 52.6823], [14.4228, 52.6825], [14.4239, 52.6795], [14.4288, 52.6767], [14.4303, 52.677], [14.4317, 52.6784], [14.4315, 52.6792], [14.4277, 52.6828], [14.4241, 52.6905], [14.4175, 52.6966], [14.4171, 52.6978], [14.4229, 52.6942], [14.4266, 52.6899], [14.4291, 52.6828], [14.4433, 52.6744], [14.4454, 52.6664], [14.4525, 52.6645], [14.4589, 52.6594], [14.4686, 52.6565], [14.4726, 52.6524], [14.4707, 52.6519], [14.4654, 52.6529], [14.4575, 52.6576], [14.4517, 52.6593], [14.4474, 52.6635], [14.4446, 52.6642], [14.443, 52.663], [14.4446, 52.6598], [14.4437, 52.6578], [14.4448, 52.6562], [14.447, 52.6556], [14.4467, 52.6542], [14.4449, 52.653], [14.4469, 52.6503], [14.449, 52.6502], [14.4494, 52.6477], [14.4483, 52.6466], [14.4382, 52.6456], [14.4372, 52.6465], [14.4365, 52.6495], [14.4348, 52.6502], [14.4334, 52.6491], [14.4317, 52.6447], [14.4302, 52.6439], [14.415, 52.6426], [14.4016, 52.646], [14.4, 52.6485], [14.3997, 52.6512], [14.3984, 52.6522], [14.3832, 52.6529], [14.3827, 52.6517], [14.3842, 52.6508], [14.387, 52.6511], [14.39, 52.65], [14.3926, 52.6508], [14.3963, 52.6505], [14.3971, 52.6493], [14.3968, 52.6475], [14.3957, 52.6464], [14.3929, 52.6458], [14.3856, 52.6455], [14.3834, 52.6467], [14.3761, 52.6436], [14.3748, 52.6444], [14.3738, 52.6471], [14.372, 52.6479], [14.3663, 52.6471], [14.3634, 52.6457], [14.3629, 52.6438], [14.3649, 52.6406], [14.3663, 52.6399], [14.3702, 52.6401], [14.3734, 52.6393], [14.3786, 52.6359], [14.3783, 52.6327], [14.3738, 52.6304], [14.3719, 52.631], [14.3702, 52.6336], [14.3682, 52.6349], [14.3653, 52.6344], [14.3652, 52.6325], [14.3696, 52.6297], [14.369, 52.6282], [14.367, 52.6277], [14.363, 52.6287], [14.3629, 52.6302], [14.3611, 52.6324], [14.3624, 52.6348], [14.3606, 52.636], [14.3579, 52.6355], [14.3568, 52.6316], [14.3543, 52.6292], [14.3498, 52.6305], [14.3476, 52.6304], [14.3443, 52.6323], [14.3439, 52.6364], [14.3452, 52.6391], [14.3436, 52.6415], [14.3449, 52.6425], [14.3471, 52.6405], [14.3492, 52.6414], [14.3486, 52.6439], [14.3496, 52.6462], [14.344, 52.6464]], [[14.2971, 52.6719], [14.3053, 52.6685], [14.3055, 52.6668], [14.3033, 52.6662], [14.3029, 52.6653], [14.3074, 52.6622], [14.3106, 52.6583], [14.3121, 52.6586], [14.3173, 52.6634], [14.3221, 52.6631], [14.3245, 52.6645], [14.3236, 52.6659], [14.3147, 52.6696], [14.3154, 52.6715], [14.3172, 52.6722], [14.3165, 52.673], [14.3062, 52.6759], [14.3031, 52.6741], [14.3012, 52.6783], [14.2992, 52.6792], [14.2931, 52.6787], [14.2904, 52.6771], [14.2971, 52.6719]], [[14.3509, 52.6462], [14.355, 52.6466], [14.3557, 52.648], [14.354, 52.6489], [14.3495, 52.6493], [14.3494, 52.6515], [14.3501, 52.6522], [14.3542, 52.6522], [14.3565, 52.6544], [14.3563, 52.6563], [14.3517, 52.6606], [14.3557, 52.6596], [14.3603, 52.6563], [14.3659, 52.6538], [14.3726, 52.6542], [14.3733, 52.6553], [14.37, 52.6579], [14.3688, 52.6577], [14.3685, 52.6562], [14.3677, 52.6558], [14.362, 52.6571], [14.3584, 52.6604], [14.3547, 52.6617], [14.3545, 52.6626], [14.3578, 52.6632], [14.3584, 52.664], [14.3613, 52.6614], [14.366, 52.6627], [14.3671, 52.6615], [14.3673, 52.659], [14.3698, 52.6597], [14.3693, 52.665], [14.3679, 52.668], [14.3612, 52.6664], [14.3525, 52.6688], [14.3507, 52.6709], [14.3475, 52.6722], [14.3468, 52.6744], [14.3401, 52.6778], [14.3378, 52.6818], [14.3408, 52.686], [14.3386, 52.6867], [14.3368, 52.6855], [14.3358, 52.6826], [14.3347, 52.6744], [14.3356, 52.6697], [14.3326, 52.6668], [14.3315, 52.6644], [14.3318, 52.6632], [14.3334, 52.662], [14.3395, 52.6597], [14.3403, 52.6587], [14.3349, 52.6586], [14.3331, 52.6545], [14.3347, 52.6524], [14.3412, 52.6491], [14.347, 52.6477], [14.3496, 52.6462], [14.3509, 52.6462]], [[14.4108, 52.6693], [14.4139, 52.6723], [14.4139, 52.6749], [14.4071, 52.6771], [14.3987, 52.6728], [14.4022, 52.6684], [14.4077, 52.6677], [14.4108, 52.6693]]], [[[14.1825, 52.7764], [14.187, 52.7743], [14.1891, 52.7716], [14.1903, 52.7712], [14.1908, 52.7685], [14.1919, 52.7677], [14.1967, 52.7688], [14.2071, 52.7676], [14.2119, 52.7706], [14.2167, 52.7696], [14.222, 52.7697], [14.2319, 52.7742], [14.2339, 52.7745], [14.2368, 52.7736], [14.2389, 52.7756], [14.2404, 52.7795], [14.2419, 52.7809], [14.2431, 52.7809], [14.2458, 52.7793], [14.2458, 52.7784], [14.2428, 52.7757], [14.2415, 52.7732], [14.2538, 52.7647], [14.2527, 52.7636], [14.2501, 52.7637], [14.2432, 52.7691], [14.2396, 52.7703], [14.2388, 52.7696], [14.2389, 52.767], [14.2356, 52.7669], [14.2333, 52.7656], [14.2321, 52.7571], [14.2383, 52.7522], [14.2414, 52.7511], [14.2475, 52.7522], [14.2518, 52.7517], [14.2582, 52.7524], [14.2592, 52.7519], [14.2576, 52.7509], [14.2576, 52.75], [14.2633, 52.7475], [14.2662, 52.7495], [14.2664, 52.7514], [14.2564, 52.7597], [14.2573, 52.7609], [14.257, 52.7618], [14.2597, 52.7637], [14.2608, 52.7633], [14.2601, 52.761], [14.2616, 52.7595], [14.2669, 52.7566], [14.2732, 52.755], [14.2752, 52.7551], [14.2753, 52.757], [14.2767, 52.7594], [14.2763, 52.762], [14.2771, 52.7626], [14.2789, 52.7627], [14.2785, 52.7617], [14.2791, 52.7611], [14.284, 52.7623], [14.2892, 52.761], [14.2914, 52.7622], [14.2919, 52.7644], [14.2927, 52.7648], [14.2978, 52.7628], [14.3016, 52.7626], [14.3058, 52.7611], [14.3069, 52.7614], [14.306, 52.7641], [14.3091, 52.7635], [14.3108, 52.7623], [14.3064, 52.76], [14.3056, 52.7592], [14.3061, 52.7588], [14.3032, 52.7558], [14.2984, 52.7547], [14.2963, 52.7521], [14.2955, 52.7488], [14.2932, 52.7448], [14.2894, 52.7425], [14.2853, 52.7432], [14.2815, 52.7454], [14.2758, 52.7443], [14.2464, 52.7458], [14.2203, 52.7433], [14.2116, 52.7406], [14.2106, 52.7424], [14.203, 52.7497], [14.1962, 52.754], [14.1781, 52.7562], [14.1767, 52.7549], [14.1741, 52.7542], [14.1719, 52.755], [14.172, 52.7563], [14.17, 52.756], [14.1694, 52.753], [14.1725, 52.7518], [14.1747, 52.7484], [14.1818, 52.7488], [14.1839, 52.7478], [14.1843, 52.7467], [14.1826, 52.744], [14.183, 52.7406], [14.1845, 52.7408], [14.1889, 52.7451], [14.189, 52.7475], [14.1872, 52.7503], [14.181, 52.7522], [14.1801, 52.753], [14.1805, 52.7535], [14.1963, 52.7518], [14.2008, 52.7479], [14.2033, 52.7437], [14.2083, 52.7389], [14.2075, 52.7378], [14.2006, 52.7359], [14.1972, 52.7332], [14.1855, 52.7279], [14.1732, 52.7244], [14.1705, 52.7248], [14.168, 52.7263], [14.1665, 52.7299], [14.1634, 52.7281], [14.1611, 52.7324], [14.156, 52.735], [14.155, 52.7349], [14.1548, 52.7331], [14.1562, 52.7325], [14.158, 52.729], [14.1616, 52.726], [14.167, 52.7232], [14.176, 52.7228], [14.1756, 52.7214], [14.1763, 52.7199], [14.1786, 52.7172], [14.1764, 52.7143], [14.1723, 52.7145], [14.1723, 52.7134], [14.1698, 52.7112], [14.1696, 52.7096], [14.1707, 52.7084], [14.1706, 52.7047], [14.1741, 52.7037], [14.1743, 52.7025], [14.1729, 52.7012], [14.1716, 52.7014], [14.1696, 52.7006], [14.1644, 52.7024], [14.1677, 52.7052], [14.1677, 52.7064], [14.1633, 52.7114], [14.1601, 52.7132], [14.1468, 52.7106], [14.1388, 52.7105], [14.1347, 52.712], [14.1336, 52.7135], [14.1336, 52.715], [14.14, 52.7147], [14.1416, 52.7164], [14.1412, 52.7242], [14.1376, 52.7282], [14.1366, 52.7302], [14.1361, 52.7354], [14.1311, 52.7419], [14.1302, 52.7449], [14.1252, 52.7482], [14.1242, 52.7514], [14.12, 52.7547], [14.1191, 52.7573], [14.1114, 52.7598], [14.1109, 52.7623], [14.1095, 52.7639], [14.1099, 52.7649], [14.1175, 52.7605], [14.1198, 52.7609], [14.1198, 52.7623], [14.1183, 52.7635], [14.1151, 52.7642], [14.1143, 52.7651], [14.1151, 52.7701], [14.1138, 52.7708], [14.1115, 52.7691], [14.1117, 52.7741], [14.1097, 52.7758], [14.108, 52.7761], [14.1041, 52.774], [14.0967, 52.7736], [14.0878, 52.7692], [14.0833, 52.7731], [14.086, 52.7836], [14.0879, 52.7853], [14.0905, 52.786], [14.0947, 52.7845], [14.0967, 52.7847], [14.0978, 52.7858], [14.0979, 52.7874], [14.0919, 52.7919], [14.0866, 52.7922], [14.0827, 52.7939], [14.0782, 52.7986], [14.0806, 52.799], [14.0845, 52.796], [14.0892, 52.7977], [14.0956, 52.7988], [14.0969, 52.8], [14.1033, 52.7996], [14.1035, 52.7987], [14.1015, 52.7971], [14.0943, 52.794], [14.0951, 52.7929], [14.0993, 52.7913], [14.102, 52.7893], [14.101, 52.7814], [14.1025, 52.7807], [14.105, 52.7809], [14.1098, 52.7789], [14.1117, 52.7791], [14.1118, 52.7817], [14.1102, 52.7846], [14.1048, 52.7892], [14.1092, 52.7926], [14.1124, 52.7879], [14.1132, 52.7842], [14.1167, 52.7812], [14.1153, 52.7781], [14.1199, 52.7737], [14.1199, 52.7691], [14.1271, 52.7624], [14.1273, 52.7613], [14.1299, 52.7608], [14.1305, 52.7561], [14.1341, 52.7564], [14.1411, 52.7543], [14.1538, 52.7434], [14.1583, 52.7434], [14.1593, 52.7442], [14.1589, 52.7456], [14.1598, 52.7465], [14.1643, 52.7478], [14.1594, 52.7502], [14.1633, 52.7535], [14.1633, 52.7555], [14.1498, 52.7576], [14.1317, 52.7621], [14.1296, 52.7651], [14.131, 52.7689], [14.1367, 52.7689], [14.1382, 52.7698], [14.1334, 52.773], [14.1334, 52.774], [14.1356, 52.7763], [14.1373, 52.7767], [14.1399, 52.7751], [14.1482, 52.7738], [14.1559, 52.7713], [14.1578, 52.7693], [14.1577, 52.7683], [14.1561, 52.7669], [14.1542, 52.7669], [14.149, 52.7705], [14.1483, 52.7691], [14.1489, 52.7674], [14.1507, 52.765], [14.1565, 52.7639], [14.1607, 52.762], [14.1593, 52.7609], [14.155, 52.7612], [14.1545, 52.7605], [14.1552, 52.7596], [14.1641, 52.7581], [14.1721, 52.7596], [14.1688, 52.7629], [14.168, 52.7661], [14.1638, 52.7709], [14.1656, 52.7729], [14.1698, 52.7737], [14.1711, 52.7754], [14.1825, 52.7764]], [[14.1301, 52.7509], [14.1307, 52.75], [14.1335, 52.747], [14.1394, 52.7439], [14.1388, 52.742], [14.1445, 52.7432], [14.1427, 52.7479], [14.1399, 52.7488], [14.1346, 52.7527], [14.1303, 52.7536], [14.1301, 52.7509]]], [[[14.3509, 52.7438], [14.3531, 52.7385], [14.3578, 52.7348], [14.3579, 52.7339], [14.3705, 52.7291], [14.376, 52.7251], [14.3723, 52.7234], [14.3705, 52.7199], [14.371, 52.7181], [14.3748, 52.7164], [14.3734, 52.7149], [14.3736, 52.7137], [14.3779, 52.712], [14.3811, 52.7118], [14.3828, 52.7104], [14.387, 52.711], [14.3898, 52.7103], [14.3946, 52.7077], [14.3954, 52.7067], [14.3952, 52.7056], [14.3934, 52.7053], [14.3901, 52.7072], [14.3836, 52.7053], [14.3832, 52.7046], [14.387, 52.7026], [14.3864, 52.6989], [14.3852, 52.6971], [14.3814, 52.6955], [14.3747, 52.7019], [14.3744, 52.7048], [14.3757, 52.7076], [14.372, 52.7101], [14.3704, 52.7101], [14.3679, 52.7073], [14.3625, 52.7077], [14.3599, 52.7069], [14.3587, 52.7049], [14.3563, 52.705], [14.353, 52.7062], [14.3516, 52.7085], [14.3454, 52.7133], [14.3355, 52.713], [14.3358, 52.7139], [14.3404, 52.7147], [14.3403, 52.7166], [14.3366, 52.7192], [14.3256, 52.7219], [14.3234, 52.7255], [14.3242, 52.7283], [14.3277, 52.7306], [14.3308, 52.7341], [14.3326, 52.7347], [14.336, 52.7339], [14.3386, 52.7324], [14.3423, 52.7324], [14.3464, 52.729], [14.3485, 52.7288], [14.3523, 52.732], [14.3528, 52.7337], [14.3482, 52.7344], [14.3475, 52.7358], [14.3486, 52.7367], [14.3485, 52.7375], [14.345, 52.744], [14.3467, 52.7449], [14.3509, 52.7438]]], [[[14.5462, 52.5477], [14.5482, 52.5464], [14.5498, 52.5434], [14.552, 52.5417], [14.5623, 52.5416], [14.5652, 52.5409], [14.5649, 52.5341], [14.5695, 52.5334], [14.5733, 52.5309], [14.577, 52.5305], [14.5824, 52.5252], [14.5772, 52.5241], [14.5731, 52.5222], [14.5722, 52.5205], [14.5736, 52.5192], [14.5707, 52.5176], [14.57, 52.5155], [14.5675, 52.5156], [14.5703, 52.514], [14.5702, 52.5121], [14.5668, 52.5116], [14.5634, 52.5139], [14.5604, 52.5146], [14.5591, 52.5166], [14.5596, 52.5172], [14.5578, 52.519], [14.5565, 52.5188], [14.5548, 52.5169], [14.5541, 52.518], [14.548, 52.5202], [14.5472, 52.5216], [14.548, 52.523], [14.5535, 52.523], [14.5542, 52.5237], [14.5531, 52.5248], [14.5483, 52.5255], [14.5464, 52.5269], [14.5456, 52.5287], [14.5479, 52.5275], [14.5519, 52.5289], [14.5564, 52.527], [14.5572, 52.5277], [14.5569, 52.5287], [14.5527, 52.5303], [14.5483, 52.5306], [14.5471, 52.5319], [14.5479, 52.5334], [14.5474, 52.5345], [14.544, 52.5351], [14.5419, 52.5392], [14.5368, 52.54], [14.5376, 52.5416], [14.5355, 52.5442], [14.5319, 52.5446], [14.5316, 52.5424], [14.5295, 52.5412], [14.531, 52.5391], [14.5235, 52.5372], [14.5206, 52.5383], [14.5214, 52.5398], [14.5239, 52.5404], [14.523, 52.5426], [14.5237, 52.544], [14.5262, 52.5454], [14.5291, 52.5452], [14.5303, 52.5471], [14.5326, 52.547], [14.5327, 52.5496], [14.5348, 52.55], [14.5358, 52.5515], [14.5401, 52.5503], [14.5413, 52.5484], [14.5462, 52.5477]]], [[[14.2158, 52.7196], [14.2173, 52.7203], [14.2162, 52.7161], [14.2178, 52.714], [14.2206, 52.7133], [14.226, 52.7143], [14.2284, 52.7159], [14.2311, 52.7154], [14.2317, 52.7163], [14.2332, 52.715], [14.238, 52.7144], [14.2357, 52.7138], [14.2344, 52.7109], [14.2303, 52.7101], [14.2273, 52.7069], [14.2238, 52.7065], [14.2209, 52.7046], [14.2194, 52.7049], [14.2183, 52.7062], [14.2141, 52.7057], [14.2112, 52.7066], [14.208, 52.7093], [14.2057, 52.709], [14.2048, 52.707], [14.2087, 52.7041], [14.2075, 52.701], [14.2085, 52.698], [14.2074, 52.6968], [14.2043, 52.6966], [14.2007, 52.6988], [14.2034, 52.7004], [14.2038, 52.7044], [14.1995, 52.7081], [14.1947, 52.7098], [14.1947, 52.7105], [14.197, 52.7114], [14.1969, 52.7126], [14.1893, 52.7149], [14.1884, 52.7183], [14.19, 52.7204], [14.19, 52.7215], [14.1863, 52.7226], [14.186, 52.7235], [14.1902, 52.7265], [14.1945, 52.7275], [14.1956, 52.7296], [14.2009, 52.7315], [14.2088, 52.7294], [14.2128, 52.7273], [14.2067, 52.7217], [14.2064, 52.72], [14.2158, 52.7196]]], [[[14.2658, 52.6429], [14.27, 52.644], [14.2743, 52.6437], [14.2749, 52.6435], [14.2752, 52.6413], [14.2771, 52.6403], [14.2887, 52.6386], [14.2856, 52.6378], [14.2851, 52.637], [14.2876, 52.6335], [14.2897, 52.632], [14.2922, 52.6312], [14.2963, 52.6321], [14.2972, 52.6338], [14.2987, 52.6342], [14.3071, 52.6301], [14.3087, 52.6275], [14.3066, 52.6252], [14.3061, 52.6217], [14.3041, 52.6201], [14.3031, 52.6213], [14.3031, 52.6243], [14.302, 52.6252], [14.3008, 52.6251], [14.2994, 52.6221], [14.2976, 52.6219], [14.2957, 52.6231], [14.293, 52.6269], [14.2902, 52.6281], [14.288, 52.6277], [14.2862, 52.6251], [14.2814, 52.623], [14.2733, 52.6266], [14.2707, 52.6251], [14.2701, 52.6223], [14.2677, 52.6222], [14.2661, 52.625], [14.267, 52.6264], [14.2645, 52.6321], [14.2705, 52.6359], [14.2694, 52.6367], [14.2618, 52.6381], [14.247, 52.6459], [14.2464, 52.6474], [14.2468, 52.6487], [14.2514, 52.6504], [14.2531, 52.65], [14.2534, 52.6478], [14.2568, 52.6462], [14.261, 52.6427], [14.2658, 52.6429]]], [[[14.3205, 52.7156], [14.3251, 52.7173], [14.3322, 52.718], [14.3371, 52.7161], [14.3328, 52.7129], [14.3319, 52.7099], [14.3297, 52.7093], [14.3241, 52.709], [14.3204, 52.7118], [14.3129, 52.7125], [14.3096, 52.7104], [14.3075, 52.708], [14.3097, 52.7056], [14.3132, 52.7046], [14.3127, 52.7033], [14.3107, 52.7031], [14.3078, 52.7032], [14.3049, 52.7056], [14.302, 52.706], [14.3036, 52.7094], [14.3036, 52.7117], [14.3018, 52.7122], [14.2978, 52.7115], [14.2938, 52.7119], [14.288, 52.7139], [14.2873, 52.7161], [14.2903, 52.7173], [14.2923, 52.7194], [14.2951, 52.7193], [14.2959, 52.721], [14.297, 52.7214], [14.3041, 52.7199], [14.2986, 52.7169], [14.2996, 52.7155], [14.3019, 52.7156], [14.3086, 52.719], [14.3094, 52.7186], [14.3103, 52.7164], [14.3119, 52.7159], [14.3164, 52.7183], [14.3188, 52.7209], [14.3214, 52.7215], [14.322, 52.7193], [14.3207, 52.7182], [14.3176, 52.7173], [14.3181, 52.7158], [14.3205, 52.7156]]], [[[14.3285, 52.7489], [14.3322, 52.7489], [14.3352, 52.7464], [14.3346, 52.7448], [14.3387, 52.7449], [14.3421, 52.7429], [14.338, 52.7409], [14.3329, 52.7421], [14.3319, 52.7412], [14.3332, 52.7393], [14.3322, 52.738], [14.3246, 52.7377], [14.3213, 52.7344], [14.3183, 52.7351], [14.3143, 52.7338], [14.3054, 52.7343], [14.3054, 52.7368], [14.3097, 52.7366], [14.3133, 52.7377], [14.3143, 52.739], [14.3121, 52.741], [14.3136, 52.743], [14.3138, 52.7448], [14.309, 52.7493], [14.309, 52.7505], [14.3101, 52.7517], [14.3118, 52.7523], [14.3194, 52.7507], [14.3241, 52.752], [14.3285, 52.7489]]], [[[14.5313, 52.5696], [14.5399, 52.5675], [14.5398, 52.5666], [14.5354, 52.5648], [14.5349, 52.5635], [14.5352, 52.5617], [14.5379, 52.5597], [14.5401, 52.5592], [14.5415, 52.5563], [14.539, 52.5552], [14.534, 52.5547], [14.5333, 52.5536], [14.5346, 52.5523], [14.5318, 52.5522], [14.5292, 52.5533], [14.5238, 52.5579], [14.5145, 52.5584], [14.5132, 52.5571], [14.5139, 52.5553], [14.5125, 52.5545], [14.5133, 52.551], [14.5117, 52.55], [14.5082, 52.5566], [14.5074, 52.559], [14.5079, 52.5595], [14.5202, 52.5616], [14.5205, 52.5628], [14.5162, 52.5653], [14.5161, 52.5668], [14.519, 52.5687], [14.5228, 52.5666], [14.5241, 52.5671], [14.5216, 52.5706], [14.5215, 52.5723], [14.5225, 52.5731], [14.5247, 52.5724], [14.5294, 52.569], [14.5313, 52.5696]]], [[[14.1643, 52.7768], [14.1602, 52.7801], [14.1538, 52.7813], [14.1542, 52.783], [14.1578, 52.7838], [14.1605, 52.786], [14.1596, 52.7899], [14.162, 52.7955], [14.1648, 52.7945], [14.1667, 52.7961], [14.1677, 52.7957], [14.1687, 52.7882], [14.1706, 52.788], [14.177, 52.7904], [14.1802, 52.7873], [14.18, 52.785], [14.1772, 52.7837], [14.1793, 52.7816], [14.179, 52.7804], [14.1777, 52.7792], [14.1724, 52.7776], [14.1709, 52.7753], [14.1643, 52.7768]]], [[[14.4943, 52.6319], [14.4899, 52.6318], [14.4905, 52.6304], [14.4943, 52.6287], [14.4879, 52.6282], [14.4918, 52.6267], [14.4981, 52.6269], [14.4994, 52.6258], [14.4949, 52.6242], [14.49, 52.6247], [14.4886, 52.626], [14.4797, 52.6246], [14.4807, 52.6234], [14.4851, 52.6234], [14.4871, 52.6218], [14.4861, 52.6214], [14.4765, 52.6213], [14.4746, 52.6236], [14.4761, 52.6263], [14.4749, 52.6274], [14.4651, 52.6271], [14.4627, 52.6286], [14.4633, 52.6298], [14.4656, 52.6303], [14.4752, 52.6297], [14.4777, 52.6301], [14.4736, 52.6336], [14.475, 52.6337], [14.4792, 52.6296], [14.4833, 52.6284], [14.4842, 52.6288], [14.4791, 52.6307], [14.4767, 52.6336], [14.4817, 52.6333], [14.4887, 52.6346], [14.4943, 52.6328], [14.4943, 52.6319]]], [[[14.2527, 52.7033], [14.2584, 52.7007], [14.263, 52.6938], [14.2666, 52.6928], [14.2725, 52.6875], [14.2792, 52.684], [14.2808, 52.6786], [14.2792, 52.6783], [14.2773, 52.6791], [14.2716, 52.6863], [14.2591, 52.6932], [14.2515, 52.6932], [14.2479, 52.6953], [14.2503, 52.6968], [14.2479, 52.6993], [14.2418, 52.6998], [14.2413, 52.7045], [14.242, 52.7052], [14.2527, 52.7033]]], [[[14.3106, 52.6154], [14.3144, 52.6134], [14.3141, 52.6096], [14.3153, 52.6076], [14.3204, 52.6058], [14.3291, 52.5987], [14.3334, 52.5973], [14.3344, 52.599], [14.3365, 52.5991], [14.3395, 52.5958], [14.3434, 52.5946], [14.3427, 52.59], [14.3435, 52.5879], [14.3393, 52.5896], [14.3402, 52.5897], [14.3412, 52.5919], [14.3386, 52.5934], [14.3376, 52.5953], [14.3327, 52.5954], [14.3322, 52.5964], [14.3296, 52.5969], [14.3254, 52.5966], [14.3221, 52.6008], [14.3143, 52.6035], [14.3104, 52.6073], [14.3055, 52.609], [14.3, 52.6095], [14.3023, 52.6113], [14.3031, 52.6133], [14.3057, 52.6143], [14.3063, 52.6157], [14.3106, 52.6154]]], [[[14.2761, 52.6744], [14.276, 52.6767], [14.2793, 52.6717], [14.2813, 52.6718], [14.2825, 52.6729], [14.2827, 52.6718], [14.2861, 52.6696], [14.2862, 52.6685], [14.2842, 52.6678], [14.2802, 52.6681], [14.2775, 52.6692], [14.2746, 52.6693], [14.2724, 52.6716], [14.2702, 52.6709], [14.2684, 52.6656], [14.2726, 52.6629], [14.2725, 52.662], [14.2709, 52.6618], [14.2647, 52.6644], [14.2636, 52.6656], [14.2634, 52.6675], [14.2576, 52.6689], [14.2566, 52.6698], [14.2583, 52.6706], [14.265, 52.6695], [14.2697, 52.6749], [14.2692, 52.6771], [14.2641, 52.6805], [14.2644, 52.682], [14.2666, 52.6815], [14.2717, 52.678], [14.2736, 52.6763], [14.2738, 52.6745], [14.2749, 52.6737], [14.2761, 52.6744]]], [[[14.4742, 52.4978], [14.4809, 52.4927], [14.4839, 52.4918], [14.4876, 52.4919], [14.4895, 52.4928], [14.493, 52.4924], [14.4961, 52.4936], [14.4972, 52.4928], [14.4976, 52.491], [14.5002, 52.4905], [14.5036, 52.4914], [14.5053, 52.4888], [14.5002, 52.4868], [14.494, 52.4913], [14.4929, 52.4908], [14.4917, 52.4887], [14.4859, 52.4883], [14.479, 52.4914], [14.4727, 52.4928], [14.4695, 52.4954], [14.465, 52.4963], [14.4638, 52.4974], [14.4636, 52.4993], [14.4643, 52.5001], [14.4656, 52.5001], [14.4687, 52.4976], [14.4742, 52.4978]]], [[[14.2179, 52.6573], [14.2204, 52.6559], [14.2215, 52.6535], [14.2206, 52.6524], [14.2203, 52.6497], [14.2169, 52.6485], [14.2169, 52.6497], [14.2188, 52.6526], [14.2183, 52.6536], [14.2162, 52.6539], [14.2111, 52.6509], [14.2067, 52.6553], [14.204, 52.6593], [14.2085, 52.659], [14.2087, 52.6606], [14.2072, 52.6629], [14.2073, 52.6641], [14.2101, 52.6648], [14.2154, 52.6623], [14.2179, 52.6573]]], [[[14.4883, 52.615], [14.4872, 52.6116], [14.4878, 52.6071], [14.4926, 52.6055], [14.4958, 52.6019], [14.4859, 52.6012], [14.4846, 52.6036], [14.4848, 52.6067], [14.4787, 52.611], [14.4767, 52.6115], [14.4774, 52.6127], [14.4832, 52.6142], [14.4844, 52.6153], [14.4825, 52.6167], [14.4789, 52.6166], [14.4764, 52.6175], [14.4765, 52.6186], [14.4849, 52.6185], [14.4883, 52.615]]], [[[14.2978, 52.6189], [14.3, 52.6177], [14.3005, 52.6164], [14.298, 52.6128], [14.2959, 52.6118], [14.2956, 52.6105], [14.2909, 52.6114], [14.2895, 52.6121], [14.2885, 52.6138], [14.2861, 52.615], [14.2803, 52.6162], [14.2767, 52.6202], [14.2724, 52.622], [14.2756, 52.6227], [14.2774, 52.6219], [14.2782, 52.6206], [14.2852, 52.6198], [14.2892, 52.6186], [14.2978, 52.6189]]], [[[14.5776, 52.5069], [14.5804, 52.5043], [14.5808, 52.5035], [14.5795, 52.5007], [14.5743, 52.4995], [14.5628, 52.4994], [14.5645, 52.5012], [14.563, 52.5036], [14.5633, 52.5044], [14.5658, 52.5051], [14.5701, 52.5047], [14.571, 52.5063], [14.5697, 52.5077], [14.5752, 52.5078], [14.5776, 52.5069]]], [[[14.2909, 52.7387], [14.294, 52.7403], [14.3008, 52.7474], [14.3031, 52.7535], [14.3095, 52.7573], [14.3098, 52.7557], [14.3055, 52.7515], [14.3057, 52.7491], [14.3071, 52.7461], [14.3066, 52.7438], [14.296, 52.7378], [14.2922, 52.7375], [14.2909, 52.7387]]], [[[14.5385, 52.5276], [14.5413, 52.5266], [14.5439, 52.5194], [14.5387, 52.5234], [14.5329, 52.5258], [14.5275, 52.526], [14.5225, 52.5242], [14.5229, 52.5261], [14.5216, 52.5273], [14.5225, 52.5291], [14.528, 52.5285], [14.5328, 52.5316], [14.5349, 52.5313], [14.5376, 52.5293], [14.5385, 52.5276]]], [[[14.4616, 52.6327], [14.4599, 52.6314], [14.4544, 52.6305], [14.4526, 52.6289], [14.4472, 52.6279], [14.4426, 52.6295], [14.442, 52.6313], [14.4379, 52.6325], [14.436, 52.6353], [14.438, 52.6359], [14.4407, 52.6339], [14.4453, 52.6337], [14.4516, 52.6313], [14.4569, 52.6329], [14.4591, 52.6353], [14.4624, 52.6361], [14.4654, 52.6347], [14.4649, 52.6328], [14.4616, 52.6327]]], [[[14.6059, 52.5031], [14.6084, 52.5012], [14.6062, 52.4996], [14.606, 52.4976], [14.6033, 52.4942], [14.6069, 52.4933], [14.6074, 52.4916], [14.6066, 52.4903], [14.6036, 52.4894], [14.6012, 52.4908], [14.5997, 52.4937], [14.5996, 52.4951], [14.6024, 52.4972], [14.6021, 52.4983], [14.6, 52.501], [14.5971, 52.5023], [14.5969, 52.5039], [14.5998, 52.5048], [14.6028, 52.5027], [14.6059, 52.5031]]], [[[14.2109, 52.7773], [14.2121, 52.776], [14.2119, 52.7742], [14.2062, 52.776], [14.2021, 52.7758], [14.198, 52.7748], [14.1941, 52.7728], [14.192, 52.7736], [14.1904, 52.7756], [14.1916, 52.7774], [14.1967, 52.7787], [14.1983, 52.7808], [14.2003, 52.7806], [14.2054, 52.7779], [14.2109, 52.7773]]], [[[14.2572, 52.7258], [14.263, 52.7174], [14.2675, 52.713], [14.2634, 52.7123], [14.2596, 52.7147], [14.2585, 52.7184], [14.2549, 52.7201], [14.2541, 52.7266], [14.2572, 52.7258]]], [[[14.4512, 52.4916], [14.4529, 52.4906], [14.4665, 52.4735], [14.4644, 52.4733], [14.4618, 52.475], [14.4602, 52.478], [14.4538, 52.4842], [14.4478, 52.4919], [14.4512, 52.4916]]], [[[14.4372, 52.6786], [14.4368, 52.6791], [14.4424, 52.6783], [14.4399, 52.6774], [14.4372, 52.6786]]]], "type": "MultiPolygon"}, "properties": {"BEMERKUNG": null, "GEN_ID": 1019, "GL_ID": 143.0, "SYM_NR": "59", "feature_kind": "soil_unit", "general_unit_de": "Vega-Gleye aus Auenlehm, -schluff oder -ton \u00fcber Auensand mit Vega-Gley-Pseudogleyen aus Auenton \u00fcber Auensand", "general_unit_en": "Vega-gley soils from floodplain loam, -schluff oder -ton over floodplain sand with Vega-gley-pseudogley soilsn from Auenton over floodplain sand", "lead_horizon_count": 4.0, "lead_profile_de": "Vega-Gley", "lead_profile_en": "Vega-gley", "legend_unit_de": "Vega-Gleye aus Auenlehm oder -schluff \u00fcber Auensand mit Vega-Gley-Pseudogleyen aus Auenton \u00fcber Auensand", "legend_unit_en": "Vega-gley soils from floodplain loam oder -schluff over floodplain sand with Vega-gley-pseudogley soilsn from Auenton over floodplain sand", "parent_material_code": "2.1.3.4", "parent_material_de": "Auenlehm und Auenton", "parent_material_en": "Floodplain loam and Auenton", "profile_count": 6.0, "profile_summary_de": "Vega-Gley | 6 Profile | 4 Horizonte im Leitprofil", "profile_summary_en": "Vega-gley | 6 profiles | 4 horizons in lead profile", "semantic_source": "sqlite-buek250-v10", "semantic_version": "buek250-soil-semantics-v1", "soil_group_de": "Gleye", "soil_group_en": "Gley soils", "soil_group_key": "gley-soils", "soil_label_de": "Vega-Gleye aus Auenlehm oder -schluff \u00fcber Auensand mit Vega-Gley-Pseudogleyen aus Auenton \u00fcber Auensand", "soil_label_en": "Vega-gley soils from floodplain loam oder -schluff over floodplain sand with Vega-gley-pseudogley soilsn from Auenton over floodplain sand", "soil_type_primary_de": "Gleye", "soil_type_primary_en": "Gley soils", "soil_type_secondary_de": "Stauwasserb\u00f6den", "soil_type_secondary_en": "Stagnic soils", "soil_type_tertiary_de": null, "soil_type_tertiary_en": null, "source_note_de": null, "source_note_en": null, "special_area_kind": null}, "type": "Feature"}, {"geometry": {"coordinates": [[[[14.6066, 52.523], [14.6092, 52.5181], [14.6098, 52.5134], [14.612, 52.5099], [14.6145, 52.5079], [14.6295, 52.502], [14.632, 52.4997], [14.6308, 52.4988], [14.6332, 52.4983], [14.6338, 52.4951], [14.6327, 52.4928], [14.6318, 52.493], [14.6301, 52.4916], [14.632, 52.4909], [14.6298, 52.4903], [14.6306, 52.4891], [14.6291, 52.488], [14.6271, 52.4882], [14.6284, 52.4871], [14.6264, 52.4861], [14.6272, 52.4857], [14.6241, 52.4835], [14.6218, 52.4838], [14.6216, 52.4832], [14.6225, 52.4826], [14.622, 52.4822], [14.6106, 52.478], [14.6117, 52.4774], [14.61, 52.4746], [14.6105, 52.4743], [14.6095, 52.4678], [14.6074, 52.4672], [14.609, 52.4665], [14.6084, 52.4653], [14.6, 52.4605], [14.5956, 52.4559], [14.5896, 52.4519], [14.5902, 52.4557], [14.5923, 52.4607], [14.5898, 52.462], [14.5896, 52.4629], [14.5929, 52.4649], [14.5966, 52.463], [14.6005, 52.4651], [14.6069, 52.4716], [14.6085, 52.4769], [14.6221, 52.4848], [14.6282, 52.4916], [14.6304, 52.496], [14.6299, 52.4975], [14.6279, 52.4987], [14.6256, 52.4991], [14.6206, 52.4984], [14.6101, 52.5025], [14.6017, 52.512], [14.5983, 52.5159], [14.5977, 52.5177], [14.6066, 52.523]]], [[[14.5974, 52.5185], [14.6056, 52.5243], [14.6041, 52.522], [14.598, 52.5188], [14.5977, 52.5177], [14.5974, 52.5185]]], [[[14.4103, 52.7031], [14.4156, 52.6986], [14.4113, 52.6962], [14.4033, 52.6966], [14.401, 52.6988], [14.4009, 52.702], [14.3989, 52.7055], [14.4007, 52.7059], [14.4051, 52.703], [14.4103, 52.7031]]], [[[14.585, 52.5075], [14.5848, 52.5021], [14.5874, 52.5005], [14.5864, 52.4991], [14.5821, 52.4987], [14.5813, 52.5001], [14.5799, 52.5003], [14.5804, 52.5043], [14.5744, 52.5087], [14.5749, 52.5102], [14.5787, 52.5099], [14.58, 52.5115], [14.582, 52.5105], [14.585, 52.5075]]]], "type": "MultiPolygon"}, "properties": {"BEMERKUNG": null, "GEN_ID": 1012, "GL_ID": 98.0, "SYM_NR": "58", "feature_kind": "soil_unit", "general_unit_de": "Vega-Gleye und Gleye (mit Gley-Vegen) aus Auensand (\u00fcber Flusssand oder Flusskies (\"Schotter\"))", "general_unit_en": "Vega-gley soils and gley soils (with gley-Vegen) from floodplain sand (over Flusssand oder Flusskies (\"Schotter\"))", "lead_horizon_count": 4.0, "lead_profile_de": "Vega-Gley", "lead_profile_en": "Vega-gley", "legend_unit_de": "Vega-Gleye mit Auengleyen und Gley-Vegen aus lehmigem Auensand \u00fcber Auensand", "legend_unit_en": "Vega-gley soils with Auengley soilsn and gley-Vegen from lehmigem floodplain sand over floodplain sand", "parent_material_code": "2.1.3.1", "parent_material_de": "Auensand", "parent_material_en": "Floodplain sand", "profile_count": 8.0, "profile_summary_de": "Vega-Gley | 8 Profile | 4 Horizonte im Leitprofil", "profile_summary_en": "Vega-gley | 8 profiles | 4 horizons in lead profile", "semantic_source": "sqlite-buek250-v10", "semantic_version": "buek250-soil-semantics-v1", "soil_group_de": "Gleye", "soil_group_en": "Gley soils", "soil_group_key": "gley-soils", "soil_label_de": "Vega-Gleye mit Auengleyen und Gley-Vegen aus lehmigem Auensand \u00fcber Auensand", "soil_label_en": "Vega-gley soils with Auengley soilsn and gley-Vegen from lehmigem floodplain sand over floodplain sand", "soil_type_primary_de": "Gleye", "soil_type_primary_en": "Gley soils", "soil_type_secondary_de": "Auenb\u00f6den", "soil_type_secondary_en": "Alluvial soils", "soil_type_tertiary_de": null, "soil_type_tertiary_en": null, "source_note_de": null, "source_note_en": null, "special_area_kind": null}, "type": "Feature"}, {"geometry": {"coordinates": [[[[14.1143, 52.5189], [14.1092, 52.5188], [14.1057, 52.5157], [14.1052, 52.5141], [14.0998, 52.5141], [14.0904, 52.5119], [14.0909, 52.5129], [14.0884, 52.5131], [14.0851, 52.5118], [14.085, 52.5112], [14.0868, 52.5114], [14.0874, 52.5106], [14.08, 52.5072], [14.0726, 52.5052], [14.0718, 52.5044], [14.0734, 52.5028], [14.0731, 52.5017], [14.07, 52.5004], [14.0614, 52.5], [14.062, 52.5014], [14.0656, 52.5039], [14.0674, 52.5068], [14.0688, 52.5076], [14.0937, 52.515], [14.096, 52.5172], [14.0969, 52.5209], [14.0995, 52.5227], [14.1043, 52.5228], [14.1087, 52.5209], [14.1125, 52.521], [14.1165, 52.5243], [14.1217, 52.5257], [14.1217, 52.5245], [14.118, 52.5221], [14.1176, 52.5204], [14.1143, 52.5189]], [[14.0977, 52.5201], [14.1013, 52.5176], [14.1004, 52.5168], [14.1005, 52.5159], [14.1021, 52.516], [14.1032, 52.5175], [14.1013, 52.5189], [14.1011, 52.5204], [14.1038, 52.5199], [14.1047, 52.5187], [14.1063, 52.5191], [14.1048, 52.5207], [14.1, 52.5214], [14.0977, 52.5201]]], [[[14.0501, 52.4844], [14.0436, 52.4819], [14.0365, 52.4889], [14.0338, 52.4891], [14.0295, 52.4876], [14.0206, 52.4868], [14.0169, 52.4845], [14.0157, 52.4826], [14.0136, 52.4818], [14.0152, 52.4841], [14.0106, 52.4847], [14.0046, 52.4806], [14.0041, 52.4793], [14.005, 52.4772], [14.0019, 52.4768], [14.0042, 52.4815], [14.0101, 52.4858], [14.0136, 52.4862], [14.015, 52.4888], [14.0202, 52.4911], [14.0232, 52.4912], [14.0264, 52.4889], [14.0396, 52.4913], [14.0405, 52.4906], [14.0408, 52.4889], [14.0454, 52.4866], [14.0485, 52.4889], [14.0514, 52.4895], [14.0556, 52.4937], [14.0594, 52.4962], [14.0608, 52.496], [14.0613, 52.4941], [14.0501, 52.4844]]], [[[14.007, 52.473], [14.0078, 52.4727], [14.0046, 52.4729], [14.0073, 52.4742], [14.0072, 52.476], [14.0061, 52.4773], [14.0074, 52.4779], [14.0097, 52.4775], [14.0098, 52.4791], [14.0104, 52.4799], [14.0116, 52.4807], [14.01, 52.4766], [14.007, 52.473]]], [[[14.0888, 52.5112], [14.0893, 52.5113], [14.0891, 52.5112], [14.0888, 52.5112]]]], "type": "MultiPolygon"}, "properties": {"BEMERKUNG": null, "GEN_ID": 1032, "GL_ID": 1057.0, "SYM_NR": "546", "feature_kind": "soil_unit", "general_unit_de": "Erdniedermoore (\u00fcber Flusssand oder Mudde) mit Gleyen und Anmoorgleyen aus Flusssand (Niederungssand)", "general_unit_en": "Erdfens (over Flusssand oder Mudde) with gley soilsn and Anmoorgley soilsn from Flusssand (lowland sand)", "lead_horizon_count": 4.0, "lead_profile_de": "Normerdniedermoor", "lead_profile_en": "Normerdfen", "legend_unit_de": "Erdniedermoore (\u00fcber tiefem Flusssand) vergesellschaftet mit Humusgleyen und Anmoorgleyen aus Fluss- oder Niederungssand", "legend_unit_en": "Erdfens (over tiefem Flusssand) vergesellschaftet with Humusgley soilsn and Anmoorgley soilsn from Fluss- oder lowland sand", "parent_material_code": "10.1.3.1", "parent_material_de": "Niedermoortorf und Flusssand", "parent_material_en": "Fen peat and Flusssand", "profile_count": 5.0, "profile_summary_de": "Normerdniedermoor | 5 Profile | 4 Horizonte im Leitprofil", "profile_summary_en": "Normerdfen | 5 profiles | 4 horizons in lead profile", "semantic_source": "sqlite-buek250-v10", "semantic_version": "buek250-soil-semantics-v1", "soil_group_de": "Niedermoore", "soil_group_en": "Fens", "soil_group_key": "fens", "soil_label_de": "Erdniedermoore (\u00fcber tiefem Flusssand) vergesellschaftet mit Humusgleyen und Anmoorgleyen aus Fluss- oder Niederungssand", "soil_label_en": "Erdfens (over tiefem Flusssand) vergesellschaftet with Humusgley soilsn and Anmoorgley soilsn from Fluss- oder lowland sand", "soil_type_primary_de": "Niedermoore", "soil_type_primary_en": "Fens", "soil_type_secondary_de": "Gleye", "soil_type_secondary_en": "Gley soils", "soil_type_tertiary_de": null, "soil_type_tertiary_en": null, "source_note_de": null, "source_note_en": null, "special_area_kind": null}, "type": "Feature"}, {"geometry": {"coordinates": [[[[14.3266, 52.4016], [14.3286, 52.4027], [14.3281, 52.4087], [14.3301, 52.4089], [14.3315, 52.4072], [14.3316, 52.4032], [14.3288, 52.4], [14.3244, 52.3969], [14.3224, 52.3906], [14.3155, 52.3829], [14.3266, 52.4016]]], [[[14.0616, 52.5242], [14.0616, 52.5262], [14.0637, 52.5296], [14.0698, 52.532], [14.0757, 52.5359], [14.0781, 52.5357], [14.0748, 52.5317], [14.0698, 52.5296], [14.0645, 52.525], [14.0616, 52.5242]]], [[[14.2799, 52.5352], [14.2786, 52.5336], [14.2777, 52.5291], [14.274, 52.5284], [14.2701, 52.5253], [14.266, 52.5255], [14.2665, 52.5273], [14.2704, 52.5287], [14.2736, 52.5322], [14.2755, 52.5321], [14.2776, 52.5338], [14.2781, 52.5375], [14.2758, 52.538], [14.2764, 52.5452], [14.2804, 52.5466], [14.2785, 52.5444], [14.2783, 52.5419], [14.2799, 52.5352]]], [[[13.832, 52.5758], [13.8332, 52.5781], [13.8329, 52.5788], [13.8279, 52.578], [13.8267, 52.5772], [13.8267, 52.576], [13.8252, 52.578], [13.8259, 52.5814], [13.8269, 52.5818], [13.8282, 52.5808], [13.8318, 52.5816], [13.8351, 52.5835], [13.836, 52.5816], [13.8352, 52.5794], [13.832, 52.5758]]], [[[14.1782, 52.6531], [14.177, 52.6528], [14.1745, 52.6543], [14.1762, 52.6575], [14.1783, 52.6591], [14.1843, 52.6588], [14.1857, 52.6633], [14.1873, 52.6632], [14.1903, 52.6604], [14.1905, 52.6592], [14.1782, 52.6531]]]], "type": "MultiPolygon"}, "properties": {"BEMERKUNG": null, "GEN_ID": 957, "GL_ID": 1057.0, "SYM_NR": "545", "feature_kind": "soil_unit", "general_unit_de": "Erdniedermoore (\u00fcber Flusssand oder Mudde) mit Gleyen und Anmoorgleyen aus Flusssand (Niederungssand)", "general_unit_en": "Erdfens (over Flusssand oder Mudde) with gley soilsn and Anmoorgley soilsn from Flusssand (lowland sand)", "lead_horizon_count": 4.0, "lead_profile_de": "Normerdniedermoor", "lead_profile_en": "Normerdfen", "legend_unit_de": "Erd-Niedermoore \u00fcber Flusssand und Gleye sowie Anmoorgleye aus Flusssand", "legend_unit_en": "Erd-fens over Flusssand and gley soils sowie Anmoorgley soils from Flusssand", "parent_material_code": "10.1.3.1", "parent_material_de": "Niedermoortorf und Flusssand", "parent_material_en": "Fen peat and Flusssand", "profile_count": 4.0, "profile_summary_de": "Normerdniedermoor | 4 Profile | 4 Horizonte im Leitprofil", "profile_summary_en": "Normerdfen | 4 profiles | 4 horizons in lead profile", "semantic_source": "sqlite-buek250-v10", "semantic_version": "buek250-soil-semantics-v1", "soil_group_de": "Niedermoore", "soil_group_en": "Fens", "soil_group_key": "fens", "soil_label_de": "Erd-Niedermoore \u00fcber Flusssand und Gleye sowie Anmoorgleye aus Flusssand", "soil_label_en": "Erd-fens over Flusssand and gley soils sowie Anmoorgley soils from Flusssand", "soil_type_primary_de": "Niedermoore", "soil_type_primary_en": "Fens", "soil_type_secondary_de": "Gleye", "soil_type_secondary_en": "Gley soils", "soil_type_tertiary_de": null, "soil_type_tertiary_en": null, "source_note_de": null, "source_note_en": null, "special_area_kind": null}, "type": "Feature"}, {"geometry": {"coordinates": [[[[14.2327, 52.5969], [14.2202, 52.5993], [14.2076, 52.5987], [14.2037, 52.5998], [14.2064, 52.6015], [14.2212, 52.6015], [14.2225, 52.6031], [14.2324, 52.6002], [14.2331, 52.5981], [14.2327, 52.5969]]], [[[14.2352, 52.6125], [14.2346, 52.608], [14.2395, 52.6036], [14.2428, 52.6029], [14.2465, 52.6045], [14.2451, 52.6017], [14.2459, 52.6012], [14.2448, 52.5998], [14.2397, 52.5976], [14.24, 52.6001], [14.2361, 52.6002], [14.2366, 52.6019], [14.2293, 52.607], [14.2294, 52.6101], [14.2313, 52.6114], [14.2308, 52.613], [14.2283, 52.6144], [14.225, 52.6137], [14.2241, 52.6144], [14.2257, 52.6171], [14.2311, 52.6189], [14.2327, 52.6172], [14.2326, 52.6138], [14.2352, 52.6125]]], [[[14.2459, 52.6238], [14.2553, 52.6231], [14.2592, 52.6208], [14.2596, 52.6182], [14.2579, 52.6179], [14.2503, 52.6205], [14.2335, 52.6219], [14.2273, 52.6231], [14.2227, 52.623], [14.2221, 52.624], [14.2254, 52.6261], [14.2289, 52.6254], [14.2321, 52.6262], [14.2334, 52.6285], [14.2328, 52.6344], [14.2348, 52.6362], [14.2362, 52.6361], [14.2371, 52.6347], [14.2364, 52.6311], [14.2369, 52.6287], [14.2431, 52.6263], [14.2459, 52.6238]]]], "type": "MultiPolygon"}, "properties": {"BEMERKUNG": null, "GEN_ID": 962, "GL_ID": 429.0, "SYM_NR": "534", "feature_kind": "soil_unit", "general_unit_de": "Regosole und Braunerden aus Flugsand mit Gleyen und Humusgleyen aus Flusssand", "general_unit_en": "Regosole and brown soils from aeolian sand with gley soilsn and Humusgley soilsn from Flusssand", "lead_horizon_count": 6.0, "lead_profile_de": "Normregosol", "lead_profile_en": "Typical regosol", "legend_unit_de": "Regosole und Braunerden aus Flugsand vergesellschaftet mit Gleyen und Humusgleyen aus Flusssand", "legend_unit_en": "Regosole and brown soils from aeolian sand vergesellschaftet with gley soilsn and Humusgley soilsn from Flusssand", "parent_material_code": "4.0.3.4", "parent_material_de": "Flugsand und Niederungssand", "parent_material_en": "Aeolian sand and lowland sand", "profile_count": 8.0, "profile_summary_de": "Normregosol | 8 Profile | 6 Horizonte im Leitprofil", "profile_summary_en": "Typical regosol | 8 profiles | 6 horizons in lead profile", "semantic_source": "sqlite-buek250-v10", "semantic_version": "buek250-soil-semantics-v1", "soil_group_de": "Ah/C-B\u00f6den", "soil_group_en": "Ah/C soils", "soil_group_key": "ah-c-soils", "soil_label_de": "Regosole und Braunerden aus Flugsand vergesellschaftet mit Gleyen und Humusgleyen aus Flusssand", "soil_label_en": "Regosole and brown soils from aeolian sand vergesellschaftet with gley soilsn and Humusgley soilsn from Flusssand", "soil_type_primary_de": "Ah/C-B\u00f6den", "soil_type_primary_en": "Ah/C soils", "soil_type_secondary_de": "Braunerden", "soil_type_secondary_en": "Brown soils", "soil_type_tertiary_de": null, "soil_type_tertiary_en": null, "source_note_de": null, "source_note_en": null, "special_area_kind": null}, "type": "Feature"}, {"geometry": {"coordinates": [[[[14.0951, 52.6792], [14.0981, 52.6791], [14.1059, 52.6808], [14.1084, 52.6796], [14.1097, 52.6775], [14.1097, 52.6672], [14.1108, 52.6638], [14.1136, 52.6632], [14.1174, 52.6654], [14.1196, 52.6653], [14.1206, 52.6644], [14.1193, 52.6609], [14.1183, 52.6603], [14.1062, 52.6621], [14.1019, 52.6642], [14.0955, 52.6636], [14.0955, 52.6652], [14.0985, 52.668], [14.0991, 52.6697], [14.0984, 52.6707], [14.095, 52.6715], [14.0886, 52.6705], [14.0883, 52.6694], [14.0914, 52.669], [14.0923, 52.6672], [14.0916, 52.6658], [14.0882, 52.664], [14.0851, 52.6642], [14.0864, 52.6672], [14.0825, 52.6681], [14.0806, 52.6673], [14.0805, 52.6661], [14.0761, 52.6615], [14.0754, 52.6584], [14.0765, 52.6548], [14.0815, 52.6548], [14.0823, 52.6536], [14.0847, 52.653], [14.0865, 52.6542], [14.0893, 52.6549], [14.0909, 52.6566], [14.0925, 52.6566], [14.0929, 52.658], [14.0915, 52.6584], [14.0914, 52.6605], [14.0942, 52.6611], [14.0988, 52.6596], [14.1058, 52.6594], [14.1132, 52.6574], [14.1133, 52.6565], [14.109, 52.6554], [14.1085, 52.6535], [14.1143, 52.6511], [14.1084, 52.6492], [14.1033, 52.6499], [14.1004, 52.6488], [14.1001, 52.6458], [14.101, 52.6428], [14.0997, 52.6392], [14.0946, 52.6367], [14.0922, 52.6333], [14.0921, 52.6315], [14.0939, 52.6288], [14.0936, 52.6271], [14.0917, 52.6268], [14.0873, 52.6293], [14.086, 52.6291], [14.0863, 52.6265], [14.0903, 52.6252], [14.0919, 52.6237], [14.0957, 52.6253], [14.0969, 52.625], [14.0981, 52.6239], [14.0977, 52.6219], [14.093, 52.6213], [14.0829, 52.6215], [14.078, 52.6205], [14.0729, 52.6221], [14.0724, 52.6219], [14.0734, 52.6187], [14.0728, 52.6159], [14.0772, 52.615], [14.0854, 52.6175], [14.0884, 52.617], [14.0892, 52.619], [14.0983, 52.62], [14.1031, 52.6226], [14.1072, 52.6234], [14.1087, 52.6222], [14.1054, 52.6199], [14.1056, 52.6192], [14.1099, 52.6176], [14.1178, 52.6185], [14.1198, 52.6155], [14.1221, 52.6145], [14.1224, 52.6119], [14.12, 52.6104], [14.1172, 52.6105], [14.116, 52.6147], [14.1148, 52.6157], [14.1114, 52.6142], [14.109, 52.6152], [14.1046, 52.6128], [14.1033, 52.613], [14.1032, 52.614], [14.1022, 52.6145], [14.0987, 52.6143], [14.0953, 52.6127], [14.093, 52.6102], [14.0924, 52.6085], [14.0933, 52.6044], [14.0928, 52.6029], [14.0908, 52.6017], [14.0886, 52.6016], [14.0856, 52.6031], [14.0832, 52.6017], [14.0831, 52.6006], [14.0858, 52.5984], [14.0847, 52.5955], [14.0794, 52.5952], [14.076, 52.5983], [14.0703, 52.5976], [14.0696, 52.5986], [14.0705, 52.6], [14.0779, 52.6001], [14.08, 52.6024], [14.084, 52.6047], [14.0838, 52.6105], [14.0767, 52.6068], [14.0648, 52.6047], [14.0595, 52.597], [14.0551, 52.5949], [14.0539, 52.5918], [14.0518, 52.5915], [14.047, 52.5932], [14.0412, 52.5928], [14.0394, 52.592], [14.039, 52.5909], [14.0398, 52.5895], [14.0436, 52.5895], [14.046, 52.5879], [14.0441, 52.5862], [14.045, 52.5845], [14.0515, 52.5861], [14.0548, 52.5879], [14.0592, 52.5831], [14.0638, 52.58], [14.0633, 52.5777], [14.0616, 52.5789], [14.0574, 52.5795], [14.0543, 52.5765], [14.0543, 52.5753], [14.0525, 52.5745], [14.041, 52.5757], [14.0386, 52.5768], [14.0352, 52.58], [14.0324, 52.5802], [14.0331, 52.5825], [14.0354, 52.5835], [14.0337, 52.5848], [14.0333, 52.5867], [14.0336, 52.5889], [14.0357, 52.591], [14.035, 52.594], [14.0359, 52.5953], [14.0349, 52.5975], [14.0324, 52.5989], [14.038, 52.6019], [14.0382, 52.6027], [14.032, 52.6011], [14.027, 52.6009], [14.0266, 52.5966], [14.0214, 52.5955], [14.0259, 52.5939], [14.0249, 52.5896], [14.0278, 52.5887], [14.0249, 52.5834], [14.0285, 52.5805], [14.0289, 52.5774], [14.0281, 52.5747], [14.0287, 52.5715], [14.031, 52.5699], [14.0327, 52.5673], [14.0318, 52.5624], [14.0345, 52.5584], [14.034, 52.5547], [14.037, 52.5505], [14.0351, 52.5495], [14.0287, 52.55], [14.0254, 52.5517], [14.0232, 52.5507], [14.0236, 52.5479], [14.0281, 52.5482], [14.0302, 52.5471], [14.0312, 52.5435], [14.0324, 52.5419], [14.0322, 52.5395], [14.0298, 52.5389], [14.0235, 52.5397], [14.017, 52.5417], [14.0115, 52.5409], [14.0079, 52.5393], [14.0017, 52.5405], [14.0011, 52.5413], [14.0016, 52.5424], [14.0073, 52.543], [14.0108, 52.545], [14.0115, 52.5462], [14.0101, 52.5472], [14.0053, 52.5471], [14.0008, 52.5485], [13.9981, 52.5483], [13.9955, 52.5467], [13.9908, 52.546], [13.9884, 52.5446], [13.9861, 52.5454], [13.9861, 52.5475], [13.988, 52.5495], [13.9993, 52.5541], [14.0086, 52.5516], [14.0103, 52.552], [14.0105, 52.554], [14.014, 52.5558], [14.0139, 52.5568], [14.0015, 52.5562], [13.9967, 52.5581], [13.9967, 52.5602], [13.9998, 52.5635], [14.0029, 52.5631], [14.0067, 52.5654], [14.0143, 52.5643], [14.0149, 52.5664], [14.0176, 52.5694], [14.0174, 52.5711], [14.0211, 52.5736], [14.0207, 52.5752], [14.0193, 52.5755], [14.0179, 52.5729], [14.0153, 52.5719], [14.0137, 52.572], [14.0113, 52.5739], [14.0039, 52.5714], [14.0038, 52.5697], [13.9959, 52.5708], [13.9973, 52.5741], [14.0013, 52.5763], [13.9997, 52.579], [14.0006, 52.5828], [14.006, 52.5873], [14.0064, 52.591], [14.0073, 52.5924], [14.0075, 52.5957], [14.0039, 52.6028], [14.0007, 52.6049], [14.0006, 52.6099], [14.0016, 52.612], [14.0065, 52.6099], [14.0109, 52.6123], [14.0124, 52.6122], [14.0131, 52.6109], [14.0144, 52.6109], [14.018, 52.613], [14.0192, 52.6159], [14.0161, 52.6209], [14.0172, 52.6231], [14.0195, 52.6239], [14.0209, 52.6231], [14.0204, 52.6213], [14.0256, 52.6205], [14.0273, 52.6182], [14.0336, 52.6136], [14.0406, 52.612], [14.0416, 52.61], [14.0398, 52.6054], [14.0437, 52.6021], [14.047, 52.6021], [14.0488, 52.603], [14.0484, 52.6047], [14.0492, 52.606], [14.0547, 52.6073], [14.0569, 52.6094], [14.0572, 52.6122], [14.0589, 52.6142], [14.0602, 52.6179], [14.0666, 52.6186], [14.0688, 52.6203], [14.0681, 52.6214], [14.0637, 52.6223], [14.0662, 52.6243], [14.066, 52.6255], [14.0611, 52.6263], [14.0613, 52.6281], [14.0647, 52.6309], [14.0627, 52.6341], [14.0518, 52.631], [14.0497, 52.6312], [14.0454, 52.6331], [14.0453, 52.6351], [14.0469, 52.6363], [14.0491, 52.6361], [14.052, 52.6341], [14.0539, 52.6342], [14.0559, 52.6355], [14.0498, 52.6383], [14.05, 52.6394], [14.0514, 52.6404], [14.0506, 52.6442], [14.053, 52.6455], [14.0528, 52.647], [14.0468, 52.6467], [14.0417, 52.6478], [14.0392, 52.6492], [14.0354, 52.6489], [14.0338, 52.6472], [14.0338, 52.6455], [14.0404, 52.643], [14.0404, 52.6408], [14.0381, 52.6398], [14.0339, 52.6405], [14.0325, 52.6393], [14.0324, 52.6367], [14.0313, 52.6348], [14.0273, 52.6361], [14.0257, 52.6341], [14.0243, 52.634], [14.0234, 52.6371], [14.0216, 52.6398], [14.0214, 52.6422], [14.0245, 52.6435], [14.0267, 52.6436], [14.0298, 52.642], [14.0317, 52.6431], [14.029, 52.6453], [14.0288, 52.6479], [14.0279, 52.649], [14.0268, 52.6491], [14.024, 52.6472], [14.0229, 52.6479], [14.0227, 52.6502], [14.0264, 52.6513], [14.027, 52.6522], [14.0261, 52.6528], [14.0201, 52.6523], [14.0201, 52.6586], [14.0189, 52.6605], [14.0194, 52.6611], [14.0212, 52.662], [14.0237, 52.6618], [14.0255, 52.6632], [14.0273, 52.6664], [14.029, 52.6721], [14.0305, 52.6717], [14.0347, 52.6644], [14.0449, 52.6684], [14.0482, 52.6688], [14.0486, 52.6696], [14.0461, 52.6713], [14.0383, 52.6734], [14.0423, 52.6776], [14.0425, 52.6808], [14.0463, 52.6822], [14.0487, 52.6821], [14.0453, 52.6781], [14.0459, 52.6757], [14.0525, 52.6737], [14.0555, 52.6719], [14.0524, 52.6712], [14.0533, 52.6684], [14.0618, 52.6662], [14.0705, 52.6655], [14.0744, 52.664], [14.0752, 52.6654], [14.0738, 52.6669], [14.0644, 52.6697], [14.0616, 52.6736], [14.0577, 52.6723], [14.0562, 52.6726], [14.0574, 52.6746], [14.0602, 52.6747], [14.0613, 52.6759], [14.0577, 52.6778], [14.0575, 52.6794], [14.0609, 52.68], [14.0644, 52.6762], [14.0653, 52.6762], [14.0662, 52.6796], [14.0678, 52.6817], [14.0688, 52.682], [14.0698, 52.681], [14.0713, 52.6828], [14.0753, 52.6834], [14.0765, 52.685], [14.0835, 52.684], [14.0951, 52.6792]], [[14.0492, 52.6661], [14.0456, 52.667], [14.0405, 52.6642], [14.0401, 52.6632], [14.0432, 52.6628], [14.0449, 52.6603], [14.0518, 52.6582], [14.0528, 52.6603], [14.0512, 52.6623], [14.0541, 52.6636], [14.0548, 52.665], [14.053, 52.6662], [14.0492, 52.6661]], [[14.0714, 52.6503], [14.0707, 52.6492], [14.0728, 52.6479], [14.0727, 52.6494], [14.0757, 52.6493], [14.0775, 52.6503], [14.0767, 52.6518], [14.0743, 52.6527], [14.0758, 52.6511], [14.0714, 52.6503]]], [[[14.4312, 52.3973], [14.4285, 52.3994], [14.4287, 52.4002], [14.4314, 52.4008], [14.4347, 52.4042], [14.4387, 52.4027], [14.4433, 52.4034], [14.4479, 52.4056], [14.45, 52.4094], [14.4529, 52.409], [14.4543, 52.4048], [14.456, 52.4031], [14.4596, 52.4041], [14.4624, 52.4039], [14.4651, 52.4009], [14.4652, 52.3997], [14.463, 52.3994], [14.4627, 52.3987], [14.4653, 52.398], [14.4559, 52.3981], [14.4327, 52.3944], [14.4312, 52.3973]]], [[[14.4299, 52.4275], [14.4329, 52.4265], [14.4272, 52.4222], [14.4212, 52.4202], [14.4154, 52.4158], [14.4088, 52.4122], [14.4003, 52.4157], [14.3983, 52.419], [14.3883, 52.4259], [14.3886, 52.4268], [14.3913, 52.4265], [14.3927, 52.4273], [14.3946, 52.4298], [14.3984, 52.4303], [14.4005, 52.4315], [14.4044, 52.4323], [14.4091, 52.4318], [14.4127, 52.4299], [14.4272, 52.4273], [14.4299, 52.4275]]], [[[14.5463, 52.4537], [14.5479, 52.4538], [14.5534, 52.4462], [14.5449, 52.436], [14.543, 52.4359], [14.5417, 52.4371], [14.5401, 52.4371], [14.5346, 52.4348], [14.531, 52.4317], [14.529, 52.4316], [14.5292, 52.4339], [14.5312, 52.437], [14.5328, 52.4383], [14.5366, 52.4392], [14.5381, 52.4411], [14.5383, 52.4433], [14.5366, 52.4465], [14.5381, 52.45], [14.5313, 52.4513], [14.5314, 52.4535], [14.5352, 52.4546], [14.5427, 52.451], [14.5463, 52.4537]]], [[[14.4067, 52.4605], [14.4104, 52.4574], [14.4141, 52.4572], [14.4146, 52.4566], [14.4114, 52.4537], [14.4112, 52.4521], [14.4151, 52.4493], [14.4153, 52.4479], [14.4138, 52.4465], [14.4076, 52.4449], [14.407, 52.4441], [14.4077, 52.4419], [14.407, 52.4412], [14.4016, 52.4433], [14.3977, 52.4424], [14.392, 52.4479], [14.3851, 52.4497], [14.3814, 52.45], [14.3766, 52.4479], [14.3769, 52.4494], [14.3753, 52.4529], [14.3736, 52.4545], [14.3721, 52.4542], [14.3713, 52.4503], [14.3678, 52.4465], [14.3664, 52.4488], [14.3639, 52.4506], [14.3618, 52.451], [14.3568, 52.4501], [14.3578, 52.4529], [14.3571, 52.4549], [14.3549, 52.4545], [14.3528, 52.456], [14.3475, 52.4541], [14.3468, 52.4555], [14.3474, 52.4582], [14.3504, 52.4608], [14.3514, 52.4638], [14.3529, 52.463], [14.355, 52.4572], [14.3581, 52.4584], [14.3599, 52.4612], [14.3645, 52.4609], [14.3674, 52.4626], [14.3727, 52.4581], [14.3759, 52.4574], [14.3806, 52.4587], [14.3824, 52.4566], [14.3917, 52.4582], [14.395, 52.4604], [14.3975, 52.4607], [14.399, 52.4619], [14.4022, 52.4606], [14.4067, 52.4605]]], [[[14.4718, 52.4672], [14.4731, 52.4681], [14.4743, 52.4676], [14.4765, 52.4683], [14.4862, 52.4649], [14.4896, 52.4644], [14.4935, 52.4648], [14.4975, 52.4664], [14.4964, 52.4624], [14.4984, 52.4584], [14.5016, 52.4573], [14.5036, 52.4549], [14.5074, 52.4536], [14.5112, 52.4534], [14.512, 52.4541], [14.5112, 52.4557], [14.5087, 52.4568], [14.5086, 52.458], [14.5131, 52.4595], [14.5171, 52.4593], [14.5181, 52.4576], [14.5169, 52.4553], [14.5195, 52.4536], [14.5194, 52.4522], [14.5116, 52.4493], [14.5095, 52.4456], [14.5086, 52.4454], [14.5097, 52.4429], [14.5088, 52.4417], [14.5109, 52.4413], [14.5191, 52.4438], [14.5212, 52.4493], [14.5234, 52.4509], [14.526, 52.4514], [14.5332, 52.4486], [14.5331, 52.4467], [14.5307, 52.4446], [14.5314, 52.4405], [14.5289, 52.4394], [14.5278, 52.4376], [14.5246, 52.4368], [14.5217, 52.4379], [14.5197, 52.4352], [14.5131, 52.4346], [14.5111, 52.4312], [14.5064, 52.4288], [14.5006, 52.4306], [14.5003, 52.4335], [14.497, 52.4325], [14.4939, 52.4281], [14.4895, 52.4279], [14.4869, 52.4292], [14.4849, 52.4282], [14.483, 52.4304], [14.4895, 52.4335], [14.4934, 52.4333], [14.4942, 52.4357], [14.4967, 52.4361], [14.4973, 52.4371], [14.495, 52.4412], [14.4921, 52.4425], [14.4898, 52.4448], [14.4952, 52.4518], [14.4911, 52.4524], [14.4901, 52.4548], [14.4866, 52.4555], [14.4841, 52.4542], [14.485, 52.4504], [14.4861, 52.449], [14.4889, 52.4479], [14.4893, 52.4468], [14.4803, 52.4431], [14.4772, 52.4427], [14.4761, 52.4413], [14.476, 52.4396], [14.4708, 52.4337], [14.4678, 52.4337], [14.4623, 52.432], [14.4609, 52.4321], [14.4594, 52.4336], [14.4596, 52.4361], [14.4663, 52.4406], [14.4674, 52.4441], [14.4658, 52.4476], [14.4639, 52.4473], [14.4632, 52.4501], [14.4583, 52.4539], [14.46, 52.456], [14.4581, 52.4598], [14.4622, 52.464], [14.465, 52.4649], [14.4618, 52.4672], [14.4613, 52.4687], [14.4625, 52.469], [14.4657, 52.4675], [14.4718, 52.4672]]], [[[14.1304, 52.4834], [14.1348, 52.4823], [14.1353, 52.4804], [14.1378, 52.4774], [14.1352, 52.4763], [14.1318, 52.4762], [14.1262, 52.4779], [14.1251, 52.4797], [14.1224, 52.4812], [14.105, 52.485], [14.1127, 52.4887], [14.114, 52.491], [14.1181, 52.4939], [14.1193, 52.4936], [14.12, 52.4906], [14.1238, 52.4894], [14.1251, 52.4879], [14.1239, 52.4841], [14.1252, 52.4834], [14.1304, 52.4834]]], [[[14.3763, 52.4661], [14.3749, 52.4659], [14.3708, 52.4677], [14.3706, 52.471], [14.3692, 52.4724], [14.365, 52.4726], [14.3643, 52.4751], [14.3623, 52.4773], [14.3664, 52.4797], [14.3729, 52.4814], [14.376, 52.4854], [14.3776, 52.4849], [14.3774, 52.4827], [14.3814, 52.4778], [14.3815, 52.4745], [14.3763, 52.4661]]], [[[14.4538, 52.4842], [14.4602, 52.478], [14.4619, 52.4749], [14.4614, 52.4715], [14.4599, 52.4716], [14.4577, 52.4746], [14.456, 52.4757], [14.4532, 52.4752], [14.4523, 52.4741], [14.4511, 52.4748], [14.4504, 52.476], [14.45, 52.4804], [14.4467, 52.4837], [14.4459, 52.4881], [14.4431, 52.4899], [14.438, 52.4904], [14.4373, 52.4915], [14.4453, 52.4942], [14.4502, 52.4893], [14.4538, 52.4842]]], [[[14.5727, 52.479], [14.5722, 52.4765], [14.5701, 52.4739], [14.5632, 52.4682], [14.5593, 52.4677], [14.5592, 52.4688], [14.5609, 52.4696], [14.5609, 52.4713], [14.5593, 52.4719], [14.5606, 52.473], [14.5628, 52.4745], [14.5687, 52.4759], [14.5704, 52.4777], [14.568, 52.485], [14.5704, 52.4851], [14.5754, 52.4879], [14.5758, 52.4891], [14.5749, 52.4927], [14.5769, 52.4941], [14.5816, 52.4957], [14.5802, 52.4914], [14.5727, 52.479]]], [[[14.1514, 52.5247], [14.1546, 52.5214], [14.1593, 52.5203], [14.1597, 52.5193], [14.1588, 52.5177], [14.1607, 52.5154], [14.1614, 52.511], [14.1556, 52.5094], [14.1551, 52.5107], [14.1569, 52.5132], [14.1565, 52.514], [14.1492, 52.5146], [14.1464, 52.516], [14.1489, 52.5189], [14.149, 52.5206], [14.146, 52.5229], [14.1429, 52.5237], [14.1427, 52.5245], [14.1442, 52.5263], [14.145, 52.5288], [14.1463, 52.5294], [14.1476, 52.5283], [14.1484, 52.5255], [14.1514, 52.5247]]], [[[14.0977, 52.5472], [14.101, 52.5449], [14.0947, 52.5405], [14.0921, 52.5406], [14.0917, 52.5385], [14.0943, 52.5385], [14.0948, 52.5395], [14.0948, 52.5385], [14.0966, 52.5369], [14.1008, 52.5357], [14.1034, 52.5361], [14.11, 52.5403], [14.1162, 52.5413], [14.1175, 52.5404], [14.1182, 52.5378], [14.1149, 52.5358], [14.1142, 52.5343], [14.1151, 52.5335], [14.1237, 52.5353], [14.1312, 52.5344], [14.1372, 52.5381], [14.1415, 52.5396], [14.1445, 52.5435], [14.1524, 52.5414], [14.154, 52.5432], [14.1568, 52.5443], [14.1605, 52.5409], [14.1577, 52.5387], [14.1569, 52.5347], [14.1473, 52.5352], [14.1406, 52.5333], [14.1408, 52.5317], [14.1446, 52.531], [14.1384, 52.5283], [14.1389, 52.5245], [14.1387, 52.5234], [14.1373, 52.5228], [14.1369, 52.5196], [14.1232, 52.5128], [14.1195, 52.5088], [14.114, 52.505], [14.1076, 52.5034], [14.1056, 52.5045], [14.1038, 52.5079], [14.1045, 52.5101], [14.1081, 52.5135], [14.1133, 52.5157], [14.1154, 52.5155], [14.1175, 52.5132], [14.1222, 52.5153], [14.122, 52.5161], [14.1194, 52.5175], [14.1176, 52.5204], [14.118, 52.5221], [14.1217, 52.5245], [14.1217, 52.5257], [14.1207, 52.5259], [14.1141, 52.5229], [14.1124, 52.5247], [14.1132, 52.526], [14.1151, 52.5257], [14.1169, 52.5265], [14.122, 52.5303], [14.122, 52.5316], [14.12, 52.5324], [14.1184, 52.532], [14.111, 52.5281], [14.1036, 52.5307], [14.1019, 52.53], [14.0975, 52.5255], [14.0925, 52.5263], [14.0899, 52.5282], [14.0897, 52.53], [14.0942, 52.5325], [14.095, 52.5338], [14.0906, 52.5366], [14.0905, 52.5413], [14.0861, 52.5467], [14.0845, 52.5471], [14.0887, 52.5477], [14.0936, 52.5469], [14.0977, 52.5472]]], [[[14.3969, 52.5458], [14.3948, 52.5403], [14.3956, 52.5369], [14.4024, 52.5309], [14.4055, 52.5264], [14.3992, 52.5213], [14.3997, 52.5178], [14.3968, 52.5168], [14.3998, 52.5138], [14.3974, 52.5119], [14.3974, 52.511], [14.3953, 52.5132], [14.3926, 52.5139], [14.3915, 52.5134], [14.3889, 52.5094], [14.3866, 52.5087], [14.3856, 52.51], [14.3877, 52.5148], [14.3919, 52.5168], [14.3939, 52.5201], [14.3969, 52.5191], [14.3974, 52.521], [14.3957, 52.5229], [14.3916, 52.5219], [14.3896, 52.5237], [14.3897, 52.5261], [14.3921, 52.528], [14.3924, 52.5308], [14.3916, 52.5315], [14.3848, 52.5318], [14.3849, 52.533], [14.3864, 52.5342], [14.3912, 52.5342], [14.3903, 52.5364], [14.3842, 52.5356], [14.3848, 52.538], [14.3864, 52.539], [14.3833, 52.5404], [14.3783, 52.5405], [14.3776, 52.5413], [14.3781, 52.5436], [14.3754, 52.5452], [14.375, 52.5466], [14.3758, 52.5478], [14.378, 52.5487], [14.387, 52.5496], [14.3888, 52.5518], [14.3912, 52.5524], [14.3931, 52.5516], [14.3931, 52.55], [14.3969, 52.5458]]], [[[14.0147, 52.6235], [14.013, 52.6224], [14.0109, 52.6222], [14.0093, 52.623], [14.0087, 52.6257], [14.0041, 52.6249], [14.0038, 52.6236], [14.0008, 52.6216], [14.0004, 52.6203], [13.9884, 52.6242], [13.9874, 52.626], [13.989, 52.6282], [13.992, 52.6297], [14.0022, 52.6314], [14.0069, 52.6296], [14.0147, 52.6235]]], [[[14.1548, 52.6283], [14.1556, 52.6263], [14.154, 52.6258], [14.1523, 52.6263], [14.15, 52.6284], [14.1495, 52.6294], [14.1509, 52.6311], [14.1482, 52.6324], [14.1414, 52.6315], [14.1407, 52.6305], [14.145, 52.6275], [14.1448, 52.6266], [14.1414, 52.6245], [14.1415, 52.6213], [14.146, 52.6203], [14.1502, 52.6219], [14.1534, 52.6211], [14.1571, 52.6184], [14.1597, 52.614], [14.1596, 52.6132], [14.1568, 52.6129], [14.149, 52.6091], [14.1476, 52.6074], [14.1469, 52.6053], [14.1447, 52.6034], [14.1444, 52.6016], [14.1452, 52.5998], [14.1473, 52.598], [14.1472, 52.5948], [14.1406, 52.5906], [14.1391, 52.5922], [14.1378, 52.5925], [14.1417, 52.5955], [14.1405, 52.5985], [14.1409, 52.6021], [14.1396, 52.6056], [14.1405, 52.6062], [14.143, 52.6056], [14.1442, 52.6067], [14.1391, 52.6104], [14.1391, 52.6126], [14.1409, 52.6138], [14.1421, 52.6117], [14.1448, 52.6119], [14.146, 52.613], [14.1445, 52.615], [14.1446, 52.6159], [14.1489, 52.6154], [14.1498, 52.617], [14.1476, 52.6188], [14.1438, 52.6176], [14.1378, 52.6193], [14.1373, 52.6205], [14.1388, 52.623], [14.1377, 52.6242], [14.1351, 52.6257], [14.1317, 52.6253], [14.1251, 52.6281], [14.1233, 52.6304], [14.1118, 52.6298], [14.1115, 52.6306], [14.1141, 52.6321], [14.1138, 52.633], [14.1055, 52.6346], [14.1043, 52.6357], [14.1045, 52.6366], [14.1065, 52.6371], [14.1142, 52.6357], [14.1216, 52.6377], [14.1241, 52.6354], [14.1211, 52.6342], [14.1211, 52.6324], [14.1224, 52.632], [14.1275, 52.6363], [14.1385, 52.6385], [14.1437, 52.6376], [14.1522, 52.6344], [14.1549, 52.6329], [14.1548, 52.6283]]], [[[14.1097, 52.6443], [14.1084, 52.6422], [14.1112, 52.6408], [14.1168, 52.6426], [14.1248, 52.6409], [14.1146, 52.6389], [14.1089, 52.6401], [14.1045, 52.6383], [14.1034, 52.637], [14.1019, 52.6375], [14.1017, 52.6383], [14.104, 52.6403], [14.1029, 52.6449], [14.1037, 52.6479], [14.1089, 52.647], [14.113, 52.6489], [14.1155, 52.6475], [14.1159, 52.647], [14.1097, 52.6443]]], [[[14.0134, 52.6585], [14.0141, 52.6565], [14.0115, 52.6563], [14.0064, 52.6603], [14.002, 52.6596], [14.0006, 52.6605], [14.0012, 52.6613], [14.0068, 52.6619], [14.0134, 52.6585]]], [[[14.1005, 52.7234], [14.0997, 52.7198], [14.1013, 52.717], [14.0986, 52.7131], [14.0949, 52.7107], [14.0815, 52.7127], [14.0842, 52.7146], [14.0843, 52.7164], [14.0835, 52.7177], [14.0795, 52.7184], [14.0783, 52.7199], [14.0785, 52.7216], [14.0949, 52.7244], [14.0976, 52.7227], [14.1005, 52.7234]]], [[[14.0282, 52.7465], [14.0301, 52.7445], [14.0412, 52.7462], [14.0496, 52.7442], [14.0541, 52.7452], [14.0565, 52.7433], [14.0545, 52.7416], [14.0471, 52.74], [14.0462, 52.7399], [14.0465, 52.741], [14.0441, 52.7412], [14.0412, 52.7395], [14.0347, 52.7418], [14.0305, 52.7404], [14.0239, 52.7405], [14.0202, 52.7426], [14.0203, 52.7433], [14.0227, 52.7445], [14.0203, 52.7473], [14.0218, 52.7478], [14.0282, 52.7465]]], [[[14.0883, 52.7408], [14.0913, 52.7399], [14.0794, 52.7376], [14.0834, 52.737], [14.0883, 52.738], [14.0906, 52.7372], [14.0927, 52.7332], [14.0909, 52.7307], [14.0864, 52.7292], [14.0841, 52.7299], [14.0871, 52.7332], [14.0861, 52.7346], [14.0793, 52.7334], [14.0747, 52.7351], [14.0701, 52.7348], [14.0688, 52.7358], [14.0694, 52.74], [14.0686, 52.741], [14.0619, 52.7389], [14.0603, 52.7391], [14.0587, 52.7408], [14.0596, 52.7422], [14.0621, 52.7432], [14.0684, 52.7444], [14.0733, 52.7439], [14.0776, 52.7458], [14.0829, 52.7467], [14.0883, 52.7408]]], [[[13.8668, 52.7712], [13.8686, 52.7687], [13.8721, 52.767], [13.8716, 52.7639], [13.8692, 52.7637], [13.8658, 52.7655], [13.8627, 52.7657], [13.8635, 52.7722], [13.8668, 52.7712]]]], "type": "MultiPolygon"}, "properties": {"BEMERKUNG": null, "GEN_ID": 933, "GL_ID": 257.0, "SYM_NR": "535", "feature_kind": "soil_unit", "general_unit_de": "Fahlerde-Braunerden und Braunerde-Fahlerden mit Pseudogley-Fahlerden aus Decksand \u00fcber Decklehm und tiefem Geschiebemergel mit Braunerden aus Decksand \u00fcber Decklehm und tiefer lehmiger Sandflie\u00dferde", "general_unit_en": "Fahlerde-brown soils and brown soil-Fahlerden with pseudogley-Fahlerden from Decksand over Decklehm and tiefem glacial till marl with brown soils from Decksand over Decklehm and tiefer lehmiger Sandflie\u00dferde", "lead_horizon_count": 5.0, "lead_profile_de": "Fahlerde-Braunerde", "lead_profile_en": "Fahlerde-brown soil", "legend_unit_de": "Fahlerde-Braunerden und Braunerde-Fahlerden mit Pseudogley-Fahlerden aus (lehmigem) Decksand \u00fcber Decklehm und tiefem Geschiebemergel vergesellschaftet mit Kolluvisolen aus umgelagertem lehmigem Sand \u00fcber tiefem Decklehm", "legend_unit_en": "Fahlerde-brown soils and brown soil-Fahlerden with pseudogley-Fahlerden from (lehmigem) Decksand over Decklehm and tiefem glacial till marl vergesellschaftet with colluvialsn from umgelagertem lehmigem Sand over tiefem Decklehm", "parent_material_code": "3.1.2.2", "parent_material_de": "Geschiebemergel mit sandiger Deckschicht", "parent_material_en": "Glacial till marl with sandiger Deckschicht", "profile_count": 6.0, "profile_summary_de": "Fahlerde-Braunerde | 6 Profile | 5 Horizonte im Leitprofil", "profile_summary_en": "Fahlerde-brown soil | 6 profiles | 5 horizons in lead profile", "semantic_source": "sqlite-buek250-v10", "semantic_version": "buek250-soil-semantics-v1", "soil_group_de": "Braunerden", "soil_group_en": "Brown soils", "soil_group_key": "brown-soils", "soil_label_de": "Fahlerde-Braunerden und Braunerde-Fahlerden mit Pseudogley-Fahlerden aus (lehmigem) Decksand \u00fcber Decklehm und tiefem Geschiebemergel vergesellschaftet mit Kolluvisolen aus umgelagertem lehmigem Sand \u00fcber tiefem Decklehm", "soil_label_en": "Fahlerde-brown soils and brown soil-Fahlerden with pseudogley-Fahlerden from (lehmigem) Decksand over Decklehm and tiefem glacial till marl vergesellschaftet with colluvialsn from umgelagertem lehmigem Sand over tiefem Decklehm", "soil_type_primary_de": "Braunerden", "soil_type_primary_en": "Brown soils", "soil_type_secondary_de": "Lessiv\u00e9s", "soil_type_secondary_en": "Luvisols", "soil_type_tertiary_de": null, "soil_type_tertiary_en": null, "source_note_de": null, "source_note_en": null, "special_area_kind": null}, "type": "Feature"}, {"geometry": {"coordinates": [[[[14.4147, 52.3811], [14.4162, 52.3821], [14.4201, 52.3815], [14.4207, 52.381], [14.4204, 52.3797], [14.4146, 52.3793], [14.4123, 52.3782], [14.418, 52.3763], [14.4244, 52.3757], [14.4238, 52.374], [14.4047, 52.3788], [14.4147, 52.3811]]], [[[14.288, 52.4249], [14.292, 52.4274], [14.2972, 52.4285], [14.2973, 52.4252], [14.2925, 52.4248], [14.2884, 52.422], [14.2848, 52.4225], [14.2823, 52.4197], [14.2789, 52.4192], [14.2784, 52.4202], [14.2825, 52.4246], [14.288, 52.4249]]], [[[13.9179, 52.4823], [13.9164, 52.4839], [13.9161, 52.4862], [13.9187, 52.4907], [13.9209, 52.4912], [13.9211, 52.4898], [13.918, 52.4863], [13.9235, 52.482], [13.9233, 52.481], [13.9183, 52.4804], [13.9179, 52.4823]]], [[[14.1789, 52.5421], [14.1781, 52.5426], [14.179, 52.5422], [14.1789, 52.5421]]], [[[14.1828, 52.5432], [14.1812, 52.5444], [14.1831, 52.5446], [14.1837, 52.5435], [14.1825, 52.5418], [14.1828, 52.5432]]], [[[14.1699, 52.5452], [14.1698, 52.5455], [14.1702, 52.5455], [14.1716, 52.5441], [14.1699, 52.5452]]], [[[14.1693, 52.5473], [14.1676, 52.5485], [14.1698, 52.5485], [14.1693, 52.5473]]], [[[14.1861, 52.5468], [14.1836, 52.5461], [14.1819, 52.5469], [14.1773, 52.5468], [14.1747, 52.5495], [14.1706, 52.5509], [14.1677, 52.551], [14.1671, 52.5493], [14.1664, 52.5515], [14.1679, 52.5532], [14.1715, 52.5535], [14.1803, 52.5523], [14.1861, 52.5468]], [[14.1736, 52.5518], [14.1787, 52.5501], [14.18, 52.549], [14.1814, 52.5496], [14.1788, 52.5517], [14.1755, 52.5524], [14.1736, 52.5518]]], [[[14.0292, 52.6174], [14.0273, 52.6182], [14.0256, 52.6205], [14.0209, 52.6209], [14.0202, 52.6217], [14.0217, 52.6229], [14.0297, 52.6231], [14.0304, 52.6225], [14.0292, 52.6174]]], [[[13.7959, 52.7445], [13.7912, 52.7487], [13.7952, 52.7459], [13.7977, 52.7454], [13.7983, 52.7444], [13.7959, 52.7445]]]], "type": "MultiPolygon"}, "properties": {"BEMERKUNG": null, "GEN_ID": 943, "GL_ID": 1057.0, "SYM_NR": "537", "feature_kind": "soil_unit", "general_unit_de": "Erdniedermoore (\u00fcber Flusssand oder Mudde) mit Gleyen und Anmoorgleyen aus Flusssand (Niederungssand)", "general_unit_en": "Erdfens (over Flusssand oder Mudde) with gley soilsn and Anmoorgley soilsn from Flusssand (lowland sand)", "lead_horizon_count": 4.0, "lead_profile_de": "Normerdniedermoor", "lead_profile_en": "Normerdfen", "legend_unit_de": "Erd-Niedermoore \u00fcber Flusssand und Gleye sowie Anmoorgleye aus Flusssand", "legend_unit_en": "Erd-fens over Flusssand and gley soils sowie Anmoorgley soils from Flusssand", "parent_material_code": "10.1.3.1", "parent_material_de": "Niedermoortorf und Flusssand", "parent_material_en": "Fen peat and Flusssand", "profile_count": 4.0, "profile_summary_de": "Normerdniedermoor | 4 Profile | 4 Horizonte im Leitprofil", "profile_summary_en": "Normerdfen | 4 profiles | 4 horizons in lead profile", "semantic_source": "sqlite-buek250-v10", "semantic_version": "buek250-soil-semantics-v1", "soil_group_de": "Niedermoore", "soil_group_en": "Fens", "soil_group_key": "fens", "soil_label_de": "Erd-Niedermoore \u00fcber Flusssand und Gleye sowie Anmoorgleye aus Flusssand", "soil_label_en": "Erd-fens over Flusssand and gley soils sowie Anmoorgley soils from Flusssand", "soil_type_primary_de": "Niedermoore", "soil_type_primary_en": "Fens", "soil_type_secondary_de": "Gleye", "soil_type_secondary_en": "Gley soils", "soil_type_tertiary_de": null, "soil_type_tertiary_en": null, "source_note_de": null, "source_note_en": null, "special_area_kind": null}, "type": "Feature"}, {"geometry": {"coordinates": [[[[13.9342, 52.7939], [13.9353, 52.7929], [13.9343, 52.7923], [13.9358, 52.7902], [13.9447, 52.791], [13.9505, 52.7903], [13.9564, 52.7932], [13.9623, 52.7921], [13.9634, 52.7911], [13.9633, 52.7892], [13.959, 52.7839], [13.9586, 52.7823], [13.9622, 52.7795], [13.9631, 52.7751], [13.9627, 52.7733], [13.959, 52.772], [13.9526, 52.7725], [13.9525, 52.7716], [13.9546, 52.7709], [13.9556, 52.7695], [13.9548, 52.768], [13.9499, 52.7641], [13.9435, 52.7633], [13.9431, 52.7623], [13.9439, 52.7617], [13.9482, 52.762], [13.9493, 52.7609], [13.9494, 52.7594], [13.9506, 52.7587], [13.9526, 52.7586], [13.9533, 52.7616], [13.9542, 52.7619], [13.9562, 52.7612], [13.9564, 52.7589], [13.96, 52.755], [13.9624, 52.7543], [13.9711, 52.7573], [13.9749, 52.7601], [13.9827, 52.7616], [13.9866, 52.7592], [13.9862, 52.7551], [13.9853, 52.7535], [13.9834, 52.7515], [13.9801, 52.7507], [13.9781, 52.7509], [13.9714, 52.754], [13.9669, 52.7534], [13.965, 52.7525], [13.9649, 52.7514], [13.9656, 52.7507], [13.9689, 52.751], [13.9696, 52.7499], [13.9648, 52.7488], [13.9603, 52.7452], [13.9581, 52.746], [13.9556, 52.7493], [13.949, 52.7484], [13.948, 52.7472], [13.9494, 52.7459], [13.9492, 52.7444], [13.9477, 52.7424], [13.9478, 52.7412], [13.9512, 52.7394], [13.9515, 52.7371], [13.9504, 52.7357], [13.9468, 52.7343], [13.9478, 52.7298], [13.9429, 52.7224], [13.9359, 52.7178], [13.9341, 52.7149], [13.9308, 52.7157], [13.9297, 52.7116], [13.9251, 52.7072], [13.924, 52.705], [13.9213, 52.7048], [13.921, 52.7032], [13.9198, 52.7026], [13.9172, 52.7047], [13.9113, 52.7045], [13.9104, 52.7051], [13.9136, 52.7087], [13.9133, 52.7112], [13.9082, 52.7104], [13.9063, 52.7086], [13.906, 52.7071], [13.9068, 52.7029], [13.9059, 52.7017], [13.9017, 52.6999], [13.9027, 52.6991], [13.9076, 52.6997], [13.9111, 52.7011], [13.9136, 52.7009], [13.914, 52.6984], [13.9096, 52.6938], [13.9029, 52.6926], [13.8962, 52.6928], [13.8942, 52.6918], [13.8938, 52.6895], [13.8988, 52.6885], [13.8993, 52.6872], [13.8962, 52.6862], [13.8821, 52.6846], [13.8762, 52.6819], [13.8737, 52.6817], [13.8711, 52.6826], [13.871, 52.6843], [13.8821, 52.6969], [13.8821, 52.6983], [13.8806, 52.7005], [13.887, 52.7012], [13.8885, 52.7021], [13.8877, 52.7033], [13.8859, 52.7034], [13.879, 52.7029], [13.8772, 52.7017], [13.8761, 52.6996], [13.8745, 52.6994], [13.8712, 52.6941], [13.8658, 52.6929], [13.8647, 52.6886], [13.8633, 52.6877], [13.8598, 52.6874], [13.8551, 52.6895], [13.8539, 52.6931], [13.8556, 52.6953], [13.8658, 52.7009], [13.8703, 52.7052], [13.8766, 52.7056], [13.8892, 52.7045], [13.8905, 52.7052], [13.8886, 52.7087], [13.8924, 52.71], [13.8924, 52.7107], [13.8896, 52.7119], [13.8847, 52.7115], [13.884, 52.7126], [13.89, 52.7172], [13.8916, 52.7217], [13.8943, 52.7237], [13.9006, 52.7257], [13.9064, 52.725], [13.908, 52.7258], [13.9083, 52.727], [13.906, 52.7299], [13.9059, 52.7325], [13.9073, 52.7353], [13.9095, 52.7372], [13.9169, 52.7391], [13.9181, 52.7385], [13.9186, 52.736], [13.9174, 52.7351], [13.9115, 52.7351], [13.9099, 52.7343], [13.9102, 52.7331], [13.9128, 52.7317], [13.9192, 52.7311], [13.921, 52.7325], [13.9211, 52.7346], [13.9249, 52.7374], [13.9244, 52.7392], [13.9202, 52.7417], [13.9175, 52.7452], [13.9117, 52.7434], [13.9049, 52.7484], [13.9059, 52.7499], [13.9117, 52.7513], [13.9148, 52.7539], [13.9195, 52.7547], [13.9209, 52.7558], [13.9203, 52.7573], [13.921, 52.7583], [13.916, 52.7595], [13.9134, 52.7612], [13.9124, 52.7629], [13.9119, 52.7654], [13.9125, 52.7664], [13.9166, 52.7673], [13.9172, 52.7693], [13.915, 52.7722], [13.9149, 52.7741], [13.913, 52.7743], [13.9135, 52.7751], [13.9266, 52.7765], [13.9278, 52.7768], [13.928, 52.7776], [13.9267, 52.7783], [13.9273, 52.7786], [13.9377, 52.7796], [13.9389, 52.7796], [13.9396, 52.777], [13.9407, 52.7762], [13.9431, 52.776], [13.946, 52.777], [13.9481, 52.7795], [13.948, 52.7813], [13.9466, 52.7828], [13.94, 52.786], [13.9333, 52.7869], [13.9313, 52.7864], [13.9295, 52.7898], [13.9266, 52.792], [13.9198, 52.7946], [13.9254, 52.7955], [13.9342, 52.7939]], [[13.923, 52.7264], [13.9212, 52.7237], [13.9214, 52.7221], [13.9246, 52.7208], [13.9268, 52.7212], [13.9313, 52.726], [13.9369, 52.7282], [13.9385, 52.7291], [13.939, 52.7305], [13.9371, 52.7325], [13.9344, 52.7325], [13.923, 52.7264]]], [[[14.5129, 52.4238], [14.5129, 52.422], [14.5104, 52.4207], [14.5069, 52.4207], [14.5036, 52.4174], [14.5063, 52.414], [14.508, 52.4097], [14.5028, 52.411], [14.5039, 52.4113], [14.5034, 52.4127], [14.4996, 52.4152], [14.5016, 52.4182], [14.5005, 52.4193], [14.4944, 52.4194], [14.4882, 52.4217], [14.4871, 52.4232], [14.4888, 52.4245], [14.4849, 52.4282], [14.4869, 52.4292], [14.4895, 52.4279], [14.4939, 52.4281], [14.497, 52.4325], [14.5003, 52.4335], [14.5006, 52.4306], [14.509, 52.428], [14.5116, 52.4262], [14.5129, 52.4238]]], [[[13.8033, 52.464], [13.8011, 52.4626], [13.7957, 52.461], [13.7968, 52.4651], [13.7989, 52.4684], [13.8122, 52.4767], [13.8181, 52.4784], [13.833, 52.4785], [13.8352, 52.4761], [13.8322, 52.4758], [13.8153, 52.4705], [13.8108, 52.4664], [13.8075, 52.4645], [13.8033, 52.464]]], [[[13.7829, 52.4985], [13.7839, 52.4974], [13.7839, 52.4955], [13.782, 52.494], [13.7795, 52.4934], [13.7775, 52.4939], [13.7758, 52.4954], [13.7714, 52.4946], [13.7704, 52.4903], [13.7709, 52.4872], [13.7695, 52.4869], [13.7633, 52.4799], [13.756, 52.4825], [13.7551, 52.4838], [13.7485, 52.481], [13.7457, 52.4813], [13.7429, 52.4837], [13.7437, 52.4857], [13.748, 52.4892], [13.7486, 52.4915], [13.7477, 52.4928], [13.7443, 52.4943], [13.7443, 52.4958], [13.7456, 52.4971], [13.7502, 52.4986], [13.7622, 52.4981], [13.7635, 52.4993], [13.7646, 52.5026], [13.7705, 52.5045], [13.7738, 52.5064], [13.7752, 52.5062], [13.7763, 52.5046], [13.776, 52.5027], [13.7798, 52.5003], [13.7791, 52.4987], [13.7803, 52.4981], [13.7829, 52.4985]]], [[[14.3628, 52.4779], [14.3624, 52.4766], [14.3643, 52.4751], [14.365, 52.4726], [14.3692, 52.4724], [14.3706, 52.471], [14.3708, 52.4677], [14.3749, 52.4659], [14.3763, 52.4661], [14.3781, 52.47], [14.3815, 52.4745], [14.3812, 52.4786], [14.3781, 52.4816], [14.3771, 52.4836], [14.3776, 52.4849], [14.3829, 52.4837], [14.3888, 52.4852], [14.394, 52.4828], [14.3952, 52.4817], [14.3954, 52.4792], [14.3973, 52.4768], [14.3966, 52.4761], [14.3952, 52.4763], [14.3897, 52.4794], [14.3874, 52.4783], [14.3861, 52.4763], [14.3914, 52.4752], [14.3962, 52.4728], [14.3973, 52.4713], [14.3953, 52.4708], [14.393, 52.4723], [14.3906, 52.4725], [14.3804, 52.4674], [14.3796, 52.4665], [14.3807, 52.4644], [14.3806, 52.4587], [14.3788, 52.4577], [14.3759, 52.4574], [14.3727, 52.4581], [14.3674, 52.4626], [14.3645, 52.4609], [14.3599, 52.4612], [14.3581, 52.4584], [14.355, 52.4572], [14.3529, 52.463], [14.3519, 52.4639], [14.3511, 52.4636], [14.3504, 52.4608], [14.3474, 52.4582], [14.3468, 52.4555], [14.3475, 52.4541], [14.3433, 52.4534], [14.3336, 52.4535], [14.3297, 52.4527], [14.3271, 52.454], [14.3268, 52.4582], [14.33, 52.4598], [14.3297, 52.4605], [14.3341, 52.4617], [14.3389, 52.4641], [14.3419, 52.4679], [14.3435, 52.473], [14.3457, 52.4759], [14.3489, 52.4752], [14.35, 52.4721], [14.3513, 52.4708], [14.3545, 52.4705], [14.3536, 52.4773], [14.349, 52.4805], [14.3511, 52.4811], [14.3521, 52.4822], [14.3504, 52.4839], [14.3473, 52.4844], [14.348, 52.4854], [14.3522, 52.4859], [14.3562, 52.4849], [14.3605, 52.4868], [14.3619, 52.4865], [14.3615, 52.4836], [14.3593, 52.4816], [14.3599, 52.4812], [14.3667, 52.4827], [14.3678, 52.4834], [14.3682, 52.4861], [14.3706, 52.4874], [14.376, 52.4854], [14.3735, 52.4829], [14.3735, 52.4818], [14.3628, 52.4779]]], [[[13.8812, 52.5025], [13.8838, 52.5007], [13.8866, 52.5008], [13.8894, 52.4969], [13.8901, 52.4938], [13.8888, 52.4929], [13.8864, 52.4932], [13.8853, 52.492], [13.8852, 52.4899], [13.888, 52.4884], [13.8914, 52.4844], [13.8973, 52.4852], [13.8995, 52.4846], [13.8993, 52.4839], [13.8977, 52.483], [13.8953, 52.4774], [13.8938, 52.4783], [13.8846, 52.4779], [13.8828, 52.4769], [13.8815, 52.4747], [13.8714, 52.4746], [13.8706, 52.4754], [13.8736, 52.4787], [13.872, 52.4802], [13.8701, 52.4796], [13.8701, 52.478], [13.8657, 52.4746], [13.8621, 52.4736], [13.8613, 52.4783], [13.8619, 52.48], [13.8592, 52.484], [13.8575, 52.4845], [13.8559, 52.4867], [13.858, 52.4866], [13.8608, 52.4896], [13.8563, 52.4917], [13.8533, 52.4983], [13.8592, 52.5012], [13.8581, 52.5068], [13.8621, 52.5075], [13.8659, 52.5059], [13.8705, 52.5089], [13.8756, 52.5102], [13.8781, 52.5089], [13.8812, 52.5025]]], [[[14.272, 52.5037], [14.2743, 52.5068], [14.2778, 52.508], [14.2795, 52.5076], [14.281, 52.5034], [14.2779, 52.5001], [14.2787, 52.499], [14.2753, 52.4963], [14.267, 52.4964], [14.2612, 52.4921], [14.2553, 52.492], [14.2536, 52.4912], [14.2483, 52.4959], [14.2497, 52.4973], [14.253, 52.4977], [14.2537, 52.5001], [14.2566, 52.5029], [14.2584, 52.5074], [14.2602, 52.508], [14.2656, 52.5087], [14.2681, 52.5041], [14.2697, 52.5028], [14.272, 52.5037]]], [[[13.7766, 52.5223], [13.7737, 52.5238], [13.7725, 52.5248], [13.7724, 52.5264], [13.7737, 52.5278], [13.781, 52.5302], [13.7859, 52.5297], [13.787, 52.5284], [13.7868, 52.5267], [13.7824, 52.5223], [13.7803, 52.5217], [13.7766, 52.5223]]], [[[13.8014, 52.5383], [13.8024, 52.5347], [13.8005, 52.5341], [13.7989, 52.5343], [13.7927, 52.5386], [13.7934, 52.5419], [13.7948, 52.5433], [13.7993, 52.5451], [13.8016, 52.5447], [13.8047, 52.5426], [13.8079, 52.5388], [13.8067, 52.5381], [13.8014, 52.5383]]], [[[13.8066, 52.5428], [13.7984, 52.5493], [13.7996, 52.5502], [13.8061, 52.5502], [13.813, 52.5474], [13.8175, 52.5443], [13.817, 52.5405], [13.8159, 52.5398], [13.8117, 52.5399], [13.8066, 52.5428]]], [[[13.9476, 52.5436], [13.9426, 52.5447], [13.9425, 52.5473], [13.9465, 52.5481], [13.948, 52.5498], [13.9523, 52.5507], [13.9587, 52.5507], [13.9629, 52.5491], [13.9621, 52.5464], [13.9577, 52.5442], [13.9575, 52.5421], [13.9515, 52.5414], [13.9476, 52.5436]]], [[[14.1214, 52.606], [14.1294, 52.6067], [14.1296, 52.6043], [14.1336, 52.6028], [14.1334, 52.597], [14.1376, 52.5957], [14.1376, 52.5949], [14.1289, 52.5898], [14.1225, 52.5913], [14.1217, 52.5902], [14.1227, 52.5868], [14.1204, 52.5862], [14.1192, 52.5868], [14.1177, 52.5903], [14.115, 52.59], [14.1134, 52.5909], [14.1112, 52.5934], [14.1114, 52.5945], [14.1126, 52.5955], [14.1151, 52.5955], [14.1172, 52.5964], [14.1305, 52.5963], [14.1309, 52.5973], [14.13, 52.6], [14.1276, 52.6007], [14.1238, 52.6005], [14.1182, 52.5981], [14.1103, 52.5984], [14.1096, 52.5974], [14.1107, 52.596], [14.1093, 52.5947], [14.1059, 52.5962], [14.1021, 52.5963], [14.1008, 52.5956], [14.1008, 52.5933], [14.1046, 52.5907], [14.1042, 52.5884], [14.1012, 52.5883], [14.0993, 52.5919], [14.0978, 52.592], [14.0971, 52.5911], [14.0972, 52.5871], [14.0942, 52.5858], [14.0906, 52.5913], [14.0921, 52.5923], [14.0921, 52.5943], [14.0954, 52.5951], [14.0957, 52.5963], [14.0943, 52.5979], [14.0941, 52.601], [14.0999, 52.6001], [14.1018, 52.6018], [14.1002, 52.6083], [14.1079, 52.607], [14.113, 52.6093], [14.1152, 52.6094], [14.1152, 52.6082], [14.1139, 52.6066], [14.1214, 52.606]]], [[[14.1324, 52.6812], [14.1336, 52.6777], [14.1367, 52.6765], [14.1354, 52.6734], [14.1365, 52.6712], [14.1328, 52.6698], [14.1323, 52.6705], [14.1309, 52.6705], [14.1268, 52.6688], [14.1248, 52.6693], [14.1261, 52.6713], [14.1247, 52.6746], [14.111, 52.6748], [14.1095, 52.6742], [14.1097, 52.6775], [14.1113, 52.6764], [14.1142, 52.6786], [14.1187, 52.6775], [14.1242, 52.679], [14.1274, 52.6783], [14.1295, 52.6798], [14.1292, 52.6813], [14.1277, 52.6828], [14.126, 52.6835], [14.1223, 52.6828], [14.1279, 52.6859], [14.1324, 52.6812]]], [[[14.0015, 52.7234], [14.0004, 52.7217], [14.001, 52.7203], [13.9992, 52.7194], [13.9876, 52.7219], [13.9819, 52.7216], [13.9764, 52.7194], [13.9742, 52.7196], [13.9731, 52.7212], [13.9735, 52.7231], [13.9748, 52.7237], [13.9839, 52.7239], [13.9901, 52.7268], [13.9955, 52.727], [13.9992, 52.7258], [14.0015, 52.7234]]], [[[13.9506, 52.7244], [13.9505, 52.7256], [13.9515, 52.7265], [13.9506, 52.7284], [13.9524, 52.7306], [13.9541, 52.7311], [13.9565, 52.7305], [13.9617, 52.7283], [13.962, 52.7269], [13.9611, 52.7254], [13.9571, 52.7224], [13.9549, 52.7223], [13.9506, 52.7244]]], [[[14.0185, 52.7387], [14.0133, 52.7361], [14.0114, 52.7337], [14.0112, 52.7322], [14.0136, 52.7298], [14.0131, 52.7288], [14.0058, 52.7262], [14.0066, 52.7297], [14.0067, 52.7333], [14.0061, 52.7344], [14.0073, 52.735], [14.0059, 52.7381], [14.0067, 52.7407], [14.0083, 52.7414], [14.0137, 52.7404], [14.0168, 52.7411], [14.019, 52.7397], [14.0185, 52.7387]]], [[[13.8413, 52.7471], [13.8452, 52.7447], [13.8482, 52.7415], [13.8488, 52.7396], [13.8542, 52.7369], [13.855, 52.7339], [13.8571, 52.7333], [13.8625, 52.7336], [13.8595, 52.7296], [13.8603, 52.7282], [13.864, 52.7271], [13.8579, 52.7256], [13.8591, 52.7216], [13.8575, 52.7178], [13.8517, 52.7215], [13.8469, 52.7233], [13.8386, 52.7225], [13.838, 52.7215], [13.8392, 52.719], [13.8373, 52.7185], [13.8354, 52.7201], [13.8323, 52.7207], [13.8348, 52.7248], [13.8335, 52.7258], [13.8301, 52.7262], [13.8268, 52.7284], [13.8209, 52.7289], [13.8146, 52.7322], [13.8132, 52.7342], [13.814, 52.74], [13.8225, 52.7466], [13.822, 52.7487], [13.8278, 52.7506], [13.8319, 52.7532], [13.8324, 52.7488], [13.8413, 52.7471]]], [[[13.8928, 52.7515], [13.8932, 52.7495], [13.897, 52.7481], [13.8988, 52.7457], [13.8933, 52.7426], [13.8889, 52.7422], [13.8865, 52.7426], [13.8851, 52.7437], [13.8843, 52.7464], [13.8821, 52.7481], [13.8797, 52.7489], [13.8727, 52.7487], [13.8732, 52.7497], [13.8767, 52.751], [13.8758, 52.7533], [13.8761, 52.7545], [13.8784, 52.7551], [13.8824, 52.7526], [13.8878, 52.7514], [13.8928, 52.7515]]], [[[14.0018, 52.747], [13.9982, 52.7483], [13.9952, 52.7448], [13.9932, 52.7439], [13.9917, 52.7446], [13.9937, 52.7488], [13.9932, 52.7498], [13.9926, 52.7506], [13.9881, 52.751], [13.9874, 52.7519], [13.9892, 52.7558], [13.9927, 52.7602], [13.9941, 52.761], [13.9958, 52.7608], [13.9972, 52.7596], [13.9971, 52.7564], [14.001, 52.7515], [14.0008, 52.7498], [14.0018, 52.747]]], [[[14.0272, 52.7592], [14.0292, 52.7605], [14.0303, 52.7594], [14.0276, 52.7549], [14.0286, 52.7507], [14.0271, 52.7489], [14.0255, 52.7486], [14.0217, 52.75], [14.0178, 52.7498], [14.0155, 52.7489], [14.0112, 52.7497], [14.0141, 52.7523], [14.016, 52.7554], [14.0173, 52.7608], [14.0223, 52.7611], [14.0272, 52.7592]]], [[[14.0714, 52.7573], [14.0745, 52.7546], [14.0811, 52.7515], [14.0824, 52.749], [14.0699, 52.7466], [14.064, 52.7464], [14.0581, 52.7449], [14.0565, 52.7433], [14.0541, 52.7452], [14.0519, 52.7451], [14.0513, 52.7463], [14.0475, 52.7468], [14.0431, 52.7494], [14.044, 52.755], [14.0487, 52.7577], [14.0486, 52.7589], [14.0635, 52.7602], [14.0692, 52.7601], [14.0714, 52.7573]]], [[[13.9827, 52.7764], [13.9869, 52.7745], [13.9943, 52.7745], [13.9936, 52.773], [13.9818, 52.7717], [13.9811, 52.7707], [13.9813, 52.769], [13.98, 52.7678], [13.9776, 52.7682], [13.9753, 52.7714], [13.9714, 52.7732], [13.9718, 52.7747], [13.9758, 52.7774], [13.9749, 52.7802], [13.9781, 52.7822], [13.9816, 52.782], [13.982, 52.7808], [13.9818, 52.7789], [13.9808, 52.7779], [13.9811, 52.7759], [13.9827, 52.7764]]], [[[13.8726, 52.7876], [13.8716, 52.7863], [13.8723, 52.7855], [13.8706, 52.784], [13.8636, 52.7867], [13.8635, 52.7876], [13.8739, 52.7881], [13.8726, 52.7876]]]], "type": "MultiPolygon"}, "properties": {"BEMERKUNG": null, "GEN_ID": 879, "GL_ID": 257.0, "SYM_NR": "535", "feature_kind": "soil_unit", "general_unit_de": "Fahlerde-Braunerden und Braunerde-Fahlerden mit Pseudogley-Fahlerden aus Decksand \u00fcber Decklehm und tiefem Geschiebemergel mit Braunerden aus Decksand \u00fcber Decklehm und tiefer lehmiger Sandflie\u00dferde", "general_unit_en": "Fahlerde-brown soils and brown soil-Fahlerden with pseudogley-Fahlerden from Decksand over Decklehm and tiefem glacial till marl with brown soils from Decksand over Decklehm and tiefer lehmiger Sandflie\u00dferde", "lead_horizon_count": 5.0, "lead_profile_de": "Fahlerde-Braunerde", "lead_profile_en": "Fahlerde-brown soil", "legend_unit_de": "Fahlerde-Braunerden und Braunerde-Fahlerden aus Decksand \u00fcber Decklehm und tiefem Geschiebemergel", "legend_unit_en": "Fahlerde-brown soils and brown soil-Fahlerden from Decksand over Decklehm and tiefem glacial till marl", "parent_material_code": "3.1.2.2", "parent_material_de": "Geschiebemergel mit sandiger Deckschicht", "parent_material_en": "Glacial till marl with sandiger Deckschicht", "profile_count": 3.0, "profile_summary_de": "Fahlerde-Braunerde | 3 Profile | 5 Horizonte im Leitprofil", "profile_summary_en": "Fahlerde-brown soil | 3 profiles | 5 horizons in lead profile", "semantic_source": "sqlite-buek250-v10", "semantic_version": "buek250-soil-semantics-v1", "soil_group_de": "Braunerden", "soil_group_en": "Brown soils", "soil_group_key": "brown-soils", "soil_label_de": "Fahlerde-Braunerden und Braunerde-Fahlerden aus Decksand \u00fcber Decklehm und tiefem Geschiebemergel", "soil_label_en": "Fahlerde-brown soils and brown soil-Fahlerden from Decksand over Decklehm and tiefem glacial till marl", "soil_type_primary_de": "Braunerden", "soil_type_primary_en": "Brown soils", "soil_type_secondary_de": "Lessiv\u00e9s", "soil_type_secondary_en": "Luvisols", "soil_type_tertiary_de": null, "soil_type_tertiary_en": null, "source_note_de": null, "source_note_en": null, "special_area_kind": null}, "type": "Feature"}, {"geometry": {"coordinates": [[[[14.3743, 52.3922], [14.3757, 52.3927], [14.3756, 52.3879], [14.3773, 52.3865], [14.3821, 52.3884], [14.3899, 52.3879], [14.3893, 52.3866], [14.3903, 52.3852], [14.4024, 52.3859], [14.4047, 52.3852], [14.4039, 52.3833], [14.4022, 52.382], [14.3971, 52.3807], [14.3713, 52.3872], [14.3743, 52.3922]]], [[[14.3407, 52.3775], [14.3432, 52.3773], [14.3464, 52.3791], [14.3499, 52.3781], [14.3516, 52.3785], [14.3518, 52.3796], [14.3494, 52.3804], [14.3492, 52.3815], [14.3519, 52.3848], [14.3534, 52.3856], [14.3576, 52.3866], [14.3607, 52.3858], [14.3647, 52.3863], [14.3617, 52.3857], [14.3555, 52.3816], [14.3495, 52.3741], [14.3396, 52.3768], [14.3407, 52.3775]]], [[[13.8104, 52.6246], [13.8067, 52.6223], [13.8053, 52.6196], [13.8056, 52.6174], [13.8071, 52.6153], [13.8113, 52.6113], [13.8133, 52.6036], [13.815, 52.6029], [13.8199, 52.6034], [13.8197, 52.6006], [13.8179, 52.599], [13.8132, 52.5984], [13.8095, 52.5954], [13.796, 52.5894], [13.79, 52.5857], [13.7833, 52.5832], [13.7819, 52.5836], [13.7804, 52.586], [13.7779, 52.5834], [13.7776, 52.5814], [13.7754, 52.5821], [13.769, 52.5824], [13.7695, 52.5883], [13.7693, 52.5893], [13.7683, 52.5893], [13.7675, 52.5849], [13.7627, 52.5811], [13.7557, 52.5801], [13.7496, 52.5806], [13.7488, 52.5816], [13.7521, 52.5839], [13.7635, 52.5885], [13.7657, 52.5922], [13.7708, 52.5918], [13.7787, 52.5956], [13.7903, 52.6044], [13.7902, 52.6056], [13.7869, 52.6096], [13.7875, 52.6135], [13.781, 52.6079], [13.7792, 52.6044], [13.7744, 52.6022], [13.7674, 52.5974], [13.765, 52.5977], [13.765, 52.5994], [13.7735, 52.6048], [13.7805, 52.6122], [13.7885, 52.6168], [13.7827, 52.6165], [13.7815, 52.6174], [13.7861, 52.6238], [13.8188, 52.6276], [13.8206, 52.6271], [13.8104, 52.6246]]], [[[13.968, 52.5323], [13.9728, 52.5341], [13.9748, 52.533], [13.9759, 52.5285], [13.9809, 52.5292], [13.9814, 52.5277], [13.9805, 52.5268], [13.9808, 52.5256], [13.9867, 52.5222], [13.9878, 52.5202], [13.9883, 52.5179], [13.9867, 52.5147], [13.9852, 52.5179], [13.9819, 52.5202], [13.9745, 52.5205], [13.973, 52.5198], [13.9706, 52.5168], [13.9686, 52.5117], [13.9687, 52.5058], [13.9701, 52.5013], [13.9694, 52.5003], [13.9644, 52.4987], [13.9527, 52.4999], [13.9441, 52.4995], [13.9412, 52.4976], [13.9408, 52.4961], [13.9422, 52.4924], [13.9451, 52.4918], [13.9506, 52.4928], [13.9525, 52.4923], [13.9529, 52.4907], [13.9377, 52.4829], [13.9342, 52.4858], [13.932, 52.4862], [13.9243, 52.4837], [13.921, 52.4847], [13.9208, 52.4857], [13.9239, 52.4914], [13.9276, 52.4946], [13.9325, 52.4971], [13.9318, 52.4983], [13.9289, 52.4984], [13.9287, 52.4996], [13.9325, 52.504], [13.9339, 52.5076], [13.9365, 52.5109], [13.9363, 52.5123], [13.9404, 52.5097], [13.9448, 52.5084], [13.9488, 52.5088], [13.9517, 52.5106], [13.9521, 52.5126], [13.9511, 52.5149], [13.946, 52.515], [13.942, 52.5197], [13.9374, 52.5209], [13.9339, 52.5206], [13.935, 52.5259], [13.9375, 52.5307], [13.9444, 52.5346], [13.9464, 52.5345], [13.9484, 52.533], [13.9525, 52.5332], [13.9606, 52.5369], [13.9657, 52.5382], [13.9678, 52.5376], [13.9679, 52.5368], [13.9658, 52.5336], [13.966, 52.5324], [13.968, 52.5323]], [[13.9489, 52.5184], [13.9503, 52.5165], [13.9529, 52.5157], [13.9598, 52.5206], [13.9728, 52.5225], [13.976, 52.5238], [13.9762, 52.5247], [13.9758, 52.5256], [13.9731, 52.5262], [13.963, 52.5262], [13.9528, 52.5276], [13.9387, 52.5253], [13.9375, 52.524], [13.9398, 52.5221], [13.9454, 52.5206], [13.9489, 52.5184]]], [[[14.2742, 52.4657], [14.2743, 52.4674], [14.271, 52.47], [14.2664, 52.4713], [14.2667, 52.4748], [14.2643, 52.4767], [14.2689, 52.4782], [14.2649, 52.4833], [14.2656, 52.4849], [14.2676, 52.4857], [14.27, 52.4857], [14.2718, 52.4833], [14.2757, 52.4824], [14.2757, 52.4814], [14.2726, 52.479], [14.2723, 52.4774], [14.2737, 52.4755], [14.2754, 52.4746], [14.2789, 52.4747], [14.2805, 52.4756], [14.281, 52.4787], [14.2805, 52.4803], [14.2814, 52.4813], [14.2859, 52.4816], [14.2966, 52.4847], [14.3006, 52.4848], [14.3053, 52.4831], [14.307, 52.4805], [14.3166, 52.4792], [14.3204, 52.4768], [14.3217, 52.4751], [14.3212, 52.4742], [14.3149, 52.4744], [14.3028, 52.4782], [14.2988, 52.4784], [14.294, 52.4722], [14.2904, 52.4711], [14.2861, 52.4715], [14.2841, 52.4707], [14.278, 52.4595], [14.2784, 52.4576], [14.2773, 52.4547], [14.2757, 52.4565], [14.2726, 52.4564], [14.2743, 52.4626], [14.2715, 52.4636], [14.2742, 52.4657]]], [[[14.2589, 52.4726], [14.258, 52.471], [14.2591, 52.4699], [14.2615, 52.4709], [14.261, 52.4687], [14.2619, 52.4673], [14.2523, 52.4711], [14.2589, 52.4726]]], [[[13.8412, 52.7544], [13.8319, 52.7532], [13.8278, 52.7506], [13.822, 52.7487], [13.8135, 52.7486], [13.8324, 52.7542], [13.8452, 52.7564], [13.8412, 52.7544]]], [[[13.8656, 52.7595], [13.8676, 52.758], [13.8686, 52.7549], [13.8676, 52.7538], [13.8628, 52.7538], [13.8573, 52.757], [13.854, 52.7579], [13.8605, 52.7596], [13.8656, 52.7595]]], [[[13.8692, 52.7637], [13.8716, 52.7639], [13.8734, 52.7621], [13.8732, 52.7612], [13.8719, 52.7601], [13.87, 52.7599], [13.8667, 52.7602], [13.8656, 52.7613], [13.8623, 52.762], [13.8627, 52.7657], [13.8658, 52.7655], [13.8692, 52.7637]]], [[[13.8679, 52.6271], [13.8771, 52.6284], [13.8819, 52.6258], [13.8875, 52.6255], [13.8835, 52.6216], [13.8789, 52.6203], [13.8711, 52.6201], [13.8692, 52.6188], [13.8689, 52.6174], [13.8709, 52.6157], [13.8744, 52.6152], [13.8736, 52.6134], [13.8691, 52.6103], [13.8717, 52.6059], [13.8693, 52.6045], [13.8581, 52.6042], [13.8505, 52.6054], [13.8449, 52.6081], [13.8435, 52.6097], [13.8435, 52.6118], [13.8469, 52.6141], [13.8479, 52.6168], [13.8454, 52.6196], [13.8441, 52.6248], [13.8429, 52.6264], [13.8406, 52.6267], [13.8398, 52.6277], [13.8398, 52.6314], [13.8357, 52.6355], [13.8357, 52.6388], [13.84, 52.6414], [13.8456, 52.6425], [13.8513, 52.6453], [13.8581, 52.6454], [13.8516, 52.6411], [13.8514, 52.6393], [13.8553, 52.6354], [13.8643, 52.6312], [13.8656, 52.6276], [13.8679, 52.6271]]], [[[13.7565, 52.5625], [13.7575, 52.5622], [13.7598, 52.5648], [13.763, 52.5653], [13.766, 52.565], [13.7678, 52.5627], [13.7709, 52.5619], [13.7679, 52.5601], [13.7671, 52.5586], [13.7671, 52.5563], [13.7694, 52.5517], [13.7669, 52.5524], [13.7643, 52.5555], [13.7625, 52.557], [13.7614, 52.5569], [13.7605, 52.5551], [13.7615, 52.5543], [13.7639, 52.5545], [13.7645, 52.5528], [13.7623, 52.5513], [13.7619, 52.5495], [13.7607, 52.5488], [13.7534, 52.5474], [13.753, 52.5463], [13.7542, 52.5438], [13.7528, 52.5421], [13.7477, 52.5414], [13.7454, 52.5421], [13.7441, 52.5436], [13.744, 52.5463], [13.7424, 52.5477], [13.7406, 52.5461], [13.7374, 52.5401], [13.7323, 52.5346], [13.7252, 52.5347], [13.7229, 52.5359], [13.7224, 52.5385], [13.7243, 52.5411], [13.7292, 52.5438], [13.7291, 52.545], [13.7267, 52.5471], [13.7263, 52.5514], [13.7312, 52.5563], [13.7314, 52.5601], [13.7305, 52.5601], [13.7327, 52.5641], [13.7346, 52.5657], [13.7413, 52.5638], [13.7455, 52.564], [13.748, 52.5659], [13.751, 52.5665], [13.7552, 52.5663], [13.7566, 52.5648], [13.7565, 52.5625]]], [[[13.7414, 52.614], [13.7441, 52.6133], [13.744, 52.6126], [13.735, 52.6078], [13.7347, 52.6057], [13.7359, 52.6045], [13.7377, 52.6045], [13.742, 52.608], [13.7444, 52.6084], [13.7503, 52.6123], [13.7523, 52.6122], [13.7532, 52.6107], [13.7474, 52.6051], [13.7487, 52.5998], [13.7437, 52.5942], [13.7354, 52.5893], [13.7341, 52.5904], [13.7324, 52.5953], [13.7292, 52.5951], [13.7246, 52.5964], [13.7191, 52.6022], [13.7263, 52.6021], [13.7297, 52.6119], [13.7414, 52.614]]], [[[14.459, 52.4235], [14.4619, 52.4226], [14.468, 52.4225], [14.4794, 52.4144], [14.4846, 52.4152], [14.489, 52.4109], [14.4925, 52.4109], [14.4982, 52.4089], [14.4947, 52.4061], [14.4874, 52.4053], [14.4831, 52.4039], [14.4813, 52.4049], [14.4708, 52.4067], [14.4705, 52.4084], [14.4717, 52.4091], [14.4751, 52.4087], [14.4755, 52.4112], [14.4769, 52.4118], [14.4776, 52.4134], [14.4745, 52.4141], [14.473, 52.4156], [14.4661, 52.4192], [14.4634, 52.4194], [14.4551, 52.4151], [14.4547, 52.4163], [14.4537, 52.4164], [14.4507, 52.4142], [14.4438, 52.4175], [14.4411, 52.4199], [14.4424, 52.4221], [14.4465, 52.4215], [14.4484, 52.4227], [14.4482, 52.4265], [14.4498, 52.4305], [14.4534, 52.4284], [14.4535, 52.4238], [14.4544, 52.4227], [14.459, 52.4235]]], [[[13.9838, 52.6363], [13.9845, 52.6336], [13.9766, 52.6326], [13.9662, 52.6332], [13.965, 52.6339], [13.9658, 52.6386], [13.9607, 52.6395], [13.9632, 52.6454], [13.9662, 52.6475], [13.9677, 52.6499], [13.9671, 52.652], [13.9746, 52.6551], [13.9756, 52.6566], [13.9784, 52.6538], [13.9865, 52.6521], [13.9898, 52.6489], [13.9908, 52.6488], [13.9874, 52.6459], [13.978, 52.6447], [13.975, 52.643], [13.9748, 52.6412], [13.9838, 52.6363]]], [[[13.9842, 52.7046], [13.9886, 52.7058], [14.0021, 52.7044], [13.9972, 52.7032], [13.9895, 52.7028], [13.987, 52.7019], [13.987, 52.6992], [13.9858, 52.6984], [13.9789, 52.6971], [13.9623, 52.6987], [13.9592, 52.7004], [13.9597, 52.7047], [13.9624, 52.7077], [13.9703, 52.709], [13.9777, 52.7086], [13.9796, 52.7096], [13.9802, 52.7115], [13.9859, 52.7122], [13.9879, 52.7133], [13.9827, 52.7059], [13.9842, 52.7046]]], [[[14.419, 52.5028], [14.4208, 52.4995], [14.424, 52.4974], [14.4242, 52.496], [14.4232, 52.4951], [14.4227, 52.4926], [14.4257, 52.4901], [14.4273, 52.4869], [14.4346, 52.484], [14.4354, 52.4816], [14.4384, 52.4818], [14.4445, 52.4788], [14.4447, 52.4772], [14.4422, 52.4736], [14.4398, 52.4718], [14.4399, 52.4707], [14.4454, 52.4699], [14.4481, 52.4703], [14.4505, 52.4691], [14.4437, 52.4656], [14.4397, 52.4662], [14.4377, 52.4649], [14.4348, 52.4668], [14.4341, 52.471], [14.4354, 52.4732], [14.4392, 52.4748], [14.4395, 52.4759], [14.433, 52.4758], [14.4304, 52.4771], [14.4303, 52.4801], [14.4236, 52.4862], [14.42, 52.4909], [14.4187, 52.4909], [14.4156, 52.487], [14.4133, 52.4868], [14.4126, 52.4885], [14.4143, 52.491], [14.4139, 52.4939], [14.4166, 52.4952], [14.4169, 52.4974], [14.4159, 52.5011], [14.4109, 52.5016], [14.409, 52.5038], [14.4101, 52.5029], [14.419, 52.5028]]], [[[13.7433, 52.4684], [13.7441, 52.4658], [13.7432, 52.4656], [13.741, 52.4683], [13.7411, 52.47], [13.7433, 52.4684]]], [[[13.7355, 52.5797], [13.7355, 52.5807], [13.7387, 52.5853], [13.7398, 52.589], [13.7466, 52.5908], [13.7517, 52.5975], [13.7525, 52.599], [13.751, 52.5998], [13.7515, 52.6001], [13.7576, 52.5996], [13.7603, 52.5955], [13.763, 52.593], [13.7614, 52.5896], [13.7593, 52.5881], [13.7512, 52.5855], [13.7459, 52.5798], [13.7368, 52.5788], [13.7355, 52.5797]]], [[[13.7572, 52.7394], [13.7558, 52.7387], [13.753, 52.7402], [13.7578, 52.7418], [13.7572, 52.7394]]], [[[13.9193, 52.6133], [13.9184, 52.6111], [13.9149, 52.6087], [13.914, 52.6047], [13.9097, 52.6025], [13.9081, 52.6026], [13.9067, 52.6042], [13.9086, 52.6087], [13.9071, 52.6102], [13.9029, 52.6116], [13.9012, 52.615], [13.9029, 52.6187], [13.9067, 52.6205], [13.9126, 52.6162], [13.9136, 52.6121], [13.9193, 52.6133]]], [[[13.9172, 52.7047], [13.9198, 52.7026], [13.921, 52.7032], [13.9213, 52.7048], [13.924, 52.705], [13.9222, 52.7025], [13.9197, 52.7008], [13.914, 52.6984], [13.9136, 52.7009], [13.9111, 52.7011], [13.9076, 52.6997], [13.9027, 52.6991], [13.9017, 52.6999], [13.9059, 52.7017], [13.9068, 52.7029], [13.9063, 52.7086], [13.9094, 52.711], [13.9133, 52.7112], [13.9136, 52.7087], [13.9106, 52.706], [13.9104, 52.7051], [13.9113, 52.7045], [13.9172, 52.7047]]], [[[13.9249, 52.7374], [13.9211, 52.7346], [13.921, 52.7325], [13.9192, 52.7311], [13.9128, 52.7317], [13.9102, 52.7331], [13.9099, 52.7343], [13.9115, 52.7351], [13.9165, 52.7347], [13.9186, 52.736], [13.9188, 52.7374], [13.9169, 52.7391], [13.912, 52.738], [13.9136, 52.7402], [13.9117, 52.7434], [13.9138, 52.7446], [13.9175, 52.7452], [13.9202, 52.7417], [13.9244, 52.7392], [13.9249, 52.7374]]], [[[13.6329, 52.542], [13.6272, 52.5473], [13.6181, 52.551], [13.6176, 52.5533], [13.6186, 52.5545], [13.6282, 52.5527], [13.6304, 52.5503], [13.6329, 52.5499], [13.6335, 52.5484], [13.6328, 52.5467], [13.6368, 52.541], [13.6364, 52.5404], [13.6333, 52.5408], [13.6343, 52.5413], [13.6324, 52.5416], [13.6329, 52.542]]], [[[13.9214, 52.7221], [13.9212, 52.7237], [13.923, 52.7264], [13.9299, 52.7307], [13.9344, 52.7325], [13.9371, 52.7325], [13.9384, 52.7316], [13.939, 52.7305], [13.9385, 52.7291], [13.9313, 52.726], [13.9268, 52.7212], [13.9246, 52.7208], [13.9214, 52.7221]]], [[[13.9256, 52.627], [13.9251, 52.6228], [13.922, 52.6184], [13.9138, 52.6261], [13.9106, 52.6272], [13.9097, 52.6268], [13.9092, 52.628], [13.914, 52.6291], [13.9199, 52.6269], [13.9256, 52.627]]], [[[13.8793, 52.6032], [13.8805, 52.6058], [13.8801, 52.609], [13.8816, 52.6113], [13.8817, 52.614], [13.8836, 52.6159], [13.8827, 52.6186], [13.8835, 52.6198], [13.8867, 52.6204], [13.8875, 52.6199], [13.8873, 52.6173], [13.8848, 52.6135], [13.8846, 52.6052], [13.883, 52.6031], [13.881, 52.6021], [13.8793, 52.6032]]]], "type": "MultiPolygon"}, "properties": {"BEMERKUNG": null, "GEN_ID": 936, "GL_ID": 260.0, "SYM_NR": "309", "feature_kind": "soil_unit", "general_unit_de": "Fahlerden und Braunerde-Fahlerden mit Fahlerde-Braunerden aus Decksand \u00fcber Decklehm (Geschiebelehm) und tiefem Geschiebemergel", "general_unit_en": "Fahlerden and brown soil-Fahlerden with Fahlerde-brown soils from Decksand over Decklehm (glacial till loam) and tiefem glacial till marl", "lead_horizon_count": 6.0, "lead_profile_de": "Normfahlerde", "lead_profile_en": "Normfahlerde", "legend_unit_de": "Fahlerden, Braunerde-Fahlerden und Fahlerde-Braunerden aus Decksand \u00fcber Decklehm und tiefem Geschiebemergel", "legend_unit_en": "Fahlerden, brown soil-Fahlerden and Fahlerde-brown soils from Decksand over Decklehm and tiefem glacial till marl", "parent_material_code": "3.1.2.2", "parent_material_de": "Geschiebemergel mit sandiger Deckschicht", "parent_material_en": "Glacial till marl with sandiger Deckschicht", "profile_count": 4.0, "profile_summary_de": "Normfahlerde | 4 Profile | 6 Horizonte im Leitprofil", "profile_summary_en": "Normfahlerde | 4 profiles | 6 horizons in lead profile", "semantic_source": "sqlite-buek250-v10", "semantic_version": "buek250-soil-semantics-v1", "soil_group_de": "Lessiv\u00e9s", "soil_group_en": "Luvisols", "soil_group_key": "luvisols", "soil_label_de": "Fahlerden, Braunerde-Fahlerden und Fahlerde-Braunerden aus Decksand \u00fcber Decklehm und tiefem Geschiebemergel", "soil_label_en": "Fahlerden, brown soil-Fahlerden and Fahlerde-brown soils from Decksand over Decklehm and tiefem glacial till marl", "soil_type_primary_de": "Lessiv\u00e9s", "soil_type_primary_en": "Luvisols", "soil_type_secondary_de": "Braunerden", "soil_type_secondary_en": "Brown soils", "soil_type_tertiary_de": null, "soil_type_tertiary_en": null, "source_note_de": null, "source_note_en": null, "special_area_kind": null}, "type": "Feature"}, {"geometry": {"coordinates": [[[[14.0075, 52.5957], [14.0073, 52.5924], [14.0064, 52.591], [14.006, 52.5873], [14.0013, 52.5837], [13.9944, 52.5887], [13.9849, 52.5888], [13.9805, 52.586], [13.9752, 52.5855], [13.973, 52.5841], [13.9718, 52.5816], [13.973, 52.5789], [13.9692, 52.5747], [13.9619, 52.5735], [13.9601, 52.5721], [13.9602, 52.571], [13.9621, 52.5698], [13.9741, 52.5638], [13.9762, 52.5642], [13.9777, 52.5667], [13.9825, 52.5679], [13.9834, 52.5694], [13.9878, 52.5685], [13.9959, 52.5708], [14.0038, 52.5697], [14.0047, 52.5688], [14.001, 52.5675], [13.9922, 52.5682], [13.9876, 52.5658], [13.9803, 52.5643], [13.9784, 52.5623], [13.9783, 52.5612], [13.975, 52.5585], [13.9669, 52.5611], [13.9603, 52.5605], [13.9618, 52.5621], [13.9656, 52.5631], [13.9654, 52.5658], [13.9566, 52.5696], [13.9495, 52.5703], [13.9426, 52.5684], [13.9413, 52.5667], [13.9415, 52.5652], [13.945, 52.5604], [13.9485, 52.5577], [13.9441, 52.5542], [13.9437, 52.5532], [13.9442, 52.5489], [13.9425, 52.5473], [13.9419, 52.5423], [13.9406, 52.543], [13.9395, 52.5444], [13.941, 52.5486], [13.9418, 52.5572], [13.9388, 52.5622], [13.938, 52.5657], [13.9385, 52.5689], [13.9396, 52.5702], [13.9428, 52.5701], [13.9473, 52.5712], [13.9501, 52.5729], [13.9552, 52.573], [13.9589, 52.5746], [13.9617, 52.5769], [13.9676, 52.5787], [13.9675, 52.5837], [13.9708, 52.5869], [13.976, 52.5902], [13.9779, 52.5934], [13.977, 52.5974], [13.9848, 52.6025], [13.9866, 52.6045], [13.9917, 52.6056], [13.9964, 52.6097], [14.0009, 52.611], [14.0007, 52.6049], [14.0044, 52.6017], [14.0075, 52.5957]], [[13.9909, 52.592], [13.9949, 52.5908], [13.9969, 52.591], [13.9966, 52.595], [13.9997, 52.5976], [13.9991, 52.5986], [13.9906, 52.6029], [13.9868, 52.6019], [13.9817, 52.598], [13.9835, 52.5919], [13.9862, 52.5909], [13.9909, 52.592]]], [[[14.2767, 52.449], [14.278, 52.4476], [14.2725, 52.448], [14.2712, 52.449], [14.2716, 52.4495], [14.2767, 52.449]]], [[[13.9033, 52.4897], [13.905, 52.4896], [13.9078, 52.4902], [13.9099, 52.4918], [13.9111, 52.4939], [13.9121, 52.4929], [13.9111, 52.4896], [13.9096, 52.488], [13.9072, 52.4868], [13.9046, 52.487], [13.9023, 52.4882], [13.9012, 52.4879], [13.899, 52.4848], [13.8958, 52.4852], [13.8914, 52.4844], [13.888, 52.4884], [13.8852, 52.4899], [13.8853, 52.492], [13.8864, 52.4932], [13.8888, 52.4929], [13.8931, 52.4958], [13.8992, 52.4954], [13.8998, 52.4923], [13.9033, 52.4897]]], [[[14.1707, 52.5322], [14.1673, 52.5319], [14.1675, 52.529], [14.1792, 52.5289], [14.1685, 52.5261], [14.1651, 52.5273], [14.1634, 52.5299], [14.1559, 52.5323], [14.1539, 52.5338], [14.1542, 52.535], [14.1569, 52.5347], [14.1571, 52.5369], [14.1612, 52.5367], [14.1688, 52.5393], [14.169, 52.5374], [14.1676, 52.5359], [14.1707, 52.5322]]], [[[14.201, 52.522], [14.2, 52.524], [14.1976, 52.5254], [14.1968, 52.5274], [14.1926, 52.5321], [14.1877, 52.5349], [14.1855, 52.5381], [14.1854, 52.5399], [14.1886, 52.5391], [14.1897, 52.5356], [14.1961, 52.5331], [14.198, 52.5297], [14.2006, 52.528], [14.205, 52.5227], [14.2051, 52.5209], [14.2039, 52.5207], [14.201, 52.522]]], [[[13.7478, 52.5823], [13.7512, 52.5855], [13.7593, 52.5881], [13.7624, 52.5906], [13.763, 52.593], [13.7603, 52.5955], [13.7576, 52.5996], [13.7608, 52.5997], [13.7632, 52.5981], [13.7673, 52.5927], [13.7657, 52.5922], [13.7635, 52.5885], [13.7521, 52.5839], [13.7488, 52.5816], [13.7478, 52.5823]]], [[[13.8927, 52.6225], [13.8938, 52.6206], [13.8934, 52.6187], [13.8941, 52.6172], [13.8979, 52.6121], [13.8966, 52.6121], [13.897, 52.6108], [13.8987, 52.6104], [13.8988, 52.6113], [13.9028, 52.6068], [13.9042, 52.6015], [13.9037, 52.5973], [13.9, 52.5942], [13.8929, 52.5919], [13.8918, 52.596], [13.8889, 52.597], [13.8881, 52.594], [13.8886, 52.5921], [13.8759, 52.5882], [13.8778, 52.5976], [13.8776, 52.6033], [13.881, 52.6021], [13.883, 52.6031], [13.8846, 52.6052], [13.8848, 52.6135], [13.8873, 52.6173], [13.8875, 52.6199], [13.8849, 52.6204], [13.8827, 52.6186], [13.8836, 52.6159], [13.8817, 52.614], [13.8816, 52.6113], [13.8801, 52.609], [13.8805, 52.6058], [13.8794, 52.6042], [13.8769, 52.6078], [13.8772, 52.6106], [13.8806, 52.617], [13.8752, 52.6152], [13.8716, 52.6152], [13.8689, 52.6174], [13.8692, 52.6188], [13.8711, 52.6201], [13.8789, 52.6203], [13.8835, 52.6216], [13.8875, 52.6255], [13.8891, 52.6226], [13.8927, 52.6225]], [[13.8909, 52.6081], [13.888, 52.6136], [13.8898, 52.6148], [13.8888, 52.6159], [13.8865, 52.615], [13.886, 52.6139], [13.8893, 52.6079], [13.8892, 52.6046], [13.8906, 52.6038], [13.8909, 52.6081]]], [[[13.9828, 52.6329], [13.9826, 52.6318], [13.9844, 52.6301], [13.9793, 52.6294], [13.9756, 52.6307], [13.957, 52.63], [13.9487, 52.6278], [13.9471, 52.6263], [13.9471, 52.6249], [13.9504, 52.6231], [13.9506, 52.6208], [13.9521, 52.6195], [13.9565, 52.6182], [13.9636, 52.619], [13.9652, 52.6178], [13.9627, 52.6152], [13.9533, 52.6169], [13.9481, 52.6156], [13.9463, 52.6145], [13.9455, 52.6073], [13.9446, 52.6059], [13.9425, 52.6049], [13.9391, 52.6046], [13.9403, 52.6056], [13.9404, 52.6067], [13.9378, 52.6068], [13.9396, 52.6095], [13.9425, 52.6119], [13.9437, 52.6155], [13.9475, 52.6179], [13.9475, 52.6196], [13.9447, 52.6226], [13.9453, 52.6276], [13.9441, 52.6294], [13.9429, 52.6294], [13.9323, 52.6245], [13.9316, 52.6249], [13.9321, 52.6265], [13.9461, 52.6356], [13.9508, 52.6337], [13.9607, 52.6395], [13.9658, 52.6386], [13.965, 52.6339], [13.9687, 52.6329], [13.9828, 52.6329]]], [[[13.9982, 52.6437], [13.9944, 52.6455], [13.9925, 52.6454], [13.9907, 52.6426], [13.9887, 52.6417], [13.9868, 52.6393], [13.9885, 52.6369], [13.9915, 52.6346], [13.9868, 52.6345], [13.985, 52.6336], [13.9843, 52.6338], [13.9838, 52.6363], [13.9748, 52.6412], [13.975, 52.643], [13.9762, 52.6439], [13.9874, 52.6459], [13.9908, 52.6488], [13.9982, 52.6524], [14.0018, 52.6501], [14.0028, 52.6479], [13.9982, 52.6437]]], [[[13.7169, 52.5972], [13.7149, 52.5966], [13.713, 52.6005], [13.7171, 52.6022], [13.7169, 52.5972]]], [[[13.7128, 52.5868], [13.7118, 52.5885], [13.7147, 52.5881], [13.7138, 52.5868], [13.7128, 52.5868]]], [[[13.7155, 52.5893], [13.7158, 52.5899], [13.716, 52.5899], [13.7155, 52.5893]]], [[[13.7772, 52.6856], [13.7782, 52.6885], [13.7813, 52.688], [13.7783, 52.6837], [13.7771, 52.6788], [13.7752, 52.6774], [13.7729, 52.6816], [13.7772, 52.6856]]]], "type": "MultiPolygon"}, "properties": {"BEMERKUNG": null, "GEN_ID": 935, "GL_ID": 285.0, "SYM_NR": "93", "feature_kind": "soil_unit", "general_unit_de": "Braunerden mit Gley-Braunerden und Braunerde-Gleye aus (Sandflie\u00dferde \u00fcber) Schmelzwassersand oder Schwemmsand (mit Gleyen aus Flusssand)", "general_unit_en": "Brown soils with gley-brown soils and brown soil-gley soils from (Sandflie\u00dferde over) glaciofluvial sand oder Schwemmsand (with gley soilsn from Flusssand)", "lead_horizon_count": 5.0, "lead_profile_de": "Normbraunerde", "lead_profile_en": "Typical brown soil", "legend_unit_de": "Braunerden und Gley-Braunerden aus lehmigem Decksand \u00fcber lehmiger Sandflie\u00dferde vergesellschaftet mit Gleyen und Anmoorgleyen aus Flusssand", "legend_unit_en": "Brown soils and gley-brown soils from lehmigem Decksand over lehmiger Sandflie\u00dferde vergesellschaftet with gley soilsn and Anmoorgley soilsn from Flusssand", "parent_material_code": "3.2.1.1", "parent_material_de": "Schmelzwassersand", "parent_material_en": "Glaciofluvial sand", "profile_count": 5.0, "profile_summary_de": "Normbraunerde | 5 Profile | 5 Horizonte im Leitprofil", "profile_summary_en": "Typical brown soil | 5 profiles | 5 horizons in lead profile", "semantic_source": "sqlite-buek250-v10", "semantic_version": "buek250-soil-semantics-v1", "soil_group_de": "Braunerden", "soil_group_en": "Brown soils", "soil_group_key": "brown-soils", "soil_label_de": "Braunerden und Gley-Braunerden aus lehmigem Decksand \u00fcber lehmiger Sandflie\u00dferde vergesellschaftet mit Gleyen und Anmoorgleyen aus Flusssand", "soil_label_en": "Brown soils and gley-brown soils from lehmigem Decksand over lehmiger Sandflie\u00dferde vergesellschaftet with gley soilsn and Anmoorgley soilsn from Flusssand", "soil_type_primary_de": "Braunerden", "soil_type_primary_en": "Brown soils", "soil_type_secondary_de": "Gleye", "soil_type_secondary_en": "Gley soils", "soil_type_tertiary_de": null, "soil_type_tertiary_en": null, "source_note_de": null, "source_note_en": null, "special_area_kind": null}, "type": "Feature"}, {"geometry": {"coordinates": [[[14.2397, 52.5976], [14.2463, 52.5963], [14.2457, 52.5937], [14.2329, 52.5948], [14.2331, 52.5988], [14.2324, 52.6002], [14.24, 52.6001], [14.2397, 52.5976]]], "type": "Polygon"}, "properties": {"BEMERKUNG": null, "GEN_ID": 1005, "GL_ID": 1124.0, "SYM_NR": "573", "feature_kind": "soil_unit", "general_unit_de": "Regosole und Kolluvisole aus verkipptem Sand \u00fcber Schmelzwasser- oder Niederungssand mit versiegelten Fl\u00e4chen", "general_unit_en": "Regosole and colluvials from verkipptem Sand over Schmelzwasser- oder lowland sand with versiegelten Fl\u00e4chen", "lead_horizon_count": 4.0, "lead_profile_de": "Normregosol", "lead_profile_en": "Typical regosol", "legend_unit_de": "Regosole und Kolluvisole aus verkipptem Sand \u00fcber Schmelzwassersand mit versiegelten Fl\u00e4chen", "legend_unit_en": "Regosole and colluvials from verkipptem Sand over glaciofluvial sand with versiegelten Fl\u00e4chen", "parent_material_code": "12.1.1.3", "parent_material_de": "Kippsubstrate (undifferenziert) und versiegelte Fl\u00e4chen", "parent_material_en": "Kippsubstrate (andifferenziert) and sealed surfaces", "profile_count": 6.0, "profile_summary_de": "Normregosol | 6 Profile | 4 Horizonte im Leitprofil", "profile_summary_en": "Typical regosol | 6 profiles | 4 horizons in lead profile", "semantic_source": "sqlite-buek250-v10", "semantic_version": "buek250-soil-semantics-v1", "soil_group_de": "Ah/C-B\u00f6den", "soil_group_en": "Ah/C soils", "soil_group_key": "ah-c-soils", "soil_label_de": "Regosole und Kolluvisole aus verkipptem Sand \u00fcber Schmelzwassersand mit versiegelten Fl\u00e4chen", "soil_label_en": "Regosole and colluvials from verkipptem Sand over glaciofluvial sand with versiegelten Fl\u00e4chen", "soil_type_primary_de": "Ah/C-B\u00f6den", "soil_type_primary_en": "Ah/C soils", "soil_type_secondary_de": "Kolluvisole", "soil_type_secondary_en": "Colluvials", "soil_type_tertiary_de": "versiegelte Fl\u00e4chen", "soil_type_tertiary_en": "Sealed surfaces", "source_note_de": null, "source_note_en": null, "special_area_kind": null}, "type": "Feature"}, {"geometry": {"coordinates": [[[13.7701, 52.4703], [13.7672, 52.4681], [13.7657, 52.4697], [13.7653, 52.472], [13.7701, 52.4703]]], "type": "Polygon"}, "properties": {"BEMERKUNG": "Hohler See", "GEN_ID": null, "GL_ID": null, "SYM_NR": null, "feature_kind": "water_area", "general_unit_de": null, "general_unit_en": null, "lead_horizon_count": null, "lead_profile_de": null, "lead_profile_en": null, "legend_unit_de": null, "legend_unit_en": null, "parent_material_code": null, "parent_material_de": null, "parent_material_en": null, "profile_count": null, "profile_summary_de": null, "profile_summary_en": null, "semantic_source": "raw-buek250-feature", "semantic_version": "buek250-soil-semantics-v1", "soil_group_de": "Gew\u00e4sser", "soil_group_en": "Water area", "soil_group_key": "water-area", "soil_label_de": "Hohler See", "soil_label_en": "Hohler See", "soil_type_primary_de": null, "soil_type_primary_en": null, "soil_type_secondary_de": null, "soil_type_secondary_en": null, "soil_type_tertiary_de": null, "soil_type_tertiary_en": null, "source_note_de": "Hohler See", "source_note_en": "Hohler See", "special_area_kind": "water_area"}, "type": "Feature"}, {"geometry": {"coordinates": [[[[14.1317, 52.7152], [14.1314, 52.7177], [14.1334, 52.7208], [14.136, 52.7212], [14.138, 52.7231], [14.1393, 52.723], [14.1416, 52.7214], [14.1419, 52.7198], [14.1416, 52.7164], [14.1401, 52.7148], [14.1317, 52.7152]]], [[[14.0322, 52.789], [14.0351, 52.7864], [14.0407, 52.7861], [14.0408, 52.7828], [14.0386, 52.7799], [14.0356, 52.7802], [14.0305, 52.7764], [14.0286, 52.779], [14.0307, 52.7817], [14.0318, 52.7845], [14.0265, 52.7873], [14.0268, 52.7897], [14.0322, 52.789]]]], "type": "MultiPolygon"}, "properties": {"BEMERKUNG": null, "GEN_ID": 1008, "GL_ID": 1136.0, "SYM_NR": "565", "feature_kind": "soil_unit", "general_unit_de": "Versiegelte Fl\u00e4che mit Lockersyrosemen und Pararendzinen aus verkipptem carbonathaltigem Sand mit Bauschutt \u00fcber Geschiebemergel oder Niederungs-/Flusssand", "general_unit_en": "Versiegelte Fl\u00e4che with loose syrosemen and Pararendzinen from verkipptem carbonathaltigem Sand with Bfromchutt over glacial till marl oder Niederungs-/Flusssand", "lead_horizon_count": 3.0, "lead_profile_de": "Versiegelter Boden", "lead_profile_en": "Versiegelter soil", "legend_unit_de": "Versiegelte Fl\u00e4che und Lockersyrosemen und Pararendzinen aus verkipptem carbonathaltigem Sand mit Bauschutt \u00fcber tiefem Niederungs- oder Flusssand", "legend_unit_en": "Versiegelte Fl\u00e4che and loose syrosemen and Pararendzinen from verkipptem carbonathaltigem Sand with Bfromchutt over tiefem Niederungs- oder Flusssand", "parent_material_code": "12.2.1.0", "parent_material_de": "Versiegelte Fl\u00e4chen und Kippsubstrate der Stadtkernbereiche und Gewerbe-/ Industriegebiete (undifferenziert)", "parent_material_en": "Sealed surfaces and Kippsubstrate der Stadtkernbereiche and Gewerbe-/ Industriegebiete (andifferenziert)", "profile_count": 6.0, "profile_summary_de": "Versiegelter Boden | 6 Profile | 3 Horizonte im Leitprofil", "profile_summary_en": "Versiegelter soil | 6 profiles | 3 horizons in lead profile", "semantic_source": "sqlite-buek250-v10", "semantic_version": "buek250-soil-semantics-v1", "soil_group_de": "versiegelte Fl\u00e4chen", "soil_group_en": "Sealed surfaces", "soil_group_key": "sealed-surfaces", "soil_label_de": "Versiegelte Fl\u00e4che und Lockersyrosemen und Pararendzinen aus verkipptem carbonathaltigem Sand mit Bauschutt \u00fcber tiefem Niederungs- oder Flusssand", "soil_label_en": "Versiegelte Fl\u00e4che and loose syrosemen and Pararendzinen from verkipptem carbonathaltigem Sand with Bfromchutt over tiefem Niederungs- oder Flusssand", "soil_type_primary_de": "versiegelte Fl\u00e4chen", "soil_type_primary_en": "Sealed surfaces", "soil_type_secondary_de": "Rohb\u00f6den", "soil_type_secondary_en": "Initial soils", "soil_type_tertiary_de": "Ah/C-B\u00f6den", "soil_type_tertiary_en": "Ah/C soils", "source_note_de": null, "source_note_en": null, "special_area_kind": null}, "type": "Feature"}, {"geometry": {"coordinates": [[[[13.6357, 52.5392], [13.6368, 52.5411], [13.6385, 52.5412], [13.6398, 52.5373], [13.646, 52.5377], [13.6469, 52.5342], [13.6492, 52.5328], [13.6563, 52.5327], [13.6561, 52.5299], [13.627, 52.5305], [13.6269, 52.5369], [13.6308, 52.5392], [13.6357, 52.5392]]], [[[13.6325, 52.5007], [13.6403, 52.4976], [13.6415, 52.4953], [13.641, 52.4942], [13.6378, 52.4925], [13.63, 52.4944], [13.6256, 52.4965], [13.6298, 52.5037], [13.6325, 52.5007]]], [[[13.6602, 52.5171], [13.6645, 52.5115], [13.6624, 52.5089], [13.6515, 52.5036], [13.6515, 52.5001], [13.6469, 52.4981], [13.6437, 52.4981], [13.6422, 52.4991], [13.6406, 52.5024], [13.6363, 52.502], [13.6301, 52.5054], [13.633, 52.5113], [13.6433, 52.5188], [13.6586, 52.5258], [13.6602, 52.5171]]]], "type": "MultiPolygon"}, "properties": {"BEMERKUNG": null, "GEN_ID": 937, "GL_ID": 260.0, "SYM_NR": "333", "feature_kind": "soil_unit", "general_unit_de": "Fahlerden und Braunerde-Fahlerden mit Fahlerde-Braunerden aus Decksand \u00fcber Decklehm (Geschiebelehm) und tiefem Geschiebemergel", "general_unit_en": "Fahlerden and brown soil-Fahlerden with Fahlerde-brown soils from Decksand over Decklehm (glacial till loam) and tiefem glacial till marl", "lead_horizon_count": 6.0, "lead_profile_de": "Normfahlerde", "lead_profile_en": "Normfahlerde", "legend_unit_de": "Fahlerden und Fahlerde-Hortisole aus (lehmigen) Decksand \u00fcber Decklehm und tiefem Geschiebemergel vergesellschaftet mit Kolluvisolen \u00fcber Fahlerden aus verkipptem lehmigem Sand \u00fcber Decklehm und sehr tiefem Geschiebemergel", "legend_unit_en": "Fahlerden and Fahlerde-Hortisole from (lehmigen) Decksand over Decklehm and tiefem glacial till marl vergesellschaftet with colluvialsn over Fahlerden from verkipptem lehmigem Sand over Decklehm and sehr tiefem glacial till marl", "parent_material_code": "3.1.2.2", "parent_material_de": "Geschiebemergel mit sandiger Deckschicht", "parent_material_en": "Glacial till marl with sandiger Deckschicht", "profile_count": 5.0, "profile_summary_de": "Normfahlerde | 5 Profile | 6 Horizonte im Leitprofil", "profile_summary_en": "Normfahlerde | 5 profiles | 6 horizons in lead profile", "semantic_source": "sqlite-buek250-v10", "semantic_version": "buek250-soil-semantics-v1", "soil_group_de": "Lessiv\u00e9s", "soil_group_en": "Luvisols", "soil_group_key": "luvisols", "soil_label_de": "Fahlerden und Fahlerde-Hortisole aus (lehmigen) Decksand \u00fcber Decklehm und tiefem Geschiebemergel vergesellschaftet mit Kolluvisolen \u00fcber Fahlerden aus verkipptem lehmigem Sand \u00fcber Decklehm und sehr tiefem Geschiebemergel", "soil_label_en": "Fahlerden and Fahlerde-Hortisole from (lehmigen) Decksand over Decklehm and tiefem glacial till marl vergesellschaftet with colluvialsn over Fahlerden from verkipptem lehmigem Sand over Decklehm and sehr tiefem glacial till marl", "soil_type_primary_de": "Lessiv\u00e9s", "soil_type_primary_en": "Luvisols", "soil_type_secondary_de": "Hortisole", "soil_type_secondary_en": "Hortisole", "soil_type_tertiary_de": null, "soil_type_tertiary_en": null, "source_note_de": null, "source_note_en": null, "special_area_kind": null}, "type": "Feature"}, {"geometry": {"coordinates": [[[[13.6545, 52.4928], [13.655, 52.5017], [13.66, 52.505], [13.664, 52.5047], [13.6658, 52.501], [13.6678, 52.5006], [13.6682, 52.5012], [13.6662, 52.5028], [13.6663, 52.5039], [13.6784, 52.5088], [13.6861, 52.5152], [13.6857, 52.5132], [13.6826, 52.5091], [13.6771, 52.5048], [13.6778, 52.5031], [13.6814, 52.5027], [13.7028, 52.5088], [13.7111, 52.5138], [13.7163, 52.5148], [13.7051, 52.5074], [13.7045, 52.5061], [13.7051, 52.5042], [13.7079, 52.5027], [13.6921, 52.5031], [13.6888, 52.5003], [13.6828, 52.5013], [13.6675, 52.4989], [13.6617, 52.4968], [13.6595, 52.4936], [13.6584, 52.4883], [13.6553, 52.4859], [13.6548, 52.4846], [13.6569, 52.4818], [13.6603, 52.4802], [13.669, 52.4798], [13.667, 52.4742], [13.6431, 52.4791], [13.6545, 52.4928]]], [[[13.7272, 52.5057], [13.732, 52.5055], [13.7123, 52.5012], [13.7114, 52.5026], [13.7272, 52.5057]]], [[[13.6363, 52.502], [13.6406, 52.5024], [13.6422, 52.4991], [13.6437, 52.4981], [13.6469, 52.4981], [13.6515, 52.5001], [13.6488, 52.4947], [13.6497, 52.4905], [13.6385, 52.4816], [13.6354, 52.4779], [13.6334, 52.4767], [13.6292, 52.4766], [13.6248, 52.4751], [13.6233, 52.4743], [13.6218, 52.4711], [13.6192, 52.4732], [13.6203, 52.4836], [13.6185, 52.4836], [13.6297, 52.4935], [13.6256, 52.4965], [13.63, 52.4944], [13.6378, 52.4925], [13.641, 52.4942], [13.6415, 52.4953], [13.6403, 52.4976], [13.6325, 52.5007], [13.6293, 52.5039], [13.6301, 52.5054], [13.6363, 52.502]]], [[[13.8454, 52.6196], [13.8479, 52.6168], [13.8469, 52.6141], [13.8435, 52.6118], [13.8441, 52.6089], [13.8505, 52.6054], [13.8614, 52.604], [13.857, 52.6022], [13.8444, 52.6013], [13.8384, 52.6069], [13.839, 52.6085], [13.8377, 52.6119], [13.8385, 52.618], [13.838, 52.6199], [13.8341, 52.6209], [13.8326, 52.6235], [13.8332, 52.627], [13.8369, 52.63], [13.836, 52.6345], [13.8387, 52.6332], [13.8398, 52.6314], [13.8398, 52.6277], [13.8406, 52.6267], [13.8429, 52.6264], [13.8454, 52.6196]]], [[[13.9318, 52.4983], [13.9325, 52.4971], [13.9276, 52.4946], [13.9239, 52.4914], [13.9187, 52.4907], [13.9161, 52.4862], [13.9164, 52.4839], [13.9099, 52.4837], [13.9094, 52.4847], [13.9127, 52.488], [13.9151, 52.4919], [13.9163, 52.4968], [13.9201, 52.4974], [13.9202, 52.5017], [13.9216, 52.5033], [13.9273, 52.5061], [13.9325, 52.5045], [13.9287, 52.4996], [13.9289, 52.4984], [13.9318, 52.4983]]], [[[13.966, 52.5436], [13.9639, 52.5411], [13.9578, 52.5381], [13.9528, 52.539], [13.951, 52.5408], [13.9515, 52.5414], [13.9575, 52.5421], [13.9577, 52.5442], [13.9621, 52.5464], [13.9629, 52.5491], [13.9648, 52.5505], [13.9695, 52.5517], [13.9729, 52.5537], [13.9729, 52.5565], [13.9698, 52.5601], [13.975, 52.5585], [13.9776, 52.5539], [13.9761, 52.5525], [13.9757, 52.5478], [13.9714, 52.5432], [13.966, 52.5436]]], [[[13.9876, 52.5397], [13.985, 52.5391], [13.9842, 52.538], [13.9951, 52.5289], [13.9982, 52.5288], [14.0078, 52.5257], [14.0129, 52.526], [14.0183, 52.5275], [14.0156, 52.5218], [14.0092, 52.5227], [13.995, 52.5264], [13.9838, 52.534], [13.9822, 52.5364], [13.9712, 52.5404], [13.9832, 52.5408], [13.9825, 52.5436], [13.9809, 52.5445], [13.9805, 52.5458], [13.9817, 52.5474], [13.9876, 52.5397]]], [[[13.9201, 52.5244], [13.9189, 52.5241], [13.9136, 52.5271], [13.9122, 52.5291], [13.9066, 52.5299], [13.907, 52.5336], [13.909, 52.5388], [13.9099, 52.5394], [13.9117, 52.5388], [13.9169, 52.5338], [13.9197, 52.5296], [13.9201, 52.5244]]], [[[13.8152, 52.5056], [13.8185, 52.509], [13.821, 52.5131], [13.8216, 52.5125], [13.8223, 52.5115], [13.8214, 52.5066], [13.8128, 52.5027], [13.8118, 52.5017], [13.8112, 52.4984], [13.7998, 52.4965], [13.8152, 52.5056]]], [[[13.7853, 52.5452], [13.7839, 52.5452], [13.7824, 52.5484], [13.7772, 52.5489], [13.7772, 52.5512], [13.7785, 52.552], [13.7835, 52.5526], [13.7848, 52.5523], [13.7854, 52.5502], [13.7881, 52.5489], [13.7853, 52.5452]]], [[[13.8293, 52.5125], [13.8268, 52.511], [13.8245, 52.5082], [13.8236, 52.5102], [13.8375, 52.5186], [13.8385, 52.5161], [13.835, 52.5131], [13.8293, 52.5125]]], [[[13.968, 52.5427], [13.9685, 52.5426], [13.9676, 52.5424], [13.968, 52.5427]]]], "type": "MultiPolygon"}, "properties": {"BEMERKUNG": null, "GEN_ID": 951, "GL_ID": 279.0, "SYM_NR": "543", "feature_kind": "soil_unit", "general_unit_de": "Braunerden und Podsol-Braunerden mit Gley-Braunerden aus Schmelzwassersand (Niederungssand)", "general_unit_en": "Brown soils and Podsol-brown soils with gley-brown soils from glaciofluvial sand (lowland sand)", "lead_horizon_count": 7.0, "lead_profile_de": "Normbraunerde", "lead_profile_en": "Typical brown soil", "legend_unit_de": "Braunerden und Podsol-Braunerden mit Braunerde-Gleyen aus Sandersand vergesellschaftet mit Braunerden aus Schwemmsand", "legend_unit_en": "Brown soils and Podsol-brown soils with brown soil-gley soilsn from Sandersand vergesellschaftet with brown soils from Schwemmsand", "parent_material_code": "3.2.1.1", "parent_material_de": "Schmelzwassersand", "parent_material_en": "Glaciofluvial sand", "profile_count": 5.0, "profile_summary_de": "Normbraunerde | 5 Profile | 7 Horizonte im Leitprofil", "profile_summary_en": "Typical brown soil | 5 profiles | 7 horizons in lead profile", "semantic_source": "sqlite-buek250-v10", "semantic_version": "buek250-soil-semantics-v1", "soil_group_de": "Braunerden", "soil_group_en": "Brown soils", "soil_group_key": "brown-soils", "soil_label_de": "Braunerden und Podsol-Braunerden mit Braunerde-Gleyen aus Sandersand vergesellschaftet mit Braunerden aus Schwemmsand", "soil_label_en": "Brown soils and Podsol-brown soils with brown soil-gley soilsn from Sandersand vergesellschaftet with brown soils from Schwemmsand", "soil_type_primary_de": "Braunerden", "soil_type_primary_en": "Brown soils", "soil_type_secondary_de": "Gleye", "soil_type_secondary_en": "Gley soils", "soil_type_tertiary_de": null, "soil_type_tertiary_en": null, "source_note_de": null, "source_note_en": null, "special_area_kind": null}, "type": "Feature"}, {"geometry": {"coordinates": [[[[13.7713, 52.7152], [13.7721, 52.7181], [13.7665, 52.7193], [13.7661, 52.7202], [13.7673, 52.7212], [13.7715, 52.7215], [13.7732, 52.72], [13.779, 52.7183], [13.7805, 52.7172], [13.7805, 52.7155], [13.7796, 52.7147], [13.7713, 52.7152]]], [[[13.8952, 52.7874], [13.8982, 52.7872], [13.9043, 52.7803], [13.9032, 52.7794], [13.8994, 52.7798], [13.8932, 52.7787], [13.8937, 52.7809], [13.8928, 52.7825], [13.8869, 52.7839], [13.8827, 52.7823], [13.879, 52.7825], [13.8781, 52.7819], [13.8785, 52.7795], [13.8762, 52.7795], [13.8703, 52.7823], [13.8708, 52.7845], [13.8733, 52.7861], [13.8809, 52.7845], [13.8896, 52.7888], [13.8927, 52.789], [13.8952, 52.7874]]], [[[13.9127, 52.7927], [13.9128, 52.7939], [13.9198, 52.7946], [13.9266, 52.792], [13.9295, 52.7898], [13.9313, 52.7864], [13.9338, 52.785], [13.9371, 52.7852], [13.9379, 52.7825], [13.9394, 52.782], [13.9407, 52.7827], [13.9414, 52.7802], [13.9208, 52.7775], [13.9159, 52.778], [13.9128, 52.7801], [13.9188, 52.7816], [13.9208, 52.7829], [13.9228, 52.7858], [13.9229, 52.7911], [13.921, 52.7924], [13.9182, 52.7901], [13.9089, 52.7911], [13.902, 52.7899], [13.9066, 52.7927], [13.9127, 52.7927]]], [[[13.8968, 52.7892], [13.8967, 52.7893], [13.901, 52.7896], [13.8968, 52.7892]]]], "type": "MultiPolygon"}, "properties": {"BEMERKUNG": null, "GEN_ID": 869, "GL_ID": 834.0, "SYM_NR": "176", "feature_kind": "soil_unit", "general_unit_de": "Regosole mit Podsol-Regosolen und Podsolen aus Flugsand (\u00fcber Geschiebemergel) mit Fahlerde-Braunerden aus Decksand \u00fcber Decklehm und tiefem Geschiebemergel", "general_unit_en": "Regosole with Podsol-regosolen and podzolsn from aeolian sand (over glacial till marl) with Fahlerde-brown soils from Decksand over Decklehm and tiefem glacial till marl", "lead_horizon_count": 6.0, "lead_profile_de": "Normregosol", "lead_profile_en": "Typical regosol", "legend_unit_de": "Regosole mit Podsol-Regosolen und Podsolen aus Flugsand (\u00fcber tiefem Geschiebemergel) vergesellschaftet mit Fahlerde-Braunerden und Braunerde-Fahlerden aus Decksand \u00fcber Decklehm und tiefem Geschiebemergel", "legend_unit_en": "Regosole with Podsol-regosolen and podzolsn from aeolian sand (over tiefem glacial till marl) vergesellschaftet with Fahlerde-brown soils and brown soil-Fahlerden from Decksand over Decklehm and tiefem glacial till marl", "parent_material_code": "4.0.3.1", "parent_material_de": "Flugsand und Geschiebelehm", "parent_material_en": "Aeolian sand and glacial till loam", "profile_count": 6.0, "profile_summary_de": "Normregosol | 6 Profile | 6 Horizonte im Leitprofil", "profile_summary_en": "Typical regosol | 6 profiles | 6 horizons in lead profile", "semantic_source": "sqlite-buek250-v10", "semantic_version": "buek250-soil-semantics-v1", "soil_group_de": "Ah/C-B\u00f6den", "soil_group_en": "Ah/C soils", "soil_group_key": "ah-c-soils", "soil_label_de": "Regosole mit Podsol-Regosolen und Podsolen aus Flugsand (\u00fcber tiefem Geschiebemergel) vergesellschaftet mit Fahlerde-Braunerden und Braunerde-Fahlerden aus Decksand \u00fcber Decklehm und tiefem Geschiebemergel", "soil_label_en": "Regosole with Podsol-regosolen and podzolsn from aeolian sand (over tiefem glacial till marl) vergesellschaftet with Fahlerde-brown soils and brown soil-Fahlerden from Decksand over Decklehm and tiefem glacial till marl", "soil_type_primary_de": "Ah/C-B\u00f6den", "soil_type_primary_en": "Ah/C soils", "soil_type_secondary_de": "Podsole", "soil_type_secondary_en": "Podzols", "soil_type_tertiary_de": null, "soil_type_tertiary_en": null, "source_note_de": null, "source_note_en": null, "special_area_kind": null}, "type": "Feature"}, {"geometry": {"coordinates": [[[[13.9995, 52.4653], [14.0033, 52.4687], [14.0089, 52.4712], [14.0333, 52.478], [14.0329, 52.4792], [14.0306, 52.479], [14.0101, 52.473], [14.0071, 52.4728], [14.0096, 52.4756], [14.0113, 52.4805], [14.0157, 52.4826], [14.0169, 52.4845], [14.0206, 52.4868], [14.0295, 52.4876], [14.0338, 52.4891], [14.0365, 52.4889], [14.0436, 52.4819], [14.0517, 52.4854], [14.0613, 52.4941], [14.0608, 52.496], [14.0594, 52.4962], [14.0556, 52.4937], [14.0514, 52.4895], [14.0485, 52.4889], [14.0454, 52.4866], [14.0408, 52.4889], [14.0405, 52.4906], [14.0396, 52.4913], [14.0264, 52.4889], [14.0232, 52.4912], [14.0202, 52.4911], [14.015, 52.4888], [14.0136, 52.4862], [14.0101, 52.4858], [14.0042, 52.4815], [14.0019, 52.4768], [13.9957, 52.4753], [13.9917, 52.47], [13.9881, 52.4685], [13.9843, 52.4686], [13.9813, 52.4707], [13.9768, 52.4705], [13.9745, 52.4724], [13.9786, 52.4797], [13.981, 52.4817], [13.9802, 52.4845], [13.9815, 52.4862], [13.9996, 52.4915], [14.0068, 52.4946], [14.0118, 52.4974], [14.0164, 52.5013], [14.0184, 52.5016], [14.0198, 52.5041], [14.024, 52.5068], [14.0305, 52.5129], [14.0372, 52.5221], [14.0385, 52.5255], [14.0429, 52.5323], [14.0489, 52.5369], [14.0568, 52.5394], [14.0626, 52.5381], [14.0679, 52.5421], [14.0715, 52.5436], [14.0845, 52.5471], [14.0861, 52.5467], [14.0905, 52.5413], [14.0906, 52.5366], [14.095, 52.5338], [14.0942, 52.5325], [14.0896, 52.5296], [14.0899, 52.5282], [14.0938, 52.5257], [14.0975, 52.5255], [14.1019, 52.53], [14.1036, 52.5307], [14.111, 52.5281], [14.1184, 52.532], [14.12, 52.5324], [14.122, 52.5316], [14.122, 52.5303], [14.1169, 52.5265], [14.1124, 52.5253], [14.1125, 52.5242], [14.1141, 52.5229], [14.1125, 52.521], [14.1087, 52.5209], [14.1043, 52.5228], [14.0995, 52.5227], [14.0969, 52.5209], [14.096, 52.5172], [14.0937, 52.515], [14.0688, 52.5076], [14.0674, 52.5068], [14.0656, 52.5039], [14.062, 52.5014], [14.0614, 52.5], [14.07, 52.5004], [14.0733, 52.5021], [14.0718, 52.5044], [14.0726, 52.5052], [14.08, 52.5072], [14.0929, 52.513], [14.0998, 52.5141], [14.1052, 52.5141], [14.1057, 52.5157], [14.1092, 52.5188], [14.1143, 52.5189], [14.1176, 52.5204], [14.1194, 52.5175], [14.122, 52.5161], [14.1222, 52.5153], [14.1175, 52.5132], [14.1154, 52.5155], [14.1133, 52.5157], [14.1081, 52.5135], [14.1045, 52.5101], [14.1038, 52.5079], [14.1056, 52.5045], [14.1074, 52.5035], [14.107, 52.5007], [14.0993, 52.4978], [14.0938, 52.4939], [14.093, 52.4917], [14.0949, 52.4896], [14.105, 52.485], [14.1224, 52.4812], [14.1251, 52.4797], [14.1244, 52.479], [14.1108, 52.4784], [14.1047, 52.4803], [14.0967, 52.4803], [14.0885, 52.4764], [14.0784, 52.4792], [14.0769, 52.4785], [14.0763, 52.4759], [14.0749, 52.4781], [14.0693, 52.4797], [14.0296, 52.4708], [14.0191, 52.4563], [14.0068, 52.4481], [13.9937, 52.4558], [13.9947, 52.4635], [13.9995, 52.4653]], [[14.069, 52.5394], [14.0685, 52.5407], [14.0659, 52.5403], [14.0677, 52.539], [14.069, 52.5394]], [[14.0802, 52.5352], [14.0822, 52.5347], [14.0834, 52.5367], [14.0821, 52.5372], [14.0803, 52.5363], [14.0802, 52.5352]], [[14.0778, 52.5366], [14.0813, 52.5375], [14.0781, 52.5393], [14.0767, 52.5391], [14.0765, 52.5381], [14.0778, 52.5366]], [[14.0709, 52.5391], [14.0722, 52.5389], [14.074, 52.5402], [14.0777, 52.5401], [14.0797, 52.5411], [14.0819, 52.5395], [14.0837, 52.543], [14.0831, 52.5437], [14.0811, 52.5438], [14.078, 52.5419], [14.0724, 52.5407], [14.0709, 52.5391]], [[14.0637, 52.5296], [14.062, 52.5274], [14.0616, 52.5242], [14.0636, 52.5245], [14.0698, 52.5296], [14.0748, 52.5317], [14.0777, 52.5345], [14.0781, 52.5357], [14.0774, 52.5361], [14.0637, 52.5296]]], [[[13.8414, 52.6508], [13.8418, 52.6523], [13.8488, 52.6577], [13.8529, 52.6638], [13.8529, 52.6688], [13.8536, 52.6702], [13.8522, 52.6736], [13.8537, 52.676], [13.8593, 52.6789], [13.8651, 52.6865], [13.8698, 52.6888], [13.8772, 52.6981], [13.88, 52.6976], [13.8809, 52.6953], [13.871, 52.6843], [13.8711, 52.6826], [13.8726, 52.6819], [13.8762, 52.6819], [13.8821, 52.6846], [13.8962, 52.6862], [13.8993, 52.6872], [13.8988, 52.6885], [13.8938, 52.6895], [13.8942, 52.6918], [13.8962, 52.6928], [13.9072, 52.6931], [13.912, 52.6956], [13.9149, 52.6952], [13.9217, 52.697], [13.9254, 52.6997], [13.929, 52.7046], [13.9332, 52.7072], [13.9336, 52.7089], [13.9322, 52.7108], [13.9346, 52.7162], [13.9359, 52.7178], [13.9429, 52.7224], [13.9478, 52.7298], [13.9468, 52.7343], [13.9504, 52.7357], [13.9518, 52.7384], [13.9512, 52.7394], [13.9478, 52.7412], [13.9477, 52.7424], [13.9492, 52.7444], [13.9494, 52.7459], [13.948, 52.7472], [13.949, 52.7484], [13.9556, 52.7493], [13.9581, 52.746], [13.9603, 52.7452], [13.9648, 52.7488], [13.9696, 52.7499], [13.9689, 52.751], [13.9656, 52.7507], [13.9649, 52.7514], [13.965, 52.7525], [13.9669, 52.7534], [13.9714, 52.754], [13.9781, 52.7509], [13.9801, 52.7507], [13.9834, 52.7515], [13.9862, 52.7551], [13.9866, 52.7592], [13.9827, 52.7616], [13.9749, 52.7601], [13.9711, 52.7573], [13.9624, 52.7543], [13.96, 52.755], [13.9564, 52.7589], [13.9562, 52.7612], [13.9542, 52.7619], [13.9533, 52.7616], [13.9526, 52.7586], [13.9506, 52.7587], [13.9494, 52.7594], [13.9493, 52.7609], [13.9482, 52.762], [13.9439, 52.7617], [13.9431, 52.7623], [13.9435, 52.7633], [13.9499, 52.7641], [13.9548, 52.768], [13.9556, 52.7695], [13.9546, 52.7709], [13.9525, 52.7716], [13.9526, 52.7725], [13.959, 52.772], [13.9627, 52.7733], [13.9631, 52.7751], [13.9622, 52.7795], [13.9586, 52.7823], [13.959, 52.7839], [13.9633, 52.7892], [13.9634, 52.7911], [13.9597, 52.793], [13.9564, 52.7932], [13.9505, 52.7903], [13.9447, 52.791], [13.9358, 52.7902], [13.9343, 52.7923], [13.9395, 52.793], [13.9416, 52.794], [13.9423, 52.7953], [13.9372, 52.7959], [13.9357, 52.798], [13.9316, 52.7995], [13.9314, 52.8006], [13.9379, 52.801], [13.9491, 52.8003], [13.9633, 52.8025], [13.9678, 52.7962], [13.9714, 52.7938], [13.9706, 52.7919], [13.9658, 52.7892], [13.9655, 52.7865], [13.9668, 52.7846], [13.9678, 52.7854], [13.967, 52.7864], [13.9673, 52.7873], [13.9703, 52.7883], [13.9748, 52.7854], [13.9759, 52.7861], [13.9757, 52.787], [13.9774, 52.7875], [13.9843, 52.7873], [13.9935, 52.7854], [13.9946, 52.7845], [13.9943, 52.782], [13.9923, 52.7799], [13.9818, 52.7789], [13.9816, 52.782], [13.9781, 52.7822], [13.976, 52.7814], [13.9749, 52.7802], [13.9758, 52.7774], [13.9718, 52.7747], [13.9714, 52.7732], [13.9753, 52.7714], [13.9776, 52.7682], [13.98, 52.7678], [13.9813, 52.769], [13.9811, 52.7707], [13.9818, 52.7717], [13.9936, 52.773], [13.9943, 52.7745], [13.9869, 52.7745], [13.9827, 52.7764], [13.9835, 52.7771], [13.9949, 52.7781], [14.0009, 52.78], [14.0013, 52.7781], [13.999, 52.7737], [13.999, 52.7559], [13.9982, 52.7549], [13.9971, 52.7564], [13.9969, 52.7602], [13.9941, 52.761], [13.9927, 52.7602], [13.9892, 52.7558], [13.9874, 52.7519], [13.9881, 52.751], [13.9926, 52.7506], [13.9932, 52.7498], [13.9937, 52.7488], [13.9917, 52.7446], [13.9923, 52.7441], [13.9948, 52.7445], [13.9969, 52.7471], [13.9969, 52.745], [13.995, 52.7429], [13.9882, 52.7394], [13.9842, 52.7359], [13.9768, 52.7344], [13.9756, 52.7338], [13.9754, 52.7328], [13.9755, 52.7316], [13.9803, 52.7304], [13.9883, 52.7316], [13.9933, 52.7313], [13.9955, 52.727], [13.9901, 52.7268], [13.9839, 52.7239], [13.9761, 52.7241], [13.9735, 52.7231], [13.9731, 52.7212], [13.9742, 52.7196], [13.9764, 52.7194], [13.9819, 52.7216], [13.9893, 52.7218], [13.9992, 52.7194], [14.0007, 52.7159], [13.9982, 52.7145], [13.99, 52.7147], [13.9859, 52.7122], [13.9802, 52.7115], [13.9796, 52.7096], [13.9777, 52.7086], [13.9703, 52.709], [13.9624, 52.7077], [13.9597, 52.7047], [13.9592, 52.7004], [13.9623, 52.6987], [13.9789, 52.6971], [13.9858, 52.6984], [13.987, 52.6992], [13.987, 52.7019], [13.9895, 52.7028], [14.0002, 52.7036], [13.9997, 52.6965], [14.0009, 52.6925], [13.9989, 52.6895], [13.9986, 52.6827], [13.9995, 52.6802], [13.9987, 52.6786], [13.9982, 52.6784], [13.9969, 52.6805], [13.9915, 52.6824], [13.9848, 52.6812], [13.9838, 52.6824], [13.985, 52.6831], [13.9846, 52.6839], [13.9784, 52.6829], [13.974, 52.685], [13.9698, 52.6856], [13.9679, 52.6865], [13.9668, 52.6884], [13.9642, 52.6892], [13.9638, 52.6903], [13.9646, 52.6909], [13.9702, 52.6923], [13.9697, 52.6928], [13.96, 52.6914], [13.9592, 52.6941], [13.9554, 52.6944], [13.9428, 52.6982], [13.9429, 52.7003], [13.9438, 52.701], [13.9504, 52.7023], [13.9486, 52.7052], [13.9539, 52.7093], [13.9539, 52.7111], [13.9489, 52.7133], [13.9482, 52.7129], [13.9485, 52.7112], [13.9462, 52.7096], [13.9458, 52.7073], [13.9396, 52.7035], [13.9407, 52.6998], [13.9397, 52.6978], [13.9386, 52.6973], [13.9365, 52.6994], [13.9315, 52.7004], [13.9319, 52.6992], [13.9366, 52.6964], [13.9349, 52.6946], [13.935, 52.6928], [13.9302, 52.6912], [13.9298, 52.6886], [13.92, 52.6858], [13.919, 52.6866], [13.9185, 52.6925], [13.921, 52.6949], [13.9203, 52.6953], [13.9179, 52.694], [13.9126, 52.6945], [13.9128, 52.693], [13.915, 52.6913], [13.9151, 52.6904], [13.9091, 52.6874], [13.9154, 52.6872], [13.9152, 52.686], [13.9067, 52.6827], [13.9061, 52.6798], [13.9038, 52.6772], [13.9004, 52.6745], [13.8953, 52.6731], [13.8937, 52.6637], [13.8881, 52.6626], [13.8962, 52.6594], [13.9007, 52.6545], [13.9008, 52.6537], [13.8969, 52.6517], [13.8968, 52.6509], [13.9001, 52.6505], [13.9004, 52.6497], [13.8957, 52.6451], [13.8944, 52.6468], [13.8888, 52.6462], [13.8871, 52.6474], [13.886, 52.6492], [13.8858, 52.6523], [13.8846, 52.6537], [13.8725, 52.6569], [13.8735, 52.661], [13.8694, 52.6609], [13.8685, 52.6623], [13.8799, 52.6632], [13.8807, 52.6646], [13.8774, 52.6659], [13.8706, 52.6665], [13.8684, 52.6665], [13.8649, 52.6652], [13.8578, 52.6604], [13.8557, 52.6581], [13.8515, 52.6559], [13.8528, 52.6505], [13.848, 52.6456], [13.8472, 52.6433], [13.84, 52.6414], [13.8367, 52.6396], [13.8456, 52.6473], [13.8414, 52.6508]], [[13.9571, 52.7224], [13.9611, 52.7254], [13.962, 52.7269], [13.9617, 52.7283], [13.9565, 52.7305], [13.9541, 52.7311], [13.9524, 52.7306], [13.9506, 52.7284], [13.9515, 52.7265], [13.9505, 52.7256], [13.9506, 52.7244], [13.9571, 52.7224]]], [[[13.9743, 52.6652], [13.9792, 52.6624], [13.9878, 52.66], [13.9872, 52.6592], [13.9778, 52.6579], [13.9746, 52.6551], [13.9671, 52.652], [13.9618, 52.6562], [13.9543, 52.6563], [13.951, 52.6577], [13.9435, 52.6574], [13.9396, 52.655], [13.9403, 52.6519], [13.9438, 52.6495], [13.9499, 52.6469], [13.9454, 52.6448], [13.9437, 52.6423], [13.9443, 52.6374], [13.9461, 52.6356], [13.9338, 52.628], [13.9317, 52.6259], [13.9323, 52.6245], [13.9412, 52.6288], [13.9441, 52.6294], [13.945, 52.6285], [13.9447, 52.6226], [13.9475, 52.6196], [13.9475, 52.6179], [13.9437, 52.6155], [13.9425, 52.6119], [13.9396, 52.6095], [13.9391, 52.608], [13.9378, 52.6068], [13.9328, 52.6053], [13.9312, 52.6019], [13.929, 52.6004], [13.9216, 52.6001], [13.9155, 52.5987], [13.9069, 52.6002], [13.9059, 52.6024], [13.9072, 52.6031], [13.9097, 52.6025], [13.914, 52.6047], [13.9149, 52.6087], [13.9184, 52.6111], [13.9193, 52.6133], [13.9223, 52.6164], [13.922, 52.6184], [13.9251, 52.6228], [13.9256, 52.627], [13.9322, 52.6307], [13.9337, 52.6322], [13.9338, 52.6337], [13.9318, 52.6384], [13.9257, 52.6438], [13.911, 52.6482], [13.9094, 52.6476], [13.9088, 52.6458], [13.8982, 52.6432], [13.9048, 52.6503], [13.912, 52.6549], [13.9151, 52.6593], [13.9203, 52.6587], [13.9279, 52.6602], [13.9398, 52.6663], [13.9433, 52.667], [13.9446, 52.6687], [13.9507, 52.6691], [13.9504, 52.67], [13.9477, 52.6708], [13.9466, 52.6722], [13.9447, 52.6722], [13.9412, 52.6707], [13.9397, 52.6716], [13.9396, 52.6732], [13.9416, 52.6761], [13.942, 52.6814], [13.9448, 52.6845], [13.9405, 52.6899], [13.941, 52.6918], [13.9435, 52.693], [13.9509, 52.6935], [13.9681, 52.6826], [13.9765, 52.6811], [13.9828, 52.6777], [13.9811, 52.676], [13.9795, 52.6757], [13.9742, 52.669], [13.9743, 52.6652]], [[13.9337, 52.6498], [13.9337, 52.6492], [13.9409, 52.6493], [13.9397, 52.6502], [13.9337, 52.6498]], [[13.9251, 52.6526], [13.9225, 52.6514], [13.9252, 52.6508], [13.9324, 52.6519], [13.9321, 52.6532], [13.9251, 52.6526]]], [[[14.3305, 52.3791], [14.3374, 52.3799], [14.3419, 52.3815], [14.3478, 52.3861], [14.3477, 52.3873], [14.3448, 52.3905], [14.3455, 52.3929], [14.3488, 52.3949], [14.3487, 52.3972], [14.3571, 52.3964], [14.3599, 52.3979], [14.3619, 52.4039], [14.3609, 52.4053], [14.3561, 52.4063], [14.3531, 52.4094], [14.3543, 52.4113], [14.3574, 52.411], [14.3577, 52.4119], [14.36, 52.4127], [14.3599, 52.414], [14.3553, 52.4204], [14.3546, 52.4234], [14.355, 52.4248], [14.3592, 52.4292], [14.3598, 52.4317], [14.3564, 52.4323], [14.3529, 52.4312], [14.3496, 52.4322], [14.3547, 52.4371], [14.3554, 52.4395], [14.3637, 52.4394], [14.3677, 52.4326], [14.369, 52.4288], [14.3764, 52.4266], [14.3768, 52.4241], [14.3756, 52.4213], [14.3787, 52.4175], [14.3772, 52.4157], [14.372, 52.4163], [14.3704, 52.4155], [14.3699, 52.4133], [14.3661, 52.4135], [14.3629, 52.412], [14.3631, 52.4095], [14.3724, 52.406], [14.374, 52.4039], [14.3741, 52.4028], [14.3725, 52.4017], [14.3713, 52.3985], [14.3669, 52.3956], [14.3669, 52.3928], [14.3687, 52.3914], [14.3713, 52.394], [14.3749, 52.395], [14.3788, 52.3996], [14.3791, 52.402], [14.38, 52.4019], [14.3834, 52.3994], [14.3858, 52.3999], [14.39, 52.3991], [14.3868, 52.3972], [14.3865, 52.396], [14.3896, 52.3918], [14.3938, 52.3892], [14.3894, 52.3877], [14.3821, 52.3884], [14.3773, 52.3865], [14.3756, 52.3879], [14.3761, 52.3923], [14.3753, 52.3927], [14.3713, 52.3872], [14.3613, 52.3858], [14.3576, 52.3866], [14.3523, 52.3852], [14.3492, 52.3815], [14.3494, 52.3804], [14.3518, 52.3796], [14.3519, 52.3789], [14.3507, 52.3782], [14.3464, 52.3791], [14.3432, 52.3773], [14.3407, 52.3775], [14.3396, 52.3768], [14.3289, 52.3778], [14.3236, 52.38], [14.3305, 52.3791]]], [[[14.3224, 52.3906], [14.3244, 52.3969], [14.3308, 52.4023], [14.3309, 52.3985], [14.3285, 52.3961], [14.3291, 52.3912], [14.3267, 52.389], [14.3246, 52.3895], [14.3209, 52.3867], [14.3208, 52.385], [14.3227, 52.3835], [14.3227, 52.3824], [14.3196, 52.3813], [14.3157, 52.3828], [14.3224, 52.3906]]], [[[13.8381, 52.5939], [13.8359, 52.5935], [13.832, 52.5906], [13.8313, 52.5886], [13.8318, 52.5859], [13.8278, 52.5832], [13.8253, 52.5802], [13.8252, 52.578], [13.8279, 52.573], [13.8259, 52.5704], [13.8259, 52.5682], [13.8269, 52.5669], [13.8302, 52.5655], [13.8301, 52.5639], [13.832, 52.5624], [13.8292, 52.5589], [13.8246, 52.5598], [13.8229, 52.5585], [13.8214, 52.556], [13.8212, 52.5539], [13.8224, 52.5521], [13.8223, 52.5492], [13.8181, 52.5459], [13.8175, 52.5443], [13.813, 52.5474], [13.8061, 52.5502], [13.7996, 52.5502], [13.7984, 52.5493], [13.7998, 52.5476], [13.8035, 52.5457], [13.8023, 52.5457], [13.7955, 52.5476], [13.7859, 52.5537], [13.7798, 52.5536], [13.7789, 52.5546], [13.7802, 52.5586], [13.7831, 52.5587], [13.78, 52.5617], [13.7797, 52.5626], [13.781, 52.5633], [13.7841, 52.564], [13.7879, 52.5662], [13.7931, 52.5673], [13.8023, 52.5675], [13.8032, 52.567], [13.803, 52.5655], [13.8053, 52.5651], [13.8048, 52.568], [13.8064, 52.5707], [13.81, 52.5711], [13.8119, 52.5701], [13.822, 52.5751], [13.8239, 52.5772], [13.823, 52.5791], [13.8135, 52.5742], [13.8088, 52.5743], [13.807, 52.5726], [13.806, 52.5727], [13.8059, 52.5737], [13.8041, 52.573], [13.8015, 52.5742], [13.8007, 52.5736], [13.8036, 52.5713], [13.8035, 52.5701], [13.8022, 52.5694], [13.7954, 52.5696], [13.7898, 52.5684], [13.7908, 52.5705], [13.8001, 52.5783], [13.8084, 52.5822], [13.8161, 52.5878], [13.8259, 52.5926], [13.828, 52.5941], [13.8278, 52.5951], [13.8261, 52.595], [13.8156, 52.5902], [13.8067, 52.5838], [13.7993, 52.5799], [13.7957, 52.5786], [13.7909, 52.5787], [13.7905, 52.5779], [13.7952, 52.5773], [13.7954, 52.5762], [13.7892, 52.5706], [13.7845, 52.5688], [13.782, 52.5664], [13.776, 52.5652], [13.7746, 52.5655], [13.7744, 52.5677], [13.7786, 52.5748], [13.7809, 52.5768], [13.7886, 52.5827], [13.8115, 52.5934], [13.8265, 52.5988], [13.8323, 52.6028], [13.835, 52.6003], [13.8381, 52.5939]]], [[[13.7701, 52.4678], [13.7714, 52.4697], [13.7706, 52.4715], [13.7742, 52.4727], [13.7778, 52.4764], [13.7789, 52.4817], [13.7889, 52.4906], [13.7894, 52.4921], [13.7877, 52.4977], [13.7889, 52.4987], [13.7927, 52.4992], [13.7946, 52.5002], [13.7964, 52.5028], [13.8001, 52.5122], [13.8054, 52.5179], [13.8116, 52.5221], [13.8137, 52.5243], [13.8144, 52.5266], [13.8189, 52.5201], [13.8189, 52.5168], [13.821, 52.5131], [13.8185, 52.509], [13.8152, 52.5056], [13.7998, 52.4965], [13.8077, 52.4983], [13.8112, 52.4984], [13.8111, 52.4979], [13.8094, 52.4971], [13.8068, 52.4971], [13.802, 52.4949], [13.8017, 52.4938], [13.805, 52.4924], [13.8032, 52.4921], [13.7991, 52.4892], [13.7931, 52.4868], [13.7825, 52.4803], [13.7796, 52.475], [13.7756, 52.4715], [13.7861, 52.474], [13.7872, 52.4765], [13.7925, 52.4774], [13.8036, 52.4788], [13.8181, 52.4784], [13.8122, 52.4767], [13.7989, 52.4684], [13.7959, 52.4626], [13.7957, 52.461], [13.7965, 52.4587], [13.8009, 52.4533], [13.8015, 52.4495], [13.8061, 52.4483], [13.8099, 52.4489], [13.8105, 52.4474], [13.7991, 52.4441], [13.7655, 52.4471], [13.7657, 52.4493], [13.7696, 52.453], [13.7732, 52.4585], [13.7786, 52.463], [13.7807, 52.4661], [13.7787, 52.4666], [13.7749, 52.466], [13.7719, 52.4642], [13.7736, 52.4657], [13.7708, 52.4659], [13.7701, 52.4678]]], [[[13.8699, 52.546], [13.8597, 52.5443], [13.8584, 52.5433], [13.8525, 52.5374], [13.847, 52.5336], [13.8394, 52.5251], [13.8375, 52.5186], [13.8236, 52.5102], [13.8234, 52.5151], [13.8209, 52.5169], [13.8208, 52.5209], [13.817, 52.526], [13.8167, 52.5277], [13.8179, 52.5318], [13.8217, 52.5383], [13.8219, 52.5397], [13.8203, 52.5426], [13.8205, 52.5462], [13.8246, 52.5478], [13.8235, 52.5542], [13.825, 52.5569], [13.8316, 52.5573], [13.8415, 52.5521], [13.8441, 52.5516], [13.8473, 52.5519], [13.8557, 52.5555], [13.8559, 52.5566], [13.8589, 52.5577], [13.8619, 52.5576], [13.8668, 52.5568], [13.8699, 52.5542], [13.8716, 52.5512], [13.8699, 52.546]]], [[[13.8202, 52.6846], [13.8242, 52.6872], [13.8312, 52.6887], [13.8205, 52.6821], [13.8202, 52.6846]]], [[[13.842, 52.6551], [13.8441, 52.6566], [13.8434, 52.6559], [13.842, 52.6551]]], [[[14.2056, 52.5988], [14.2085, 52.5987], [14.2042, 52.596], [14.2003, 52.591], [14.1919, 52.5837], [14.1924, 52.5812], [14.1918, 52.5802], [14.183, 52.576], [14.1824, 52.5739], [14.1799, 52.5724], [14.1729, 52.5722], [14.1727, 52.5707], [14.1739, 52.5696], [14.1806, 52.5672], [14.1788, 52.5657], [14.1779, 52.5629], [14.1749, 52.5618], [14.1709, 52.5622], [14.1684, 52.5631], [14.1643, 52.5661], [14.161, 52.5658], [14.1608, 52.5647], [14.1622, 52.5628], [14.1682, 52.56], [14.1687, 52.5566], [14.1609, 52.5559], [14.1595, 52.5549], [14.1565, 52.5553], [14.1526, 52.5581], [14.1487, 52.5592], [14.1491, 52.5617], [14.1477, 52.563], [14.1419, 52.5646], [14.1372, 52.5644], [14.136, 52.5628], [14.1319, 52.5622], [14.1272, 52.5596], [14.1259, 52.5594], [14.1263, 52.5602], [14.1247, 52.5612], [14.1251, 52.5636], [14.1347, 52.5707], [14.1392, 52.5712], [14.1429, 52.5689], [14.1445, 52.5689], [14.1539, 52.5708], [14.1708, 52.5764], [14.1731, 52.5785], [14.1762, 52.5841], [14.1821, 52.5865], [14.1897, 52.5918], [14.1948, 52.5941], [14.1999, 52.5996], [14.2037, 52.5998], [14.2056, 52.5988]]], [[[14.3038, 52.5229], [14.3078, 52.5169], [14.3107, 52.5145], [14.3087, 52.5117], [14.3085, 52.5081], [14.3075, 52.5062], [14.3083, 52.5045], [14.311, 52.5022], [14.3107, 52.5013], [14.3029, 52.5038], [14.2989, 52.5033], [14.2904, 52.5052], [14.2819, 52.5052], [14.2804, 52.5058], [14.2795, 52.5076], [14.2763, 52.5088], [14.2778, 52.5165], [14.2757, 52.5192], [14.2763, 52.5211], [14.2921, 52.5279], [14.2932, 52.5273], [14.2916, 52.5252], [14.2925, 52.5243], [14.2973, 52.5278], [14.297, 52.5265], [14.2992, 52.5244], [14.3038, 52.5229]]], [[[13.7786, 52.5595], [13.7757, 52.5519], [13.7738, 52.5504], [13.7738, 52.5491], [13.7762, 52.545], [13.7754, 52.5437], [13.7665, 52.5382], [13.7623, 52.5368], [13.7619, 52.5343], [13.7546, 52.534], [13.7466, 52.5323], [13.7385, 52.5326], [13.7223, 52.5298], [13.7237, 52.5333], [13.7229, 52.5359], [13.7252, 52.5347], [13.7323, 52.5346], [13.7374, 52.5401], [13.7406, 52.5461], [13.7424, 52.5477], [13.744, 52.5463], [13.7441, 52.5436], [13.7454, 52.5421], [13.7477, 52.5414], [13.7528, 52.5421], [13.7542, 52.5438], [13.753, 52.5463], [13.7534, 52.5474], [13.7607, 52.5488], [13.7619, 52.5495], [13.7623, 52.5513], [13.7645, 52.5528], [13.7639, 52.5545], [13.7615, 52.5543], [13.7605, 52.5551], [13.7614, 52.5569], [13.7625, 52.557], [13.7643, 52.5555], [13.7669, 52.5524], [13.7694, 52.5517], [13.7671, 52.5563], [13.7679, 52.5601], [13.7709, 52.5619], [13.7781, 52.5616], [13.7786, 52.5595]]], [[[13.995, 52.5264], [14.0154, 52.5215], [14.0127, 52.5181], [14.006, 52.5126], [13.9992, 52.5113], [13.9973, 52.5099], [13.9912, 52.5085], [13.9895, 52.5072], [13.9889, 52.5042], [13.977, 52.4986], [13.9808, 52.5049], [13.9816, 52.508], [13.9878, 52.5164], [13.9883, 52.5179], [13.9878, 52.5202], [13.9867, 52.5222], [13.9808, 52.5256], [13.9805, 52.5268], [13.9814, 52.5277], [13.9809, 52.5292], [13.9768, 52.5283], [13.9754, 52.5288], [13.9748, 52.533], [13.9738, 52.5338], [13.9705, 52.5337], [13.9667, 52.5323], [13.966, 52.5324], [13.9658, 52.5336], [13.9678, 52.5376], [13.9715, 52.5393], [13.9712, 52.5404], [13.9804, 52.5374], [13.9822, 52.5364], [13.9838, 52.534], [13.995, 52.5264]]], [[[14.1409, 52.5514], [14.1475, 52.5538], [14.1518, 52.5525], [14.156, 52.5528], [14.1565, 52.5517], [14.1507, 52.5473], [14.15, 52.5454], [14.1514, 52.5448], [14.1541, 52.546], [14.1566, 52.544], [14.154, 52.5432], [14.1524, 52.5414], [14.1445, 52.5435], [14.1415, 52.5396], [14.1304, 52.5342], [14.1237, 52.5353], [14.116, 52.5335], [14.1144, 52.5337], [14.1149, 52.5358], [14.1182, 52.5378], [14.1175, 52.5404], [14.1162, 52.5413], [14.11, 52.5403], [14.1034, 52.5361], [14.1008, 52.5357], [14.0976, 52.5363], [14.0948, 52.5385], [14.0947, 52.5406], [14.0954, 52.5413], [14.101, 52.5452], [14.1034, 52.5413], [14.1163, 52.5434], [14.1259, 52.5466], [14.128, 52.5484], [14.1284, 52.5506], [14.1294, 52.5508], [14.1316, 52.5542], [14.134, 52.5558], [14.1358, 52.5554], [14.1347, 52.5536], [14.1351, 52.5518], [14.1409, 52.5514]]], [[[13.7532, 52.4709], [13.755, 52.4739], [13.7579, 52.4746], [13.7606, 52.4733], [13.7631, 52.4706], [13.7659, 52.4662], [13.7534, 52.4671], [13.7532, 52.4709]]], [[[13.924, 52.6675], [13.9264, 52.6689], [13.9278, 52.6721], [13.9305, 52.6735], [13.9314, 52.6739], [13.9329, 52.673], [13.9322, 52.6708], [13.9331, 52.6683], [13.9286, 52.6642], [13.9231, 52.6614], [13.9129, 52.6606], [13.9106, 52.6594], [13.9073, 52.6556], [13.9051, 52.6552], [13.9031, 52.6558], [13.898, 52.6625], [13.898, 52.6649], [13.9013, 52.6705], [13.906, 52.6742], [13.9105, 52.6752], [13.9087, 52.6775], [13.9131, 52.681], [13.9147, 52.6814], [13.9173, 52.6807], [13.9198, 52.6782], [13.9228, 52.673], [13.9194, 52.6695], [13.9189, 52.6678], [13.9212, 52.6671], [13.924, 52.6675]]], [[[14.3284, 52.5387], [14.3321, 52.5351], [14.3362, 52.5342], [14.3436, 52.5295], [14.3507, 52.5302], [14.3517, 52.5298], [14.3519, 52.5286], [14.3471, 52.5268], [14.346, 52.5235], [14.3423, 52.5221], [14.3406, 52.5192], [14.3389, 52.5184], [14.3354, 52.518], [14.3332, 52.5201], [14.3278, 52.5194], [14.3232, 52.52], [14.3213, 52.5215], [14.3218, 52.5241], [14.3207, 52.5263], [14.3145, 52.5266], [14.3145, 52.5299], [14.3137, 52.5309], [14.3147, 52.5318], [14.3201, 52.5321], [14.3233, 52.534], [14.324, 52.5355], [14.3228, 52.5365], [14.3148, 52.5359], [14.3134, 52.5365], [14.3129, 52.538], [14.3156, 52.5406], [14.3194, 52.5426], [14.3223, 52.5418], [14.3248, 52.5386], [14.3284, 52.5387]]], [[[13.8182, 52.7491], [13.822, 52.7487], [13.8225, 52.7466], [13.814, 52.74], [13.8132, 52.7342], [13.8146, 52.7322], [13.8209, 52.7289], [13.8268, 52.7284], [13.8301, 52.7262], [13.8335, 52.7258], [13.8348, 52.7248], [13.8324, 52.7214], [13.8309, 52.7167], [13.8268, 52.7168], [13.8261, 52.7176], [13.8299, 52.7207], [13.8304, 52.7224], [13.8232, 52.7236], [13.8146, 52.7265], [13.8121, 52.7294], [13.8055, 52.7322], [13.7995, 52.7324], [13.7912, 52.7288], [13.7887, 52.7296], [13.7891, 52.7311], [13.7911, 52.7329], [13.7921, 52.7362], [13.7954, 52.7377], [13.7957, 52.7394], [13.7945, 52.7432], [13.7959, 52.7445], [13.802, 52.7441], [13.8084, 52.7427], [13.8097, 52.7436], [13.8082, 52.747], [13.8182, 52.7491]]], [[[14.0002, 52.6151], [14.0014, 52.6113], [13.9964, 52.6097], [13.9917, 52.6056], [13.9866, 52.6045], [13.9866, 52.6069], [13.9849, 52.6096], [13.9792, 52.6155], [13.9767, 52.6169], [13.9694, 52.6157], [13.9739, 52.6189], [13.9788, 52.6198], [13.9751, 52.6217], [13.9751, 52.6229], [13.9794, 52.6258], [13.9793, 52.6294], [13.9844, 52.6301], [13.9901, 52.6289], [13.9874, 52.626], [13.9884, 52.6242], [14.0004, 52.6203], [14.0019, 52.6183], [14.0002, 52.6151]]], [[[13.6848, 52.5173], [13.6742, 52.5092], [13.6689, 52.5075], [13.6687, 52.5127], [13.6696, 52.5146], [13.6727, 52.5199], [13.6763, 52.5222], [13.6857, 52.5265], [13.6851, 52.5228], [13.6891, 52.5216], [13.7031, 52.524], [13.7108, 52.5283], [13.7119, 52.5304], [13.7098, 52.5425], [13.7109, 52.5466], [13.7102, 52.5481], [13.7087, 52.5487], [13.7129, 52.5519], [13.7151, 52.5516], [13.7171, 52.5504], [13.7179, 52.5489], [13.7162, 52.5426], [13.7172, 52.5356], [13.7167, 52.5321], [13.7138, 52.5263], [13.7077, 52.5228], [13.6926, 52.5202], [13.6848, 52.5173]]], [[[14.0954, 52.5729], [14.0948, 52.5715], [14.0997, 52.5698], [14.1012, 52.5686], [14.1012, 52.5676], [14.0942, 52.5644], [14.0927, 52.5646], [14.0876, 52.5683], [14.0833, 52.5685], [14.0817, 52.5671], [14.0816, 52.5659], [14.0882, 52.5635], [14.089, 52.5625], [14.0853, 52.5603], [14.0824, 52.5575], [14.0796, 52.5565], [14.0774, 52.5569], [14.0748, 52.5598], [14.0753, 52.5622], [14.0774, 52.5632], [14.0787, 52.5673], [14.0824, 52.571], [14.0865, 52.5711], [14.0874, 52.5741], [14.0902, 52.5761], [14.0927, 52.5765], [14.0937, 52.575], [14.0984, 52.5738], [14.0982, 52.5732], [14.0954, 52.5729]]], [[[13.8905, 52.6421], [13.8876, 52.6423], [13.8852, 52.6415], [13.8761, 52.6442], [13.8707, 52.6446], [13.8671, 52.6442], [13.8562, 52.6406], [13.8541, 52.6407], [13.8532, 52.6418], [13.8581, 52.6454], [13.8617, 52.6446], [13.8626, 52.6451], [13.8629, 52.6477], [13.8669, 52.65], [13.867, 52.6509], [13.8633, 52.6535], [13.8649, 52.655], [13.8732, 52.6513], [13.8764, 52.6487], [13.8884, 52.6443], [13.892, 52.6439], [13.8905, 52.6421]]], [[[14.001, 52.5369], [14.0057, 52.5372], [14.0107, 52.5348], [14.0109, 52.5334], [14.0066, 52.531], [14.003, 52.5303], [14.0016, 52.529], [14.0014, 52.5275], [13.9982, 52.5288], [13.9951, 52.5289], [13.9842, 52.538], [13.985, 52.5391], [13.9876, 52.5397], [13.9894, 52.5388], [14.001, 52.5369]]], [[[13.9969, 52.591], [13.996, 52.5908], [13.9921, 52.5919], [13.9846, 52.591], [13.9835, 52.5919], [13.9817, 52.598], [13.9868, 52.6019], [13.9906, 52.6029], [13.9991, 52.5986], [13.9997, 52.5976], [13.9966, 52.595], [13.9969, 52.591]]], [[[13.9827, 52.6024], [13.9834, 52.6017], [13.977, 52.5974], [13.9779, 52.5934], [13.976, 52.5902], [13.9739, 52.5888], [13.9743, 52.5911], [13.9705, 52.5937], [13.9594, 52.5938], [13.9596, 52.5949], [13.967, 52.5988], [13.9685, 52.6012], [13.9707, 52.6026], [13.9827, 52.6024]]], [[[13.7246, 52.5964], [13.7292, 52.5951], [13.7324, 52.5953], [13.7341, 52.5904], [13.7354, 52.5893], [13.7337, 52.5879], [13.7278, 52.5941], [13.7259, 52.5946], [13.7216, 52.5898], [13.7206, 52.5903], [13.7174, 52.596], [13.7161, 52.5951], [13.7168, 52.5939], [13.7169, 52.5926], [13.7149, 52.5966], [13.7169, 52.5972], [13.7171, 52.6022], [13.7191, 52.6022], [13.7246, 52.5964]]], [[[13.7171, 52.5912], [13.7158, 52.5899], [13.7169, 52.5926], [13.7171, 52.5912]]], [[[13.9952, 52.5767], [13.9892, 52.5795], [13.9924, 52.5845], [13.9918, 52.588], [13.9903, 52.5892], [13.9962, 52.5879], [14.0013, 52.5837], [13.9997, 52.579], [14.0013, 52.5763], [13.9973, 52.5738], [13.9952, 52.5767]]], [[[13.9122, 52.5291], [13.9136, 52.5271], [13.9118, 52.5269], [13.9091, 52.5253], [13.9044, 52.5202], [13.9015, 52.5191], [13.8965, 52.5196], [13.8943, 52.5187], [13.8945, 52.5221], [13.9051, 52.5271], [13.9076, 52.5296], [13.9122, 52.5291]]], [[[14.3023, 52.5401], [14.295, 52.5382], [14.2887, 52.5409], [14.2824, 52.5391], [14.2806, 52.5401], [14.2802, 52.5413], [14.2811, 52.5426], [14.292, 52.5433], [14.299, 52.5424], [14.3018, 52.543], [14.3031, 52.5423], [14.3023, 52.5401]]]], "type": "MultiPolygon"}, "properties": {"BEMERKUNG": null, "GEN_ID": 950, "GL_ID": 280.0, "SYM_NR": "542", "feature_kind": "soil_unit", "general_unit_de": "Braunerden und Podsol-Braunerden aus Schmelzwassersand", "general_unit_en": "Brown soils and Podsol-brown soils from glaciofluvial sand", "lead_horizon_count": 7.0, "lead_profile_de": "Normbraunerde", "lead_profile_en": "Typical brown soil", "legend_unit_de": "Braunerden und Podsol-Braunerden aus Schmelzwassersand", "legend_unit_en": "Brown soils and Podsol-brown soils from glaciofluvial sand", "parent_material_code": "3.2.1.1", "parent_material_de": "Schmelzwassersand", "parent_material_en": "Glaciofluvial sand", "profile_count": 6.0, "profile_summary_de": "Normbraunerde | 6 Profile | 7 Horizonte im Leitprofil", "profile_summary_en": "Typical brown soil | 6 profiles | 7 horizons in lead profile", "semantic_source": "sqlite-buek250-v10", "semantic_version": "buek250-soil-semantics-v1", "soil_group_de": "Braunerden", "soil_group_en": "Brown soils", "soil_group_key": "brown-soils", "soil_label_de": "Braunerden und Podsol-Braunerden aus Schmelzwassersand", "soil_label_en": "Brown soils and Podsol-brown soils from glaciofluvial sand", "soil_type_primary_de": "Braunerden", "soil_type_primary_en": "Brown soils", "soil_type_secondary_de": null, "soil_type_secondary_en": null, "soil_type_tertiary_de": null, "soil_type_tertiary_en": null, "source_note_de": null, "source_note_en": null, "special_area_kind": null}, "type": "Feature"}, {"geometry": {"coordinates": [[[13.8537, 52.5601], [13.8555, 52.5597], [13.855, 52.5572], [13.8559, 52.5566], [13.8557, 52.5555], [13.8473, 52.5519], [13.8415, 52.5521], [13.8445, 52.5523], [13.8479, 52.5544], [13.8477, 52.5566], [13.8385, 52.5611], [13.8361, 52.5631], [13.8364, 52.5645], [13.8481, 52.5591], [13.8513, 52.559], [13.8537, 52.5601]]], "type": "Polygon"}, "properties": {"BEMERKUNG": null, "GEN_ID": 958, "GL_ID": 1060.0, "SYM_NR": "546", "feature_kind": "soil_unit", "general_unit_de": "(Erd-)Niedermoore \u00fcber Flusssand (oder -lehm) mit (Kolluvisol-)Gleyen aus umgelagertem/verkipptem Sand oder Flusssand/-lehm \u00fcber Niedermoortorf", "general_unit_en": "(Erd-)fens over Flusssand (oder -lehm) with (Kolluvisol-)gley soilsn from umgelagertem/verkipptem Sand oder Flusssand/-lehm over fen peat", "lead_horizon_count": 4.0, "lead_profile_de": "Normerdniedermoor", "lead_profile_en": "Normerdfen", "legend_unit_de": "Erdniedermoore \u00fcber Flusssand und Gleye mit Kolluvisol-Gleyen aus umgelagertem oder verkipptem Sand \u00fcber Niedermoortorf", "legend_unit_en": "Erdfens over Flusssand and gley soils with Kolluvisol-gley soilsn from umgelagertem oder verkipptem Sand over fen peat", "parent_material_code": "10.1.3.1", "parent_material_de": "Niedermoortorf und Flusssand", "parent_material_en": "Fen peat and Flusssand", "profile_count": 5.0, "profile_summary_de": "Normerdniedermoor | 5 Profile | 4 Horizonte im Leitprofil", "profile_summary_en": "Normerdfen | 5 profiles | 4 horizons in lead profile", "semantic_source": "sqlite-buek250-v10", "semantic_version": "buek250-soil-semantics-v1", "soil_group_de": "Niedermoore", "soil_group_en": "Fens", "soil_group_key": "fens", "soil_label_de": "Erdniedermoore \u00fcber Flusssand und Gleye mit Kolluvisol-Gleyen aus umgelagertem oder verkipptem Sand \u00fcber Niedermoortorf", "soil_label_en": "Erdfens over Flusssand and gley soils with Kolluvisol-gley soilsn from umgelagertem oder verkipptem Sand over fen peat", "soil_type_primary_de": "Niedermoore", "soil_type_primary_en": "Fens", "soil_type_secondary_de": "Gleye", "soil_type_secondary_en": "Gley soils", "soil_type_tertiary_de": null, "soil_type_tertiary_en": null, "source_note_de": null, "source_note_en": null, "special_area_kind": null}, "type": "Feature"}, {"geometry": {"coordinates": [[[[14.31, 52.5429], [14.3084, 52.5393], [14.31, 52.536], [14.3073, 52.5286], [14.3138, 52.5244], [14.3145, 52.5231], [14.3141, 52.5202], [14.3158, 52.5176], [14.3235, 52.5137], [14.3247, 52.5105], [14.3248, 52.5067], [14.3266, 52.5055], [14.3283, 52.5055], [14.3345, 52.5085], [14.3364, 52.5105], [14.3378, 52.5097], [14.3411, 52.5117], [14.3428, 52.5121], [14.3345, 52.5067], [14.332, 52.5066], [14.3261, 52.5044], [14.3264, 52.5026], [14.3273, 52.5023], [14.3306, 52.504], [14.3296, 52.5029], [14.3351, 52.4954], [14.3356, 52.4941], [14.335, 52.4937], [14.3335, 52.4955], [14.3331, 52.4973], [14.3311, 52.4984], [14.3248, 52.4967], [14.3212, 52.498], [14.3238, 52.5004], [14.3243, 52.5023], [14.3207, 52.5071], [14.3205, 52.5122], [14.3147, 52.5136], [14.31, 52.5198], [14.3115, 52.5225], [14.3112, 52.5233], [14.3041, 52.5266], [14.2984, 52.5281], [14.2956, 52.5271], [14.2925, 52.5243], [14.2916, 52.5252], [14.2932, 52.5273], [14.2921, 52.5279], [14.2794, 52.5221], [14.2722, 52.5198], [14.2695, 52.5215], [14.2835, 52.5261], [14.2917, 52.5299], [14.301, 52.5295], [14.3017, 52.532], [14.3053, 52.5373], [14.3063, 52.5428], [14.3025, 52.5462], [14.3015, 52.5494], [14.2997, 52.5495], [14.298, 52.547], [14.2964, 52.5473], [14.2962, 52.5488], [14.3015, 52.5549], [14.3022, 52.5532], [14.3057, 52.5503], [14.31, 52.5429]]], [[[14.3467, 52.5136], [14.3444, 52.5148], [14.3414, 52.5136], [14.3409, 52.5124], [14.3378, 52.5118], [14.3435, 52.5155], [14.3469, 52.5162], [14.3479, 52.5152], [14.3467, 52.5136]]]], "type": "MultiPolygon"}, "properties": {"BEMERKUNG": null, "GEN_ID": 1031, "GL_ID": 50.0, "SYM_NR": "728", "feature_kind": "soil_unit", "general_unit_de": "Humusgleye und Gleye mit Anmoorgleyen aus Flusssand (oder Niederungssand) und Erdniedermoore \u00fcber Flusssand", "general_unit_en": "Humusgley soils and gley soils with Anmoorgley soilsn from Flusssand (oder lowland sand) and Erdfens over Flusssand", "lead_horizon_count": 4.0, "lead_profile_de": "Humusgley", "lead_profile_en": "Humusgley", "legend_unit_de": "Humusgleye, Gleye und Anmoorgleye aus Fluss- oder Niederungssand vergesellschaftet mit Erdniedermooren und Moorgleyen aus Niedermoortorf \u00fcber Flusssand", "legend_unit_en": "Humusgley soils, gley soils and Anmoorgley soils from Fluss- oder lowland sand vergesellschaftet with Erdfensn and Moorgley soilsn from fen peat over Flusssand", "parent_material_code": "2.1.1.2", "parent_material_de": "Flusssand und Niedermoortorf", "parent_material_en": "Flusssand and fen peat", "profile_count": 5.0, "profile_summary_de": "Humusgley | 5 Profile | 4 Horizonte im Leitprofil", "profile_summary_en": "Humusgley | 5 profiles | 4 horizons in lead profile", "semantic_source": "sqlite-buek250-v10", "semantic_version": "buek250-soil-semantics-v1", "soil_group_de": "Gleye", "soil_group_en": "Gley soils", "soil_group_key": "gley-soils", "soil_label_de": "Humusgleye, Gleye und Anmoorgleye aus Fluss- oder Niederungssand vergesellschaftet mit Erdniedermooren und Moorgleyen aus Niedermoortorf \u00fcber Flusssand", "soil_label_en": "Humusgley soils, gley soils and Anmoorgley soils from Fluss- oder lowland sand vergesellschaftet with Erdfensn and Moorgley soilsn from fen peat over Flusssand", "soil_type_primary_de": "Gleye", "soil_type_primary_en": "Gley soils", "soil_type_secondary_de": "Niedermoore", "soil_type_secondary_en": "Fens", "soil_type_tertiary_de": null, "soil_type_tertiary_en": null, "source_note_de": null, "source_note_en": null, "special_area_kind": null}, "type": "Feature"}, {"geometry": {"coordinates": [[[[13.7631, 52.4706], [13.7669, 52.4761], [13.7659, 52.4771], [13.7478, 52.4765], [13.748, 52.4782], [13.7543, 52.4779], [13.7684, 52.4797], [13.7697, 52.4785], [13.7699, 52.4756], [13.7679, 52.4714], [13.7656, 52.4723], [13.7653, 52.4711], [13.7661, 52.469], [13.7674, 52.4682], [13.7706, 52.4715], [13.7714, 52.4707], [13.7701, 52.4678], [13.7708, 52.4659], [13.7659, 52.4662], [13.7631, 52.4706]]], [[[13.7713, 52.464], [13.7718, 52.4644], [13.7719, 52.4642], [13.7713, 52.464]]], [[[13.9047, 52.4831], [13.9017, 52.4851], [13.899, 52.4848], [13.9012, 52.4879], [13.9023, 52.4882], [13.9046, 52.487], [13.9072, 52.4868], [13.9111, 52.4896], [13.9121, 52.4929], [13.9111, 52.4939], [13.9112, 52.4971], [13.9105, 52.4987], [13.9136, 52.5013], [13.914, 52.5051], [13.9165, 52.5087], [13.9179, 52.5149], [13.917, 52.5169], [13.9191, 52.5202], [13.9178, 52.5242], [13.9211, 52.5247], [13.922, 52.5239], [13.9222, 52.52], [13.9205, 52.5168], [13.9205, 52.514], [13.9185, 52.5113], [13.9177, 52.5013], [13.9151, 52.4919], [13.9127, 52.488], [13.9094, 52.4847], [13.9047, 52.4831]]], [[[13.9737, 52.5405], [13.9712, 52.5404], [13.9667, 52.5419], [13.9689, 52.5426], [13.9703, 52.5413], [13.9737, 52.5405]]], [[[14.0129, 52.5676], [14.006, 52.5673], [14.0033, 52.5651], [13.9969, 52.5654], [13.9866, 52.5626], [13.983, 52.5595], [13.9792, 52.5576], [13.9793, 52.5569], [13.9843, 52.5548], [13.9851, 52.5532], [13.9824, 52.55], [13.9805, 52.5458], [13.9809, 52.5445], [13.9825, 52.5436], [13.9832, 52.5408], [13.9753, 52.5405], [13.976, 52.5415], [13.9748, 52.5437], [13.9714, 52.5432], [13.9747, 52.5463], [13.9763, 52.5497], [13.9773, 52.5487], [13.9783, 52.5496], [13.9783, 52.553], [13.9773, 52.5531], [13.977, 52.5555], [13.975, 52.5585], [13.9783, 52.5612], [13.9784, 52.5623], [13.9803, 52.5643], [13.9876, 52.5658], [13.9893, 52.5666], [13.9922, 52.5682], [13.9968, 52.5683], [14.001, 52.5675], [14.0034, 52.5679], [14.0039, 52.5688], [14.0133, 52.5685], [14.0129, 52.5676]], [[13.989, 52.5655], [13.9918, 52.5651], [13.9945, 52.5663], [13.9984, 52.5667], [13.9984, 52.5673], [13.9957, 52.5682], [13.9893, 52.5666], [13.989, 52.5655]]], [[[13.8713, 52.5875], [13.8713, 52.5893], [13.8736, 52.5955], [13.8739, 52.6017], [13.8753, 52.6035], [13.8765, 52.6038], [13.8776, 52.6033], [13.8779, 52.6001], [13.8759, 52.5882], [13.8727, 52.586], [13.8713, 52.5875]]], [[[13.9282, 52.5972], [13.9105, 52.5971], [13.9115, 52.5992], [13.9155, 52.5987], [13.9216, 52.6001], [13.929, 52.6004], [13.9312, 52.6019], [13.9328, 52.6053], [13.9378, 52.6068], [13.9404, 52.6067], [13.9403, 52.6056], [13.9359, 52.6032], [13.9312, 52.5982], [13.9282, 52.5972]]]], "type": "MultiPolygon"}, "properties": {"BEMERKUNG": null, "GEN_ID": 939, "GL_ID": 43.0, "SYM_NR": "169", "feature_kind": "soil_unit", "general_unit_de": "Gleye und Anmoorgleye mit Gley-Braunerden aus Flusssand oder Decksand", "general_unit_en": "Gley soils and Anmoorgley soils with gley-brown soils from Flusssand oder Decksand", "lead_horizon_count": 4.0, "lead_profile_de": "Normgley", "lead_profile_en": "Typical gley", "legend_unit_de": "Gleye, Anmoor- und Humusgleye aus Flusssand oder Sandflie\u00dferde und Braunerden und Gley-Braunerden aus Decksand \u00fcber (lehmiger) Sandflie\u00dferde", "legend_unit_en": "Gley soils, Anmoor- and Humusgley soils from Flusssand oder Sandflie\u00dferde and brown soils and gley-brown soils from Decksand over (lehmiger) Sandflie\u00dferde", "parent_material_code": "2.1.1.1", "parent_material_de": "Flusssand", "parent_material_en": "Flusssand", "profile_count": 6.0, "profile_summary_de": "Normgley | 6 Profile | 4 Horizonte im Leitprofil", "profile_summary_en": "Typical gley | 6 profiles | 4 horizons in lead profile", "semantic_source": "sqlite-buek250-v10", "semantic_version": "buek250-soil-semantics-v1", "soil_group_de": "Gleye", "soil_group_en": "Gley soils", "soil_group_key": "gley-soils", "soil_label_de": "Gleye, Anmoor- und Humusgleye aus Flusssand oder Sandflie\u00dferde und Braunerden und Gley-Braunerden aus Decksand \u00fcber (lehmiger) Sandflie\u00dferde", "soil_label_en": "Gley soils, Anmoor- and Humusgley soils from Flusssand oder Sandflie\u00dferde and brown soils and gley-brown soils from Decksand over (lehmiger) Sandflie\u00dferde", "soil_type_primary_de": "Gleye", "soil_type_primary_en": "Gley soils", "soil_type_secondary_de": "Braunerden", "soil_type_secondary_en": "Brown soils", "soil_type_tertiary_de": null, "soil_type_tertiary_en": null, "source_note_de": null, "source_note_en": null, "special_area_kind": null}, "type": "Feature"}, {"geometry": {"coordinates": [[[[13.7205, 52.5012], [13.7217, 52.4998], [13.7154, 52.497], [13.7132, 52.5001], [13.7205, 52.5012]]], [[[14.2743, 52.5068], [14.272, 52.5037], [14.2697, 52.5028], [14.2681, 52.5041], [14.2656, 52.5087], [14.2595, 52.5084], [14.2585, 52.5095], [14.2586, 52.5116], [14.2599, 52.5131], [14.2722, 52.5198], [14.2763, 52.5211], [14.2757, 52.5192], [14.2778, 52.5165], [14.2763, 52.5088], [14.2775, 52.508], [14.2743, 52.5068]]], [[[13.9385, 52.5689], [13.9385, 52.5629], [13.9418, 52.5572], [13.941, 52.5486], [13.9395, 52.5444], [13.9406, 52.543], [13.9433, 52.5422], [13.9455, 52.5403], [13.9454, 52.5385], [13.9365, 52.5372], [13.9345, 52.536], [13.934, 52.5347], [13.9325, 52.5357], [13.9264, 52.5435], [13.9098, 52.5473], [13.9069, 52.5513], [13.9077, 52.5532], [13.9095, 52.5544], [13.9189, 52.5554], [13.9204, 52.5557], [13.9201, 52.5565], [13.9229, 52.5564], [13.9313, 52.5585], [13.9315, 52.5595], [13.9235, 52.5654], [13.9144, 52.567], [13.9133, 52.5686], [13.9108, 52.5685], [13.9197, 52.5721], [13.9282, 52.5712], [13.9334, 52.5683], [13.9385, 52.5689]]], [[[13.8708, 52.5756], [13.8732, 52.5791], [13.8744, 52.5771], [13.8723, 52.5755], [13.8708, 52.5756]]], [[[13.8941, 52.5887], [13.8868, 52.583], [13.8841, 52.5746], [13.8852, 52.5709], [13.8854, 52.5591], [13.8823, 52.5573], [13.8817, 52.5541], [13.8802, 52.5527], [13.8752, 52.5533], [13.8738, 52.5543], [13.8719, 52.5585], [13.8694, 52.5595], [13.8672, 52.5628], [13.8667, 52.5652], [13.8656, 52.5662], [13.8669, 52.5694], [13.87, 52.5728], [13.876, 52.574], [13.8793, 52.5767], [13.8782, 52.5807], [13.8795, 52.5842], [13.8849, 52.5861], [13.8886, 52.5891], [13.8941, 52.5887]]], [[[13.9025, 52.5715], [13.9033, 52.5783], [13.9044, 52.5803], [13.9085, 52.582], [13.9234, 52.5841], [13.9251, 52.5848], [13.9288, 52.5899], [13.9335, 52.592], [13.9334, 52.5909], [13.9289, 52.5878], [13.9286, 52.5838], [13.9242, 52.5797], [13.9223, 52.5786], [13.9192, 52.5783], [13.9148, 52.5758], [13.9092, 52.571], [13.9029, 52.5688], [13.9025, 52.5715]]], [[[13.7786, 52.5748], [13.7744, 52.5677], [13.7746, 52.5655], [13.776, 52.5652], [13.782, 52.5664], [13.781, 52.5646], [13.779, 52.5634], [13.7722, 52.5636], [13.7675, 52.567], [13.7686, 52.5702], [13.7732, 52.5719], [13.7766, 52.5744], [13.7779, 52.5834], [13.7804, 52.586], [13.7819, 52.5836], [13.7833, 52.5832], [13.79, 52.5857], [13.796, 52.5894], [13.8095, 52.5954], [13.8132, 52.5984], [13.8179, 52.599], [13.8197, 52.6006], [13.8199, 52.6034], [13.8232, 52.6054], [13.8293, 52.6054], [13.8323, 52.6028], [13.8265, 52.5988], [13.8115, 52.5934], [13.7886, 52.5827], [13.7786, 52.5748]]], [[[14.2349, 52.5817], [14.2406, 52.5788], [14.2518, 52.57], [14.2659, 52.5667], [14.2711, 52.5632], [14.2897, 52.558], [14.2934, 52.5559], [14.2927, 52.5533], [14.2893, 52.549], [14.2814, 52.5483], [14.2738, 52.5493], [14.2735, 52.5477], [14.276, 52.546], [14.2765, 52.5441], [14.2753, 52.5353], [14.2732, 52.5341], [14.2654, 52.536], [14.2625, 52.538], [14.2596, 52.5387], [14.2514, 52.536], [14.246, 52.5382], [14.2353, 52.5375], [14.235, 52.5366], [14.243, 52.5362], [14.2461, 52.5369], [14.2521, 52.5347], [14.26, 52.537], [14.2654, 52.5345], [14.2729, 52.533], [14.2736, 52.5322], [14.2704, 52.5287], [14.267, 52.5276], [14.2659, 52.5264], [14.2663, 52.5254], [14.2701, 52.5253], [14.2734, 52.5281], [14.2781, 52.5294], [14.2786, 52.5336], [14.2801, 52.5364], [14.2783, 52.5411], [14.2791, 52.5456], [14.2846, 52.5474], [14.2897, 52.5474], [14.2955, 52.552], [14.2971, 52.5525], [14.2986, 52.5519], [14.2962, 52.5488], [14.2964, 52.5473], [14.298, 52.547], [14.2973, 52.546], [14.2804, 52.5421], [14.2803, 52.5407], [14.2816, 52.5393], [14.2836, 52.5389], [14.2887, 52.5409], [14.295, 52.5382], [14.2889, 52.5337], [14.2899, 52.5295], [14.2835, 52.5261], [14.2707, 52.5217], [14.265, 52.522], [14.2612, 52.5169], [14.2556, 52.5137], [14.2512, 52.5089], [14.2458, 52.5048], [14.2486, 52.5117], [14.2486, 52.514], [14.2367, 52.5337], [14.2324, 52.5348], [14.2281, 52.5344], [14.2239, 52.5318], [14.2114, 52.5275], [14.209, 52.5293], [14.2091, 52.5307], [14.2125, 52.5304], [14.2194, 52.5342], [14.2205, 52.5352], [14.2207, 52.5366], [14.2066, 52.537], [14.2047, 52.5379], [14.2069, 52.5399], [14.21, 52.5405], [14.212, 52.5394], [14.2212, 52.5389], [14.2221, 52.5401], [14.222, 52.5423], [14.2292, 52.5426], [14.2372, 52.5449], [14.2395, 52.5446], [14.2422, 52.5429], [14.2467, 52.5443], [14.2494, 52.5474], [14.248, 52.5487], [14.2399, 52.5499], [14.2368, 52.5538], [14.2326, 52.5559], [14.234, 52.5599], [14.2305, 52.5634], [14.2319, 52.5674], [14.2307, 52.5684], [14.2214, 52.5692], [14.2206, 52.5729], [14.2262, 52.5752], [14.2265, 52.5767], [14.2172, 52.5807], [14.2133, 52.5798], [14.2039, 52.5757], [14.2024, 52.5735], [14.2035, 52.5706], [14.2053, 52.5712], [14.2076, 52.574], [14.2133, 52.5759], [14.2145, 52.575], [14.2142, 52.5727], [14.217, 52.5706], [14.216, 52.5688], [14.2124, 52.5683], [14.2083, 52.5654], [14.2075, 52.5639], [14.2088, 52.5615], [14.2075, 52.5553], [14.2066, 52.5535], [14.2039, 52.5518], [14.2005, 52.552], [14.1992, 52.5537], [14.2001, 52.5548], [14.2048, 52.5557], [14.2065, 52.5586], [14.2063, 52.56], [14.2053, 52.5607], [14.1994, 52.562], [14.1986, 52.5629], [14.1992, 52.5633], [14.199, 52.5642], [14.1958, 52.5657], [14.189, 52.567], [14.1805, 52.5667], [14.1789, 52.5681], [14.1862, 52.5693], [14.1911, 52.5683], [14.1957, 52.5689], [14.1963, 52.5704], [14.1952, 52.5719], [14.1956, 52.5737], [14.1971, 52.5769], [14.2001, 52.5786], [14.2008, 52.5813], [14.203, 52.5829], [14.2021, 52.5851], [14.2032, 52.5867], [14.2021, 52.5878], [14.1993, 52.5864], [14.1948, 52.5863], [14.2003, 52.591], [14.2042, 52.596], [14.208, 52.5986], [14.2095, 52.5987], [14.2198, 52.593], [14.2349, 52.5817]]]], "type": "MultiPolygon"}, "properties": {"BEMERKUNG": null, "GEN_ID": 948, "GL_ID": 315.0, "SYM_NR": "540", "feature_kind": "soil_unit", "general_unit_de": "Braunerden aus Schmelzwassersand mit Fahlerde-Braunerden aus Decksand \u00fcber (Decklehm und tiefem) Geschiebemergel (oder -lehm)", "general_unit_en": "Brown soils from glaciofluvial sand with Fahlerde-brown soils from Decksand over (Decklehm and tiefem) glacial till marl (oder -lehm)", "lead_horizon_count": 5.0, "lead_profile_de": "Normbraunerde", "lead_profile_en": "Typical brown soil", "legend_unit_de": "Braunerden aus Schmelzwassersand vergesellschaftet mit Fahlerde-Braunerden aus Decksand oder -lehm \u00fcber tiefem Geschiebemergel", "legend_unit_en": "Brown soils from glaciofluvial sand vergesellschaftet with Fahlerde-brown soils from Decksand oder -lehm over tiefem glacial till marl", "parent_material_code": "3.2.1.4", "parent_material_de": "Schmelzwassersand und Geschiebemergel", "parent_material_en": "Glaciofluvial sand and glacial till marl", "profile_count": 5.0, "profile_summary_de": "Normbraunerde | 5 Profile | 5 Horizonte im Leitprofil", "profile_summary_en": "Typical brown soil | 5 profiles | 5 horizons in lead profile", "semantic_source": "sqlite-buek250-v10", "semantic_version": "buek250-soil-semantics-v1", "soil_group_de": "Braunerden", "soil_group_en": "Brown soils", "soil_group_key": "brown-soils", "soil_label_de": "Braunerden aus Schmelzwassersand vergesellschaftet mit Fahlerde-Braunerden aus Decksand oder -lehm \u00fcber tiefem Geschiebemergel", "soil_label_en": "Brown soils from glaciofluvial sand vergesellschaftet with Fahlerde-brown soils from Decksand oder -lehm over tiefem glacial till marl", "soil_type_primary_de": "Braunerden", "soil_type_primary_en": "Brown soils", "soil_type_secondary_de": null, "soil_type_secondary_en": null, "soil_type_tertiary_de": null, "soil_type_tertiary_en": null, "source_note_de": null, "source_note_en": null, "special_area_kind": null}, "type": "Feature"}, {"geometry": {"coordinates": [[[13.6283, 52.5553], [13.6301, 52.5546], [13.6314, 52.5502], [13.629, 52.5514], [13.6286, 52.5538], [13.6272, 52.555], [13.6278, 52.5579], [13.6294, 52.5582], [13.6283, 52.5553]]], "type": "Polygon"}, "properties": {"BEMERKUNG": "Retsee", "GEN_ID": null, "GL_ID": null, "SYM_NR": null, "feature_kind": "water_area", "general_unit_de": null, "general_unit_en": null, "lead_horizon_count": null, "lead_profile_de": null, "lead_profile_en": null, "legend_unit_de": null, "legend_unit_en": null, "parent_material_code": null, "parent_material_de": null, "parent_material_en": null, "profile_count": null, "profile_summary_de": null, "profile_summary_en": null, "semantic_source": "raw-buek250-feature", "semantic_version": "buek250-soil-semantics-v1", "soil_group_de": "Gew\u00e4sser", "soil_group_en": "Water area", "soil_group_key": "water-area", "soil_label_de": "Retsee", "soil_label_en": "Retsee", "soil_type_primary_de": null, "soil_type_primary_en": null, "soil_type_secondary_de": null, "soil_type_secondary_en": null, "soil_type_tertiary_de": null, "soil_type_tertiary_en": null, "source_note_de": "Retsee", "source_note_en": "Retsee", "special_area_kind": "water_area"}, "type": "Feature"}, {"geometry": {"coordinates": [[[13.6434, 52.5626], [13.6459, 52.5625], [13.645, 52.5614], [13.64, 52.5596], [13.6434, 52.5626]]], "type": "Polygon"}, "properties": {"BEMERKUNG": "Schmaler See", "GEN_ID": null, "GL_ID": null, "SYM_NR": null, "feature_kind": "water_area", "general_unit_de": null, "general_unit_en": null, "lead_horizon_count": null, "lead_profile_de": null, "lead_profile_en": null, "legend_unit_de": null, "legend_unit_en": null, "parent_material_code": null, "parent_material_de": null, "parent_material_en": null, "profile_count": null, "profile_summary_de": null, "profile_summary_en": null, "semantic_source": "raw-buek250-feature", "semantic_version": "buek250-soil-semantics-v1", "soil_group_de": "Gew\u00e4sser", "soil_group_en": "Water area", "soil_group_key": "water-area", "soil_label_de": "Schmaler See", "soil_label_en": "Schmaler See", "soil_type_primary_de": null, "soil_type_primary_en": null, "soil_type_secondary_de": null, "soil_type_secondary_en": null, "soil_type_tertiary_de": null, "soil_type_tertiary_en": null, "source_note_de": "Schmaler See", "source_note_en": "Schmaler See", "special_area_kind": "water_area"}, "type": "Feature"}, {"geometry": {"coordinates": [[[[13.8009, 52.4533], [13.7965, 52.4587], [13.7957, 52.461], [13.8011, 52.4626], [13.8033, 52.464], [13.807, 52.4644], [13.8077, 52.4604], [13.8106, 52.4563], [13.811, 52.4537], [13.8009, 52.4533]]], [[[13.7251, 52.5043], [13.7307, 52.5048], [13.7275, 52.5018], [13.7226, 52.4998], [13.7217, 52.4998], [13.7205, 52.5012], [13.7132, 52.5001], [13.7123, 52.5012], [13.7251, 52.5043]]], [[[13.6921, 52.5031], [13.6955, 52.5027], [13.6918, 52.5028], [13.6905, 52.5021], [13.6921, 52.5031]]], [[[13.6603, 52.4802], [13.6569, 52.4818], [13.6548, 52.4846], [13.6553, 52.4859], [13.6584, 52.4883], [13.6595, 52.4936], [13.6617, 52.4968], [13.6675, 52.4989], [13.6828, 52.5013], [13.6888, 52.5003], [13.6783, 52.4941], [13.6751, 52.4889], [13.6718, 52.4856], [13.669, 52.4798], [13.6603, 52.4802]]], [[[13.8364, 52.4936], [13.8336, 52.4933], [13.8322, 52.4945], [13.8319, 52.4989], [13.8331, 52.4998], [13.838, 52.4992], [13.8434, 52.501], [13.8432, 52.4985], [13.8364, 52.4936]], [[13.838, 52.4967], [13.8352, 52.4971], [13.8349, 52.4958], [13.8373, 52.4951], [13.838, 52.4967]]], [[[14.173, 52.4716], [14.1722, 52.4738], [14.1672, 52.4759], [14.1682, 52.478], [14.1669, 52.4789], [14.1641, 52.4779], [14.1609, 52.4745], [14.1575, 52.4742], [14.1554, 52.4758], [14.1559, 52.4773], [14.1667, 52.481], [14.1679, 52.4812], [14.1701, 52.4788], [14.1737, 52.4799], [14.1745, 52.4814], [14.1718, 52.4842], [14.1724, 52.4854], [14.1713, 52.4863], [14.1637, 52.4852], [14.1593, 52.4865], [14.1593, 52.4843], [14.1582, 52.4834], [14.1509, 52.4831], [14.1411, 52.4842], [14.1398, 52.4849], [14.1401, 52.4861], [14.1392, 52.4872], [14.1378, 52.4872], [14.1357, 52.4854], [14.1339, 52.4852], [14.1327, 52.4868], [14.1323, 52.4898], [14.1424, 52.4954], [14.1474, 52.4952], [14.1495, 52.497], [14.1506, 52.4968], [14.151, 52.4977], [14.1538, 52.4984], [14.1552, 52.4968], [14.1537, 52.4939], [14.1608, 52.4958], [14.1622, 52.4951], [14.1636, 52.4927], [14.1667, 52.4924], [14.168, 52.4898], [14.1743, 52.489], [14.1782, 52.4874], [14.1825, 52.4876], [14.1824, 52.4739], [14.1774, 52.4696], [14.1763, 52.4694], [14.173, 52.4716]]], [[[13.7959, 52.5071], [13.7943, 52.5056], [13.7916, 52.5048], [13.7838, 52.5039], [13.7763, 52.5041], [13.7752, 52.5062], [13.7738, 52.5064], [13.7749, 52.5121], [13.7832, 52.5134], [13.7862, 52.5152], [13.7884, 52.5149], [13.7894, 52.5129], [13.792, 52.5123], [13.7877, 52.5085], [13.7959, 52.5071]]], [[[13.946, 52.515], [13.9511, 52.5149], [13.9521, 52.5126], [13.9517, 52.5106], [13.9488, 52.5088], [13.9448, 52.5084], [13.9404, 52.5097], [13.9363, 52.5123], [13.9343, 52.5167], [13.9339, 52.5206], [13.9374, 52.5209], [13.9416, 52.5197], [13.946, 52.515]]], [[[13.966, 52.4929], [13.963, 52.4897], [13.9464, 52.4803], [13.941, 52.4805], [13.9392, 52.4812], [13.9377, 52.4829], [13.9529, 52.4907], [13.9525, 52.4923], [13.9506, 52.4928], [13.9451, 52.4918], [13.9422, 52.4924], [13.9408, 52.4961], [13.9424, 52.4987], [13.9459, 52.4997], [13.9527, 52.4999], [13.9644, 52.4987], [13.9683, 52.4997], [13.9701, 52.5013], [13.9682, 52.5092], [13.9706, 52.5168], [13.973, 52.5198], [13.9745, 52.5205], [13.9819, 52.5202], [13.9852, 52.5179], [13.9867, 52.5147], [13.9816, 52.508], [13.9808, 52.5049], [13.977, 52.4986], [13.966, 52.4929]]], [[[13.7051, 52.5042], [13.7045, 52.5061], [13.7051, 52.5074], [13.7191, 52.5167], [13.7225, 52.5221], [13.7234, 52.526], [13.7255, 52.5279], [13.7281, 52.5285], [13.7313, 52.5276], [13.7378, 52.5296], [13.7415, 52.5297], [13.7442, 52.531], [13.7469, 52.5306], [13.7461, 52.5292], [13.7356, 52.524], [13.736, 52.5226], [13.7372, 52.5218], [13.7452, 52.5202], [13.7488, 52.5186], [13.7489, 52.5176], [13.7411, 52.5164], [13.7378, 52.5146], [13.7404, 52.5084], [13.732, 52.5055], [13.7272, 52.5057], [13.7111, 52.5026], [13.7079, 52.5027], [13.7051, 52.5042]]], [[[13.912, 52.5141], [13.913, 52.5088], [13.9065, 52.503], [13.9056, 52.5011], [13.9056, 52.4983], [13.9044, 52.4964], [13.8992, 52.4954], [13.8931, 52.4958], [13.8898, 52.4941], [13.8894, 52.4969], [13.8866, 52.5008], [13.8868, 52.5029], [13.8833, 52.5062], [13.8835, 52.5078], [13.8895, 52.5144], [13.8955, 52.5193], [13.9015, 52.5191], [13.9044, 52.5202], [13.9091, 52.5253], [13.9118, 52.5269], [13.9136, 52.5271], [13.9159, 52.5257], [13.9149, 52.5233], [13.9157, 52.5219], [13.9149, 52.517], [13.912, 52.5141]]], [[[13.9731, 52.5262], [13.9758, 52.5256], [13.9762, 52.5247], [13.976, 52.5238], [13.9728, 52.5225], [13.9598, 52.5206], [13.9529, 52.5157], [13.9503, 52.5165], [13.9481, 52.5191], [13.9448, 52.5209], [13.9398, 52.5221], [13.9375, 52.524], [13.9387, 52.5253], [13.9528, 52.5276], [13.963, 52.5262], [13.9731, 52.5262]]], [[[14.1647, 52.5227], [14.1667, 52.5212], [14.1658, 52.5205], [14.1667, 52.5159], [14.1658, 52.5115], [14.1601, 52.5061], [14.1541, 52.5055], [14.1534, 52.5063], [14.154, 52.5083], [14.1606, 52.5106], [14.1617, 52.5119], [14.1607, 52.5154], [14.1588, 52.5177], [14.1597, 52.5193], [14.1593, 52.5203], [14.1546, 52.5214], [14.1531, 52.523], [14.1548, 52.5236], [14.1647, 52.5227]]], [[[13.7098, 52.5425], [13.7119, 52.5304], [13.7108, 52.5283], [13.7031, 52.524], [13.6891, 52.5216], [13.6851, 52.5228], [13.6869, 52.5296], [13.6862, 52.5315], [13.6841, 52.5321], [13.6829, 52.5335], [13.6824, 52.5358], [13.6826, 52.5381], [13.6844, 52.5404], [13.6916, 52.5449], [13.6982, 52.5475], [13.7049, 52.5465], [13.7087, 52.5487], [13.7102, 52.5481], [13.7109, 52.5466], [13.7098, 52.5425]]], [[[13.6572, 52.5382], [13.6534, 52.54], [13.6516, 52.5395], [13.6491, 52.5414], [13.6494, 52.5428], [13.6639, 52.5519], [13.6725, 52.563], [13.6742, 52.5638], [13.6818, 52.5618], [13.6809, 52.5598], [13.6784, 52.5577], [13.676, 52.5512], [13.6711, 52.5437], [13.6686, 52.5421], [13.6644, 52.5411], [13.6597, 52.538], [13.6572, 52.5382]]], [[[13.6653, 52.5587], [13.6651, 52.5568], [13.6635, 52.555], [13.657, 52.5526], [13.6546, 52.5493], [13.651, 52.5507], [13.6499, 52.5542], [13.6519, 52.5595], [13.6509, 52.5623], [13.6485, 52.5647], [13.6498, 52.5679], [13.6522, 52.5697], [13.6581, 52.5693], [13.6612, 52.5626], [13.6653, 52.5587]]], [[[13.6432, 52.5674], [13.6384, 52.5677], [13.6441, 52.5686], [13.6432, 52.5674]]], [[[13.6377, 52.566], [13.6368, 52.5659], [13.634, 52.5664], [13.6383, 52.5676], [13.6374, 52.5669], [13.6377, 52.566]]], [[[13.627, 52.5565], [13.6282, 52.5527], [13.6186, 52.5545], [13.6176, 52.5533], [13.6181, 52.551], [13.6174, 52.5479], [13.6202, 52.546], [13.6207, 52.5443], [13.6178, 52.5448], [13.6171, 52.5435], [13.6108, 52.5442], [13.611, 52.5518], [13.6173, 52.5617], [13.6207, 52.5626], [13.627, 52.5565]]], [[[13.7011, 52.5608], [13.702, 52.5597], [13.7058, 52.5582], [13.7064, 52.5564], [13.7003, 52.5519], [13.6982, 52.5508], [13.6832, 52.5483], [13.6783, 52.5496], [13.678, 52.5507], [13.6805, 52.5534], [13.6835, 52.5625], [13.6814, 52.564], [13.6778, 52.5648], [13.678, 52.5663], [13.6808, 52.5681], [13.6943, 52.5685], [13.6954, 52.5696], [13.6938, 52.5758], [13.6956, 52.5772], [13.704, 52.5777], [13.7071, 52.576], [13.7076, 52.5748], [13.7073, 52.5703], [13.7011, 52.5608]]], [[[13.9644, 52.5612], [13.9698, 52.5601], [13.9729, 52.5565], [13.9729, 52.5537], [13.9695, 52.5517], [13.9648, 52.5505], [13.9629, 52.5491], [13.9587, 52.5507], [13.9523, 52.5507], [13.948, 52.5498], [13.9465, 52.5481], [13.9425, 52.5473], [13.9442, 52.5489], [13.9437, 52.5532], [13.9441, 52.5542], [13.9485, 52.5577], [13.945, 52.5604], [13.9415, 52.5652], [13.9413, 52.5667], [13.9426, 52.5684], [13.9495, 52.5703], [13.9543, 52.5701], [13.9641, 52.5669], [13.9654, 52.5658], [13.9656, 52.5631], [13.9618, 52.5621], [13.9603, 52.5605], [13.9644, 52.5612]]], [[[13.7527, 52.5678], [13.7497, 52.5679], [13.7452, 52.5654], [13.7413, 52.5654], [13.7393, 52.567], [13.7408, 52.5698], [13.7404, 52.5706], [13.7394, 52.5705], [13.7387, 52.5684], [13.7371, 52.5673], [13.7348, 52.5681], [13.7333, 52.5698], [13.7334, 52.5735], [13.735, 52.5763], [13.7367, 52.577], [13.752, 52.5792], [13.7536, 52.5782], [13.7551, 52.5696], [13.7527, 52.5678]]], [[[13.7776, 52.5814], [13.7776, 52.5801], [13.7766, 52.5744], [13.7732, 52.5719], [13.7686, 52.5702], [13.7675, 52.567], [13.7598, 52.5674], [13.7568, 52.5701], [13.7564, 52.5748], [13.7576, 52.5792], [13.7642, 52.5801], [13.769, 52.5824], [13.7754, 52.5821], [13.7776, 52.5814]]], [[[13.7009, 52.5861], [13.6986, 52.5861], [13.6998, 52.5898], [13.7015, 52.5896], [13.7009, 52.5861]]], [[[14.1105, 52.5954], [14.1118, 52.595], [14.1115, 52.5928], [14.1143, 52.5901], [14.1169, 52.5903], [14.1167, 52.5891], [14.1133, 52.5868], [14.1097, 52.5867], [14.1073, 52.5852], [14.1037, 52.5854], [14.1006, 52.5824], [14.0972, 52.5871], [14.0973, 52.5916], [14.0993, 52.5919], [14.1012, 52.5883], [14.1029, 52.5879], [14.1042, 52.5884], [14.1046, 52.5907], [14.1008, 52.5933], [14.1008, 52.5956], [14.1021, 52.5963], [14.1059, 52.5962], [14.1084, 52.5946], [14.1105, 52.5954]]], [[[13.9866, 52.6069], [13.9866, 52.6045], [13.9848, 52.6025], [13.9834, 52.6017], [13.9827, 52.6024], [13.9707, 52.6026], [13.9685, 52.6012], [13.9653, 52.5974], [13.9596, 52.5949], [13.9594, 52.5938], [13.9606, 52.5935], [13.9705, 52.5937], [13.9743, 52.5911], [13.9739, 52.5888], [13.9675, 52.5837], [13.9676, 52.5787], [13.9617, 52.5769], [13.9589, 52.5746], [13.9552, 52.573], [13.9501, 52.5729], [13.9473, 52.5712], [13.9428, 52.5701], [13.9396, 52.5702], [13.9385, 52.5689], [13.9367, 52.5684], [13.9334, 52.5683], [13.9282, 52.5712], [13.9197, 52.5721], [13.9108, 52.5685], [13.9133, 52.5686], [13.9144, 52.567], [13.9235, 52.5654], [13.9315, 52.5595], [13.9313, 52.5585], [13.9277, 52.5574], [13.9201, 52.5565], [13.9204, 52.5557], [13.9189, 52.5554], [13.9095, 52.5544], [13.9077, 52.5532], [13.9069, 52.5513], [13.9098, 52.5473], [13.9221, 52.5448], [13.9212, 52.5439], [13.9157, 52.543], [13.9168, 52.5388], [13.9184, 52.5373], [13.9201, 52.536], [13.9243, 52.535], [13.9282, 52.5357], [13.9275, 52.5372], [13.9244, 52.5395], [13.9264, 52.5435], [13.9325, 52.5357], [13.934, 52.5347], [13.9392, 52.5346], [13.944, 52.536], [13.9464, 52.5345], [13.9444, 52.5346], [13.9394, 52.5323], [13.9375, 52.5307], [13.9361, 52.5278], [13.9333, 52.5294], [13.933, 52.5319], [13.9294, 52.5316], [13.9289, 52.5308], [13.9311, 52.5277], [13.9307, 52.5262], [13.9263, 52.5221], [13.9222, 52.515], [13.9205, 52.514], [13.9205, 52.5168], [13.9222, 52.52], [13.9222, 52.5213], [13.922, 52.5239], [13.9211, 52.5247], [13.9201, 52.5244], [13.9197, 52.5296], [13.9169, 52.5338], [13.9117, 52.5388], [13.9099, 52.5394], [13.9097, 52.5416], [13.9077, 52.5421], [13.9092, 52.5438], [13.9091, 52.5449], [13.9036, 52.548], [13.9002, 52.5523], [13.9002, 52.5533], [13.9035, 52.5536], [13.9039, 52.5541], [13.9028, 52.5548], [13.9052, 52.5558], [13.9057, 52.5568], [13.9016, 52.5559], [13.8969, 52.5572], [13.8987, 52.5599], [13.8997, 52.5634], [13.9022, 52.5639], [13.902, 52.5665], [13.9029, 52.5688], [13.9092, 52.571], [13.9148, 52.5758], [13.9192, 52.5783], [13.9223, 52.5786], [13.9242, 52.5797], [13.9286, 52.5838], [13.9289, 52.5878], [13.9334, 52.5909], [13.9344, 52.5933], [13.9362, 52.5943], [13.9423, 52.5937], [13.9448, 52.5947], [13.9525, 52.6007], [13.9654, 52.604], [13.9668, 52.6051], [13.9666, 52.6069], [13.9643, 52.6123], [13.9694, 52.6157], [13.9767, 52.6169], [13.9799, 52.6148], [13.9866, 52.6069]]], [[[13.8133, 52.6036], [13.8113, 52.6113], [13.8071, 52.6153], [13.8056, 52.6174], [13.8053, 52.6196], [13.8067, 52.6223], [13.8104, 52.6246], [13.8198, 52.6266], [13.8267, 52.6192], [13.8266, 52.6135], [13.8293, 52.6054], [13.8232, 52.6054], [13.8199, 52.6034], [13.815, 52.6029], [13.8133, 52.6036]]], [[[13.9126, 52.6162], [13.9067, 52.6205], [13.907, 52.6233], [13.9106, 52.6272], [13.9138, 52.6261], [13.922, 52.6184], [13.9223, 52.6164], [13.9203, 52.614], [13.9136, 52.6121], [13.9126, 52.6162]]], [[[14.0112, 52.7153], [14.0201, 52.7152], [14.0205, 52.7145], [14.0194, 52.7124], [14.0154, 52.7073], [14.0193, 52.7069], [14.0209, 52.7055], [14.021, 52.7011], [14.0189, 52.7], [14.0163, 52.7002], [14.0156, 52.7015], [14.0175, 52.7044], [14.0165, 52.7055], [14.0152, 52.7057], [14.013, 52.7036], [14.0114, 52.6997], [14.0077, 52.6973], [14.0057, 52.7009], [14.0065, 52.7037], [13.9886, 52.7058], [13.9842, 52.7046], [13.9827, 52.7059], [13.9854, 52.7104], [13.99, 52.7147], [13.9982, 52.7145], [14.0023, 52.7164], [14.0071, 52.7141], [14.0112, 52.7153]]], [[[13.7557, 52.7143], [13.7594, 52.7165], [13.7589, 52.7169], [13.7634, 52.7184], [13.7672, 52.7161], [13.7764, 52.7144], [13.7796, 52.7147], [13.7821, 52.7124], [13.782, 52.7116], [13.7804, 52.7109], [13.7758, 52.7101], [13.765, 52.7116], [13.7619, 52.7093], [13.7573, 52.7083], [13.7557, 52.7143]]], [[[13.7443, 52.7276], [13.7499, 52.7257], [13.752, 52.7232], [13.7435, 52.7272], [13.7443, 52.7276]]], [[[13.7921, 52.7362], [13.7911, 52.7329], [13.7886, 52.7303], [13.7896, 52.7291], [13.7912, 52.7288], [13.7995, 52.7324], [13.8021, 52.7328], [13.8055, 52.7322], [13.8121, 52.7294], [13.8146, 52.7265], [13.8232, 52.7236], [13.8304, 52.7224], [13.8299, 52.7207], [13.8261, 52.7176], [13.8268, 52.7168], [13.8309, 52.7167], [13.8322, 52.7144], [13.8311, 52.7128], [13.8278, 52.7113], [13.8234, 52.711], [13.821, 52.7133], [13.8211, 52.7155], [13.8167, 52.7187], [13.8005, 52.7181], [13.7948, 52.7204], [13.7899, 52.7252], [13.7848, 52.7258], [13.7798, 52.7243], [13.7789, 52.7258], [13.7794, 52.7268], [13.7841, 52.7286], [13.7862, 52.7303], [13.7782, 52.733], [13.7772, 52.7349], [13.7855, 52.7366], [13.7921, 52.7362]]], [[[13.8783, 52.7348], [13.886, 52.7351], [13.8859, 52.7361], [13.8829, 52.7372], [13.8821, 52.7383], [13.885, 52.7379], [13.89, 52.7356], [13.896, 52.7368], [13.9021, 52.7358], [13.9029, 52.7307], [13.8999, 52.7283], [13.8912, 52.7258], [13.8902, 52.7239], [13.8855, 52.7226], [13.885, 52.7191], [13.8827, 52.7153], [13.878, 52.7134], [13.8746, 52.713], [13.8703, 52.7163], [13.8618, 52.7196], [13.8591, 52.7216], [13.8579, 52.7256], [13.864, 52.7271], [13.8603, 52.7282], [13.8595, 52.7296], [13.8625, 52.7336], [13.865, 52.7348], [13.8673, 52.7377], [13.8706, 52.7395], [13.8774, 52.7397], [13.8785, 52.739], [13.8778, 52.7373], [13.8743, 52.7345], [13.8743, 52.7334], [13.8759, 52.7331], [13.8783, 52.7348]]], [[[13.8628, 52.7538], [13.8676, 52.7538], [13.8686, 52.7549], [13.8685, 52.7565], [13.8656, 52.7595], [13.8667, 52.7602], [13.8719, 52.7601], [13.8734, 52.7621], [13.8716, 52.7639], [13.8717, 52.7647], [13.8756, 52.7645], [13.8783, 52.7661], [13.8785, 52.7697], [13.8761, 52.7727], [13.8763, 52.7752], [13.8903, 52.7776], [13.895, 52.7794], [13.8973, 52.779], [13.8994, 52.7768], [13.9014, 52.7764], [13.9046, 52.7785], [13.9058, 52.7778], [13.9077, 52.7724], [13.904, 52.7727], [13.8917, 52.7767], [13.8903, 52.7768], [13.8888, 52.7741], [13.8906, 52.7736], [13.8921, 52.7719], [13.8976, 52.7721], [13.9036, 52.7701], [13.9043, 52.7674], [13.9018, 52.7654], [13.9018, 52.7642], [13.9089, 52.7619], [13.9107, 52.7598], [13.9109, 52.7582], [13.9067, 52.7547], [13.898, 52.7511], [13.885, 52.7516], [13.8784, 52.7551], [13.8761, 52.7545], [13.8758, 52.7533], [13.8767, 52.751], [13.8732, 52.7497], [13.8727, 52.7487], [13.8666, 52.7478], [13.8625, 52.7454], [13.8494, 52.7431], [13.8482, 52.7415], [13.8452, 52.7447], [13.8413, 52.7471], [13.8338, 52.748], [13.8319, 52.75], [13.8319, 52.7532], [13.8344, 52.7539], [13.8412, 52.7544], [13.8452, 52.7564], [13.854, 52.7579], [13.8573, 52.757], [13.8628, 52.7538]]], [[[13.8936, 52.7883], [13.8927, 52.789], [13.8967, 52.7893], [13.8936, 52.7883]]], [[[13.9127, 52.7927], [13.9114, 52.7924], [13.9066, 52.7927], [13.9129, 52.7939], [13.9127, 52.7927]]]], "type": "MultiPolygon"}, "properties": {"BEMERKUNG": null, "GEN_ID": 878, "GL_ID": 257.0, "SYM_NR": "89", "feature_kind": "soil_unit", "general_unit_de": "Fahlerde-Braunerden und Braunerde-Fahlerden mit Pseudogley-Fahlerden aus Decksand \u00fcber Decklehm und tiefem Geschiebemergel mit Braunerden aus Decksand \u00fcber Decklehm und tiefer lehmiger Sandflie\u00dferde", "general_unit_en": "Fahlerde-brown soils and brown soil-Fahlerden with pseudogley-Fahlerden from Decksand over Decklehm and tiefem glacial till marl with brown soils from Decksand over Decklehm and tiefer lehmiger Sandflie\u00dferde", "lead_horizon_count": 5.0, "lead_profile_de": "Fahlerde-Braunerde", "lead_profile_en": "Fahlerde-brown soil", "legend_unit_de": "Fahlerde-Braunerden und Pseudogley-Fahlerden mit Braunerde-Fahlerden und Gley-Braunerden aus lehmigem Decksand \u00fcber Decklehm (-sand) und tiefem Geschiebemergel", "legend_unit_en": "Fahlerde-brown soils and pseudogley-Fahlerden with brown soil-Fahlerden and gley-brown soils from lehmigem Decksand over Decklehm (-sand) and tiefem glacial till marl", "parent_material_code": "3.1.2.2", "parent_material_de": "Geschiebemergel mit sandiger Deckschicht", "parent_material_en": "Glacial till marl with sandiger Deckschicht", "profile_count": 4.0, "profile_summary_de": "Fahlerde-Braunerde | 4 Profile | 5 Horizonte im Leitprofil", "profile_summary_en": "Fahlerde-brown soil | 4 profiles | 5 horizons in lead profile", "semantic_source": "sqlite-buek250-v10", "semantic_version": "buek250-soil-semantics-v1", "soil_group_de": "Braunerden", "soil_group_en": "Brown soils", "soil_group_key": "brown-soils", "soil_label_de": "Fahlerde-Braunerden und Pseudogley-Fahlerden mit Braunerde-Fahlerden und Gley-Braunerden aus lehmigem Decksand \u00fcber Decklehm (-sand) und tiefem Geschiebemergel", "soil_label_en": "Fahlerde-brown soils and pseudogley-Fahlerden with brown soil-Fahlerden and gley-brown soils from lehmigem Decksand over Decklehm (-sand) and tiefem glacial till marl", "soil_type_primary_de": "Braunerden", "soil_type_primary_en": "Brown soils", "soil_type_secondary_de": "Lessiv\u00e9s", "soil_type_secondary_en": "Luvisols", "soil_type_tertiary_de": null, "soil_type_tertiary_en": null, "source_note_de": null, "source_note_en": null, "special_area_kind": null}, "type": "Feature"}, {"geometry": {"coordinates": [[[14.2732, 52.5341], [14.2729, 52.533], [14.2654, 52.5345], [14.26, 52.537], [14.2521, 52.5347], [14.2461, 52.5369], [14.2384, 52.5362], [14.2358, 52.5363], [14.2349, 52.5372], [14.246, 52.5382], [14.2514, 52.536], [14.2596, 52.5387], [14.2625, 52.538], [14.2639, 52.5368], [14.2732, 52.5341]]], "type": "Polygon"}, "properties": {"BEMERKUNG": null, "GEN_ID": 1030, "GL_ID": 364.0, "SYM_NR": "677", "feature_kind": "soil_unit", "general_unit_de": "Braunerde-Gleye mit Gley-Braunerden aus Niederungssand oder Schmelzwassersand mit Gleyen und Humusgleyen aus Flusssand", "general_unit_en": "Brown soil-gley soils with gley-brown soils from lowland sand oder glaciofluvial sand with gley soilsn and Humusgley soilsn from Flusssand", "lead_horizon_count": 4.0, "lead_profile_de": "Braunerde-Gley", "lead_profile_en": "Brown soil-gley", "legend_unit_de": "Braunerde-Gleye mit Gley-Braunerden aus Niederungssand oder Schmelzwassersand vergesellschaftet mit Gleyen und Humusgleyen aus Flusssand", "legend_unit_en": "Brown soil-gley soils with gley-brown soils from lowland sand oder glaciofluvial sand vergesellschaftet with gley soilsn and Humusgley soilsn from Flusssand", "parent_material_code": "3.4.1.2", "parent_material_de": "Niederungssand und Schmelzwassersand", "parent_material_en": "Lowland sand and glaciofluvial sand", "profile_count": 8.0, "profile_summary_de": "Braunerde-Gley | 8 Profile | 4 Horizonte im Leitprofil", "profile_summary_en": "Brown soil-gley | 8 profiles | 4 horizons in lead profile", "semantic_source": "sqlite-buek250-v10", "semantic_version": "buek250-soil-semantics-v1", "soil_group_de": "Gleye", "soil_group_en": "Gley soils", "soil_group_key": "gley-soils", "soil_label_de": "Braunerde-Gleye mit Gley-Braunerden aus Niederungssand oder Schmelzwassersand vergesellschaftet mit Gleyen und Humusgleyen aus Flusssand", "soil_label_en": "Brown soil-gley soils with gley-brown soils from lowland sand oder glaciofluvial sand vergesellschaftet with gley soilsn and Humusgley soilsn from Flusssand", "soil_type_primary_de": "Gleye", "soil_type_primary_en": "Gley soils", "soil_type_secondary_de": "Braunerden", "soil_type_secondary_en": "Brown soils", "soil_type_tertiary_de": null, "soil_type_tertiary_en": null, "source_note_de": null, "source_note_en": null, "special_area_kind": null}, "type": "Feature"}, {"geometry": {"coordinates": [[[[14.5843, 52.4502], [14.5839, 52.4497], [14.5847, 52.4492], [14.5773, 52.4419], [14.5767, 52.443], [14.5743, 52.4426], [14.5739, 52.4416], [14.5759, 52.4422], [14.5768, 52.4417], [14.5757, 52.4411], [14.5652, 52.4415], [14.5729, 52.4421], [14.573, 52.4427], [14.5676, 52.4429], [14.5571, 52.4409], [14.564, 52.4419], [14.5646, 52.4412], [14.5555, 52.4387], [14.5519, 52.4367], [14.5443, 52.4294], [14.5427, 52.4248], [14.5394, 52.4224], [14.539, 52.4266], [14.5423, 52.431], [14.5428, 52.4337], [14.5489, 52.4403], [14.5567, 52.443], [14.5742, 52.4447], [14.581, 52.4505], [14.5842, 52.4519], [14.5895, 52.4519], [14.5843, 52.4502]], [[14.553, 52.4401], [14.5516, 52.4384], [14.5571, 52.4409], [14.553, 52.4401]]], [[[14.5578, 52.5555], [14.5558, 52.5538], [14.5542, 52.5542], [14.5521, 52.5557], [14.5503, 52.5587], [14.5505, 52.5615], [14.5546, 52.5636], [14.5566, 52.5632], [14.5599, 52.5576], [14.5595, 52.5555], [14.5578, 52.5555]]], [[[14.6152, 52.5563], [14.6131, 52.5543], [14.6135, 52.5538], [14.6156, 52.5554], [14.6141, 52.553], [14.6122, 52.5452], [14.6047, 52.5375], [14.6026, 52.5322], [14.6008, 52.5328], [14.5993, 52.5313], [14.5966, 52.5303], [14.5906, 52.5305], [14.5847, 52.5284], [14.5893, 52.5253], [14.5959, 52.526], [14.5975, 52.525], [14.5972, 52.524], [14.5941, 52.522], [14.5942, 52.5211], [14.5958, 52.5207], [14.596, 52.5198], [14.5946, 52.5186], [14.5951, 52.517], [14.5934, 52.5111], [14.5908, 52.5082], [14.5889, 52.5083], [14.5854, 52.5108], [14.5807, 52.5115], [14.5787, 52.5099], [14.5749, 52.5102], [14.5744, 52.5091], [14.5752, 52.5078], [14.5697, 52.5077], [14.5672, 52.51], [14.5603, 52.5115], [14.5552, 52.5138], [14.5451, 52.5142], [14.5401, 52.5157], [14.533, 52.5233], [14.5282, 52.5239], [14.5229, 52.5224], [14.5215, 52.5226], [14.5225, 52.5242], [14.5257, 52.5255], [14.5308, 52.5261], [14.5387, 52.5234], [14.5439, 52.5194], [14.5442, 52.5178], [14.5471, 52.518], [14.5513, 52.5156], [14.553, 52.5155], [14.5565, 52.5188], [14.5578, 52.519], [14.5596, 52.5172], [14.5591, 52.5166], [14.5604, 52.5146], [14.5634, 52.5139], [14.5668, 52.5116], [14.5685, 52.5115], [14.5705, 52.5126], [14.5703, 52.514], [14.5675, 52.5156], [14.57, 52.5155], [14.5707, 52.5176], [14.5736, 52.5192], [14.5795, 52.5136], [14.5854, 52.5122], [14.5877, 52.5128], [14.5894, 52.5139], [14.5891, 52.5179], [14.5897, 52.5215], [14.5838, 52.5252], [14.5824, 52.5252], [14.577, 52.5305], [14.5733, 52.5309], [14.5695, 52.5334], [14.5649, 52.5341], [14.5652, 52.5409], [14.5625, 52.5431], [14.5578, 52.543], [14.5547, 52.5455], [14.5732, 52.5426], [14.5729, 52.5371], [14.5739, 52.5363], [14.5776, 52.5384], [14.5782, 52.5405], [14.58, 52.5426], [14.5815, 52.5403], [14.579, 52.536], [14.5803, 52.5327], [14.5851, 52.5307], [14.5917, 52.5323], [14.5957, 52.532], [14.5968, 52.533], [14.5927, 52.5349], [14.5926, 52.5372], [14.5965, 52.5391], [14.5973, 52.5411], [14.599, 52.5421], [14.6028, 52.5431], [14.6063, 52.542], [14.6075, 52.5427], [14.6101, 52.5522], [14.6154, 52.5587], [14.6226, 52.5638], [14.6218, 52.5672], [14.623, 52.57], [14.6252, 52.5669], [14.624, 52.5615], [14.6163, 52.5562], [14.6152, 52.5563]]], [[[14.6338, 52.5728], [14.6347, 52.5721], [14.6359, 52.5748], [14.6367, 52.5746], [14.638, 52.5723], [14.6378, 52.5685], [14.636, 52.5668], [14.6255, 52.5613], [14.6264, 52.5661], [14.6245, 52.5709], [14.6237, 52.5712], [14.6245, 52.5769], [14.6269, 52.5788], [14.6332, 52.5765], [14.6348, 52.5754], [14.6326, 52.5728], [14.6338, 52.5728]]], [[[14.5288, 52.6319], [14.5297, 52.6321], [14.5299, 52.6331], [14.5283, 52.6338], [14.5309, 52.6335], [14.5309, 52.6322], [14.5288, 52.6319]]], [[[14.5275, 52.6353], [14.5259, 52.6347], [14.5169, 52.6381], [14.5275, 52.6353]]], [[[14.5122, 52.6396], [14.5161, 52.6367], [14.5153, 52.6383], [14.5162, 52.6387], [14.5165, 52.6376], [14.5267, 52.6337], [14.5284, 52.6319], [14.5253, 52.6326], [14.5227, 52.6347], [14.5189, 52.6351], [14.5157, 52.6344], [14.5101, 52.6307], [14.5062, 52.6308], [14.5065, 52.6327], [14.5032, 52.6346], [14.5049, 52.6371], [14.504, 52.6383], [14.5009, 52.6382], [14.5005, 52.6371], [14.4989, 52.6381], [14.4936, 52.6388], [14.4941, 52.6413], [14.493, 52.6451], [14.4954, 52.6454], [14.4959, 52.6464], [14.5073, 52.641], [14.5122, 52.6396]]], [[[14.356, 52.6934], [14.3578, 52.6932], [14.3623, 52.6956], [14.3676, 52.6966], [14.371, 52.6923], [14.3708, 52.6914], [14.3678, 52.6898], [14.3663, 52.6918], [14.3639, 52.6931], [14.3605, 52.6891], [14.3649, 52.6849], [14.369, 52.6799], [14.3686, 52.6793], [14.3631, 52.6769], [14.3613, 52.6789], [14.3523, 52.6821], [14.3494, 52.684], [14.35, 52.6863], [14.3433, 52.6917], [14.3398, 52.693], [14.3386, 52.6946], [14.3393, 52.696], [14.3439, 52.6959], [14.3444, 52.6992], [14.351, 52.7002], [14.3543, 52.6988], [14.3548, 52.6945], [14.356, 52.6934]]], [[[14.4041, 52.7097], [14.4103, 52.7031], [14.4086, 52.7029], [14.4057, 52.7052], [14.4003, 52.7074], [14.3976, 52.7094], [14.3954, 52.7136], [14.3911, 52.7182], [14.3795, 52.7215], [14.3774, 52.7264], [14.3775, 52.7301], [14.3864, 52.722], [14.3934, 52.7181], [14.3959, 52.7164], [14.3961, 52.7154], [14.4014, 52.7121], [14.4014, 52.7104], [14.4028, 52.7093], [14.4041, 52.7097]]], [[[14.1361, 52.7354], [14.1371, 52.7295], [14.1283, 52.739], [14.1196, 52.7381], [14.1161, 52.7401], [14.1161, 52.7411], [14.1171, 52.7414], [14.1211, 52.7411], [14.1255, 52.7454], [14.12, 52.7493], [14.1157, 52.7534], [14.1148, 52.7555], [14.1191, 52.7573], [14.12, 52.7547], [14.1242, 52.7514], [14.1252, 52.7482], [14.1302, 52.7449], [14.1311, 52.7419], [14.1361, 52.7354]]], [[[14.3757, 52.7322], [14.3741, 52.7315], [14.3768, 52.7304], [14.3749, 52.7288], [14.3763, 52.7248], [14.3735, 52.7275], [14.3705, 52.7291], [14.3579, 52.7339], [14.3578, 52.7348], [14.3639, 52.7341], [14.3573, 52.7355], [14.3538, 52.7392], [14.3504, 52.7475], [14.349, 52.7488], [14.3413, 52.7519], [14.3384, 52.7545], [14.3495, 52.7506], [14.3575, 52.7426], [14.3611, 52.74], [14.3677, 52.7371], [14.3725, 52.736], [14.3757, 52.7322]]], [[[14.2452, 52.793], [14.2817, 52.7723], [14.2818, 52.7709], [14.279, 52.7686], [14.2794, 52.7679], [14.2844, 52.7663], [14.2851, 52.7641], [14.2793, 52.7631], [14.2738, 52.7674], [14.2654, 52.7693], [14.2657, 52.771], [14.2611, 52.7727], [14.2539, 52.7811], [14.2539, 52.7827], [14.2556, 52.7838], [14.2549, 52.7859], [14.2392, 52.7959], [14.2353, 52.7958], [14.2321, 52.7967], [14.2312, 52.7991], [14.2326, 52.8013], [14.2365, 52.7977], [14.2372, 52.7979], [14.234, 52.8014], [14.2396, 52.7988], [14.2452, 52.793]]], [[[14.123, 52.8352], [14.1239, 52.8332], [14.1229, 52.8319], [14.1232, 52.831], [14.1247, 52.8305], [14.1248, 52.8309], [14.1237, 52.8313], [14.1237, 52.8317], [14.1248, 52.8323], [14.1289, 52.8282], [14.1383, 52.8242], [14.1725, 52.8207], [14.1715, 52.8182], [14.1737, 52.8161], [14.1736, 52.8153], [14.1675, 52.8161], [14.164, 52.8148], [14.1565, 52.8175], [14.1368, 52.8209], [14.1312, 52.8207], [14.1301, 52.8216], [14.1296, 52.8239], [14.1274, 52.8243], [14.1213, 52.8275], [14.1068, 52.8282], [14.1041, 52.8276], [14.101, 52.8247], [14.091, 52.8229], [14.0866, 52.8183], [14.0875, 52.8176], [14.1053, 52.8216], [14.1069, 52.82], [14.1054, 52.8146], [14.0812, 52.8143], [14.0743, 52.8112], [14.0696, 52.8106], [14.0663, 52.8111], [14.0673, 52.8135], [14.0733, 52.8174], [14.0825, 52.8219], [14.0865, 52.8263], [14.0897, 52.8314], [14.0943, 52.835], [14.1108, 52.8368], [14.123, 52.8352]]], [[[13.9798, 52.8421], [13.9792, 52.8429], [13.9859, 52.8494], [13.9876, 52.8479], [13.9907, 52.8485], [13.9932, 52.8469], [13.9954, 52.8434], [13.9932, 52.8387], [13.9948, 52.8374], [13.9986, 52.8373], [14.0005, 52.8389], [13.9988, 52.8436], [14.0004, 52.8466], [14.0067, 52.8471], [14.0217, 52.852], [14.0243, 52.8481], [14.0263, 52.8486], [14.0177, 52.8441], [14.0074, 52.8402], [14.0036, 52.8356], [14.0036, 52.8338], [14.0048, 52.8323], [14.0043, 52.8285], [14.0071, 52.8232], [14.0143, 52.8169], [14.0201, 52.8149], [14.0275, 52.8108], [14.037, 52.8076], [14.0335, 52.8072], [14.0248, 52.8092], [14.0148, 52.8093], [14.0135, 52.8104], [14.0112, 52.8146], [14.0075, 52.8173], [14.0005, 52.8196], [13.9979, 52.8218], [13.9886, 52.8258], [13.9827, 52.832], [13.9777, 52.8331], [13.9798, 52.8421]]]], "type": "MultiPolygon"}, "properties": {"BEMERKUNG": null, "GEN_ID": 1016, "GL_ID": 99.0, "SYM_NR": "401", "feature_kind": "soil_unit", "general_unit_de": "Vega-Gleye (und Gley-Vegen) mit Auengley-Pseudogleyen aus Auensand \u00fcber Auenlehm oder -ton", "general_unit_en": "Vega-gley soils (and gley-Vegen) with Auengley-pseudogley soilsn from floodplain sand over floodplain loam oder -ton", "lead_horizon_count": 4.0, "lead_profile_de": "Vega-Gley", "lead_profile_en": "Vega-gley", "legend_unit_de": "Vega-Gleye aus (lehmigem) Auensand \u00fcber Auenlehm oder -ton oder \u00fcber Auensand", "legend_unit_en": "Vega-gley soils from (lehmigem) floodplain sand over floodplain loam oder -ton oder over floodplain sand", "parent_material_code": "2.1.3.1", "parent_material_de": "Auensand", "parent_material_en": "Floodplain sand", "profile_count": 4.0, "profile_summary_de": "Vega-Gley | 4 Profile | 4 Horizonte im Leitprofil", "profile_summary_en": "Vega-gley | 4 profiles | 4 horizons in lead profile", "semantic_source": "sqlite-buek250-v10", "semantic_version": "buek250-soil-semantics-v1", "soil_group_de": "Gleye", "soil_group_en": "Gley soils", "soil_group_key": "gley-soils", "soil_label_de": "Vega-Gleye aus (lehmigem) Auensand \u00fcber Auenlehm oder -ton oder \u00fcber Auensand", "soil_label_en": "Vega-gley soils from (lehmigem) floodplain sand over floodplain loam oder -ton oder over floodplain sand", "soil_type_primary_de": "Gleye", "soil_type_primary_en": "Gley soils", "soil_type_secondary_de": null, "soil_type_secondary_en": null, "soil_type_tertiary_de": null, "soil_type_tertiary_en": null, "source_note_de": null, "source_note_en": null, "special_area_kind": null}, "type": "Feature"}, {"geometry": {"coordinates": [[[14.5117, 52.4553], [14.5118, 52.4537], [14.5067, 52.4538], [14.5032, 52.4551], [14.5016, 52.4573], [14.4989, 52.4578], [14.4964, 52.4624], [14.4975, 52.4664], [14.5014, 52.4676], [14.5074, 52.4681], [14.5081, 52.4638], [14.513, 52.4616], [14.514, 52.4595], [14.5093, 52.4583], [14.5084, 52.4575], [14.5117, 52.4553]]], "type": "Polygon"}, "properties": {"BEMERKUNG": null, "GEN_ID": 1022, "GL_ID": 278.0, "SYM_NR": "673", "feature_kind": "soil_unit", "general_unit_de": "Braunerden aus Schmelzwassersand mit Kolluvisolen aus umgelagertem Sand \u00fcber Schmelzwassersand", "general_unit_en": "Brown soils from glaciofluvial sand with colluvialsn from umgelagertem Sand over glaciofluvial sand", "lead_horizon_count": 4.0, "lead_profile_de": "Normbraunerde", "lead_profile_en": "Typical brown soil", "legend_unit_de": "Braunerden aus Schmelzwassersand vergesellschaftet mit Kolluvisolen \u00fcber Braunerde aus umgelagertem (lehmigen) Sand \u00fcber Schmelzwassersand", "legend_unit_en": "Brown soils from glaciofluvial sand vergesellschaftet with colluvialsn over brown soil from umgelagertem (lehmigen) Sand over glaciofluvial sand", "parent_material_code": "3.2.1.1", "parent_material_de": "Schmelzwassersand", "parent_material_en": "Glaciofluvial sand", "profile_count": 7.0, "profile_summary_de": "Normbraunerde | 7 Profile | 4 Horizonte im Leitprofil", "profile_summary_en": "Typical brown soil | 7 profiles | 4 horizons in lead profile", "semantic_source": "sqlite-buek250-v10", "semantic_version": "buek250-soil-semantics-v1", "soil_group_de": "Braunerden", "soil_group_en": "Brown soils", "soil_group_key": "brown-soils", "soil_label_de": "Braunerden aus Schmelzwassersand vergesellschaftet mit Kolluvisolen \u00fcber Braunerde aus umgelagertem (lehmigen) Sand \u00fcber Schmelzwassersand", "soil_label_en": "Brown soils from glaciofluvial sand vergesellschaftet with colluvialsn over brown soil from umgelagertem (lehmigen) Sand over glaciofluvial sand", "soil_type_primary_de": "Braunerden", "soil_type_primary_en": "Brown soils", "soil_type_secondary_de": "Kolluvisole", "soil_type_secondary_en": "Colluvials", "soil_type_tertiary_de": null, "soil_type_tertiary_en": null, "source_note_de": null, "source_note_en": null, "special_area_kind": null}, "type": "Feature"}, {"geometry": {"coordinates": [[[[14.3628, 52.5569], [14.3568, 52.5581], [14.3547, 52.5568], [14.3534, 52.5547], [14.351, 52.5556], [14.3475, 52.5543], [14.3356, 52.5545], [14.327, 52.5473], [14.323, 52.5482], [14.3223, 52.544], [14.3156, 52.5406], [14.3129, 52.5375], [14.3148, 52.5359], [14.3228, 52.5365], [14.324, 52.5355], [14.3239, 52.5345], [14.3191, 52.5318], [14.3141, 52.5316], [14.3145, 52.5266], [14.3094, 52.5271], [14.3075, 52.5281], [14.3075, 52.5303], [14.31, 52.536], [14.3084, 52.5393], [14.31, 52.5429], [14.3051, 52.5513], [14.3015, 52.5541], [14.3022, 52.5569], [14.3096, 52.5558], [14.3215, 52.5558], [14.3384, 52.5578], [14.3609, 52.5619], [14.3652, 52.56], [14.3652, 52.5573], [14.3628, 52.5569]]], [[[14.3053, 52.5373], [14.3017, 52.532], [14.301, 52.5295], [14.2973, 52.5301], [14.2899, 52.5295], [14.2894, 52.5301], [14.2887, 52.5328], [14.2893, 52.5344], [14.2953, 52.5384], [14.3023, 52.5401], [14.3031, 52.5423], [14.3018, 52.543], [14.299, 52.5424], [14.292, 52.5433], [14.2856, 52.5429], [14.2901, 52.5448], [14.2973, 52.546], [14.2993, 52.5492], [14.3006, 52.5497], [14.3015, 52.5494], [14.3025, 52.5462], [14.3063, 52.5428], [14.3053, 52.5373]]], [[[14.248, 52.5487], [14.2494, 52.5474], [14.2467, 52.5443], [14.2422, 52.5429], [14.2385, 52.5449], [14.2292, 52.5426], [14.2277, 52.5435], [14.2281, 52.5457], [14.231, 52.5502], [14.2331, 52.5518], [14.2312, 52.5541], [14.2326, 52.5559], [14.2368, 52.5538], [14.2399, 52.5499], [14.248, 52.5487]]], [[[14.1595, 52.5549], [14.1597, 52.5536], [14.1565, 52.5517], [14.156, 52.5528], [14.1518, 52.5525], [14.1475, 52.5538], [14.1409, 52.5514], [14.1361, 52.5516], [14.1351, 52.5518], [14.1346, 52.5529], [14.1358, 52.5554], [14.134, 52.5558], [14.1316, 52.5542], [14.1294, 52.5508], [14.1284, 52.5506], [14.1259, 52.5511], [14.1274, 52.5539], [14.1274, 52.5554], [14.1255, 52.5578], [14.1246, 52.5575], [14.1259, 52.5594], [14.1319, 52.5622], [14.136, 52.5628], [14.1372, 52.5644], [14.1419, 52.5646], [14.1477, 52.563], [14.1491, 52.5617], [14.1487, 52.5592], [14.1526, 52.5581], [14.1549, 52.5562], [14.1595, 52.5549]]]], "type": "MultiPolygon"}, "properties": {"BEMERKUNG": null, "GEN_ID": 1029, "GL_ID": 267.0, "SYM_NR": "634", "feature_kind": "soil_unit", "general_unit_de": "Fahlerde-Braunerden, Braunerde-Fahlerden und Braunerden aus Decksand \u00fcber Decklehm und tiefem Geschiebemergel oder -lehm mit Braunerden aus Schmelzwassersand", "general_unit_en": "Fahlerde-brown soils, brown soil-Fahlerden and brown soils from Decksand over Decklehm and tiefem glacial till marl oder -lehm with brown soils from glaciofluvial sand", "lead_horizon_count": 5.0, "lead_profile_de": "Fahlerde-Braunerde", "lead_profile_en": "Fahlerde-brown soil", "legend_unit_de": "Fahlerde-Braunerden, Braunerde-Fahlerden und Braunerden aus Decksand \u00fcber tiefem Geschiebemergel vergesellschaftet mit Braunerden aus Schmelzwassersand", "legend_unit_en": "Fahlerde-brown soils, brown soil-Fahlerden and brown soils from Decksand over tiefem glacial till marl vergesellschaftet with brown soils from glaciofluvial sand", "parent_material_code": "3.1.2.3", "parent_material_de": "Geschiebemergel und glazialer Sand", "parent_material_en": "Glacial till marl and glazialer Sand", "profile_count": 7.0, "profile_summary_de": "Fahlerde-Braunerde | 7 Profile | 5 Horizonte im Leitprofil", "profile_summary_en": "Fahlerde-brown soil | 7 profiles | 5 horizons in lead profile", "semantic_source": "sqlite-buek250-v10", "semantic_version": "buek250-soil-semantics-v1", "soil_group_de": "Braunerden", "soil_group_en": "Brown soils", "soil_group_key": "brown-soils", "soil_label_de": "Fahlerde-Braunerden, Braunerde-Fahlerden und Braunerden aus Decksand \u00fcber tiefem Geschiebemergel vergesellschaftet mit Braunerden aus Schmelzwassersand", "soil_label_en": "Fahlerde-brown soils, brown soil-Fahlerden and brown soils from Decksand over tiefem glacial till marl vergesellschaftet with brown soils from glaciofluvial sand", "soil_type_primary_de": "Braunerden", "soil_type_primary_en": "Brown soils", "soil_type_secondary_de": "Lessiv\u00e9s", "soil_type_secondary_en": "Luvisols", "soil_type_tertiary_de": null, "soil_type_tertiary_en": null, "source_note_de": null, "source_note_en": null, "special_area_kind": null}, "type": "Feature"}, {"geometry": {"coordinates": [[[[14.2848, 52.4353], [14.2882, 52.4403], [14.2889, 52.4425], [14.288, 52.445], [14.2888, 52.447], [14.2902, 52.448], [14.2916, 52.4472], [14.2937, 52.4414], [14.29, 52.4383], [14.2898, 52.4372], [14.2928, 52.4355], [14.2986, 52.4374], [14.3, 52.4386], [14.3003, 52.4402], [14.2991, 52.4455], [14.3, 52.4493], [14.307, 52.4554], [14.3092, 52.4558], [14.312, 52.455], [14.3185, 52.4615], [14.3193, 52.4651], [14.3212, 52.4661], [14.3225, 52.4659], [14.3244, 52.4624], [14.3208, 52.4611], [14.3189, 52.4589], [14.3187, 52.4566], [14.3166, 52.4537], [14.3174, 52.4504], [14.3141, 52.4467], [14.3145, 52.437], [14.3124, 52.4377], [14.3093, 52.4369], [14.3077, 52.4381], [14.3095, 52.4418], [14.3102, 52.4485], [14.31, 52.4496], [14.3088, 52.4501], [14.307, 52.4484], [14.3038, 52.4362], [14.2986, 52.4326], [14.2967, 52.4281], [14.292, 52.4274], [14.288, 52.4249], [14.284, 52.4251], [14.2822, 52.4244], [14.2844, 52.4268], [14.2808, 52.4369], [14.2848, 52.4353]]], [[[14.2808, 52.419], [14.2848, 52.4225], [14.2884, 52.422], [14.2925, 52.4248], [14.2973, 52.4252], [14.2943, 52.4233], [14.2937, 52.4215], [14.2942, 52.4171], [14.295, 52.4163], [14.2922, 52.4143], [14.2898, 52.4104], [14.2853, 52.4082], [14.2834, 52.4087], [14.2788, 52.4127], [14.2784, 52.4197], [14.2808, 52.419]]], [[[14.4004, 52.3816], [14.402, 52.3799], [14.4062, 52.3796], [14.4047, 52.3788], [14.3971, 52.3807], [14.4004, 52.3816]]], [[[14.3885, 52.4027], [14.392, 52.4015], [14.3993, 52.4022], [14.4058, 52.3999], [14.4166, 52.3996], [14.4181, 52.3989], [14.4151, 52.3966], [14.4164, 52.3948], [14.4055, 52.3974], [14.401, 52.3966], [14.4018, 52.3938], [14.3987, 52.3941], [14.3979, 52.3932], [14.4035, 52.3908], [14.4029, 52.3891], [14.4007, 52.3878], [14.3987, 52.3908], [14.3963, 52.3907], [14.3938, 52.3892], [14.3888, 52.3925], [14.3865, 52.3968], [14.39, 52.3991], [14.3858, 52.3999], [14.3834, 52.3994], [14.3791, 52.402], [14.3792, 52.4027], [14.3799, 52.4041], [14.382, 52.4047], [14.3865, 52.4014], [14.3885, 52.4027]]], [[[14.4713, 52.3994], [14.468, 52.4013], [14.4704, 52.408], [14.4716, 52.4062], [14.4794, 52.4053], [14.483, 52.4042], [14.4832, 52.4028], [14.4821, 52.4006], [14.4835, 52.3991], [14.4844, 52.3993], [14.4867, 52.4025], [14.4901, 52.4021], [14.49, 52.4002], [14.4924, 52.3991], [14.4932, 52.4013], [14.496, 52.4019], [14.4981, 52.4006], [14.4993, 52.3979], [14.5046, 52.396], [14.507, 52.3934], [14.493, 52.3949], [14.4911, 52.3973], [14.49, 52.3976], [14.4863, 52.3966], [14.4836, 52.3975], [14.48, 52.397], [14.4783, 52.3989], [14.4759, 52.399], [14.4735, 52.3979], [14.4716, 52.3982], [14.4713, 52.3994]]], [[[14.3011, 52.4124], [14.3088, 52.4154], [14.3095, 52.4152], [14.3097, 52.4127], [14.3082, 52.4104], [14.3084, 52.4092], [14.3163, 52.4054], [14.3179, 52.4032], [14.3027, 52.4038], [14.2927, 52.4063], [14.3011, 52.4124]]], [[[14.3086, 52.4286], [14.313, 52.4294], [14.3155, 52.429], [14.3187, 52.4266], [14.3187, 52.4249], [14.316, 52.424], [14.3124, 52.4261], [14.3112, 52.4261], [14.3101, 52.4252], [14.3109, 52.4215], [14.309, 52.4183], [14.3069, 52.4173], [14.3062, 52.4196], [14.3038, 52.4204], [14.3015, 52.4197], [14.2992, 52.4177], [14.298, 52.4179], [14.2974, 52.4205], [14.3006, 52.4252], [14.3015, 52.4307], [14.3051, 52.4314], [14.3086, 52.4286]]], [[[14.3578, 52.4272], [14.355, 52.4248], [14.3546, 52.4234], [14.3553, 52.4204], [14.3599, 52.414], [14.36, 52.4127], [14.3581, 52.4119], [14.3543, 52.4124], [14.3531, 52.4094], [14.3561, 52.4063], [14.3609, 52.4053], [14.3619, 52.403], [14.3599, 52.3979], [14.3587, 52.3969], [14.3524, 52.3964], [14.3493, 52.3974], [14.3483, 52.3965], [14.3464, 52.3975], [14.3454, 52.3996], [14.3379, 52.4038], [14.3375, 52.4047], [14.3389, 52.4076], [14.3374, 52.4124], [14.3363, 52.4135], [14.3447, 52.4142], [14.3396, 52.4164], [14.3383, 52.42], [14.3386, 52.4212], [14.341, 52.4246], [14.3486, 52.4319], [14.3509, 52.4322], [14.3529, 52.4312], [14.3564, 52.4323], [14.3593, 52.4322], [14.3601, 52.4307], [14.3578, 52.4272]]], [[[14.4993, 52.4195], [14.5015, 52.4186], [14.4996, 52.4152], [14.5034, 52.4127], [14.5039, 52.4113], [14.5002, 52.4116], [14.4927, 52.4138], [14.4907, 52.4164], [14.4885, 52.4174], [14.4796, 52.4176], [14.4782, 52.4196], [14.4809, 52.4221], [14.4815, 52.425], [14.4793, 52.4274], [14.4784, 52.4301], [14.4798, 52.4308], [14.4832, 52.4303], [14.4888, 52.4245], [14.4874, 52.4236], [14.4873, 52.4226], [14.4944, 52.4194], [14.4993, 52.4195]]], [[[14.4284, 52.4128], [14.4216, 52.4136], [14.4193, 52.4147], [14.4226, 52.4165], [14.4242, 52.4183], [14.4334, 52.4211], [14.4393, 52.4244], [14.4406, 52.4255], [14.4412, 52.4282], [14.4438, 52.4319], [14.4451, 52.4333], [14.4469, 52.4338], [14.445, 52.428], [14.4431, 52.4252], [14.4362, 52.4192], [14.4316, 52.4174], [14.4309, 52.4165], [14.431, 52.4142], [14.4284, 52.4128]]], [[[14.2783, 52.4462], [14.2805, 52.4456], [14.2806, 52.4462], [14.2773, 52.4547], [14.2779, 52.4574], [14.2857, 52.4556], [14.2952, 52.4585], [14.2978, 52.4581], [14.299, 52.457], [14.2981, 52.4541], [14.2992, 52.4522], [14.2981, 52.4514], [14.2934, 52.4496], [14.2903, 52.4516], [14.2861, 52.4513], [14.2857, 52.4491], [14.2843, 52.4468], [14.2843, 52.4419], [14.2829, 52.441], [14.2795, 52.4407], [14.2785, 52.4435], [14.2759, 52.4458], [14.2783, 52.4462]]], [[[14.3267, 52.4578], [14.3268, 52.4545], [14.3291, 52.4528], [14.3336, 52.4535], [14.3433, 52.4534], [14.3495, 52.4544], [14.3528, 52.456], [14.3549, 52.4545], [14.3574, 52.4548], [14.3578, 52.4529], [14.3568, 52.4501], [14.3627, 52.451], [14.3672, 52.4478], [14.3678, 52.4465], [14.3639, 52.4421], [14.3648, 52.4412], [14.3672, 52.4417], [14.3705, 52.4454], [14.3739, 52.4446], [14.3766, 52.4479], [14.3814, 52.45], [14.3851, 52.4497], [14.3929, 52.4473], [14.3944, 52.4413], [14.3843, 52.4323], [14.3785, 52.4302], [14.3764, 52.4266], [14.369, 52.4288], [14.3651, 52.4377], [14.3631, 52.4398], [14.3542, 52.4396], [14.3397, 52.442], [14.3375, 52.4411], [14.3348, 52.4368], [14.3319, 52.4352], [14.3216, 52.4409], [14.3205, 52.4421], [14.3203, 52.4447], [14.3188, 52.4473], [14.3205, 52.4496], [14.3202, 52.4525], [14.3229, 52.4555], [14.3248, 52.4597], [14.3301, 52.4602], [14.3267, 52.4578]], [[14.3545, 52.4487], [14.3555, 52.4505], [14.3504, 52.4499], [14.3521, 52.4488], [14.3545, 52.4487]]], [[[14.0872, 52.4699], [14.093, 52.4683], [14.1018, 52.4706], [14.1188, 52.4712], [14.121, 52.472], [14.1219, 52.4732], [14.1208, 52.4746], [14.1147, 52.4756], [14.1127, 52.4752], [14.1093, 52.473], [14.1045, 52.4745], [14.099, 52.475], [14.0932, 52.473], [14.0894, 52.4727], [14.084, 52.4746], [14.084, 52.4753], [14.0852, 52.4753], [14.0939, 52.4748], [14.096, 52.4766], [14.0934, 52.4774], [14.0929, 52.4788], [14.0959, 52.4802], [14.1047, 52.4803], [14.1108, 52.4784], [14.1235, 52.4789], [14.1251, 52.4797], [14.1262, 52.4779], [14.1318, 52.4762], [14.1359, 52.4765], [14.1449, 52.4793], [14.1485, 52.4785], [14.1475, 52.477], [14.1405, 52.4756], [14.1368, 52.472], [14.1368, 52.4699], [14.1425, 52.467], [14.1423, 52.4662], [14.1302, 52.4648], [14.1272, 52.4652], [14.1272, 52.4636], [14.1226, 52.4623], [14.122, 52.4634], [14.123, 52.4658], [14.1226, 52.4667], [14.121, 52.467], [14.1142, 52.4649], [14.1123, 52.466], [14.1131, 52.468], [14.112, 52.4686], [14.109, 52.4675], [14.103, 52.4681], [14.0943, 52.4632], [14.0915, 52.4631], [14.0903, 52.4638], [14.0894, 52.4659], [14.0877, 52.4666], [14.0849, 52.4669], [14.0824, 52.4663], [14.0796, 52.4706], [14.0872, 52.4699]]], [[[14.1736, 52.4711], [14.1766, 52.4693], [14.1727, 52.4682], [14.1736, 52.4711]]], [[[14.1602, 52.4671], [14.1669, 52.4685], [14.1711, 52.4677], [14.1684, 52.467], [14.1565, 52.4666], [14.1566, 52.4671], [14.1602, 52.4671]]], [[[14.3088, 52.5041], [14.3091, 52.5039], [14.3092, 52.5037], [14.3088, 52.5041]]], [[[14.2161, 52.4968], [14.2189, 52.4974], [14.2252, 52.4959], [14.2272, 52.4963], [14.2292, 52.4945], [14.2307, 52.4944], [14.2316, 52.4949], [14.2315, 52.4968], [14.2326, 52.499], [14.2286, 52.502], [14.2235, 52.5002], [14.2129, 52.5022], [14.2033, 52.5021], [14.2005, 52.5072], [14.2004, 52.5109], [14.1987, 52.512], [14.2045, 52.5116], [14.2085, 52.5085], [14.2117, 52.5073], [14.2261, 52.5063], [14.2307, 52.5031], [14.2385, 52.5028], [14.2417, 52.5044], [14.2458, 52.5048], [14.2437, 52.5002], [14.2437, 52.4983], [14.2412, 52.4985], [14.2385, 52.4964], [14.2392, 52.4948], [14.2414, 52.4944], [14.24, 52.4928], [14.2411, 52.491], [14.2405, 52.4894], [14.2426, 52.4884], [14.2489, 52.4893], [14.2518, 52.4885], [14.2524, 52.4876], [14.2463, 52.4852], [14.2447, 52.4836], [14.2449, 52.4826], [14.2486, 52.4825], [14.2526, 52.4856], [14.2571, 52.4834], [14.2584, 52.4838], [14.2593, 52.4869], [14.2536, 52.4912], [14.2553, 52.492], [14.2612, 52.4921], [14.2635, 52.4933], [14.2653, 52.4913], [14.2643, 52.4886], [14.2649, 52.4833], [14.2689, 52.4782], [14.2643, 52.4767], [14.2628, 52.4777], [14.2609, 52.4807], [14.2599, 52.4809], [14.2592, 52.477], [14.2582, 52.4761], [14.2526, 52.4735], [14.2476, 52.4738], [14.2297, 52.4898], [14.2162, 52.4943], [14.2161, 52.4968]]], [[[14.4054, 52.5053], [14.4053, 52.5039], [14.4075, 52.4971], [14.4088, 52.4877], [14.4046, 52.4859], [14.402, 52.4863], [14.4011, 52.4874], [14.4019, 52.4889], [14.4043, 52.4886], [14.4058, 52.4893], [14.405, 52.4908], [14.4016, 52.4926], [14.3946, 52.491], [14.3925, 52.4899], [14.3919, 52.4884], [14.3928, 52.4868], [14.3959, 52.4875], [14.3967, 52.4854], [14.4016, 52.4848], [14.4023, 52.4829], [14.4042, 52.4811], [14.4067, 52.481], [14.4105, 52.4825], [14.4123, 52.4849], [14.4166, 52.4827], [14.4159, 52.4816], [14.41, 52.4795], [14.4122, 52.4747], [14.4121, 52.4721], [14.4039, 52.4703], [14.4033, 52.4681], [14.4073, 52.4676], [14.4126, 52.4653], [14.4131, 52.4643], [14.4121, 52.4603], [14.4133, 52.4589], [14.4205, 52.4592], [14.4269, 52.4581], [14.4292, 52.4565], [14.4348, 52.4551], [14.4368, 52.4511], [14.4407, 52.4534], [14.4425, 52.4537], [14.4519, 52.452], [14.4536, 52.4511], [14.4535, 52.4495], [14.4559, 52.4486], [14.4581, 52.4491], [14.4612, 52.4459], [14.4608, 52.4413], [14.4568, 52.4401], [14.4335, 52.446], [14.4319, 52.4454], [14.4303, 52.4435], [14.4293, 52.4399], [14.4231, 52.4406], [14.4204, 52.4425], [14.4239, 52.4448], [14.4237, 52.4464], [14.4218, 52.4482], [14.4229, 52.4512], [14.4199, 52.4539], [14.4196, 52.4564], [14.4183, 52.4574], [14.4104, 52.4574], [14.4067, 52.4605], [14.4009, 52.4607], [14.399, 52.4619], [14.3975, 52.4607], [14.395, 52.4604], [14.3917, 52.4582], [14.3843, 52.4566], [14.3824, 52.4566], [14.3806, 52.4582], [14.3807, 52.4644], [14.3796, 52.4665], [14.3804, 52.4674], [14.3906, 52.4725], [14.393, 52.4723], [14.3953, 52.4708], [14.3972, 52.4709], [14.3962, 52.4728], [14.386, 52.4769], [14.3889, 52.4792], [14.3903, 52.4794], [14.3952, 52.4763], [14.3966, 52.4761], [14.3973, 52.4768], [14.3954, 52.4792], [14.3952, 52.4817], [14.3888, 52.4852], [14.3842, 52.4839], [14.3795, 52.4841], [14.3711, 52.4868], [14.3704, 52.489], [14.3691, 52.4895], [14.3662, 52.4894], [14.3625, 52.4876], [14.361, 52.4894], [14.3612, 52.4942], [14.3621, 52.4956], [14.3637, 52.4957], [14.3662, 52.4941], [14.3698, 52.4946], [14.3779, 52.4976], [14.3789, 52.5], [14.3775, 52.5008], [14.3717, 52.5003], [14.3696, 52.5035], [14.3647, 52.5021], [14.3625, 52.5023], [14.361, 52.5034], [14.3672, 52.5069], [14.3697, 52.506], [14.3726, 52.5065], [14.374, 52.5054], [14.3741, 52.5042], [14.3758, 52.5034], [14.38, 52.5038], [14.3845, 52.5029], [14.3899, 52.505], [14.3943, 52.5048], [14.3945, 52.5059], [14.3924, 52.5071], [14.3954, 52.5082], [14.3966, 52.5082], [14.3971, 52.5067], [14.3985, 52.5061], [14.4013, 52.5061], [14.4024, 52.5078], [14.4012, 52.5093], [14.4032, 52.5106], [14.4046, 52.51], [14.4067, 52.5057], [14.4054, 52.5053]], [[14.3989, 52.4679], [14.3993, 52.4661], [14.4006, 52.4662], [14.4034, 52.471], [14.4005, 52.4702], [14.3989, 52.4679]]], [[[14.324, 52.5029], [14.3242, 52.5009], [14.3211, 52.4981], [14.3236, 52.4953], [14.3229, 52.4918], [14.3214, 52.491], [14.3199, 52.4926], [14.3181, 52.4926], [14.3152, 52.4905], [14.3163, 52.4882], [14.3216, 52.4818], [14.3089, 52.4849], [14.3087, 52.4862], [14.3116, 52.489], [14.3085, 52.4925], [14.2966, 52.4923], [14.291, 52.4933], [14.2847, 52.4996], [14.2799, 52.4991], [14.2779, 52.4997], [14.2807, 52.5025], [14.2804, 52.5058], [14.2856, 52.5047], [14.2904, 52.5052], [14.2989, 52.5033], [14.3029, 52.5038], [14.3089, 52.5014], [14.3107, 52.5013], [14.3107, 52.5027], [14.3128, 52.5022], [14.3104, 52.505], [14.3084, 52.5055], [14.3083, 52.5046], [14.3077, 52.5054], [14.3087, 52.5117], [14.3107, 52.5145], [14.3078, 52.5169], [14.3038, 52.5229], [14.3009, 52.5236], [14.2973, 52.5261], [14.2973, 52.5278], [14.2984, 52.5281], [14.3041, 52.5266], [14.3112, 52.5233], [14.3115, 52.5225], [14.31, 52.5198], [14.3147, 52.5136], [14.3205, 52.5122], [14.3207, 52.5071], [14.324, 52.5029]]], [[[14.2359, 52.5343], [14.2377, 52.5324], [14.2486, 52.514], [14.2486, 52.5117], [14.2462, 52.506], [14.2294, 52.5137], [14.2141, 52.5165], [14.215, 52.5175], [14.2166, 52.5177], [14.2165, 52.5186], [14.2142, 52.5195], [14.2146, 52.5226], [14.2191, 52.5226], [14.2204, 52.5244], [14.2194, 52.5288], [14.2183, 52.5297], [14.2251, 52.5322], [14.2279, 52.5344], [14.2314, 52.5349], [14.2359, 52.5343]]], [[[14.3857, 52.5259], [14.389, 52.5222], [14.3882, 52.5208], [14.3884, 52.5167], [14.3877, 52.5148], [14.3822, 52.5134], [14.3782, 52.5096], [14.3738, 52.509], [14.372, 52.5092], [14.3665, 52.514], [14.3635, 52.5145], [14.3622, 52.5122], [14.3637, 52.5082], [14.3628, 52.5068], [14.3593, 52.5062], [14.3576, 52.5041], [14.3577, 52.5028], [14.356, 52.5016], [14.3539, 52.5016], [14.3495, 52.5023], [14.3459, 52.5052], [14.3464, 52.5084], [14.3476, 52.5096], [14.3517, 52.5105], [14.3522, 52.5121], [14.3518, 52.514], [14.3504, 52.5146], [14.3475, 52.5142], [14.3479, 52.5152], [14.3469, 52.5162], [14.3413, 52.5145], [14.3367, 52.5114], [14.3345, 52.5085], [14.3295, 52.506], [14.3274, 52.5054], [14.3256, 52.506], [14.3243, 52.5082], [14.3247, 52.5105], [14.3235, 52.5137], [14.3158, 52.5176], [14.3141, 52.5202], [14.3145, 52.5231], [14.3138, 52.5244], [14.3082, 52.5275], [14.3207, 52.5263], [14.3219, 52.5236], [14.3186, 52.5209], [14.3188, 52.5176], [14.3261, 52.5138], [14.3283, 52.5135], [14.332, 52.5154], [14.3397, 52.5163], [14.3476, 52.519], [14.349, 52.5217], [14.3525, 52.5228], [14.3577, 52.5313], [14.36, 52.5306], [14.3619, 52.5273], [14.3665, 52.5251], [14.3696, 52.5255], [14.3714, 52.5267], [14.3727, 52.5278], [14.3735, 52.5301], [14.3796, 52.531], [14.3829, 52.5255], [14.3857, 52.5259]]]], "type": "MultiPolygon"}, "properties": {"BEMERKUNG": null, "GEN_ID": 1025, "GL_ID": 260.0, "SYM_NR": "309", "feature_kind": "soil_unit", "general_unit_de": "Fahlerden und Braunerde-Fahlerden mit Fahlerde-Braunerden aus Decksand \u00fcber Decklehm (Geschiebelehm) und tiefem Geschiebemergel", "general_unit_en": "Fahlerden and brown soil-Fahlerden with Fahlerde-brown soils from Decksand over Decklehm (glacial till loam) and tiefem glacial till marl", "lead_horizon_count": 5.0, "lead_profile_de": "Normfahlerde", "lead_profile_en": "Normfahlerde", "legend_unit_de": "Fahlerden und Fahlerde-Braunerden aus lehmigem Decksand \u00fcber Decklehm und tiefem Geschiebemergel und Parabraunerden aus Lehmflie\u00dferde \u00fcber Geschiebemergel", "legend_unit_en": "Fahlerden and Fahlerde-brown soils from lehmigem Decksand over Decklehm and tiefem glacial till marl and luvisoln from Lehmflie\u00dferde over glacial till marl", "parent_material_code": "3.1.2.2", "parent_material_de": "Geschiebemergel mit sandiger Deckschicht", "parent_material_en": "Glacial till marl with sandiger Deckschicht", "profile_count": 6.0, "profile_summary_de": "Normfahlerde | 6 Profile | 5 Horizonte im Leitprofil", "profile_summary_en": "Normfahlerde | 6 profiles | 5 horizons in lead profile", "semantic_source": "sqlite-buek250-v10", "semantic_version": "buek250-soil-semantics-v1", "soil_group_de": "Lessiv\u00e9s", "soil_group_en": "Luvisols", "soil_group_key": "luvisols", "soil_label_de": "Fahlerden und Fahlerde-Braunerden aus lehmigem Decksand \u00fcber Decklehm und tiefem Geschiebemergel und Parabraunerden aus Lehmflie\u00dferde \u00fcber Geschiebemergel", "soil_label_en": "Fahlerden and Fahlerde-brown soils from lehmigem Decksand over Decklehm and tiefem glacial till marl and luvisoln from Lehmflie\u00dferde over glacial till marl", "soil_type_primary_de": "Lessiv\u00e9s", "soil_type_primary_en": "Luvisols", "soil_type_secondary_de": "Braunerden", "soil_type_secondary_en": "Brown soils", "soil_type_tertiary_de": null, "soil_type_tertiary_en": null, "source_note_de": null, "source_note_en": null, "special_area_kind": null}, "type": "Feature"}, {"geometry": {"coordinates": [[[14.6147, 52.5809], [14.6211, 52.5759], [14.6221, 52.5719], [14.6245, 52.5709], [14.6264, 52.5661], [14.6255, 52.5613], [14.624, 52.5615], [14.6252, 52.5669], [14.6217, 52.5715], [14.6212, 52.5742], [14.6154, 52.5785], [14.6135, 52.5808], [14.6135, 52.5855], [14.6148, 52.5843], [14.6147, 52.5809]]], "type": "Polygon"}, "properties": {"BEMERKUNG": "Vorflutkanal", "GEN_ID": null, "GL_ID": null, "SYM_NR": null, "feature_kind": "water_area", "general_unit_de": null, "general_unit_en": null, "lead_horizon_count": null, "lead_profile_de": null, "lead_profile_en": null, "legend_unit_de": null, "legend_unit_en": null, "parent_material_code": null, "parent_material_de": null, "parent_material_en": null, "profile_count": null, "profile_summary_de": null, "profile_summary_en": null, "semantic_source": "raw-buek250-feature", "semantic_version": "buek250-soil-semantics-v1", "soil_group_de": "Gew\u00e4sser", "soil_group_en": "Water area", "soil_group_key": "water-area", "soil_label_de": "Vorflutkanal", "soil_label_en": "Vorflutkanal", "soil_type_primary_de": null, "soil_type_primary_en": null, "soil_type_secondary_de": null, "soil_type_secondary_en": null, "soil_type_tertiary_de": null, "soil_type_tertiary_en": null, "source_note_de": "Vorflutkanal", "source_note_en": "Vorflutkanal", "special_area_kind": "water_area"}, "type": "Feature"}, {"geometry": {"coordinates": [[[[14.4265, 52.4375], [14.4341, 52.438], [14.4347, 52.4391], [14.4328, 52.4413], [14.4331, 52.4423], [14.435, 52.4434], [14.4372, 52.4434], [14.4381, 52.4429], [14.4372, 52.4408], [14.4428, 52.4398], [14.4439, 52.4387], [14.4442, 52.4368], [14.441, 52.4363], [14.4376, 52.4314], [14.4379, 52.4296], [14.4329, 52.4265], [14.4299, 52.4275], [14.4258, 52.4275], [14.4127, 52.4299], [14.4091, 52.4318], [14.4056, 52.4323], [14.3951, 52.43], [14.3917, 52.4266], [14.3883, 52.4266], [14.3886, 52.4253], [14.3983, 52.419], [14.4003, 52.4157], [14.4091, 52.4123], [14.4082, 52.4119], [14.3973, 52.4095], [14.3781, 52.4076], [14.3746, 52.4055], [14.374, 52.4036], [14.3724, 52.406], [14.3631, 52.4095], [14.3626, 52.4113], [14.3634, 52.4126], [14.3661, 52.4135], [14.3699, 52.4133], [14.3709, 52.416], [14.3772, 52.4157], [14.3787, 52.4169], [14.3784, 52.4183], [14.3756, 52.4213], [14.3768, 52.4241], [14.3764, 52.4271], [14.377, 52.4286], [14.3796, 52.4308], [14.3824, 52.4311], [14.3843, 52.4323], [14.3941, 52.4408], [14.3935, 52.446], [14.3977, 52.4424], [14.4016, 52.4433], [14.4064, 52.4412], [14.4077, 52.4419], [14.407, 52.4441], [14.4076, 52.4449], [14.4138, 52.4465], [14.4118, 52.4432], [14.412, 52.4409], [14.4265, 52.4375]]], [[[14.507, 52.3934], [14.5046, 52.396], [14.4993, 52.3979], [14.4981, 52.4006], [14.496, 52.4019], [14.4932, 52.4013], [14.4924, 52.3991], [14.49, 52.4002], [14.4901, 52.4021], [14.4867, 52.4025], [14.4958, 52.4048], [14.5035, 52.4088], [14.513, 52.4079], [14.5193, 52.4054], [14.5229, 52.4069], [14.5259, 52.4068], [14.5249, 52.4009], [14.5219, 52.4023], [14.5156, 52.4029], [14.5122, 52.4048], [14.5099, 52.4044], [14.5083, 52.403], [14.5091, 52.402], [14.5145, 52.4011], [14.5146, 52.4003], [14.5134, 52.3997], [14.5085, 52.4002], [14.5068, 52.3991], [14.5078, 52.3978], [14.5131, 52.3954], [14.5153, 52.3921], [14.5111, 52.3919], [14.4973, 52.3946], [14.507, 52.3934]]], [[[14.4836, 52.3975], [14.4873, 52.3967], [14.49, 52.3976], [14.4911, 52.3973], [14.493, 52.3949], [14.4807, 52.3969], [14.4836, 52.3975]]], [[[14.4759, 52.399], [14.4783, 52.3989], [14.48, 52.397], [14.4735, 52.3979], [14.4759, 52.399]]], [[[14.5244, 52.4329], [14.5244, 52.4297], [14.527, 52.4272], [14.5246, 52.4234], [14.5242, 52.42], [14.5243, 52.4182], [14.5268, 52.4134], [14.5292, 52.4135], [14.5315, 52.4153], [14.5313, 52.4181], [14.5288, 52.4228], [14.5296, 52.4241], [14.5355, 52.4243], [14.536, 52.4197], [14.538, 52.4178], [14.5363, 52.4106], [14.532, 52.4045], [14.5288, 52.403], [14.5297, 52.4057], [14.5291, 52.4078], [14.5277, 52.4091], [14.5239, 52.4092], [14.5179, 52.4081], [14.514, 52.4098], [14.508, 52.4097], [14.5063, 52.414], [14.5037, 52.4169], [14.5048, 52.4193], [14.5069, 52.4207], [14.5104, 52.4207], [14.5129, 52.422], [14.5129, 52.4238], [14.5116, 52.4262], [14.5064, 52.4288], [14.5111, 52.4312], [14.5131, 52.4346], [14.5189, 52.435], [14.5199, 52.4357], [14.5244, 52.4329]]], [[[14.5703, 52.4951], [14.5676, 52.4944], [14.5676, 52.4916], [14.5665, 52.4902], [14.5651, 52.4902], [14.5639, 52.4914], [14.5556, 52.4914], [14.5495, 52.4894], [14.5462, 52.4868], [14.5466, 52.4858], [14.548, 52.4853], [14.5539, 52.4858], [14.5562, 52.4847], [14.5622, 52.4856], [14.5652, 52.4839], [14.5643, 52.4822], [14.5605, 52.4811], [14.5552, 52.4816], [14.5511, 52.4794], [14.5492, 52.4792], [14.5436, 52.4806], [14.5417, 52.4819], [14.54, 52.4809], [14.5402, 52.4787], [14.5331, 52.4753], [14.5279, 52.4745], [14.522, 52.4713], [14.5269, 52.468], [14.5273, 52.4662], [14.5262, 52.4647], [14.5227, 52.4676], [14.5197, 52.4686], [14.5107, 52.4676], [14.5067, 52.4687], [14.5068, 52.4694], [14.5188, 52.473], [14.523, 52.4734], [14.5247, 52.4747], [14.5236, 52.4758], [14.5352, 52.4817], [14.5464, 52.4912], [14.5603, 52.497], [14.56, 52.498], [14.5631, 52.4998], [14.5631, 52.4991], [14.5743, 52.4995], [14.5795, 52.5007], [14.5813, 52.5001], [14.5821, 52.4987], [14.574, 52.4981], [14.5703, 52.4951]]], [[[14.3436, 52.5001], [14.3427, 52.4994], [14.343, 52.4962], [14.3369, 52.4963], [14.3334, 52.4977], [14.3296, 52.5029], [14.3315, 52.5046], [14.3348, 52.5055], [14.3345, 52.5067], [14.3415, 52.5116], [14.3465, 52.5128], [14.3475, 52.5142], [14.3504, 52.5146], [14.3518, 52.514], [14.3517, 52.5105], [14.3476, 52.5096], [14.3458, 52.5069], [14.3459, 52.5052], [14.3495, 52.5023], [14.3539, 52.5016], [14.3533, 52.5013], [14.3538, 52.5009], [14.3507, 52.4997], [14.3436, 52.5001]]], [[[14.4177, 52.5166], [14.4207, 52.5157], [14.4259, 52.5133], [14.4293, 52.5084], [14.4308, 52.508], [14.4332, 52.5095], [14.4389, 52.5059], [14.4385, 52.5027], [14.4396, 52.4997], [14.4453, 52.4942], [14.4423, 52.4928], [14.4375, 52.492], [14.4375, 52.4908], [14.4431, 52.4899], [14.4459, 52.4881], [14.4467, 52.4837], [14.45, 52.4804], [14.4505, 52.4756], [14.4546, 52.4721], [14.4556, 52.4705], [14.4552, 52.4695], [14.4525, 52.4683], [14.4492, 52.4701], [14.4399, 52.4707], [14.4398, 52.4718], [14.4422, 52.4736], [14.4447, 52.4772], [14.4445, 52.4788], [14.4384, 52.4818], [14.4354, 52.4816], [14.4346, 52.484], [14.4273, 52.4869], [14.4257, 52.4901], [14.4227, 52.4926], [14.4232, 52.4951], [14.4242, 52.496], [14.424, 52.4974], [14.4208, 52.4995], [14.419, 52.5028], [14.4101, 52.5029], [14.4085, 52.5049], [14.4067, 52.5057], [14.4042, 52.5104], [14.4006, 52.5093], [14.3974, 52.511], [14.3974, 52.5119], [14.3998, 52.5138], [14.3968, 52.5168], [14.3997, 52.5178], [14.3992, 52.5213], [14.4055, 52.5264], [14.4148, 52.5157], [14.4177, 52.5166]]], [[[14.1803, 52.5523], [14.1715, 52.5535], [14.1679, 52.5532], [14.1664, 52.5515], [14.167, 52.5488], [14.1693, 52.5473], [14.1684, 52.5459], [14.1698, 52.5455], [14.1727, 52.5425], [14.1767, 52.5432], [14.1812, 52.5416], [14.1825, 52.5418], [14.1837, 52.5435], [14.1859, 52.5423], [14.1856, 52.5408], [14.1775, 52.5391], [14.1688, 52.5393], [14.1686, 52.5404], [14.1624, 52.5444], [14.1619, 52.5479], [14.1608, 52.5485], [14.1588, 52.5459], [14.1543, 52.5466], [14.1538, 52.5456], [14.1514, 52.5448], [14.15, 52.5454], [14.1507, 52.5473], [14.1593, 52.5531], [14.1597, 52.5553], [14.1678, 52.5566], [14.174, 52.5558], [14.1748, 52.5572], [14.178, 52.5586], [14.1797, 52.5622], [14.1813, 52.5637], [14.1823, 52.5585], [14.1796, 52.5574], [14.1786, 52.5553], [14.1803, 52.5523]]], [[[14.0539, 52.5918], [14.0534, 52.5907], [14.0548, 52.5879], [14.0457, 52.5844], [14.0445, 52.5848], [14.0441, 52.5862], [14.046, 52.5879], [14.0436, 52.5895], [14.0404, 52.5893], [14.039, 52.5909], [14.0394, 52.592], [14.0412, 52.5928], [14.047, 52.5932], [14.0518, 52.5915], [14.0539, 52.5918]]], [[[14.1463, 52.657], [14.1488, 52.6551], [14.1465, 52.6536], [14.1417, 52.653], [14.1335, 52.6555], [14.1273, 52.6559], [14.1352, 52.6599], [14.1357, 52.6617], [14.1373, 52.663], [14.1388, 52.6626], [14.1417, 52.6585], [14.1439, 52.657], [14.1463, 52.657]]], [[[14.0542, 52.6907], [14.0541, 52.6887], [14.05, 52.6886], [14.0492, 52.687], [14.0479, 52.6865], [14.0461, 52.6886], [14.0388, 52.6888], [14.0371, 52.6909], [14.0391, 52.6919], [14.0474, 52.6933], [14.0542, 52.6907]]]], "type": "MultiPolygon"}, "properties": {"BEMERKUNG": null, "GEN_ID": 1024, "GL_ID": 260.0, "SYM_NR": "78", "feature_kind": "soil_unit", "general_unit_de": "Fahlerden und Braunerde-Fahlerden mit Fahlerde-Braunerden aus Decksand \u00fcber Decklehm (Geschiebelehm) und tiefem Geschiebemergel", "general_unit_en": "Fahlerden and brown soil-Fahlerden with Fahlerde-brown soils from Decksand over Decklehm (glacial till loam) and tiefem glacial till marl", "lead_horizon_count": 5.0, "lead_profile_de": "Braunerde-Fahlerde", "lead_profile_en": "Brown soil-Fahlerde", "legend_unit_de": "Braunerde-Fahlerden und Fahlerden aus lehmigem Decksand \u00fcber Decklehm und tiefem Geschiebemergel vergesellschaftet mit Pararendzinen aus Geschiebemergel", "legend_unit_en": "Brown soil-Fahlerden and Fahlerden from lehmigem Decksand over Decklehm and tiefem glacial till marl vergesellschaftet with Pararendzinen from glacial till marl", "parent_material_code": "3.1.2.2", "parent_material_de": "Geschiebemergel mit sandiger Deckschicht", "parent_material_en": "Glacial till marl with sandiger Deckschicht", "profile_count": 5.0, "profile_summary_de": "Braunerde-Fahlerde | 5 Profile | 5 Horizonte im Leitprofil", "profile_summary_en": "Brown soil-Fahlerde | 5 profiles | 5 horizons in lead profile", "semantic_source": "sqlite-buek250-v10", "semantic_version": "buek250-soil-semantics-v1", "soil_group_de": "Lessiv\u00e9s", "soil_group_en": "Luvisols", "soil_group_key": "luvisols", "soil_label_de": "Braunerde-Fahlerden und Fahlerden aus lehmigem Decksand \u00fcber Decklehm und tiefem Geschiebemergel vergesellschaftet mit Pararendzinen aus Geschiebemergel", "soil_label_en": "Brown soil-Fahlerden and Fahlerden from lehmigem Decksand over Decklehm and tiefem glacial till marl vergesellschaftet with Pararendzinen from glacial till marl", "soil_type_primary_de": "Lessiv\u00e9s", "soil_type_primary_en": "Luvisols", "soil_type_secondary_de": "Ah/C-B\u00f6den", "soil_type_secondary_en": "Ah/C soils", "soil_type_tertiary_de": null, "soil_type_tertiary_en": null, "source_note_de": null, "source_note_en": null, "special_area_kind": null}, "type": "Feature"}, {"geometry": {"coordinates": [[[[14.3757, 52.3962], [14.3749, 52.395], [14.3713, 52.394], [14.3687, 52.3914], [14.3666, 52.3933], [14.3669, 52.3956], [14.3713, 52.3985], [14.3714, 52.3969], [14.3703, 52.3961], [14.3725, 52.3951], [14.3757, 52.3962]]], [[[14.4885, 52.4174], [14.4907, 52.4164], [14.4927, 52.4138], [14.5069, 52.4098], [14.514, 52.4098], [14.5179, 52.4081], [14.5239, 52.4092], [14.5277, 52.4091], [14.5291, 52.4078], [14.5297, 52.4057], [14.5287, 52.4034], [14.5287, 52.4005], [14.5266, 52.3989], [14.5252, 52.3996], [14.5251, 52.4034], [14.5261, 52.4061], [14.5254, 52.4071], [14.5229, 52.4069], [14.5193, 52.4054], [14.513, 52.4079], [14.5045, 52.4088], [14.4958, 52.4048], [14.4878, 52.4032], [14.4861, 52.4021], [14.4844, 52.3993], [14.4828, 52.3993], [14.4821, 52.4006], [14.4838, 52.4044], [14.4947, 52.4061], [14.4982, 52.4093], [14.4925, 52.4109], [14.489, 52.4109], [14.4846, 52.4152], [14.4804, 52.4142], [14.4789, 52.4147], [14.4681, 52.4224], [14.4656, 52.427], [14.4671, 52.4272], [14.4696, 52.4238], [14.4749, 52.4218], [14.4781, 52.4198], [14.4796, 52.4176], [14.4885, 52.4174]]], [[[14.4242, 52.4183], [14.4214, 52.4157], [14.4071, 52.4095], [14.4023, 52.4081], [14.3844, 52.4058], [14.3845, 52.4051], [14.3883, 52.4043], [14.3884, 52.4024], [14.3872, 52.4015], [14.3856, 52.4016], [14.3827, 52.4043], [14.381, 52.4047], [14.3792, 52.4027], [14.3788, 52.3996], [14.3762, 52.3966], [14.3766, 52.3998], [14.3722, 52.4002], [14.3725, 52.4017], [14.3741, 52.4028], [14.3785, 52.4021], [14.3805, 52.4051], [14.3807, 52.4067], [14.378, 52.4072], [14.3742, 52.404], [14.3746, 52.4055], [14.3768, 52.4071], [14.3973, 52.4095], [14.4082, 52.4119], [14.4154, 52.4158], [14.4212, 52.4202], [14.4272, 52.4222], [14.4348, 52.4278], [14.4354, 52.4265], [14.4381, 52.4267], [14.4329, 52.4224], [14.4343, 52.4222], [14.4377, 52.4239], [14.4427, 52.4302], [14.4412, 52.4282], [14.4406, 52.4255], [14.4334, 52.4211], [14.4242, 52.4183]], [[14.4153, 52.4136], [14.416, 52.4143], [14.4138, 52.4147], [14.4123, 52.4133], [14.413, 52.4123], [14.4153, 52.4136]]], [[[14.4379, 52.4296], [14.4379, 52.4306], [14.4386, 52.4296], [14.4368, 52.4289], [14.4379, 52.4296]]], [[[14.4403, 52.4351], [14.4404, 52.4351], [14.4399, 52.434], [14.4383, 52.4323], [14.4403, 52.4351]]], [[[14.4586, 52.4357], [14.4451, 52.4333], [14.443, 52.4366], [14.4485, 52.4373], [14.4449, 52.4359], [14.4463, 52.4351], [14.4509, 52.4351], [14.4581, 52.4363], [14.4619, 52.4393], [14.4635, 52.4391], [14.4586, 52.4357]]], [[[14.377, 52.4486], [14.3739, 52.4446], [14.3726, 52.4444], [14.371, 52.4455], [14.3672, 52.4417], [14.364, 52.4416], [14.3643, 52.443], [14.3713, 52.4503], [14.3724, 52.4545], [14.3744, 52.454], [14.377, 52.4486]], [[14.3711, 52.4469], [14.3724, 52.4488], [14.3735, 52.4491], [14.3743, 52.452], [14.373, 52.4519], [14.3727, 52.4505], [14.3692, 52.4471], [14.3697, 52.4465], [14.3711, 52.4469]]], [[[14.2526, 52.4735], [14.2586, 52.4764], [14.2599, 52.4809], [14.2609, 52.4807], [14.2634, 52.4771], [14.2631, 52.4745], [14.2621, 52.4733], [14.2624, 52.4717], [14.2598, 52.47], [14.2586, 52.4701], [14.258, 52.471], [14.2589, 52.4726], [14.252, 52.471], [14.2498, 52.4718], [14.2479, 52.4739], [14.2526, 52.4735]], [[14.2527, 52.4724], [14.2539, 52.4719], [14.259, 52.4739], [14.2612, 52.4734], [14.2627, 52.4759], [14.2611, 52.4764], [14.2527, 52.4724]]], [[[14.1234, 52.6457], [14.1201, 52.646], [14.121, 52.6449], [14.1247, 52.6445], [14.1239, 52.6457], [14.1296, 52.6471], [14.1319, 52.6462], [14.1249, 52.6456], [14.1256, 52.6445], [14.1295, 52.6454], [14.1314, 52.6445], [14.1223, 52.6442], [14.1188, 52.6459], [14.1196, 52.6467], [14.1157, 52.6492], [14.1134, 52.6499], [14.1155, 52.6475], [14.113, 52.6489], [14.1089, 52.647], [14.1037, 52.6479], [14.1029, 52.6449], [14.104, 52.6403], [14.0971, 52.6358], [14.0941, 52.6356], [14.0946, 52.6367], [14.0997, 52.6392], [14.101, 52.6428], [14.1001, 52.6469], [14.1009, 52.6492], [14.1033, 52.6499], [14.1084, 52.6492], [14.1142, 52.6513], [14.1234, 52.6457]]], [[[14.1322, 52.6461], [14.1382, 52.6429], [14.1428, 52.6416], [14.1489, 52.6374], [14.1567, 52.6368], [14.1554, 52.6357], [14.1549, 52.6329], [14.1437, 52.6376], [14.1358, 52.6384], [14.1275, 52.6363], [14.1236, 52.6325], [14.1217, 52.632], [14.1211, 52.6342], [14.1241, 52.6354], [14.1212, 52.638], [14.1215, 52.6388], [14.1295, 52.6384], [14.1366, 52.6396], [14.1374, 52.6411], [14.1331, 52.6438], [14.1337, 52.645], [14.1319, 52.6462], [14.1322, 52.6461]]], [[[14.1116, 52.6601], [14.1211, 52.6578], [14.125, 52.6553], [14.1318, 52.6558], [14.1417, 52.653], [14.1465, 52.6536], [14.148, 52.6548], [14.1499, 52.6551], [14.1509, 52.6504], [14.1492, 52.6523], [14.1405, 52.6514], [14.1293, 52.6539], [14.1234, 52.6534], [14.1102, 52.6585], [14.1031, 52.6597], [14.0988, 52.6596], [14.0942, 52.6611], [14.0919, 52.6609], [14.0915, 52.6584], [14.0881, 52.6569], [14.0893, 52.6564], [14.0888, 52.6555], [14.0899, 52.6553], [14.0893, 52.6549], [14.0865, 52.6542], [14.0847, 52.653], [14.0816, 52.6543], [14.0827, 52.6559], [14.0881, 52.6575], [14.0856, 52.6601], [14.0859, 52.6616], [14.0896, 52.6632], [14.1116, 52.6601]]], [[[14.0853, 52.6933], [14.0852, 52.6917], [14.0816, 52.6892], [14.081, 52.6862], [14.0869, 52.6846], [14.0946, 52.6812], [14.0981, 52.6809], [14.107, 52.6821], [14.12, 52.6846], [14.1197, 52.6857], [14.1158, 52.6869], [14.1169, 52.6875], [14.1216, 52.6868], [14.1261, 52.6882], [14.1406, 52.6896], [14.1423, 52.6895], [14.1432, 52.6885], [14.1427, 52.6877], [14.1383, 52.687], [14.1287, 52.6862], [14.1223, 52.6828], [14.0951, 52.6792], [14.0835, 52.684], [14.076, 52.6855], [14.0774, 52.6867], [14.0742, 52.6886], [14.0754, 52.6915], [14.0743, 52.6931], [14.0745, 52.6939], [14.0779, 52.6931], [14.0795, 52.6942], [14.0839, 52.694], [14.0853, 52.6933]]]], "type": "MultiPolygon"}, "properties": {"BEMERKUNG": null, "GEN_ID": 1026, "GL_ID": 50.0, "SYM_NR": "169", "feature_kind": "soil_unit", "general_unit_de": "Humusgleye und Gleye mit Anmoorgleyen aus Flusssand (oder Niederungssand) und Erdniedermoore \u00fcber Flusssand", "general_unit_en": "Humusgley soils and gley soils with Anmoorgley soilsn from Flusssand (oder lowland sand) and Erdfens over Flusssand", "lead_horizon_count": 4.0, "lead_profile_de": "Normgley", "lead_profile_en": "Typical gley", "legend_unit_de": "Gleye, Humusgleye und Anmoorgleye aus Fluss- oder Niederungssand vergesellschaftet mit Erdniedermooren \u00fcber Flusssand", "legend_unit_en": "Gley soils, Humusgley soils and Anmoorgley soils from Fluss- oder lowland sand vergesellschaftet with Erdfensn over Flusssand", "parent_material_code": "2.1.1.2", "parent_material_de": "Flusssand und Niedermoortorf", "parent_material_en": "Flusssand and fen peat", "profile_count": 5.0, "profile_summary_de": "Normgley | 5 Profile | 4 Horizonte im Leitprofil", "profile_summary_en": "Typical gley | 5 profiles | 4 horizons in lead profile", "semantic_source": "sqlite-buek250-v10", "semantic_version": "buek250-soil-semantics-v1", "soil_group_de": "Gleye", "soil_group_en": "Gley soils", "soil_group_key": "gley-soils", "soil_label_de": "Gleye, Humusgleye und Anmoorgleye aus Fluss- oder Niederungssand vergesellschaftet mit Erdniedermooren \u00fcber Flusssand", "soil_label_en": "Gley soils, Humusgley soils and Anmoorgley soils from Fluss- oder lowland sand vergesellschaftet with Erdfensn over Flusssand", "soil_type_primary_de": "Gleye", "soil_type_primary_en": "Gley soils", "soil_type_secondary_de": "Niedermoore", "soil_type_secondary_en": "Fens", "soil_type_tertiary_de": null, "soil_type_tertiary_en": null, "source_note_de": null, "source_note_en": null, "special_area_kind": null}, "type": "Feature"}, {"geometry": {"coordinates": [[[[14.4878, 52.6423], [14.4904, 52.6432], [14.4923, 52.6428], [14.494, 52.6416], [14.4936, 52.6388], [14.4989, 52.6381], [14.5005, 52.6371], [14.5012, 52.6345], [14.4983, 52.6319], [14.4979, 52.6288], [14.4969, 52.6286], [14.4943, 52.6287], [14.4905, 52.6304], [14.4899, 52.6318], [14.4946, 52.6323], [14.4898, 52.6345], [14.4868, 52.6346], [14.4817, 52.6333], [14.4767, 52.6336], [14.4752, 52.6347], [14.475, 52.6337], [14.4718, 52.6336], [14.4704, 52.6345], [14.4738, 52.6367], [14.4746, 52.6393], [14.476, 52.6393], [14.478, 52.6375], [14.4793, 52.6377], [14.4812, 52.6396], [14.4799, 52.6426], [14.4813, 52.6446], [14.4838, 52.6431], [14.4834, 52.6405], [14.4842, 52.6398], [14.4878, 52.6423]]], [[[14.2277, 52.6978], [14.231, 52.6948], [14.2409, 52.6894], [14.2425, 52.6878], [14.2411, 52.6845], [14.2378, 52.6836], [14.229, 52.6858], [14.2234, 52.689], [14.2202, 52.6923], [14.2173, 52.6929], [14.2152, 52.6957], [14.2153, 52.7001], [14.2145, 52.7016], [14.2277, 52.6978]]], [[[14.2284, 52.7159], [14.226, 52.7143], [14.2206, 52.7133], [14.2178, 52.714], [14.2162, 52.7161], [14.217, 52.7196], [14.218, 52.7208], [14.2208, 52.7215], [14.2311, 52.727], [14.2325, 52.7271], [14.2327, 52.7248], [14.2348, 52.7226], [14.2294, 52.7195], [14.2317, 52.7163], [14.2314, 52.7155], [14.2284, 52.7159]]]], "type": "MultiPolygon"}, "properties": {"BEMERKUNG": null, "GEN_ID": 1018, "GL_ID": 143.0, "SYM_NR": "59", "feature_kind": "soil_unit", "general_unit_de": "Vega-Gleye aus Auenlehm, -schluff oder -ton \u00fcber Auensand mit Vega-Gley-Pseudogleyen aus Auenton \u00fcber Auensand", "general_unit_en": "Vega-gley soils from floodplain loam, -schluff oder -ton over floodplain sand with Vega-gley-pseudogley soilsn from Auenton over floodplain sand", "lead_horizon_count": 5.0, "lead_profile_de": "Vega-Gley", "lead_profile_en": "Vega-gley", "legend_unit_de": "Vega-Gleye aus Auenlehm, -schluff oder flachem Ton \u00fcber Auensand vergesellschaftet mit Erd- Niedermooren \u00fcber Auensand", "legend_unit_en": "Vega-gley soils from floodplain loam, -schluff oder flachem Ton over floodplain sand vergesellschaftet with Erd- fensn over floodplain sand", "parent_material_code": "2.1.3.4", "parent_material_de": "Auenlehm und Auenton", "parent_material_en": "Floodplain loam and Auenton", "profile_count": 4.0, "profile_summary_de": "Vega-Gley | 4 Profile | 5 Horizonte im Leitprofil", "profile_summary_en": "Vega-gley | 4 profiles | 5 horizons in lead profile", "semantic_source": "sqlite-buek250-v10", "semantic_version": "buek250-soil-semantics-v1", "soil_group_de": "Gleye", "soil_group_en": "Gley soils", "soil_group_key": "gley-soils", "soil_label_de": "Vega-Gleye aus Auenlehm, -schluff oder flachem Ton \u00fcber Auensand vergesellschaftet mit Erd- Niedermooren \u00fcber Auensand", "soil_label_en": "Vega-gley soils from floodplain loam, -schluff oder flachem Ton over floodplain sand vergesellschaftet with Erd- fensn over floodplain sand", "soil_type_primary_de": "Gleye", "soil_type_primary_en": "Gley soils", "soil_type_secondary_de": "Niedermoore", "soil_type_secondary_en": "Fens", "soil_type_tertiary_de": null, "soil_type_tertiary_en": null, "source_note_de": null, "source_note_en": null, "special_area_kind": null}, "type": "Feature"}, {"geometry": {"coordinates": [[[14.3725, 52.3951], [14.3703, 52.3961], [14.3714, 52.3969], [14.372, 52.3999], [14.373, 52.4003], [14.3766, 52.3998], [14.3758, 52.3962], [14.3725, 52.3951]]], "type": "Polygon"}, "properties": {"BEMERKUNG": "Gro\u00dfer Trepliner See", "GEN_ID": null, "GL_ID": null, "SYM_NR": null, "feature_kind": "water_area", "general_unit_de": null, "general_unit_en": null, "lead_horizon_count": null, "lead_profile_de": null, "lead_profile_en": null, "legend_unit_de": null, "legend_unit_en": null, "parent_material_code": null, "parent_material_de": null, "parent_material_en": null, "profile_count": null, "profile_summary_de": null, "profile_summary_en": null, "semantic_source": "raw-buek250-feature", "semantic_version": "buek250-soil-semantics-v1", "soil_group_de": "Gew\u00e4sser", "soil_group_en": "Water area", "soil_group_key": "water-area", "soil_label_de": "Gro\u00dfer Trepliner See", "soil_label_en": "Gro\u00dfer Trepliner See", "soil_type_primary_de": null, "soil_type_primary_en": null, "soil_type_secondary_de": null, "soil_type_secondary_en": null, "soil_type_tertiary_de": null, "soil_type_tertiary_en": null, "source_note_de": "Gro\u00dfer Trepliner See", "source_note_en": "Gro\u00dfer Trepliner See", "special_area_kind": "water_area"}, "type": "Feature"}, {"geometry": {"coordinates": [[[[14.1159, 52.5659], [14.1171, 52.5651], [14.1179, 52.5611], [14.1192, 52.5596], [14.1233, 52.5587], [14.1258, 52.5592], [14.1246, 52.5575], [14.1213, 52.5567], [14.1185, 52.5573], [14.1153, 52.5548], [14.1156, 52.554], [14.1204, 52.5528], [14.1227, 52.5484], [14.124, 52.5485], [14.1259, 52.5511], [14.1284, 52.5506], [14.128, 52.5484], [14.1259, 52.5466], [14.1169, 52.5436], [14.1181, 52.5452], [14.1155, 52.5454], [14.1141, 52.5447], [14.1156, 52.5434], [14.1046, 52.5412], [14.103, 52.5416], [14.1024, 52.5436], [14.0987, 52.547], [14.0887, 52.5477], [14.0747, 52.5447], [14.0657, 52.5406], [14.064, 52.5417], [14.0639, 52.5432], [14.0669, 52.547], [14.0672, 52.5494], [14.059, 52.5518], [14.0597, 52.5587], [14.0614, 52.5601], [14.0601, 52.562], [14.0612, 52.5628], [14.0613, 52.5639], [14.06, 52.5651], [14.0623, 52.5649], [14.0615, 52.5664], [14.0626, 52.5698], [14.0694, 52.5726], [14.0691, 52.5755], [14.0733, 52.5782], [14.0751, 52.5756], [14.0783, 52.5747], [14.0782, 52.5728], [14.0768, 52.5718], [14.0734, 52.5729], [14.0714, 52.5718], [14.0717, 52.5708], [14.0749, 52.5697], [14.0742, 52.5643], [14.0754, 52.5618], [14.0746, 52.5603], [14.0659, 52.5575], [14.0647, 52.5555], [14.0655, 52.5544], [14.0706, 52.5541], [14.0722, 52.5489], [14.0733, 52.5484], [14.0764, 52.5497], [14.0775, 52.5524], [14.0853, 52.5549], [14.0851, 52.5565], [14.0796, 52.5565], [14.0824, 52.5575], [14.0853, 52.5603], [14.089, 52.5625], [14.0882, 52.5635], [14.0816, 52.5659], [14.0817, 52.5671], [14.0833, 52.5685], [14.0868, 52.5686], [14.0927, 52.5646], [14.0955, 52.5647], [14.1014, 52.568], [14.0997, 52.5698], [14.0948, 52.5715], [14.0954, 52.5729], [14.1013, 52.5728], [14.112, 52.5745], [14.1127, 52.5754], [14.1109, 52.5765], [14.1133, 52.579], [14.1177, 52.5785], [14.1206, 52.5772], [14.1218, 52.5761], [14.1159, 52.5659]], [[14.1077, 52.5541], [14.1099, 52.552], [14.1117, 52.5522], [14.1135, 52.5538], [14.1106, 52.5554], [14.1085, 52.5554], [14.1077, 52.5541]], [[14.1138, 52.5506], [14.1147, 52.5504], [14.1178, 52.5519], [14.1154, 52.5529], [14.1132, 52.5517], [14.1138, 52.5506]], [[14.0639, 52.5622], [14.0624, 52.561], [14.0653, 52.5583], [14.0657, 52.5599], [14.0639, 52.5622]], [[14.0674, 52.5685], [14.0672, 52.5663], [14.0703, 52.5645], [14.0722, 52.5652], [14.0717, 52.5676], [14.0683, 52.569], [14.0674, 52.5685]]], [[[14.3405, 52.5745], [14.3411, 52.5714], [14.3404, 52.5698], [14.3364, 52.5694], [14.3333, 52.5669], [14.3327, 52.5689], [14.3304, 52.5689], [14.3297, 52.5699], [14.3286, 52.5699], [14.3256, 52.5679], [14.3222, 52.5674], [14.3177, 52.5655], [14.3172, 52.5646], [14.3199, 52.5637], [14.3234, 52.5643], [14.3236, 52.5649], [14.3224, 52.5655], [14.3248, 52.5662], [14.327, 52.5652], [14.3321, 52.5662], [14.3207, 52.5624], [14.3213, 52.5615], [14.3258, 52.5616], [14.3289, 52.5599], [14.3363, 52.5629], [14.3442, 52.5627], [14.3481, 52.5654], [14.3502, 52.566], [14.3599, 52.564], [14.3727, 52.5644], [14.37, 52.5629], [14.3583, 52.5617], [14.3522, 52.5599], [14.3309, 52.5566], [14.3116, 52.5557], [14.3022, 52.5569], [14.3124, 52.5644], [14.3149, 52.5676], [14.3179, 52.5688], [14.3226, 52.5687], [14.3311, 52.5721], [14.3305, 52.5707], [14.3311, 52.5696], [14.3385, 52.5715], [14.3399, 52.5737], [14.3384, 52.5743], [14.3365, 52.5733], [14.3365, 52.5752], [14.3348, 52.5761], [14.3322, 52.5753], [14.3348, 52.5765], [14.3394, 52.5757], [14.3405, 52.5745]]], [[[14.2327, 52.5969], [14.2329, 52.5948], [14.2359, 52.5942], [14.236, 52.5928], [14.2429, 52.5869], [14.2489, 52.5839], [14.2572, 52.5824], [14.2607, 52.5784], [14.2628, 52.5745], [14.2653, 52.5732], [14.2745, 52.5766], [14.2785, 52.5766], [14.2902, 52.5799], [14.2918, 52.58], [14.296, 52.5783], [14.301, 52.5788], [14.3054, 52.5774], [14.3124, 52.5782], [14.3138, 52.5778], [14.3141, 52.5767], [14.306, 52.568], [14.3017, 52.5604], [14.2991, 52.5581], [14.2978, 52.5543], [14.2925, 52.5532], [14.2934, 52.5559], [14.2917, 52.5572], [14.2711, 52.5632], [14.2659, 52.5667], [14.2518, 52.57], [14.2473, 52.573], [14.2438, 52.5766], [14.2365, 52.5805], [14.2226, 52.5913], [14.2095, 52.5987], [14.2202, 52.5993], [14.2327, 52.5969]]], [[[14.1915, 52.6018], [14.1935, 52.5994], [14.1959, 52.6007], [14.1991, 52.6011], [14.2037, 52.5998], [14.1999, 52.5996], [14.1948, 52.5941], [14.1897, 52.5918], [14.1821, 52.5865], [14.1762, 52.5841], [14.1731, 52.5785], [14.1708, 52.5764], [14.1539, 52.5708], [14.1445, 52.5689], [14.1429, 52.5689], [14.1392, 52.5712], [14.1364, 52.5712], [14.1328, 52.5695], [14.1251, 52.5636], [14.1247, 52.5612], [14.1199, 52.562], [14.1195, 52.5641], [14.1217, 52.5659], [14.1205, 52.5686], [14.1209, 52.5704], [14.1252, 52.5748], [14.1294, 52.5757], [14.1311, 52.5753], [14.132, 52.5734], [14.1338, 52.5727], [14.1375, 52.5726], [14.1402, 52.5735], [14.1429, 52.573], [14.1444, 52.5746], [14.1442, 52.5756], [14.1392, 52.5766], [14.1388, 52.5781], [14.1401, 52.5787], [14.1465, 52.578], [14.1554, 52.5816], [14.1572, 52.5816], [14.1575, 52.5806], [14.1505, 52.5754], [14.1509, 52.5746], [14.1529, 52.5749], [14.1625, 52.5798], [14.1627, 52.5852], [14.1666, 52.5904], [14.1738, 52.5935], [14.1741, 52.5994], [14.1849, 52.6028], [14.1915, 52.6018]], [[14.1831, 52.593], [14.188, 52.5929], [14.1927, 52.5952], [14.1904, 52.5958], [14.1831, 52.593]]], [[[14.1697, 52.6051], [14.1695, 52.605], [14.17, 52.6055], [14.1716, 52.6056], [14.1697, 52.6051]]], [[[14.1336, 52.715], [14.1324, 52.7064], [14.1363, 52.7005], [14.1369, 52.6982], [14.1396, 52.6965], [14.1478, 52.6956], [14.1508, 52.6934], [14.1499, 52.684], [14.152, 52.6776], [14.1522, 52.6744], [14.1541, 52.6716], [14.1543, 52.6651], [14.1559, 52.6627], [14.1623, 52.6586], [14.1633, 52.6551], [14.1628, 52.653], [14.1585, 52.6496], [14.157, 52.6451], [14.1576, 52.6418], [14.161, 52.64], [14.1678, 52.6391], [14.1696, 52.6377], [14.172, 52.6345], [14.1734, 52.6302], [14.1773, 52.626], [14.1813, 52.6248], [14.1861, 52.6264], [14.1897, 52.6266], [14.1918, 52.6259], [14.1926, 52.6254], [14.1931, 52.6231], [14.1928, 52.6187], [14.1951, 52.6183], [14.198, 52.6191], [14.2007, 52.6179], [14.2, 52.6162], [14.1895, 52.6135], [14.1873, 52.6107], [14.183, 52.6099], [14.1825, 52.609], [14.18, 52.6079], [14.1771, 52.6074], [14.1701, 52.6084], [14.1687, 52.606], [14.1643, 52.6037], [14.1564, 52.5956], [14.158, 52.5949], [14.1667, 52.6012], [14.171, 52.5996], [14.1699, 52.5951], [14.1645, 52.5924], [14.1602, 52.5888], [14.1566, 52.589], [14.1532, 52.5871], [14.1522, 52.5861], [14.1527, 52.5831], [14.1521, 52.5824], [14.1498, 52.5824], [14.149, 52.584], [14.1441, 52.5828], [14.1414, 52.5833], [14.1371, 52.5814], [14.1354, 52.579], [14.1261, 52.5767], [14.1248, 52.5781], [14.1126, 52.5816], [14.1116, 52.5825], [14.1169, 52.5827], [14.127, 52.5795], [14.133, 52.5809], [14.1415, 52.5853], [14.1487, 52.5864], [14.1522, 52.5913], [14.1514, 52.5982], [14.1561, 52.6022], [14.158, 52.6091], [14.1624, 52.6111], [14.1596, 52.6129], [14.1597, 52.614], [14.1571, 52.6184], [14.1546, 52.6206], [14.1502, 52.6219], [14.1566, 52.6219], [14.1596, 52.6242], [14.1556, 52.6263], [14.1548, 52.6283], [14.1554, 52.6357], [14.1573, 52.6377], [14.1543, 52.6415], [14.1519, 52.6462], [14.1476, 52.6686], [14.1428, 52.6686], [14.1394, 52.6701], [14.1385, 52.6738], [14.1391, 52.6756], [14.1336, 52.6777], [14.1324, 52.6812], [14.1279, 52.6859], [14.1427, 52.6877], [14.1432, 52.6888], [14.1406, 52.6896], [14.1261, 52.6882], [14.1261, 52.6916], [14.1237, 52.694], [14.1181, 52.6974], [14.1161, 52.7], [14.1239, 52.6981], [14.1308, 52.695], [14.137, 52.6955], [14.1361, 52.6963], [14.1283, 52.6976], [14.123, 52.7004], [14.1149, 52.702], [14.1106, 52.7074], [14.1107, 52.7104], [14.1125, 52.7119], [14.1242, 52.7163], [14.1303, 52.7173], [14.1322, 52.7151], [14.1336, 52.715]]], [[[14.1196, 52.7174], [14.1191, 52.7159], [14.1178, 52.7151], [14.1073, 52.7124], [14.1063, 52.7131], [14.106, 52.715], [14.1078, 52.7184], [14.1042, 52.7197], [14.1039, 52.7216], [14.1063, 52.7254], [14.1116, 52.7264], [14.1177, 52.7287], [14.1274, 52.7241], [14.1293, 52.7205], [14.1264, 52.7185], [14.1196, 52.7174]]], [[[14.114, 52.7314], [14.1154, 52.7323], [14.1158, 52.7312], [14.1153, 52.7303], [14.1074, 52.7279], [14.1032, 52.7291], [14.1015, 52.7319], [14.0997, 52.7323], [14.0986, 52.7313], [14.0985, 52.73], [14.1001, 52.7283], [14.1003, 52.727], [14.0989, 52.7254], [14.0971, 52.7255], [14.0957, 52.7261], [14.0934, 52.7303], [14.0929, 52.7329], [14.0906, 52.7372], [14.0888, 52.738], [14.095, 52.7391], [14.1005, 52.7422], [14.1001, 52.7406], [14.1007, 52.7386], [14.1036, 52.7353], [14.111, 52.7316], [14.114, 52.7314]]], [[[14.0883, 52.7408], [14.0847, 52.7438], [14.0829, 52.7467], [14.1004, 52.7475], [14.1043, 52.7489], [14.1046, 52.747], [14.1038, 52.7463], [14.0913, 52.7399], [14.0883, 52.7408]]], [[[14.0855, 52.7495], [14.0824, 52.749], [14.0811, 52.7515], [14.0745, 52.7546], [14.0714, 52.7573], [14.0697, 52.7599], [14.0686, 52.7602], [14.0758, 52.7628], [14.082, 52.7682], [14.0847, 52.7684], [14.0984, 52.7611], [14.0992, 52.7584], [14.0983, 52.7535], [14.1017, 52.7507], [14.1012, 52.7493], [14.0855, 52.7495]]]], "type": "MultiPolygon"}, "properties": {"BEMERKUNG": null, "GEN_ID": 1033, "GL_ID": 351.0, "SYM_NR": "549", "feature_kind": "soil_unit", "general_unit_de": "Braunerden und Podsol-Braunerden mit Gley-Braunerden aus (Decksand \u00fcber) Niederungssand (Flusssand)", "general_unit_en": "Brown soils and Podsol-brown soils with gley-brown soils from (Decksand over) lowland sand (Flusssand)", "lead_horizon_count": 6.0, "lead_profile_de": "Normbraunerde", "lead_profile_en": "Typical brown soil", "legend_unit_de": "Braunerden und Podsol-Braunerden mit Gley-Braunerden aus Decksand \u00fcber Niederungssand", "legend_unit_en": "Brown soils and Podsol-brown soils with gley-brown soils from Decksand over lowland sand", "parent_material_code": "3.4.1.1", "parent_material_de": "Niederungssand", "parent_material_en": "Lowland sand", "profile_count": 6.0, "profile_summary_de": "Normbraunerde | 6 Profile | 6 Horizonte im Leitprofil", "profile_summary_en": "Typical brown soil | 6 profiles | 6 horizons in lead profile", "semantic_source": "sqlite-buek250-v10", "semantic_version": "buek250-soil-semantics-v1", "soil_group_de": "Braunerden", "soil_group_en": "Brown soils", "soil_group_key": "brown-soils", "soil_label_de": "Braunerden und Podsol-Braunerden mit Gley-Braunerden aus Decksand \u00fcber Niederungssand", "soil_label_en": "Brown soils and Podsol-brown soils with gley-brown soils from Decksand over lowland sand", "soil_type_primary_de": "Braunerden", "soil_type_primary_en": "Brown soils", "soil_type_secondary_de": null, "soil_type_secondary_en": null, "soil_type_tertiary_de": null, "soil_type_tertiary_en": null, "source_note_de": null, "source_note_en": null, "special_area_kind": null}, "type": "Feature"}, {"geometry": {"coordinates": [[[14.3771, 52.407], [14.3807, 52.4067], [14.3805, 52.4051], [14.3785, 52.4021], [14.375, 52.4022], [14.3739, 52.4032], [14.3771, 52.407]]], "type": "Polygon"}, "properties": {"BEMERKUNG": "Kleiner Trepliner See", "GEN_ID": null, "GL_ID": null, "SYM_NR": null, "feature_kind": "water_area", "general_unit_de": null, "general_unit_en": null, "lead_horizon_count": null, "lead_profile_de": null, "lead_profile_en": null, "legend_unit_de": null, "legend_unit_en": null, "parent_material_code": null, "parent_material_de": null, "parent_material_en": null, "profile_count": null, "profile_summary_de": null, "profile_summary_en": null, "semantic_source": "raw-buek250-feature", "semantic_version": "buek250-soil-semantics-v1", "soil_group_de": "Gew\u00e4sser", "soil_group_en": "Water area", "soil_group_key": "water-area", "soil_label_de": "Kleiner Trepliner See", "soil_label_en": "Kleiner Trepliner See", "soil_type_primary_de": null, "soil_type_primary_en": null, "soil_type_secondary_de": null, "soil_type_secondary_en": null, "soil_type_tertiary_de": null, "soil_type_tertiary_en": null, "source_note_de": "Kleiner Trepliner See", "source_note_en": "Kleiner Trepliner See", "special_area_kind": "water_area"}, "type": "Feature"}, {"geometry": {"coordinates": [[[13.9921, 52.4679], [13.9963, 52.4672], [13.9949, 52.4684], [13.9988, 52.4734], [14.0006, 52.4741], [14.0, 52.4755], [14.0025, 52.4772], [14.005, 52.4772], [14.0041, 52.4793], [14.0046, 52.4806], [14.0106, 52.4847], [14.0152, 52.4841], [14.0136, 52.4819], [14.0098, 52.4791], [14.0097, 52.4775], [14.0074, 52.4779], [14.0061, 52.4773], [14.0072, 52.476], [14.0073, 52.4742], [14.0046, 52.4729], [14.0067, 52.4721], [14.0009, 52.4689], [13.999, 52.4695], [13.999, 52.4677], [13.9974, 52.465], [13.9937, 52.4641], [13.9877, 52.4655], [13.9921, 52.4679]]], "type": "Polygon"}, "properties": {"BEMERKUNG": "Maxsee", "GEN_ID": null, "GL_ID": null, "SYM_NR": null, "feature_kind": "water_area", "general_unit_de": null, "general_unit_en": null, "lead_horizon_count": null, "lead_profile_de": null, "lead_profile_en": null, "legend_unit_de": null, "legend_unit_en": null, "parent_material_code": null, "parent_material_de": null, "parent_material_en": null, "profile_count": null, "profile_summary_de": null, "profile_summary_en": null, "semantic_source": "raw-buek250-feature", "semantic_version": "buek250-soil-semantics-v1", "soil_group_de": "Gew\u00e4sser", "soil_group_en": "Water area", "soil_group_key": "water-area", "soil_label_de": "Maxsee", "soil_label_en": "Maxsee", "soil_type_primary_de": null, "soil_type_primary_en": null, "soil_type_secondary_de": null, "soil_type_secondary_en": null, "soil_type_tertiary_de": null, "soil_type_tertiary_en": null, "source_note_de": "Maxsee", "source_note_en": "Maxsee", "special_area_kind": "water_area"}, "type": "Feature"}, {"geometry": {"coordinates": [[[14.106, 52.5188], [14.1047, 52.5187], [14.1038, 52.5199], [14.1011, 52.5204], [14.1013, 52.5189], [14.1032, 52.5175], [14.1012, 52.5157], [14.1004, 52.5168], [14.1013, 52.5176], [14.0977, 52.5204], [14.1006, 52.5214], [14.1063, 52.5197], [14.106, 52.5188]]], "type": "Polygon"}, "properties": {"BEMERKUNG": "Gro\u00dfer Schlagenthinsee", "GEN_ID": null, "GL_ID": null, "SYM_NR": null, "feature_kind": "water_area", "general_unit_de": null, "general_unit_en": null, "lead_horizon_count": null, "lead_profile_de": null, "lead_profile_en": null, "legend_unit_de": null, "legend_unit_en": null, "parent_material_code": null, "parent_material_de": null, "parent_material_en": null, "profile_count": null, "profile_summary_de": null, "profile_summary_en": null, "semantic_source": "raw-buek250-feature", "semantic_version": "buek250-soil-semantics-v1", "soil_group_de": "Gew\u00e4sser", "soil_group_en": "Water area", "soil_group_key": "water-area", "soil_label_de": "Gro\u00dfer Schlagenthinsee", "soil_label_en": "Gro\u00dfer Schlagenthinsee", "soil_type_primary_de": null, "soil_type_primary_en": null, "soil_type_secondary_de": null, "soil_type_secondary_en": null, "soil_type_tertiary_de": null, "soil_type_tertiary_en": null, "source_note_de": "Gro\u00dfer Schlagenthinsee", "source_note_en": "Gro\u00dfer Schlagenthinsee", "special_area_kind": "water_area"}, "type": "Feature"}, {"geometry": {"coordinates": [[[13.9474, 52.5395], [13.9475, 52.5413], [13.9496, 52.5412], [13.9495, 52.54], [13.948, 52.5391], [13.9474, 52.5395]]], "type": "Polygon"}, "properties": {"BEMERKUNG": "Brandseee", "GEN_ID": null, "GL_ID": null, "SYM_NR": null, "feature_kind": "water_area", "general_unit_de": null, "general_unit_en": null, "lead_horizon_count": null, "lead_profile_de": null, "lead_profile_en": null, "legend_unit_de": null, "legend_unit_en": null, "parent_material_code": null, "parent_material_de": null, "parent_material_en": null, "profile_count": null, "profile_summary_de": null, "profile_summary_en": null, "semantic_source": "raw-buek250-feature", "semantic_version": "buek250-soil-semantics-v1", "soil_group_de": "Gew\u00e4sser", "soil_group_en": "Water area", "soil_group_key": "water-area", "soil_label_de": "Brandseee", "soil_label_en": "Brandseee", "soil_type_primary_de": null, "soil_type_primary_en": null, "soil_type_secondary_de": null, "soil_type_secondary_en": null, "soil_type_tertiary_de": null, "soil_type_tertiary_en": null, "source_note_de": "Brandseee", "source_note_en": "Brandseee", "special_area_kind": "water_area"}, "type": "Feature"}, {"geometry": {"coordinates": [[[14.0802, 52.5352], [14.0804, 52.5365], [14.0833, 52.5369], [14.082, 52.5347], [14.0802, 52.5352]]], "type": "Polygon"}, "properties": {"BEMERKUNG": "Papillensee", "GEN_ID": null, "GL_ID": null, "SYM_NR": null, "feature_kind": "water_area", "general_unit_de": null, "general_unit_en": null, "lead_horizon_count": null, "lead_profile_de": null, "lead_profile_en": null, "legend_unit_de": null, "legend_unit_en": null, "parent_material_code": null, "parent_material_de": null, "parent_material_en": null, "profile_count": null, "profile_summary_de": null, "profile_summary_en": null, "semantic_source": "raw-buek250-feature", "semantic_version": "buek250-soil-semantics-v1", "soil_group_de": "Gew\u00e4sser", "soil_group_en": "Water area", "soil_group_key": "water-area", "soil_label_de": "Papillensee", "soil_label_en": "Papillensee", "soil_type_primary_de": null, "soil_type_primary_en": null, "soil_type_secondary_de": null, "soil_type_secondary_en": null, "soil_type_tertiary_de": null, "soil_type_tertiary_en": null, "source_note_de": "Papillensee", "source_note_en": "Papillensee", "special_area_kind": "water_area"}, "type": "Feature"}, {"geometry": {"coordinates": [[[14.0765, 52.5381], [14.0771, 52.5393], [14.0813, 52.5375], [14.078, 52.5366], [14.0765, 52.5381]]], "type": "Polygon"}, "properties": {"BEMERKUNG": "Kleiner D\u00e4bersee", "GEN_ID": null, "GL_ID": null, "SYM_NR": null, "feature_kind": "water_area", "general_unit_de": null, "general_unit_en": null, "lead_horizon_count": null, "lead_profile_de": null, "lead_profile_en": null, "legend_unit_de": null, "legend_unit_en": null, "parent_material_code": null, "parent_material_de": null, "parent_material_en": null, "profile_count": null, "profile_summary_de": null, "profile_summary_en": null, "semantic_source": "raw-buek250-feature", "semantic_version": "buek250-soil-semantics-v1", "soil_group_de": "Gew\u00e4sser", "soil_group_en": "Water area", "soil_group_key": "water-area", "soil_label_de": "Kleiner D\u00e4bersee", "soil_label_en": "Kleiner D\u00e4bersee", "soil_type_primary_de": null, "soil_type_primary_en": null, "soil_type_secondary_de": null, "soil_type_secondary_en": null, "soil_type_tertiary_de": null, "soil_type_tertiary_en": null, "source_note_de": "Kleiner D\u00e4bersee", "source_note_en": "Kleiner D\u00e4bersee", "special_area_kind": "water_area"}, "type": "Feature"}, {"geometry": {"coordinates": [[[14.0943, 52.5385], [14.0916, 52.5388], [14.0921, 52.5406], [14.095, 52.5403], [14.0943, 52.5385]]], "type": "Polygon"}, "properties": {"BEMERKUNG": "Kirchensee", "GEN_ID": null, "GL_ID": null, "SYM_NR": null, "feature_kind": "water_area", "general_unit_de": null, "general_unit_en": null, "lead_horizon_count": null, "lead_profile_de": null, "lead_profile_en": null, "legend_unit_de": null, "legend_unit_en": null, "parent_material_code": null, "parent_material_de": null, "parent_material_en": null, "profile_count": null, "profile_summary_de": null, "profile_summary_en": null, "semantic_source": "raw-buek250-feature", "semantic_version": "buek250-soil-semantics-v1", "soil_group_de": "Gew\u00e4sser", "soil_group_en": "Water area", "soil_group_key": "water-area", "soil_label_de": "Kirchensee", "soil_label_en": "Kirchensee", "soil_type_primary_de": null, "soil_type_primary_en": null, "soil_type_secondary_de": null, "soil_type_secondary_en": null, "soil_type_tertiary_de": null, "soil_type_tertiary_en": null, "source_note_de": "Kirchensee", "source_note_en": "Kirchensee", "special_area_kind": "water_area"}, "type": "Feature"}, {"geometry": {"coordinates": [[[14.3012, 52.4124], [14.2982, 52.4134], [14.3014, 52.415], [14.3086, 52.4168], [14.3095, 52.4191], [14.3111, 52.4194], [14.3119, 52.4188], [14.3122, 52.4162], [14.3103, 52.4164], [14.3012, 52.4124]]], "type": "Polygon"}, "properties": {"BEMERKUNG": "Gabelsee", "GEN_ID": null, "GL_ID": null, "SYM_NR": null, "feature_kind": "water_area", "general_unit_de": null, "general_unit_en": null, "lead_horizon_count": null, "lead_profile_de": null, "lead_profile_en": null, "legend_unit_de": null, "legend_unit_en": null, "parent_material_code": null, "parent_material_de": null, "parent_material_en": null, "profile_count": null, "profile_summary_de": null, "profile_summary_en": null, "semantic_source": "raw-buek250-feature", "semantic_version": "buek250-soil-semantics-v1", "soil_group_de": "Gew\u00e4sser", "soil_group_en": "Water area", "soil_group_key": "water-area", "soil_label_de": "Gabelsee", "soil_label_en": "Gabelsee", "soil_type_primary_de": null, "soil_type_primary_en": null, "soil_type_secondary_de": null, "soil_type_secondary_en": null, "soil_type_tertiary_de": null, "soil_type_tertiary_en": null, "source_note_de": "Gabelsee", "source_note_en": "Gabelsee", "special_area_kind": "water_area"}, "type": "Feature"}, {"geometry": {"coordinates": [[[14.3166, 52.417], [14.3164, 52.418], [14.3211, 52.4184], [14.3215, 52.4193], [14.3234, 52.4195], [14.3239, 52.4212], [14.3213, 52.4217], [14.3214, 52.4229], [14.3246, 52.4236], [14.3276, 52.4228], [14.3268, 52.4217], [14.3244, 52.4213], [14.3276, 52.42], [14.3278, 52.4184], [14.3267, 52.4172], [14.3243, 52.4163], [14.3166, 52.417]]], "type": "Polygon"}, "properties": {"BEMERKUNG": "Schmielensee", "GEN_ID": null, "GL_ID": null, "SYM_NR": null, "feature_kind": "water_area", "general_unit_de": null, "general_unit_en": null, "lead_horizon_count": null, "lead_profile_de": null, "lead_profile_en": null, "legend_unit_de": null, "legend_unit_en": null, "parent_material_code": null, "parent_material_de": null, "parent_material_en": null, "profile_count": null, "profile_summary_de": null, "profile_summary_en": null, "semantic_source": "raw-buek250-feature", "semantic_version": "buek250-soil-semantics-v1", "soil_group_de": "Gew\u00e4sser", "soil_group_en": "Water area", "soil_group_key": "water-area", "soil_label_de": "Schmielensee", "soil_label_en": "Schmielensee", "soil_type_primary_de": null, "soil_type_primary_en": null, "soil_type_secondary_de": null, "soil_type_secondary_en": null, "soil_type_tertiary_de": null, "soil_type_tertiary_en": null, "source_note_de": "Schmielensee", "source_note_en": "Schmielensee", "special_area_kind": "water_area"}, "type": "Feature"}, {"geometry": {"coordinates": [[[14.3051, 52.4311], [14.3067, 52.4318], [14.3082, 52.4338], [14.3104, 52.4335], [14.3103, 52.4324], [14.3065, 52.4303], [14.3051, 52.4311]]], "type": "Polygon"}, "properties": {"BEMERKUNG": "Galgsee", "GEN_ID": null, "GL_ID": null, "SYM_NR": null, "feature_kind": "water_area", "general_unit_de": null, "general_unit_en": null, "lead_horizon_count": null, "lead_profile_de": null, "lead_profile_en": null, "legend_unit_de": null, "legend_unit_en": null, "parent_material_code": null, "parent_material_de": null, "parent_material_en": null, "profile_count": null, "profile_summary_de": null, "profile_summary_en": null, "semantic_source": "raw-buek250-feature", "semantic_version": "buek250-soil-semantics-v1", "soil_group_de": "Gew\u00e4sser", "soil_group_en": "Water area", "soil_group_key": "water-area", "soil_label_de": "Galgsee", "soil_label_en": "Galgsee", "soil_type_primary_de": null, "soil_type_primary_en": null, "soil_type_secondary_de": null, "soil_type_secondary_en": null, "soil_type_tertiary_de": null, "soil_type_tertiary_en": null, "source_note_de": "Galgsee", "source_note_en": "Galgsee", "special_area_kind": "water_area"}, "type": "Feature"}, {"geometry": {"coordinates": [[[14.4451, 52.4332], [14.4399, 52.4275], [14.4392, 52.425], [14.4332, 52.4222], [14.4331, 52.423], [14.4381, 52.4267], [14.435, 52.4267], [14.4349, 52.428], [14.4385, 52.4294], [14.4376, 52.4314], [14.441, 52.4363], [14.4436, 52.4363], [14.4451, 52.4332]]], "type": "Polygon"}, "properties": {"BEMERKUNG": "Hohenjesarscher See", "GEN_ID": null, "GL_ID": null, "SYM_NR": null, "feature_kind": "water_area", "general_unit_de": null, "general_unit_en": null, "lead_horizon_count": null, "lead_profile_de": null, "lead_profile_en": null, "legend_unit_de": null, "legend_unit_en": null, "parent_material_code": null, "parent_material_de": null, "parent_material_en": null, "profile_count": null, "profile_summary_de": null, "profile_summary_en": null, "semantic_source": "raw-buek250-feature", "semantic_version": "buek250-soil-semantics-v1", "soil_group_de": "Gew\u00e4sser", "soil_group_en": "Water area", "soil_group_key": "water-area", "soil_label_de": "Hohenjesarscher See", "soil_label_en": "Hohenjesarscher See", "soil_type_primary_de": null, "soil_type_primary_en": null, "soil_type_secondary_de": null, "soil_type_secondary_en": null, "soil_type_tertiary_de": null, "soil_type_tertiary_en": null, "source_note_de": "Hohenjesarscher See", "source_note_en": "Hohenjesarscher See", "special_area_kind": "water_area"}, "type": "Feature"}, {"geometry": {"coordinates": [[[14.4617, 52.4389], [14.4577, 52.4362], [14.4489, 52.435], [14.4449, 52.4359], [14.4482, 52.4371], [14.4518, 52.4396], [14.4555, 52.4391], [14.4581, 52.4407], [14.4616, 52.4396], [14.4617, 52.4389]]], "type": "Polygon"}, "properties": {"BEMERKUNG": "Aalkasten", "GEN_ID": null, "GL_ID": null, "SYM_NR": null, "feature_kind": "special_area", "general_unit_de": null, "general_unit_en": null, "lead_horizon_count": null, "lead_profile_de": null, "lead_profile_en": null, "legend_unit_de": null, "legend_unit_en": null, "parent_material_code": null, "parent_material_de": null, "parent_material_en": null, "profile_count": null, "profile_summary_de": null, "profile_summary_en": null, "semantic_source": "raw-buek250-feature", "semantic_version": "buek250-soil-semantics-v1", "soil_group_de": "Sonderfl\u00e4che", "soil_group_en": "Special area", "soil_group_key": "special-area", "soil_label_de": "Aalkasten", "soil_label_en": "Aalkasten", "soil_type_primary_de": null, "soil_type_primary_en": null, "soil_type_secondary_de": null, "soil_type_secondary_en": null, "soil_type_tertiary_de": null, "soil_type_tertiary_en": null, "source_note_de": "Aalkasten", "source_note_en": "Aalkasten", "special_area_kind": "special_area"}, "type": "Feature"}, {"geometry": {"coordinates": [[[[14.2985, 52.6599], [14.2988, 52.6567], [14.2967, 52.6553], [14.2971, 52.6543], [14.3001, 52.6505], [14.3011, 52.6466], [14.3094, 52.6369], [14.3102, 52.6355], [14.3096, 52.6348], [14.3064, 52.6362], [14.3027, 52.6397], [14.2992, 52.6404], [14.2958, 52.643], [14.2947, 52.6479], [14.2966, 52.6504], [14.296, 52.6521], [14.295, 52.6527], [14.2931, 52.6514], [14.2904, 52.651], [14.2905, 52.6492], [14.2916, 52.6479], [14.2909, 52.6475], [14.2826, 52.647], [14.2854, 52.6438], [14.2862, 52.6415], [14.2895, 52.6405], [14.2917, 52.6413], [14.2932, 52.6407], [14.2928, 52.6392], [14.2888, 52.6386], [14.2771, 52.6403], [14.2752, 52.6413], [14.2749, 52.6435], [14.2733, 52.644], [14.2625, 52.6425], [14.26, 52.643], [14.2568, 52.6462], [14.2534, 52.6478], [14.2531, 52.65], [14.2514, 52.6504], [14.2468, 52.6487], [14.2464, 52.6474], [14.247, 52.6459], [14.2618, 52.6381], [14.2694, 52.6367], [14.2705, 52.6359], [14.2645, 52.6321], [14.267, 52.6264], [14.2636, 52.6224], [14.2631, 52.6251], [14.2615, 52.6272], [14.2491, 52.6323], [14.2486, 52.6389], [14.2478, 52.6397], [14.2414, 52.6444], [14.2349, 52.6434], [14.2309, 52.644], [14.2296, 52.6462], [14.2239, 52.6511], [14.224, 52.6536], [14.223, 52.6544], [14.2231, 52.6555], [14.2244, 52.6561], [14.2344, 52.6577], [14.2353, 52.6599], [14.2365, 52.6607], [14.2392, 52.6618], [14.2411, 52.6616], [14.2416, 52.6605], [14.2457, 52.6578], [14.2557, 52.6573], [14.2556, 52.6553], [14.2538, 52.6539], [14.2551, 52.6513], [14.2582, 52.6496], [14.2584, 52.6479], [14.2594, 52.6471], [14.2639, 52.6454], [14.2673, 52.6455], [14.2683, 52.6475], [14.2638, 52.6483], [14.2631, 52.6488], [14.2641, 52.6507], [14.2604, 52.6522], [14.2608, 52.6538], [14.2626, 52.6555], [14.2649, 52.6554], [14.2709, 52.6526], [14.2775, 52.6527], [14.278, 52.6538], [14.2719, 52.6552], [14.2717, 52.6558], [14.2758, 52.6574], [14.2801, 52.6606], [14.287, 52.6628], [14.2926, 52.6623], [14.297, 52.6637], [14.2992, 52.6615], [14.2985, 52.6599]]], [[[14.5797, 52.4497], [14.5742, 52.4447], [14.5606, 52.4435], [14.5581, 52.4448], [14.5591, 52.4487], [14.5629, 52.4473], [14.5642, 52.4483], [14.565, 52.4499], [14.5643, 52.4521], [14.5654, 52.453], [14.5724, 52.4514], [14.5726, 52.4523], [14.5702, 52.4536], [14.571, 52.455], [14.5727, 52.455], [14.5766, 52.453], [14.5839, 52.4562], [14.585, 52.4552], [14.5845, 52.4523], [14.5797, 52.4497]]], [[[14.5619, 52.4633], [14.5621, 52.4586], [14.5585, 52.4535], [14.5564, 52.46], [14.5599, 52.4634], [14.56, 52.4674], [14.564, 52.4687], [14.5701, 52.4739], [14.5726, 52.4724], [14.573, 52.47], [14.5699, 52.4672], [14.5665, 52.467], [14.5657, 52.4637], [14.5619, 52.4633]]], [[[14.4825, 52.4785], [14.4844, 52.4769], [14.4902, 52.4759], [14.4912, 52.4749], [14.489, 52.4741], [14.4804, 52.4749], [14.471, 52.4788], [14.4701, 52.4807], [14.471, 52.4814], [14.4746, 52.4812], [14.4793, 52.4786], [14.4825, 52.4785]]], [[[14.5324, 52.5021], [14.5336, 52.5012], [14.5357, 52.496], [14.5344, 52.4949], [14.5241, 52.4983], [14.5228, 52.4936], [14.5256, 52.4929], [14.526, 52.4917], [14.5204, 52.4887], [14.5135, 52.4882], [14.5072, 52.4928], [14.5077, 52.4944], [14.5092, 52.4943], [14.5129, 52.4911], [14.5164, 52.4941], [14.5193, 52.4951], [14.5202, 52.4974], [14.5168, 52.4998], [14.519, 52.5026], [14.5212, 52.5022], [14.5232, 52.4993], [14.5324, 52.5021]]], [[[14.5853, 52.478], [14.5857, 52.4755], [14.5833, 52.4719], [14.5806, 52.4707], [14.5781, 52.4708], [14.5774, 52.4716], [14.5799, 52.4742], [14.58, 52.4778], [14.578, 52.4798], [14.5758, 52.4801], [14.5722, 52.4765], [14.5727, 52.479], [14.5802, 52.4914], [14.5821, 52.4987], [14.5864, 52.4991], [14.5874, 52.5], [14.5848, 52.5021], [14.5852, 52.5043], [14.5873, 52.5039], [14.5887, 52.5034], [14.5902, 52.5], [14.5886, 52.4982], [14.5877, 52.4937], [14.5857, 52.4919], [14.5826, 52.491], [14.5837, 52.4871], [14.5822, 52.4848], [14.5831, 52.4828], [14.58, 52.4813], [14.5805, 52.4798], [14.5853, 52.478]]], [[[14.4565, 52.5114], [14.4566, 52.5097], [14.4548, 52.5083], [14.4531, 52.5044], [14.451, 52.5027], [14.452, 52.5001], [14.4513, 52.4994], [14.449, 52.5001], [14.4463, 52.4995], [14.4455, 52.5002], [14.446, 52.5028], [14.4493, 52.5051], [14.4468, 52.5059], [14.4418, 52.5054], [14.4406, 52.5074], [14.442, 52.5089], [14.447, 52.5085], [14.4495, 52.5093], [14.4513, 52.5121], [14.4558, 52.5136], [14.4622, 52.5127], [14.4628, 52.512], [14.462, 52.5113], [14.4565, 52.5114]]], [[[14.4343, 52.5213], [14.4399, 52.5173], [14.4395, 52.5162], [14.4333, 52.5124], [14.4323, 52.509], [14.4308, 52.508], [14.4293, 52.5084], [14.4259, 52.5133], [14.4333, 52.5163], [14.4331, 52.5177], [14.4303, 52.519], [14.425, 52.5166], [14.4227, 52.5175], [14.4234, 52.52], [14.4265, 52.5222], [14.4276, 52.5226], [14.4295, 52.5212], [14.4343, 52.5213]]], [[[14.4864, 52.529], [14.4885, 52.528], [14.488, 52.5249], [14.4858, 52.5216], [14.4867, 52.5191], [14.4857, 52.5165], [14.4867, 52.5159], [14.4899, 52.5177], [14.4908, 52.5212], [14.4928, 52.5217], [14.4941, 52.5202], [14.4915, 52.5181], [14.4917, 52.5172], [14.4945, 52.5152], [14.4973, 52.5155], [14.5005, 52.5174], [14.5005, 52.519], [14.5062, 52.5211], [14.51, 52.5242], [14.5121, 52.5225], [14.5132, 52.5225], [14.5125, 52.5266], [14.5135, 52.527], [14.5183, 52.5226], [14.5215, 52.5234], [14.5215, 52.5226], [14.5229, 52.5224], [14.5282, 52.5239], [14.533, 52.5233], [14.5391, 52.5165], [14.5431, 52.515], [14.5447, 52.513], [14.5518, 52.5129], [14.5539, 52.5101], [14.557, 52.5105], [14.5601, 52.5086], [14.5643, 52.5079], [14.5656, 52.5063], [14.5645, 52.5059], [14.557, 52.5072], [14.5576, 52.5052], [14.5535, 52.5054], [14.551, 52.5031], [14.5507, 52.5005], [14.5496, 52.5], [14.5393, 52.5014], [14.5317, 52.5048], [14.5288, 52.5047], [14.5246, 52.5031], [14.5237, 52.5037], [14.5243, 52.505], [14.5297, 52.5073], [14.5333, 52.5075], [14.5344, 52.5085], [14.5323, 52.5103], [14.5236, 52.5143], [14.524, 52.5165], [14.5275, 52.5188], [14.5274, 52.5197], [14.5255, 52.5202], [14.5233, 52.519], [14.5218, 52.5165], [14.5157, 52.5149], [14.513, 52.5128], [14.5088, 52.5151], [14.5054, 52.5153], [14.5053, 52.5101], [14.5032, 52.5106], [14.5003, 52.5093], [14.4954, 52.5086], [14.489, 52.512], [14.4845, 52.5105], [14.4784, 52.5039], [14.4744, 52.5047], [14.4637, 52.5022], [14.4609, 52.5025], [14.4605, 52.5038], [14.4632, 52.5047], [14.4676, 52.5088], [14.47, 52.5099], [14.4728, 52.5092], [14.478, 52.5117], [14.4784, 52.5134], [14.4756, 52.5161], [14.4765, 52.5173], [14.4784, 52.5179], [14.4823, 52.5173], [14.4832, 52.518], [14.4832, 52.5203], [14.4819, 52.5223], [14.4819, 52.5255], [14.4778, 52.5261], [14.4756, 52.5273], [14.4749, 52.5304], [14.479, 52.5303], [14.484, 52.5272], [14.4864, 52.529]]], [[[14.5419, 52.5392], [14.544, 52.5351], [14.5474, 52.5345], [14.5479, 52.5334], [14.5471, 52.5319], [14.5483, 52.5306], [14.5548, 52.5298], [14.5569, 52.5287], [14.5572, 52.5277], [14.5553, 52.5271], [14.5519, 52.5289], [14.5479, 52.5275], [14.5463, 52.5279], [14.5447, 52.5297], [14.5371, 52.5334], [14.5358, 52.5371], [14.5339, 52.5385], [14.531, 52.5391], [14.5295, 52.5412], [14.5316, 52.5424], [14.5319, 52.5446], [14.5334, 52.5448], [14.5372, 52.5429], [14.5376, 52.5416], [14.5366, 52.5405], [14.5384, 52.5393], [14.5419, 52.5392]]], [[[14.5027, 52.5491], [14.5015, 52.5475], [14.4971, 52.546], [14.4959, 52.544], [14.5017, 52.5433], [14.5083, 52.5463], [14.5127, 52.5457], [14.5139, 52.5446], [14.5148, 52.5452], [14.515, 52.5468], [14.5204, 52.5474], [14.5213, 52.5462], [14.5201, 52.5438], [14.5237, 52.5421], [14.5239, 52.5404], [14.5214, 52.5398], [14.5206, 52.5383], [14.5188, 52.5381], [14.5179, 52.5369], [14.5182, 52.5358], [14.5219, 52.5343], [14.5253, 52.5344], [14.5261, 52.532], [14.5228, 52.5318], [14.5193, 52.533], [14.5158, 52.5317], [14.5129, 52.5316], [14.5103, 52.5329], [14.5089, 52.5347], [14.5121, 52.5374], [14.5117, 52.5395], [14.5057, 52.5407], [14.5047, 52.54], [14.5041, 52.5379], [14.5031, 52.5377], [14.5017, 52.5411], [14.4945, 52.5411], [14.4925, 52.5427], [14.4923, 52.5449], [14.4952, 52.5492], [14.5043, 52.5512], [14.5077, 52.5507], [14.5081, 52.5489], [14.5027, 52.5491]]], [[[14.5505, 52.5482], [14.5578, 52.543], [14.5625, 52.5431], [14.5652, 52.5409], [14.5623, 52.5416], [14.5513, 52.542], [14.5482, 52.5464], [14.5451, 52.548], [14.5419, 52.5478], [14.5401, 52.5503], [14.5368, 52.5516], [14.5354, 52.5513], [14.5335, 52.5531], [14.5335, 52.5543], [14.5404, 52.5557], [14.5415, 52.5563], [14.5408, 52.5578], [14.5429, 52.5575], [14.5432, 52.5558], [14.5421, 52.5545], [14.5421, 52.5529], [14.5442, 52.5504], [14.5505, 52.5482]]], [[[14.575, 52.5605], [14.5715, 52.5603], [14.5704, 52.5587], [14.5716, 52.5567], [14.5775, 52.5532], [14.5779, 52.5482], [14.5762, 52.546], [14.5723, 52.5454], [14.5664, 52.5493], [14.5619, 52.5493], [14.5588, 52.5503], [14.5557, 52.5495], [14.5542, 52.551], [14.5552, 52.5519], [14.5575, 52.552], [14.5652, 52.5504], [14.568, 52.5507], [14.5677, 52.5517], [14.5649, 52.5536], [14.5645, 52.555], [14.5647, 52.5629], [14.5654, 52.5634], [14.5682, 52.5629], [14.5686, 52.5636], [14.5671, 52.5663], [14.5677, 52.5676], [14.5728, 52.5656], [14.5757, 52.5618], [14.575, 52.5605]]], [[[14.5386, 52.5732], [14.5385, 52.5721], [14.5312, 52.571], [14.5313, 52.5696], [14.5303, 52.5689], [14.5225, 52.5731], [14.5215, 52.5723], [14.5216, 52.5706], [14.5241, 52.5671], [14.5228, 52.5666], [14.5198, 52.5685], [14.5178, 52.5721], [14.5142, 52.5729], [14.5214, 52.5775], [14.5253, 52.5762], [14.5255, 52.575], [14.5317, 52.5725], [14.5386, 52.5732]]], [[[14.5283, 52.5824], [14.5299, 52.5819], [14.5284, 52.5806], [14.5222, 52.5794], [14.5099, 52.5815], [14.5036, 52.5801], [14.5009, 52.5782], [14.4928, 52.577], [14.4911, 52.5776], [14.4932, 52.5799], [14.4971, 52.5805], [14.4998, 52.5827], [14.509, 52.583], [14.5136, 52.5852], [14.5156, 52.5849], [14.5175, 52.5827], [14.5212, 52.5816], [14.5283, 52.5824]]], [[[14.6221, 52.5719], [14.6211, 52.5759], [14.6147, 52.5809], [14.6148, 52.5846], [14.6269, 52.5788], [14.6242, 52.5762], [14.6244, 52.5729], [14.6237, 52.5712], [14.6221, 52.5719]]], [[[14.326, 52.6124], [14.329, 52.6125], [14.3251, 52.6081], [14.3254, 52.6061], [14.327, 52.604], [14.3264, 52.6009], [14.3204, 52.6058], [14.3144, 52.6085], [14.3144, 52.6134], [14.3227, 52.6133], [14.326, 52.6124]]], [[[14.5602, 52.5984], [14.5605, 52.6019], [14.5616, 52.6025], [14.5656, 52.6003], [14.567, 52.5983], [14.5699, 52.5975], [14.5703, 52.5964], [14.5661, 52.5964], [14.5639, 52.5955], [14.5601, 52.5966], [14.5537, 52.595], [14.5517, 52.5959], [14.5534, 52.5974], [14.5528, 52.5992], [14.5489, 52.599], [14.5472, 52.5956], [14.5478, 52.5928], [14.5487, 52.5921], [14.553, 52.5905], [14.5543, 52.5906], [14.5555, 52.593], [14.558, 52.593], [14.5593, 52.5917], [14.5591, 52.5874], [14.5584, 52.5867], [14.5569, 52.587], [14.5566, 52.5888], [14.5544, 52.5877], [14.5533, 52.5774], [14.5556, 52.5767], [14.5589, 52.5781], [14.563, 52.5774], [14.5683, 52.5798], [14.575, 52.581], [14.5753, 52.5796], [14.5715, 52.5743], [14.5702, 52.5747], [14.5696, 52.576], [14.5575, 52.5755], [14.5556, 52.5748], [14.5542, 52.5756], [14.5506, 52.5727], [14.5494, 52.5726], [14.5487, 52.5754], [14.5458, 52.5749], [14.5444, 52.5767], [14.5463, 52.5789], [14.5505, 52.5815], [14.5503, 52.5822], [14.5489, 52.5825], [14.5438, 52.5812], [14.541, 52.5841], [14.5366, 52.5863], [14.5358, 52.5875], [14.5297, 52.5874], [14.5292, 52.5883], [14.5299, 52.5904], [14.5273, 52.5896], [14.5255, 52.5902], [14.527, 52.592], [14.5315, 52.5933], [14.5347, 52.591], [14.5398, 52.5894], [14.5465, 52.5852], [14.5495, 52.5846], [14.5519, 52.5877], [14.5519, 52.5888], [14.5452, 52.5921], [14.5453, 52.5944], [14.5433, 52.5951], [14.544, 52.6005], [14.547, 52.6029], [14.5509, 52.6032], [14.5528, 52.6026], [14.5562, 52.5991], [14.5602, 52.5984]]], [[[14.2994, 52.6221], [14.3008, 52.6251], [14.302, 52.6252], [14.3031, 52.6243], [14.3031, 52.6213], [14.3041, 52.6201], [14.3037, 52.6182], [14.3059, 52.616], [14.3057, 52.6143], [14.3031, 52.6133], [14.3023, 52.6113], [14.3, 52.6095], [14.2956, 52.6105], [14.2959, 52.6118], [14.298, 52.6128], [14.3005, 52.6164], [14.299, 52.6185], [14.2892, 52.6186], [14.2852, 52.6198], [14.2782, 52.6206], [14.2774, 52.6219], [14.2756, 52.6227], [14.2701, 52.6223], [14.2707, 52.6251], [14.2725, 52.6264], [14.2746, 52.6266], [14.2814, 52.623], [14.2862, 52.6251], [14.288, 52.6277], [14.2902, 52.6281], [14.293, 52.6269], [14.2957, 52.6231], [14.2976, 52.6219], [14.2994, 52.6221]]], [[[14.5665, 52.6196], [14.5703, 52.619], [14.5716, 52.6198], [14.5741, 52.6189], [14.5829, 52.6105], [14.5898, 52.6064], [14.5897, 52.6038], [14.5909, 52.6027], [14.5921, 52.6026], [14.5906, 52.6037], [14.5904, 52.6051], [14.5912, 52.6058], [14.5923, 52.6051], [14.5922, 52.6025], [14.5953, 52.5977], [14.6002, 52.595], [14.5974, 52.5926], [14.5928, 52.594], [14.5918, 52.5916], [14.592, 52.5893], [14.5963, 52.5881], [14.6028, 52.5883], [14.6035, 52.5889], [14.6013, 52.5914], [14.6058, 52.5913], [14.6135, 52.5848], [14.6135, 52.5808], [14.6154, 52.5785], [14.6205, 52.5753], [14.6217, 52.5715], [14.623, 52.57], [14.6218, 52.5665], [14.6227, 52.5645], [14.6169, 52.563], [14.6155, 52.5644], [14.6169, 52.5656], [14.6162, 52.568], [14.6176, 52.5686], [14.6179, 52.57], [14.6163, 52.5723], [14.6106, 52.5756], [14.6053, 52.576], [14.6013, 52.5746], [14.6027, 52.5731], [14.6054, 52.5724], [14.6042, 52.569], [14.6102, 52.5651], [14.6102, 52.5611], [14.6097, 52.5597], [14.6081, 52.5594], [14.6036, 52.561], [14.6015, 52.5605], [14.5991, 52.5615], [14.5944, 52.5614], [14.593, 52.5596], [14.5957, 52.5577], [14.5962, 52.5563], [14.5905, 52.5564], [14.5918, 52.5548], [14.5993, 52.5514], [14.5999, 52.5504], [14.5977, 52.5483], [14.5956, 52.5478], [14.5961, 52.5439], [14.5922, 52.5376], [14.5927, 52.5349], [14.5963, 52.5336], [14.5964, 52.5322], [14.5917, 52.5323], [14.5851, 52.5307], [14.5803, 52.5327], [14.579, 52.5352], [14.5815, 52.5403], [14.58, 52.5426], [14.58, 52.5444], [14.5885, 52.5481], [14.5935, 52.5488], [14.5863, 52.5554], [14.5866, 52.5564], [14.5849, 52.5587], [14.5877, 52.5642], [14.591, 52.5657], [14.5945, 52.5646], [14.5958, 52.5659], [14.5936, 52.5684], [14.6004, 52.5715], [14.5983, 52.5727], [14.597, 52.5749], [14.5972, 52.577], [14.598, 52.5778], [14.6032, 52.579], [14.6072, 52.5776], [14.6114, 52.5773], [14.6136, 52.5791], [14.6128, 52.5805], [14.6107, 52.5817], [14.6017, 52.5852], [14.5945, 52.5856], [14.5897, 52.5875], [14.5876, 52.587], [14.588, 52.5852], [14.5849, 52.584], [14.575, 52.5856], [14.5743, 52.5864], [14.5744, 52.5889], [14.5768, 52.5906], [14.5806, 52.5907], [14.5842, 52.5952], [14.5829, 52.5977], [14.5799, 52.5956], [14.5774, 52.5955], [14.5752, 52.5997], [14.577, 52.6012], [14.5774, 52.6028], [14.5808, 52.6023], [14.5829, 52.603], [14.5836, 52.6045], [14.5814, 52.6056], [14.5815, 52.6082], [14.5788, 52.6089], [14.5731, 52.6051], [14.5699, 52.6044], [14.5696, 52.6057], [14.5734, 52.6091], [14.5733, 52.6109], [14.5702, 52.6121], [14.5677, 52.6142], [14.5592, 52.6162], [14.5584, 52.6173], [14.5591, 52.6199], [14.5586, 52.6205], [14.5553, 52.6209], [14.5494, 52.6197], [14.5469, 52.6212], [14.547, 52.6222], [14.5612, 52.6218], [14.5665, 52.6196]]], [[[14.5427, 52.6231], [14.545, 52.6224], [14.5448, 52.6212], [14.5429, 52.6207], [14.5333, 52.6214], [14.5311, 52.6224], [14.5296, 52.6262], [14.5353, 52.6216], [14.5427, 52.6231]]], [[[14.5309, 52.6322], [14.5309, 52.6335], [14.5294, 52.6341], [14.5307, 52.6344], [14.544, 52.6291], [14.5336, 52.6306], [14.5339, 52.6291], [14.5375, 52.6263], [14.5375, 52.6248], [14.5339, 52.625], [14.532, 52.6286], [14.5305, 52.6292], [14.5287, 52.6281], [14.5283, 52.6267], [14.5293, 52.6235], [14.5278, 52.625], [14.5238, 52.626], [14.5187, 52.6299], [14.5155, 52.6301], [14.51, 52.6291], [14.5084, 52.6279], [14.512, 52.6244], [14.5095, 52.6221], [14.51, 52.6194], [14.5146, 52.6188], [14.515, 52.6196], [14.5141, 52.6217], [14.517, 52.6221], [14.5186, 52.6212], [14.5228, 52.621], [14.5275, 52.6167], [14.5313, 52.6214], [14.5329, 52.6208], [14.5322, 52.6206], [14.5316, 52.6176], [14.5448, 52.615], [14.5552, 52.6151], [14.5576, 52.6132], [14.5535, 52.611], [14.5544, 52.6064], [14.5498, 52.6063], [14.54, 52.6035], [14.537, 52.6047], [14.5352, 52.6045], [14.5339, 52.6052], [14.5331, 52.6072], [14.5309, 52.6078], [14.5283, 52.6069], [14.527, 52.6045], [14.5249, 52.6047], [14.5239, 52.6058], [14.5246, 52.6073], [14.5328, 52.6109], [14.5355, 52.6099], [14.5356, 52.6081], [14.5368, 52.607], [14.5412, 52.6056], [14.546, 52.6081], [14.5494, 52.6087], [14.5497, 52.6105], [14.548, 52.6118], [14.5453, 52.61], [14.5416, 52.6125], [14.5377, 52.6119], [14.5342, 52.6148], [14.5264, 52.614], [14.5212, 52.6176], [14.5189, 52.6172], [14.5141, 52.6132], [14.5126, 52.6134], [14.5101, 52.6165], [14.5053, 52.6165], [14.5013, 52.6147], [14.5025, 52.6136], [14.5048, 52.6133], [14.5052, 52.6123], [14.5046, 52.6118], [14.4996, 52.612], [14.4968, 52.6135], [14.4942, 52.611], [14.4921, 52.6111], [14.4916, 52.6145], [14.4939, 52.616], [14.5019, 52.6169], [14.505, 52.6178], [14.5063, 52.6191], [14.5059, 52.6211], [14.5036, 52.6232], [14.504, 52.6241], [14.507, 52.6249], [14.5074, 52.6262], [14.4993, 52.6255], [14.5019, 52.6274], [14.5044, 52.6281], [14.5048, 52.6304], [14.506, 52.631], [14.5075, 52.6303], [14.5101, 52.6307], [14.5157, 52.6344], [14.5189, 52.6351], [14.5227, 52.6347], [14.5253, 52.6326], [14.5284, 52.6318], [14.5309, 52.6322]]], [[[14.3496, 52.6462], [14.3486, 52.6439], [14.3492, 52.6414], [14.3482, 52.6406], [14.3468, 52.6406], [14.3449, 52.6425], [14.3437, 52.6415], [14.3408, 52.6414], [14.3399, 52.6425], [14.3412, 52.6432], [14.3412, 52.6445], [14.3342, 52.6448], [14.3307, 52.6505], [14.3324, 52.6518], [14.3347, 52.6496], [14.3482, 52.6457], [14.3496, 52.6462]]], [[[14.399, 52.652], [14.4, 52.6485], [14.4016, 52.646], [14.4135, 52.6428], [14.4201, 52.6426], [14.4302, 52.6439], [14.43, 52.6418], [14.4342, 52.6395], [14.4353, 52.6368], [14.4338, 52.636], [14.4312, 52.6385], [14.4287, 52.6397], [14.4255, 52.638], [14.4229, 52.6376], [14.423, 52.6405], [14.4221, 52.6409], [14.4163, 52.6407], [14.4008, 52.6426], [14.3989, 52.6439], [14.3953, 52.6446], [14.3856, 52.6425], [14.3825, 52.6436], [14.3761, 52.6436], [14.3834, 52.6467], [14.3863, 52.6455], [14.3963, 52.6467], [14.3971, 52.6493], [14.3963, 52.6505], [14.3926, 52.6508], [14.3893, 52.6501], [14.387, 52.6511], [14.3835, 52.651], [14.3825, 52.6523], [14.3832, 52.6529], [14.399, 52.652]]], [[[14.234, 52.6659], [14.2345, 52.6646], [14.2298, 52.6606], [14.2289, 52.6589], [14.2224, 52.662], [14.2232, 52.6642], [14.222, 52.6662], [14.2305, 52.6741], [14.2371, 52.6726], [14.2362, 52.6709], [14.2314, 52.6669], [14.234, 52.6659]]], [[[14.1949, 52.6842], [14.2034, 52.6822], [14.2048, 52.6792], [14.2077, 52.6775], [14.2075, 52.6768], [14.2046, 52.6758], [14.2032, 52.6762], [14.2005, 52.6804], [14.1933, 52.6822], [14.1861, 52.6857], [14.1762, 52.6859], [14.1763, 52.688], [14.1795, 52.687], [14.1876, 52.6876], [14.1949, 52.6842]]], [[[14.4617, 52.6615], [14.4659, 52.6595], [14.4649, 52.659], [14.4672, 52.6578], [14.4682, 52.6577], [14.4667, 52.6589], [14.4722, 52.6566], [14.4749, 52.6533], [14.4777, 52.6524], [14.4745, 52.6557], [14.4959, 52.6464], [14.4954, 52.6454], [14.493, 52.6451], [14.4939, 52.6419], [14.4904, 52.6432], [14.4873, 52.6421], [14.4855, 52.6401], [14.4842, 52.6398], [14.4834, 52.6405], [14.4838, 52.6431], [14.4813, 52.6446], [14.4799, 52.6426], [14.4812, 52.6396], [14.4788, 52.6374], [14.476, 52.6393], [14.4746, 52.6393], [14.473, 52.636], [14.4718, 52.6385], [14.474, 52.6442], [14.4728, 52.6463], [14.4662, 52.6503], [14.4622, 52.6479], [14.4563, 52.648], [14.4537, 52.6489], [14.4534, 52.6506], [14.4563, 52.6542], [14.4561, 52.6555], [14.454, 52.6568], [14.4479, 52.6556], [14.4448, 52.6562], [14.4437, 52.6578], [14.4444, 52.6606], [14.443, 52.663], [14.4446, 52.6642], [14.4467, 52.6639], [14.4517, 52.6593], [14.4575, 52.6576], [14.4654, 52.6529], [14.4707, 52.6519], [14.4726, 52.6524], [14.4686, 52.6565], [14.4589, 52.6594], [14.4525, 52.6645], [14.4454, 52.6664], [14.4433, 52.6744], [14.4458, 52.6713], [14.4469, 52.6676], [14.4478, 52.6683], [14.448, 52.6705], [14.4462, 52.6739], [14.4401, 52.6779], [14.4467, 52.6778], [14.4522, 52.6757], [14.4565, 52.6716], [14.4563, 52.6681], [14.4587, 52.6673], [14.4617, 52.6615]]], [[[14.2183, 52.7062], [14.2194, 52.7049], [14.2209, 52.7046], [14.2238, 52.7065], [14.2273, 52.7069], [14.2271, 52.7058], [14.2323, 52.7046], [14.242, 52.7052], [14.2413, 52.7045], [14.2418, 52.6998], [14.2479, 52.6993], [14.2501, 52.6977], [14.2501, 52.6962], [14.2479, 52.6953], [14.2454, 52.6962], [14.2414, 52.6952], [14.2397, 52.6986], [14.2378, 52.6991], [14.2362, 52.702], [14.2323, 52.7032], [14.2313, 52.7025], [14.2269, 52.7029], [14.2259, 52.7019], [14.2281, 52.6996], [14.2359, 52.6948], [14.2452, 52.6905], [14.2451, 52.6888], [14.2459, 52.6876], [14.2486, 52.687], [14.2557, 52.6877], [14.2591, 52.6867], [14.2631, 52.6839], [14.26, 52.6837], [14.2549, 52.6856], [14.2416, 52.6843], [14.2411, 52.6845], [14.2425, 52.6878], [14.2419, 52.6884], [14.2299, 52.6955], [14.2277, 52.6978], [14.2087, 52.703], [14.2087, 52.7041], [14.2048, 52.7076], [14.2057, 52.709], [14.2074, 52.7094], [14.2112, 52.7066], [14.2141, 52.7057], [14.2183, 52.7062]]], [[[14.249, 52.7167], [14.258, 52.7135], [14.2587, 52.7103], [14.2516, 52.7098], [14.2523, 52.7086], [14.2553, 52.7078], [14.2606, 52.7077], [14.2669, 52.7089], [14.2679, 52.7095], [14.2682, 52.7109], [14.267, 52.7139], [14.2712, 52.7129], [14.2706, 52.7077], [14.2721, 52.7065], [14.2733, 52.7007], [14.2719, 52.6991], [14.2703, 52.6987], [14.271, 52.7006], [14.27, 52.7023], [14.2677, 52.7038], [14.2623, 52.7051], [14.2435, 52.7075], [14.2381, 52.7067], [14.2277, 52.7077], [14.2303, 52.7101], [14.2344, 52.7109], [14.2357, 52.7138], [14.238, 52.7144], [14.2395, 52.7167], [14.2417, 52.7171], [14.246, 52.7161], [14.249, 52.7167]]], [[[14.3864, 52.7185], [14.3863, 52.7192], [14.3879, 52.7191], [14.3911, 52.7182], [14.3954, 52.7136], [14.3976, 52.7094], [14.4003, 52.7074], [14.4057, 52.7052], [14.4086, 52.7029], [14.4051, 52.703], [14.4007, 52.7059], [14.3989, 52.7055], [14.4009, 52.702], [14.401, 52.6988], [14.4042, 52.6963], [14.4092, 52.696], [14.4085, 52.6947], [14.4038, 52.6948], [14.4016, 52.6941], [14.3964, 52.6955], [14.394, 52.6947], [14.3899, 52.6917], [14.3841, 52.6918], [14.3759, 52.6889], [14.3729, 52.6863], [14.3708, 52.6861], [14.3697, 52.6868], [14.369, 52.6889], [14.369, 52.6901], [14.371, 52.6923], [14.3676, 52.6966], [14.3623, 52.6956], [14.3628, 52.6978], [14.3666, 52.702], [14.3657, 52.7041], [14.3622, 52.704], [14.3609, 52.7013], [14.3549, 52.7029], [14.348, 52.7019], [14.3402, 52.7064], [14.341, 52.7077], [14.345, 52.7091], [14.3422, 52.7137], [14.3459, 52.7131], [14.3516, 52.7085], [14.353, 52.7062], [14.356, 52.705], [14.3587, 52.7049], [14.3599, 52.7069], [14.3625, 52.7077], [14.3679, 52.7073], [14.3704, 52.7101], [14.3718, 52.7102], [14.3757, 52.7076], [14.3744, 52.7044], [14.3748, 52.7018], [14.3816, 52.6955], [14.3857, 52.6976], [14.387, 52.7017], [14.3869, 52.7028], [14.3832, 52.7046], [14.3836, 52.7053], [14.3901, 52.7072], [14.394, 52.7052], [14.395, 52.7055], [14.3954, 52.7065], [14.3898, 52.7103], [14.387, 52.711], [14.3828, 52.7104], [14.3811, 52.7118], [14.3779, 52.712], [14.3738, 52.7135], [14.3734, 52.7149], [14.3748, 52.7164], [14.3712, 52.718], [14.3705, 52.7195], [14.3721, 52.7232], [14.376, 52.7251], [14.3787, 52.721], [14.3826, 52.7191], [14.3864, 52.7185]]], [[[14.2497, 52.7336], [14.2485, 52.7328], [14.2415, 52.7305], [14.2396, 52.7287], [14.227, 52.7309], [14.2272, 52.7323], [14.2259, 52.7338], [14.2266, 52.7356], [14.2279, 52.7358], [14.2318, 52.7349], [14.2371, 52.7359], [14.24, 52.735], [14.2481, 52.7355], [14.2495, 52.7347], [14.2497, 52.7336]]], [[[14.3332, 52.7494], [14.3308, 52.7486], [14.3285, 52.7489], [14.3241, 52.752], [14.3194, 52.7507], [14.3168, 52.7508], [14.3112, 52.7523], [14.3095, 52.7573], [14.3147, 52.7605], [14.319, 52.7603], [14.322, 52.7586], [14.3243, 52.7553], [14.3313, 52.7534], [14.3336, 52.751], [14.3332, 52.7494]]]], "type": "MultiPolygon"}, "properties": {"BEMERKUNG": null, "GEN_ID": 1017, "GL_ID": 127.0, "SYM_NR": "59", "feature_kind": "soil_unit", "general_unit_de": "Vega-Gleye mit Gley-Vegen aus Auenlehm oder -schluff (\u00fcber Auensand)", "general_unit_en": "Vega-gley soils with gley-Vegen from floodplain loam oder -schluff (over floodplain sand)", "lead_horizon_count": 5.0, "lead_profile_de": "Vega-Gley", "lead_profile_en": "Vega-gley", "legend_unit_de": "Vega-Gleye mit Gley-Vegen aus Auenlehm, -schluff oder -sand (\u00fcber Auensand)", "legend_unit_en": "Vega-gley soils with gley-Vegen from floodplain loam, -schluff oder -sand (over floodplain sand)", "parent_material_code": "2.1.3.3", "parent_material_de": "Auenlehm", "parent_material_en": "Floodplain loam", "profile_count": 6.0, "profile_summary_de": "Vega-Gley | 6 Profile | 5 Horizonte im Leitprofil", "profile_summary_en": "Vega-gley | 6 profiles | 5 horizons in lead profile", "semantic_source": "sqlite-buek250-v10", "semantic_version": "buek250-soil-semantics-v1", "soil_group_de": "Gleye", "soil_group_en": "Gley soils", "soil_group_key": "gley-soils", "soil_label_de": "Vega-Gleye mit Gley-Vegen aus Auenlehm, -schluff oder -sand (\u00fcber Auensand)", "soil_label_en": "Vega-gley soils with gley-Vegen from floodplain loam, -schluff oder -sand (over floodplain sand)", "soil_type_primary_de": "Gleye", "soil_type_primary_en": "Gley soils", "soil_type_secondary_de": "Auenb\u00f6den", "soil_type_secondary_en": "Alluvial soils", "soil_type_tertiary_de": null, "soil_type_tertiary_en": null, "source_note_de": null, "source_note_en": null, "special_area_kind": null}, "type": "Feature"}, {"geometry": {"coordinates": [[[14.3093, 52.5033], [14.3082, 52.5053], [14.3104, 52.505], [14.3128, 52.5022], [14.3093, 52.5033]]], "type": "Polygon"}, "properties": {"BEMERKUNG": "Gro\u00dfer Raacksee", "GEN_ID": null, "GL_ID": null, "SYM_NR": null, "feature_kind": "water_area", "general_unit_de": null, "general_unit_en": null, "lead_horizon_count": null, "lead_profile_de": null, "lead_profile_en": null, "legend_unit_de": null, "legend_unit_en": null, "parent_material_code": null, "parent_material_de": null, "parent_material_en": null, "profile_count": null, "profile_summary_de": null, "profile_summary_en": null, "semantic_source": "raw-buek250-feature", "semantic_version": "buek250-soil-semantics-v1", "soil_group_de": "Gew\u00e4sser", "soil_group_en": "Water area", "soil_group_key": "water-area", "soil_label_de": "Gro\u00dfer Raacksee", "soil_label_en": "Gro\u00dfer Raacksee", "soil_type_primary_de": null, "soil_type_primary_en": null, "soil_type_secondary_de": null, "soil_type_secondary_en": null, "soil_type_tertiary_de": null, "soil_type_tertiary_en": null, "source_note_de": "Gro\u00dfer Raacksee", "source_note_en": "Gro\u00dfer Raacksee", "special_area_kind": "water_area"}, "type": "Feature"}, {"geometry": {"coordinates": [[[14.3348, 52.5055], [14.3315, 52.5046], [14.3284, 52.5024], [14.3264, 52.5026], [14.3267, 52.5049], [14.3331, 52.5069], [14.3346, 52.5067], [14.3348, 52.5055]]], "type": "Polygon"}, "properties": {"BEMERKUNG": "Halbesee", "GEN_ID": null, "GL_ID": null, "SYM_NR": null, "feature_kind": "water_area", "general_unit_de": null, "general_unit_en": null, "lead_horizon_count": null, "lead_profile_de": null, "lead_profile_en": null, "legend_unit_de": null, "legend_unit_en": null, "parent_material_code": null, "parent_material_de": null, "parent_material_en": null, "profile_count": null, "profile_summary_de": null, "profile_summary_en": null, "semantic_source": "raw-buek250-feature", "semantic_version": "buek250-soil-semantics-v1", "soil_group_de": "Gew\u00e4sser", "soil_group_en": "Water area", "soil_group_key": "water-area", "soil_label_de": "Halbesee", "soil_label_en": "Halbesee", "soil_type_primary_de": null, "soil_type_primary_en": null, "soil_type_secondary_de": null, "soil_type_secondary_en": null, "soil_type_tertiary_de": null, "soil_type_tertiary_en": null, "source_note_de": "Halbesee", "source_note_en": "Halbesee", "special_area_kind": "water_area"}, "type": "Feature"}, {"geometry": {"coordinates": [[[14.3414, 52.5119], [14.3378, 52.5097], [14.3364, 52.5103], [14.3367, 52.5114], [14.3409, 52.5124], [14.3414, 52.5136], [14.3436, 52.5146], [14.3454, 52.5146], [14.3467, 52.5134], [14.3414, 52.5119]]], "type": "Polygon"}, "properties": {"BEMERKUNG": "Weinbergssee", "GEN_ID": null, "GL_ID": null, "SYM_NR": null, "feature_kind": "water_area", "general_unit_de": null, "general_unit_en": null, "lead_horizon_count": null, "lead_profile_de": null, "lead_profile_en": null, "legend_unit_de": null, "legend_unit_en": null, "parent_material_code": null, "parent_material_de": null, "parent_material_en": null, "profile_count": null, "profile_summary_de": null, "profile_summary_en": null, "semantic_source": "raw-buek250-feature", "semantic_version": "buek250-soil-semantics-v1", "soil_group_de": "Gew\u00e4sser", "soil_group_en": "Water area", "soil_group_key": "water-area", "soil_label_de": "Weinbergssee", "soil_label_en": "Weinbergssee", "soil_type_primary_de": null, "soil_type_primary_en": null, "soil_type_secondary_de": null, "soil_type_secondary_en": null, "soil_type_tertiary_de": null, "soil_type_tertiary_en": null, "source_note_de": "Weinbergssee", "source_note_en": "Weinbergssee", "special_area_kind": "water_area"}, "type": "Feature"}, {"geometry": {"coordinates": [[[14.2728, 52.5335], [14.2751, 52.5351], [14.2757, 52.538], [14.278, 52.5376], [14.2774, 52.5335], [14.2755, 52.5321], [14.2735, 52.5322], [14.2728, 52.5335]]], "type": "Polygon"}, "properties": {"BEMERKUNG": "Wermelinsee", "GEN_ID": null, "GL_ID": null, "SYM_NR": null, "feature_kind": "water_area", "general_unit_de": null, "general_unit_en": null, "lead_horizon_count": null, "lead_profile_de": null, "lead_profile_en": null, "legend_unit_de": null, "legend_unit_en": null, "parent_material_code": null, "parent_material_de": null, "parent_material_en": null, "profile_count": null, "profile_summary_de": null, "profile_summary_en": null, "semantic_source": "raw-buek250-feature", "semantic_version": "buek250-soil-semantics-v1", "soil_group_de": "Gew\u00e4sser", "soil_group_en": "Water area", "soil_group_key": "water-area", "soil_label_de": "Wermelinsee", "soil_label_en": "Wermelinsee", "soil_type_primary_de": null, "soil_type_primary_en": null, "soil_type_secondary_de": null, "soil_type_secondary_en": null, "soil_type_tertiary_de": null, "soil_type_tertiary_en": null, "source_note_de": "Wermelinsee", "source_note_en": "Wermelinsee", "special_area_kind": "water_area"}, "type": "Feature"}, {"geometry": {"coordinates": [[[[13.8563, 52.4917], [13.8608, 52.4896], [13.858, 52.4866], [13.8559, 52.4867], [13.8575, 52.4845], [13.8592, 52.484], [13.8619, 52.48], [13.8613, 52.4783], [13.8621, 52.4736], [13.8593, 52.4738], [13.8568, 52.4753], [13.861, 52.4748], [13.8604, 52.4762], [13.8568, 52.4773], [13.8567, 52.4779], [13.8582, 52.4788], [13.8578, 52.4796], [13.8566, 52.4797], [13.8535, 52.4781], [13.8519, 52.4822], [13.8495, 52.4828], [13.8493, 52.4863], [13.8486, 52.4869], [13.8409, 52.4913], [13.8391, 52.4916], [13.8395, 52.49], [13.8369, 52.489], [13.835, 52.4916], [13.8364, 52.4936], [13.8432, 52.4985], [13.8533, 52.4983], [13.8563, 52.4917]]], [[[13.8445, 52.47], [13.8434, 52.4748], [13.8524, 52.4746], [13.8533, 52.4739], [13.8527, 52.4702], [13.8502, 52.469], [13.8445, 52.47]]], [[[13.8333, 52.4832], [13.834, 52.4797], [13.833, 52.4785], [13.8036, 52.4788], [13.7829, 52.4754], [13.783, 52.4766], [13.7866, 52.4802], [13.794, 52.4811], [13.7976, 52.4849], [13.8, 52.4844], [13.8032, 52.4814], [13.8092, 52.4823], [13.8105, 52.4857], [13.8129, 52.4868], [13.8149, 52.4865], [13.8175, 52.4841], [13.8333, 52.4832]]]], "type": "MultiPolygon"}, "properties": {"BEMERKUNG": null, "GEN_ID": 1009, "GL_ID": 1119.0, "SYM_NR": "225", "feature_kind": "soil_unit", "general_unit_de": "Lockersyroseme und Rendzinen aus verkipptem Kalksteinschutt (\u00fcber Kalkstein)", "general_unit_en": "Loose syroseme and Rendzinen from verkipptem Kalksteinschutt (over Kalkstein)", "lead_horizon_count": 2.0, "lead_profile_de": "Normlockersyrosem", "lead_profile_en": "Typical loose syrosem", "legend_unit_de": "Lockersyroseme und Rendzinen aus verkipptem Kalksteinschutt (\u00fcber Kalkstein)", "legend_unit_en": "Loose syroseme and Rendzinen from verkipptem Kalksteinschutt (over Kalkstein)", "parent_material_code": "12.1.1.1", "parent_material_de": "Verkippte nat\u00fcrliche Substrate", "parent_material_en": "Relocated natural substrates", "profile_count": 4.0, "profile_summary_de": "Normlockersyrosem | 4 Profile | 2 Horizonte im Leitprofil", "profile_summary_en": "Typical loose syrosem | 4 profiles | 2 horizons in lead profile", "semantic_source": "sqlite-buek250-v10", "semantic_version": "buek250-soil-semantics-v1", "soil_group_de": "Rohb\u00f6den", "soil_group_en": "Initial soils", "soil_group_key": "initial-soils", "soil_label_de": "Lockersyroseme und Rendzinen aus verkipptem Kalksteinschutt (\u00fcber Kalkstein)", "soil_label_en": "Loose syroseme and Rendzinen from verkipptem Kalksteinschutt (over Kalkstein)", "soil_type_primary_de": "Rohb\u00f6den", "soil_type_primary_en": "Initial soils", "soil_type_secondary_de": "Ah/C-B\u00f6den", "soil_type_secondary_en": "Ah/C soils", "soil_type_tertiary_de": null, "soil_type_tertiary_en": null, "source_note_de": null, "source_note_en": null, "special_area_kind": null}, "type": "Feature"}, {"geometry": {"coordinates": [[[13.8027, 52.4854], [13.7992, 52.4862], [13.7944, 52.485], [13.7922, 52.4853], [13.7935, 52.4865], [13.7981, 52.4873], [13.802, 52.4872], [13.8027, 52.4854]]], "type": "Polygon"}, "properties": {"BEMERKUNG": "Kriensee", "GEN_ID": null, "GL_ID": null, "SYM_NR": null, "feature_kind": "water_area", "general_unit_de": null, "general_unit_en": null, "lead_horizon_count": null, "lead_profile_de": null, "lead_profile_en": null, "legend_unit_de": null, "legend_unit_en": null, "parent_material_code": null, "parent_material_de": null, "parent_material_en": null, "profile_count": null, "profile_summary_de": null, "profile_summary_en": null, "semantic_source": "raw-buek250-feature", "semantic_version": "buek250-soil-semantics-v1", "soil_group_de": "Gew\u00e4sser", "soil_group_en": "Water area", "soil_group_key": "water-area", "soil_label_de": "Kriensee", "soil_label_en": "Kriensee", "soil_type_primary_de": null, "soil_type_primary_en": null, "soil_type_secondary_de": null, "soil_type_secondary_en": null, "soil_type_tertiary_de": null, "soil_type_tertiary_en": null, "source_note_de": "Kriensee", "source_note_en": "Kriensee", "special_area_kind": "water_area"}, "type": "Feature"}, {"geometry": {"coordinates": [[[14.0409, 52.7909], [14.0417, 52.7916], [14.0445, 52.7905], [14.045, 52.7895], [14.0435, 52.7862], [14.0419, 52.786], [14.0351, 52.7864], [14.0322, 52.789], [14.029, 52.7898], [14.0325, 52.7912], [14.0333, 52.7948], [14.0359, 52.7957], [14.0374, 52.7952], [14.0374, 52.7919], [14.0403, 52.7885], [14.0409, 52.7909]]], "type": "Polygon"}, "properties": {"BEMERKUNG": null, "GEN_ID": 996, "GL_ID": 1136.0, "SYM_NR": "567", "feature_kind": "soil_unit", "general_unit_de": "Versiegelte Fl\u00e4che mit Lockersyrosemen und Pararendzinen aus verkipptem carbonathaltigem Sand mit Bauschutt \u00fcber Geschiebemergel oder Niederungs-/Flusssand", "general_unit_en": "Versiegelte Fl\u00e4che with loose syrosemen and Pararendzinen from verkipptem carbonathaltigem Sand with Bfromchutt over glacial till marl oder Niederungs-/Flusssand", "lead_horizon_count": 3.0, "lead_profile_de": "Versiegelter Boden", "lead_profile_en": "Versiegelter soil", "legend_unit_de": "Versiegelte Fl\u00e4che mit Lockersyrosemen und Pararendzinen aus verkipptem carbonathaltigem Sand mit Industrie- und Bauschutt \u00fcber tiefem Niederungs- oder Flusssand", "legend_unit_en": "Versiegelte Fl\u00e4che with loose syrosemen and Pararendzinen from verkipptem carbonathaltigem Sand with Industrie- and Bfromchutt over tiefem Niederungs- oder Flusssand", "parent_material_code": "12.2.1.0", "parent_material_de": "Versiegelte Fl\u00e4chen und Kippsubstrate der Stadtkernbereiche und Gewerbe-/ Industriegebiete (undifferenziert)", "parent_material_en": "Sealed surfaces and Kippsubstrate der Stadtkernbereiche and Gewerbe-/ Industriegebiete (andifferenziert)", "profile_count": 5.0, "profile_summary_de": "Versiegelter Boden | 5 Profile | 3 Horizonte im Leitprofil", "profile_summary_en": "Versiegelter soil | 5 profiles | 3 horizons in lead profile", "semantic_source": "sqlite-buek250-v10", "semantic_version": "buek250-soil-semantics-v1", "soil_group_de": "versiegelte Fl\u00e4chen", "soil_group_en": "Sealed surfaces", "soil_group_key": "sealed-surfaces", "soil_label_de": "Versiegelte Fl\u00e4che mit Lockersyrosemen und Pararendzinen aus verkipptem carbonathaltigem Sand mit Industrie- und Bauschutt \u00fcber tiefem Niederungs- oder Flusssand", "soil_label_en": "Versiegelte Fl\u00e4che with loose syrosemen and Pararendzinen from verkipptem carbonathaltigem Sand with Industrie- and Bfromchutt over tiefem Niederungs- oder Flusssand", "soil_type_primary_de": "versiegelte Fl\u00e4chen", "soil_type_primary_en": "Sealed surfaces", "soil_type_secondary_de": "Rohb\u00f6den", "soil_type_secondary_en": "Initial soils", "soil_type_tertiary_de": "Ah/C-B\u00f6den", "soil_type_tertiary_en": "Ah/C soils", "source_note_de": null, "source_note_en": null, "special_area_kind": null}, "type": "Feature"}, {"geometry": {"coordinates": [[[13.8411, 52.5103], [13.8405, 52.5074], [13.8391, 52.5065], [13.8346, 52.5061], [13.8291, 52.5019], [13.8249, 52.501], [13.821, 52.4968], [13.8136, 52.4957], [13.8125, 52.4937], [13.8059, 52.492], [13.8014, 52.4942], [13.8032, 52.4958], [13.8068, 52.4971], [13.811, 52.4971], [13.8118, 52.5017], [13.8128, 52.5027], [13.815, 52.5042], [13.8233, 52.5071], [13.8274, 52.5115], [13.8313, 52.5131], [13.8351, 52.5131], [13.8411, 52.5103]]], "type": "Polygon"}, "properties": {"BEMERKUNG": "Stienitzsee", "GEN_ID": null, "GL_ID": null, "SYM_NR": null, "feature_kind": "water_area", "general_unit_de": null, "general_unit_en": null, "lead_horizon_count": null, "lead_profile_de": null, "lead_profile_en": null, "legend_unit_de": null, "legend_unit_en": null, "parent_material_code": null, "parent_material_de": null, "parent_material_en": null, "profile_count": null, "profile_summary_de": null, "profile_summary_en": null, "semantic_source": "raw-buek250-feature", "semantic_version": "buek250-soil-semantics-v1", "soil_group_de": "Gew\u00e4sser", "soil_group_en": "Water area", "soil_group_key": "water-area", "soil_label_de": "Stienitzsee", "soil_label_en": "Stienitzsee", "soil_type_primary_de": null, "soil_type_primary_en": null, "soil_type_secondary_de": null, "soil_type_secondary_en": null, "soil_type_tertiary_de": null, "soil_type_tertiary_en": null, "source_note_de": "Stienitzsee", "source_note_en": "Stienitzsee", "special_area_kind": "water_area"}, "type": "Feature"}, {"geometry": {"coordinates": [[[13.8506, 52.5121], [13.8539, 52.5129], [13.8552, 52.5122], [13.8547, 52.5111], [13.8511, 52.5092], [13.8496, 52.5092], [13.8492, 52.5101], [13.8506, 52.5121]]], "type": "Polygon"}, "properties": {"BEMERKUNG": "Kleiner Stienitzsee", "GEN_ID": null, "GL_ID": null, "SYM_NR": null, "feature_kind": "water_area", "general_unit_de": null, "general_unit_en": null, "lead_horizon_count": null, "lead_profile_de": null, "lead_profile_en": null, "legend_unit_de": null, "legend_unit_en": null, "parent_material_code": null, "parent_material_de": null, "parent_material_en": null, "profile_count": null, "profile_summary_de": null, "profile_summary_en": null, "semantic_source": "raw-buek250-feature", "semantic_version": "buek250-soil-semantics-v1", "soil_group_de": "Gew\u00e4sser", "soil_group_en": "Water area", "soil_group_key": "water-area", "soil_label_de": "Kleiner Stienitzsee", "soil_label_en": "Kleiner Stienitzsee", "soil_type_primary_de": null, "soil_type_primary_en": null, "soil_type_secondary_de": null, "soil_type_secondary_en": null, "soil_type_tertiary_de": null, "soil_type_tertiary_en": null, "source_note_de": "Kleiner Stienitzsee", "source_note_en": "Kleiner Stienitzsee", "special_area_kind": "water_area"}, "type": "Feature"}, {"geometry": {"coordinates": [[[13.8321, 52.5729], [13.8306, 52.5671], [13.8348, 52.5661], [13.8365, 52.5643], [13.836, 52.563], [13.8342, 52.5626], [13.834, 52.5616], [13.8352, 52.5605], [13.8335, 52.5599], [13.8334, 52.5586], [13.8352, 52.5576], [13.8387, 52.5581], [13.8391, 52.5563], [13.841, 52.5549], [13.8401, 52.554], [13.8309, 52.5579], [13.8299, 52.56], [13.832, 52.5628], [13.8301, 52.5639], [13.8302, 52.5655], [13.8269, 52.5669], [13.8259, 52.5682], [13.8259, 52.5704], [13.8279, 52.573], [13.8267, 52.5772], [13.8279, 52.578], [13.8329, 52.5788], [13.8332, 52.5781], [13.832, 52.5753], [13.8321, 52.5729]]], "type": "Polygon"}, "properties": {"BEMERKUNG": "B\u00f6tzsee", "GEN_ID": null, "GL_ID": null, "SYM_NR": null, "feature_kind": "water_area", "general_unit_de": null, "general_unit_en": null, "lead_horizon_count": null, "lead_profile_de": null, "lead_profile_en": null, "legend_unit_de": null, "legend_unit_en": null, "parent_material_code": null, "parent_material_de": null, "parent_material_en": null, "profile_count": null, "profile_summary_de": null, "profile_summary_en": null, "semantic_source": "raw-buek250-feature", "semantic_version": "buek250-soil-semantics-v1", "soil_group_de": "Gew\u00e4sser", "soil_group_en": "Water area", "soil_group_key": "water-area", "soil_label_de": "B\u00f6tzsee", "soil_label_en": "B\u00f6tzsee", "soil_type_primary_de": null, "soil_type_primary_en": null, "soil_type_secondary_de": null, "soil_type_secondary_en": null, "soil_type_tertiary_de": null, "soil_type_tertiary_en": null, "source_note_de": "B\u00f6tzsee", "source_note_en": "B\u00f6tzsee", "special_area_kind": "water_area"}, "type": "Feature"}, {"geometry": {"coordinates": [[[13.8849, 52.5861], [13.8795, 52.5842], [13.8782, 52.5807], [13.8793, 52.5767], [13.876, 52.574], [13.8695, 52.5725], [13.8672, 52.5699], [13.8653, 52.5656], [13.864, 52.5657], [13.8636, 52.5688], [13.8658, 52.5731], [13.869, 52.5753], [13.8729, 52.5756], [13.8742, 52.5767], [13.8743, 52.5776], [13.8719, 52.5812], [13.8724, 52.5854], [13.8735, 52.5868], [13.8808, 52.5902], [13.8908, 52.5928], [13.8921, 52.5903], [13.8886, 52.5891], [13.8849, 52.5861]]], "type": "Polygon"}, "properties": {"BEMERKUNG": "Straussee", "GEN_ID": null, "GL_ID": null, "SYM_NR": null, "feature_kind": "water_area", "general_unit_de": null, "general_unit_en": null, "lead_horizon_count": null, "lead_profile_de": null, "lead_profile_en": null, "legend_unit_de": null, "legend_unit_en": null, "parent_material_code": null, "parent_material_de": null, "parent_material_en": null, "profile_count": null, "profile_summary_de": null, "profile_summary_en": null, "semantic_source": "raw-buek250-feature", "semantic_version": "buek250-soil-semantics-v1", "soil_group_de": "Gew\u00e4sser", "soil_group_en": "Water area", "soil_group_key": "water-area", "soil_label_de": "Straussee", "soil_label_en": "Strfromsee", "soil_type_primary_de": null, "soil_type_primary_en": null, "soil_type_secondary_de": null, "soil_type_secondary_en": null, "soil_type_tertiary_de": null, "soil_type_tertiary_en": null, "source_note_de": "Straussee", "source_note_en": "Strfromsee", "special_area_kind": "water_area"}, "type": "Feature"}, {"geometry": {"coordinates": [[[13.8385, 52.5915], [13.8353, 52.5886], [13.8363, 52.5853], [13.8346, 52.583], [13.8318, 52.5816], [13.8282, 52.5808], [13.8272, 52.5813], [13.8272, 52.5827], [13.8318, 52.5859], [13.8313, 52.5886], [13.832, 52.5906], [13.8359, 52.5935], [13.8384, 52.5938], [13.8385, 52.5915]]], "type": "Polygon"}, "properties": {"BEMERKUNG": "F\u00e4ngersee", "GEN_ID": null, "GL_ID": null, "SYM_NR": null, "feature_kind": "water_area", "general_unit_de": null, "general_unit_en": null, "lead_horizon_count": null, "lead_profile_de": null, "lead_profile_en": null, "legend_unit_de": null, "legend_unit_en": null, "parent_material_code": null, "parent_material_de": null, "parent_material_en": null, "profile_count": null, "profile_summary_de": null, "profile_summary_en": null, "semantic_source": "raw-buek250-feature", "semantic_version": "buek250-soil-semantics-v1", "soil_group_de": "Gew\u00e4sser", "soil_group_en": "Water area", "soil_group_key": "water-area", "soil_label_de": "F\u00e4ngersee", "soil_label_en": "F\u00e4ngersee", "soil_type_primary_de": null, "soil_type_primary_en": null, "soil_type_secondary_de": null, "soil_type_secondary_en": null, "soil_type_tertiary_de": null, "soil_type_tertiary_en": null, "source_note_de": "F\u00e4ngersee", "source_note_en": "F\u00e4ngersee", "special_area_kind": "water_area"}, "type": "Feature"}, {"geometry": {"coordinates": [[[[14.3139, 52.4375], [14.3169, 52.4331], [14.3187, 52.4328], [14.3202, 52.434], [14.3221, 52.4334], [14.323, 52.4309], [14.3248, 52.4312], [14.3257, 52.4301], [14.3238, 52.4256], [14.3161, 52.4196], [14.3101, 52.4194], [14.3109, 52.4219], [14.3101, 52.4242], [14.3106, 52.4258], [14.3124, 52.4261], [14.3173, 52.424], [14.3187, 52.4249], [14.3189, 52.4261], [14.3179, 52.4276], [14.3144, 52.4293], [14.3077, 52.4289], [14.3067, 52.4304], [14.3105, 52.4328], [14.3103, 52.4336], [14.3085, 52.434], [14.3067, 52.4318], [14.3015, 52.4307], [14.3006, 52.4252], [14.2974, 52.4205], [14.2975, 52.4185], [14.2986, 52.4177], [14.3038, 52.4204], [14.3062, 52.4196], [14.3069, 52.4173], [14.3004, 52.4151], [14.2946, 52.4166], [14.2937, 52.4215], [14.2943, 52.4233], [14.2975, 52.4256], [14.2977, 52.4313], [14.3038, 52.4362], [14.307, 52.4484], [14.3088, 52.4501], [14.31, 52.4496], [14.3102, 52.4485], [14.3095, 52.4418], [14.3077, 52.4381], [14.3093, 52.4369], [14.3139, 52.4375]]], [[[14.2829, 52.441], [14.2843, 52.4419], [14.2843, 52.4468], [14.2857, 52.4491], [14.2861, 52.4513], [14.2903, 52.4516], [14.2934, 52.4496], [14.2988, 52.4517], [14.2988, 52.453], [14.3011, 52.4525], [14.3037, 52.4531], [14.2995, 52.4484], [14.2991, 52.4455], [14.3003, 52.4402], [14.3, 52.4386], [14.2971, 52.4365], [14.2928, 52.4355], [14.2898, 52.4372], [14.29, 52.4383], [14.2937, 52.4414], [14.2908, 52.4479], [14.2895, 52.4478], [14.2883, 52.446], [14.288, 52.4441], [14.2888, 52.4415], [14.2848, 52.4353], [14.2808, 52.4369], [14.2795, 52.4407], [14.2829, 52.441]]], [[[14.1425, 52.467], [14.1379, 52.4689], [14.1367, 52.471], [14.138, 52.4733], [14.1417, 52.4762], [14.1454, 52.4769], [14.1452, 52.476], [14.1462, 52.4754], [14.153, 52.4734], [14.1559, 52.4715], [14.1565, 52.4666], [14.1423, 52.4662], [14.1425, 52.467]]], [[[14.1272, 52.4652], [14.1332, 52.465], [14.1272, 52.4636], [14.1272, 52.4652]]], [[[13.7578, 52.5157], [13.7568, 52.5163], [13.7571, 52.5175], [13.7634, 52.5195], [13.7661, 52.519], [13.7664, 52.5175], [13.7652, 52.5162], [13.7578, 52.5157]]], [[[14.3411, 52.4781], [14.3411, 52.4769], [14.3384, 52.4744], [14.3348, 52.4749], [14.3377, 52.4764], [14.3342, 52.4808], [14.3327, 52.4808], [14.3273, 52.4787], [14.3249, 52.4786], [14.3228, 52.4795], [14.3212, 52.4828], [14.3163, 52.4882], [14.3152, 52.4905], [14.3181, 52.4926], [14.3199, 52.4926], [14.3211, 52.4911], [14.3226, 52.4913], [14.3236, 52.4953], [14.3212, 52.498], [14.3244, 52.497], [14.3243, 52.4956], [14.3313, 52.4924], [14.3318, 52.4898], [14.3411, 52.4781]]], [[[14.3626, 52.4971], [14.3612, 52.4942], [14.3615, 52.4886], [14.3625, 52.4876], [14.3662, 52.4894], [14.3704, 52.489], [14.3706, 52.4874], [14.3682, 52.4861], [14.3678, 52.4834], [14.3611, 52.4816], [14.3638, 52.4851], [14.3641, 52.4863], [14.3635, 52.4869], [14.3622, 52.4853], [14.3619, 52.4865], [14.3605, 52.4868], [14.3562, 52.4849], [14.3522, 52.4859], [14.348, 52.4854], [14.3473, 52.4844], [14.3504, 52.4839], [14.3521, 52.4822], [14.3502, 52.4807], [14.3468, 52.4811], [14.3431, 52.4835], [14.3426, 52.49], [14.3456, 52.4907], [14.3495, 52.4904], [14.3503, 52.4911], [14.3518, 52.4936], [14.3502, 52.4957], [14.3504, 52.4969], [14.3554, 52.4987], [14.355, 52.5007], [14.3533, 52.5013], [14.356, 52.5016], [14.3577, 52.5028], [14.3576, 52.5041], [14.3626, 52.4971]]], [[[13.7289, 52.563], [13.7251, 52.5589], [13.7229, 52.5579], [13.718, 52.5581], [13.719, 52.5613], [13.7224, 52.564], [13.7238, 52.5687], [13.7247, 52.5694], [13.7268, 52.5689], [13.7267, 52.5701], [13.7286, 52.5712], [13.7302, 52.5708], [13.7309, 52.5681], [13.7289, 52.563]]], [[[14.1994, 52.5544], [14.2, 52.5524], [14.2017, 52.5516], [14.205, 52.5522], [14.2066, 52.5535], [14.2075, 52.5559], [14.2116, 52.5501], [14.2107, 52.5485], [14.2114, 52.5472], [14.2126, 52.5464], [14.2163, 52.546], [14.2176, 52.544], [14.222, 52.5425], [14.2221, 52.5401], [14.2212, 52.5389], [14.212, 52.5394], [14.2105, 52.5404], [14.212, 52.5416], [14.2129, 52.5445], [14.2082, 52.5464], [14.2051, 52.5463], [14.2017, 52.5478], [14.1999, 52.5467], [14.2016, 52.5429], [14.1997, 52.5402], [14.2005, 52.538], [14.2034, 52.5345], [14.2026, 52.5334], [14.1987, 52.5318], [14.1965, 52.5324], [14.1951, 52.534], [14.1897, 52.5356], [14.1886, 52.5391], [14.1858, 52.5401], [14.1855, 52.5381], [14.1873, 52.5362], [14.1854, 52.5351], [14.1827, 52.5365], [14.181, 52.5361], [14.1806, 52.5347], [14.1817, 52.5333], [14.182, 52.5311], [14.1805, 52.5293], [14.1717, 52.5285], [14.1672, 52.5293], [14.1673, 52.5319], [14.1707, 52.5322], [14.1698, 52.534], [14.1675, 52.5355], [14.169, 52.5374], [14.1688, 52.5393], [14.1775, 52.5391], [14.1862, 52.5414], [14.1831, 52.5446], [14.1836, 52.5461], [14.1862, 52.5472], [14.1797, 52.5529], [14.1786, 52.5553], [14.1796, 52.5574], [14.1823, 52.5589], [14.1875, 52.558], [14.1882, 52.5559], [14.1909, 52.5558], [14.1923, 52.5581], [14.1904, 52.5594], [14.1904, 52.5608], [14.1945, 52.562], [14.1971, 52.5604], [14.2038, 52.5586], [14.2051, 52.5562], [14.1994, 52.5544]]], [[[14.1992, 52.5633], [14.1977, 52.5629], [14.1896, 52.5649], [14.1858, 52.5644], [14.1821, 52.5649], [14.1797, 52.5622], [14.178, 52.5586], [14.1731, 52.5556], [14.1687, 52.5566], [14.1682, 52.56], [14.1633, 52.5619], [14.1607, 52.5651], [14.1614, 52.566], [14.1637, 52.5662], [14.1693, 52.5627], [14.1743, 52.5618], [14.1779, 52.5629], [14.1794, 52.5663], [14.1832, 52.567], [14.1935, 52.5662], [14.199, 52.5642], [14.1992, 52.5633]], [[14.1659, 52.5643], [14.1632, 52.5648], [14.1642, 52.5624], [14.1672, 52.5613], [14.1697, 52.5614], [14.1659, 52.5643]]], [[[13.6993, 52.5852], [13.699, 52.5859], [13.7009, 52.5861], [13.7015, 52.5896], [13.7057, 52.5891], [13.7055, 52.5875], [13.7064, 52.586], [13.7051, 52.5775], [13.6981, 52.5777], [13.6956, 52.5772], [13.6938, 52.5758], [13.6954, 52.5696], [13.6943, 52.5685], [13.6808, 52.5681], [13.678, 52.5663], [13.6754, 52.57], [13.684, 52.5706], [13.6855, 52.5725], [13.6852, 52.5764], [13.6763, 52.5775], [13.6771, 52.5797], [13.682, 52.5789], [13.6816, 52.5782], [13.685, 52.5792], [13.6901, 52.5786], [13.6888, 52.5793], [13.6917, 52.5796], [13.6922, 52.5811], [13.6993, 52.5852]]], [[[14.0137, 52.6563], [14.014, 52.653], [14.0159, 52.6501], [14.0188, 52.6507], [14.0227, 52.6502], [14.0229, 52.6479], [14.024, 52.6472], [14.0268, 52.6491], [14.0279, 52.649], [14.0288, 52.6479], [14.0294, 52.6448], [14.0256, 52.6458], [14.0202, 52.6455], [14.0172, 52.6437], [14.0164, 52.6411], [14.0193, 52.6341], [14.0224, 52.6318], [14.0217, 52.6306], [14.0193, 52.6301], [14.019, 52.6275], [14.0208, 52.6265], [14.0238, 52.6283], [14.0275, 52.6272], [14.0279, 52.626], [14.0249, 52.6244], [14.0245, 52.6229], [14.0208, 52.6226], [14.0206, 52.6235], [14.0189, 52.6239], [14.0172, 52.6231], [14.0161, 52.6203], [14.0192, 52.6159], [14.018, 52.613], [14.0144, 52.6109], [14.0131, 52.6109], [14.0124, 52.6122], [14.0109, 52.6123], [14.0076, 52.6102], [14.0051, 52.61], [14.0003, 52.6133], [14.0002, 52.6151], [14.0019, 52.6183], [14.0005, 52.6212], [14.0034, 52.6232], [14.0041, 52.6249], [14.0087, 52.6257], [14.0093, 52.623], [14.0116, 52.6221], [14.0141, 52.623], [14.0154, 52.6253], [14.0148, 52.6272], [14.0092, 52.6315], [14.0085, 52.6342], [13.9982, 52.6437], [14.0028, 52.6479], [14.0018, 52.6501], [13.9982, 52.6524], [14.0007, 52.6535], [14.0016, 52.6548], [14.0014, 52.6561], [13.9987, 52.6571], [14.002, 52.6596], [14.0055, 52.6604], [14.0075, 52.6599], [14.0094, 52.6577], [14.0123, 52.6561], [14.0137, 52.6563]]]], "type": "MultiPolygon"}, "properties": {"BEMERKUNG": null, "GEN_ID": 877, "GL_ID": 257.0, "SYM_NR": "75", "feature_kind": "soil_unit", "general_unit_de": "Fahlerde-Braunerden und Braunerde-Fahlerden mit Pseudogley-Fahlerden aus Decksand \u00fcber Decklehm und tiefem Geschiebemergel mit Braunerden aus Decksand \u00fcber Decklehm und tiefer lehmiger Sandflie\u00dferde", "general_unit_en": "Fahlerde-brown soils and brown soil-Fahlerden with pseudogley-Fahlerden from Decksand over Decklehm and tiefem glacial till marl with brown soils from Decksand over Decklehm and tiefer lehmiger Sandflie\u00dferde", "lead_horizon_count": 5.0, "lead_profile_de": "Fahlerde-Braunerde", "lead_profile_en": "Fahlerde-brown soil", "legend_unit_de": "Fahlerde-Braunerden und Braunerde-Fahlerden aus Decksand \u00fcber Decklehm und tiefem Geschiebemergel vergesellschaftet mit Gley-Braunerden und Braunerden aus Decksand \u00fcber lehmiger Sandflie\u00dferde", "legend_unit_en": "Fahlerde-brown soils and brown soil-Fahlerden from Decksand over Decklehm and tiefem glacial till marl vergesellschaftet with gley-brown soils and brown soils from Decksand over lehmiger Sandflie\u00dferde", "parent_material_code": "3.1.2.2", "parent_material_de": "Geschiebemergel mit sandiger Deckschicht", "parent_material_en": "Glacial till marl with sandiger Deckschicht", "profile_count": 5.0, "profile_summary_de": "Fahlerde-Braunerde | 5 Profile | 5 Horizonte im Leitprofil", "profile_summary_en": "Fahlerde-brown soil | 5 profiles | 5 horizons in lead profile", "semantic_source": "sqlite-buek250-v10", "semantic_version": "buek250-soil-semantics-v1", "soil_group_de": "Braunerden", "soil_group_en": "Brown soils", "soil_group_key": "brown-soils", "soil_label_de": "Fahlerde-Braunerden und Braunerde-Fahlerden aus Decksand \u00fcber Decklehm und tiefem Geschiebemergel vergesellschaftet mit Gley-Braunerden und Braunerden aus Decksand \u00fcber lehmiger Sandflie\u00dferde", "soil_label_en": "Fahlerde-brown soils and brown soil-Fahlerden from Decksand over Decklehm and tiefem glacial till marl vergesellschaftet with gley-brown soils and brown soils from Decksand over lehmiger Sandflie\u00dferde", "soil_type_primary_de": "Braunerden", "soil_type_primary_en": "Brown soils", "soil_type_secondary_de": "Lessiv\u00e9s", "soil_type_secondary_en": "Luvisols", "soil_type_tertiary_de": null, "soil_type_tertiary_en": null, "source_note_de": null, "source_note_en": null, "special_area_kind": null}, "type": "Feature"}, {"geometry": {"coordinates": [[[13.8892, 52.6046], [13.8893, 52.6079], [13.886, 52.6139], [13.8865, 52.615], [13.8888, 52.6159], [13.8898, 52.6148], [13.888, 52.6136], [13.8909, 52.6081], [13.8906, 52.6038], [13.8892, 52.6046]]], "type": "Polygon"}, "properties": {"BEMERKUNG": "Ihlandsee", "GEN_ID": null, "GL_ID": null, "SYM_NR": null, "feature_kind": "water_area", "general_unit_de": null, "general_unit_en": null, "lead_horizon_count": null, "lead_profile_de": null, "lead_profile_en": null, "legend_unit_de": null, "legend_unit_en": null, "parent_material_code": null, "parent_material_de": null, "parent_material_en": null, "profile_count": null, "profile_summary_de": null, "profile_summary_en": null, "semantic_source": "raw-buek250-feature", "semantic_version": "buek250-soil-semantics-v1", "soil_group_de": "Gew\u00e4sser", "soil_group_en": "Water area", "soil_group_key": "water-area", "soil_label_de": "Ihlandsee", "soil_label_en": "Ihlandsee", "soil_type_primary_de": null, "soil_type_primary_en": null, "soil_type_secondary_de": null, "soil_type_secondary_en": null, "soil_type_tertiary_de": null, "soil_type_tertiary_en": null, "source_note_de": "Ihlandsee", "source_note_en": "Ihlandsee", "special_area_kind": "water_area"}, "type": "Feature"}, {"geometry": {"coordinates": [[[13.894, 52.6374], [13.8926, 52.6399], [13.8931, 52.6409], [13.8949, 52.6369], [13.8918, 52.6333], [13.89, 52.6326], [13.894, 52.6374]]], "type": "Polygon"}, "properties": {"BEMERKUNG": "Gro\u00dfer Lattsee", "GEN_ID": null, "GL_ID": null, "SYM_NR": null, "feature_kind": "water_area", "general_unit_de": null, "general_unit_en": null, "lead_horizon_count": null, "lead_profile_de": null, "lead_profile_en": null, "legend_unit_de": null, "legend_unit_en": null, "parent_material_code": null, "parent_material_de": null, "parent_material_en": null, "profile_count": null, "profile_summary_de": null, "profile_summary_en": null, "semantic_source": "raw-buek250-feature", "semantic_version": "buek250-soil-semantics-v1", "soil_group_de": "Gew\u00e4sser", "soil_group_en": "Water area", "soil_group_key": "water-area", "soil_label_de": "Gro\u00dfer Lattsee", "soil_label_en": "Gro\u00dfer Lattsee", "soil_type_primary_de": null, "soil_type_primary_en": null, "soil_type_secondary_de": null, "soil_type_secondary_en": null, "soil_type_tertiary_de": null, "soil_type_tertiary_en": null, "source_note_de": "Gro\u00dfer Lattsee", "source_note_en": "Gro\u00dfer Lattsee", "special_area_kind": "water_area"}, "type": "Feature"}, {"geometry": {"coordinates": [[[13.8967, 52.6464], [13.8982, 52.6463], [13.8961, 52.6437], [13.8957, 52.6453], [13.8967, 52.6464]]], "type": "Polygon"}, "properties": {"BEMERKUNG": "Lattsee", "GEN_ID": null, "GL_ID": null, "SYM_NR": null, "feature_kind": "water_area", "general_unit_de": null, "general_unit_en": null, "lead_horizon_count": null, "lead_profile_de": null, "lead_profile_en": null, "legend_unit_de": null, "legend_unit_en": null, "parent_material_code": null, "parent_material_de": null, "parent_material_en": null, "profile_count": null, "profile_summary_de": null, "profile_summary_en": null, "semantic_source": "raw-buek250-feature", "semantic_version": "buek250-soil-semantics-v1", "soil_group_de": "Gew\u00e4sser", "soil_group_en": "Water area", "soil_group_key": "water-area", "soil_label_de": "Lattsee", "soil_label_en": "Lattsee", "soil_type_primary_de": null, "soil_type_primary_en": null, "soil_type_secondary_de": null, "soil_type_secondary_en": null, "soil_type_tertiary_de": null, "soil_type_tertiary_en": null, "source_note_de": "Lattsee", "source_note_en": "Lattsee", "special_area_kind": "water_area"}, "type": "Feature"}, {"geometry": {"coordinates": [[[[14.0597, 52.7684], [14.0502, 52.7686], [14.0493, 52.7673], [14.0491, 52.7621], [14.0464, 52.7607], [14.0427, 52.7604], [14.0388, 52.7627], [14.0358, 52.7685], [14.0339, 52.7705], [14.0209, 52.7695], [14.0209, 52.7687], [14.0227, 52.7681], [14.0288, 52.7684], [14.0308, 52.7675], [14.0358, 52.7599], [14.0402, 52.7576], [14.0419, 52.7571], [14.0457, 52.7585], [14.0487, 52.7586], [14.0487, 52.7577], [14.044, 52.755], [14.0431, 52.7494], [14.0475, 52.7468], [14.0513, 52.7463], [14.0519, 52.7453], [14.0514, 52.7443], [14.0496, 52.7442], [14.0412, 52.7462], [14.0301, 52.7445], [14.0272, 52.7468], [14.0218, 52.7478], [14.0203, 52.7473], [14.0227, 52.7445], [14.0203, 52.7433], [14.0202, 52.7426], [14.0225, 52.7408], [14.0305, 52.7404], [14.0347, 52.7418], [14.0412, 52.7395], [14.0441, 52.7412], [14.0465, 52.741], [14.0391, 52.7325], [14.0371, 52.7317], [14.0318, 52.7321], [14.0298, 52.7314], [14.0297, 52.7307], [14.0334, 52.7302], [14.0391, 52.731], [14.0464, 52.7374], [14.0502, 52.7392], [14.0552, 52.7397], [14.0588, 52.7414], [14.0597, 52.7395], [14.0619, 52.7389], [14.0681, 52.7411], [14.0694, 52.74], [14.0688, 52.7358], [14.0701, 52.7348], [14.0747, 52.7351], [14.0786, 52.7334], [14.0846, 52.7348], [14.0865, 52.7343], [14.0871, 52.7332], [14.0843, 52.7305], [14.0847, 52.7294], [14.09, 52.7302], [14.0927, 52.7332], [14.0934, 52.7303], [14.0957, 52.7261], [14.0899, 52.7253], [14.0815, 52.7229], [14.0774, 52.7231], [14.0773, 52.7241], [14.08, 52.7245], [14.0802, 52.7252], [14.0768, 52.7292], [14.0733, 52.7274], [14.0699, 52.7284], [14.0676, 52.7279], [14.0649, 52.727], [14.0627, 52.7252], [14.0605, 52.7288], [14.0565, 52.7293], [14.0496, 52.7283], [14.0502, 52.7293], [14.0497, 52.7299], [14.0477, 52.7306], [14.0409, 52.7279], [14.0339, 52.7271], [14.0307, 52.7291], [14.0269, 52.7296], [14.027, 52.7285], [14.03, 52.7256], [14.039, 52.723], [14.0375, 52.7211], [14.0386, 52.7178], [14.0377, 52.7168], [14.0356, 52.7167], [14.0345, 52.7173], [14.0329, 52.7202], [14.0312, 52.7209], [14.0288, 52.7203], [14.0274, 52.7191], [14.0339, 52.7133], [14.0344, 52.7092], [14.0305, 52.7056], [14.0252, 52.6979], [14.0211, 52.6979], [14.017, 52.6956], [14.0131, 52.6949], [14.0103, 52.6928], [14.0089, 52.6904], [14.0096, 52.6894], [14.0088, 52.6861], [14.0098, 52.6835], [14.0092, 52.6823], [14.0122, 52.6797], [14.0098, 52.6774], [14.0086, 52.6734], [14.005, 52.6741], [14.0039, 52.6753], [14.0042, 52.6782], [14.0015, 52.6774], [14.0008, 52.6786], [14.0055, 52.6811], [14.004, 52.6817], [13.9995, 52.6802], [13.9987, 52.6819], [13.9989, 52.6895], [14.0009, 52.6925], [13.9997, 52.6965], [14.0002, 52.7036], [14.0021, 52.7044], [14.0065, 52.7037], [14.0057, 52.7009], [14.0071, 52.6977], [14.0081, 52.6973], [14.012, 52.7004], [14.013, 52.7036], [14.0152, 52.7057], [14.0165, 52.7055], [14.0175, 52.7044], [14.0156, 52.7015], [14.017, 52.6999], [14.021, 52.7011], [14.0212, 52.704], [14.0209, 52.7055], [14.0193, 52.7069], [14.0154, 52.7073], [14.0194, 52.7124], [14.0205, 52.7145], [14.0201, 52.7152], [14.0112, 52.7153], [14.0071, 52.7141], [14.0023, 52.7164], [14.0007, 52.7159], [13.9992, 52.7194], [14.0029, 52.7205], [14.0046, 52.7225], [14.0058, 52.7262], [14.0131, 52.7288], [14.0136, 52.7298], [14.0112, 52.7322], [14.0114, 52.7337], [14.0133, 52.7361], [14.019, 52.7393], [14.0187, 52.7402], [14.0168, 52.7411], [14.0137, 52.7404], [14.0074, 52.7412], [14.0059, 52.7381], [14.0073, 52.735], [14.0061, 52.7344], [14.0024, 52.7374], [14.0032, 52.7427], [14.0055, 52.7458], [14.0112, 52.7497], [14.0155, 52.7489], [14.0178, 52.7498], [14.0217, 52.75], [14.0261, 52.7486], [14.0279, 52.7496], [14.0286, 52.7514], [14.0276, 52.7549], [14.0303, 52.7589], [14.0301, 52.76], [14.0285, 52.7604], [14.0265, 52.7592], [14.0233, 52.761], [14.0173, 52.7608], [14.0179, 52.7659], [14.0195, 52.7701], [14.0237, 52.7743], [14.0274, 52.776], [14.0303, 52.7761], [14.0356, 52.7802], [14.038, 52.7795], [14.0417, 52.7759], [14.0491, 52.7746], [14.0597, 52.7684]], [[14.0089, 52.6881], [14.0086, 52.69], [14.0106, 52.694], [14.0122, 52.6958], [14.0118, 52.6967], [14.01, 52.697], [14.0085, 52.6963], [14.0084, 52.6934], [14.0061, 52.6899], [14.0072, 52.688], [14.0089, 52.6881]], [[14.0054, 52.6836], [14.0076, 52.685], [14.0086, 52.6877], [14.006, 52.6871], [14.0019, 52.6846], [14.0017, 52.6836], [14.0054, 52.6836]]], [[[14.4717, 52.4091], [14.4705, 52.4084], [14.4687, 52.4096], [14.4651, 52.4042], [14.4635, 52.4034], [14.4596, 52.4041], [14.4564, 52.403], [14.4549, 52.4038], [14.4533, 52.4085], [14.4522, 52.4093], [14.4554, 52.4154], [14.4628, 52.4192], [14.4651, 52.4195], [14.473, 52.4156], [14.4745, 52.4141], [14.4776, 52.4134], [14.4769, 52.4118], [14.4755, 52.4112], [14.4751, 52.4087], [14.4717, 52.4091]]], [[[14.3163, 52.4054], [14.3084, 52.4092], [14.3086, 52.4112], [14.3098, 52.4134], [14.3125, 52.4136], [14.314, 52.4163], [14.3152, 52.4168], [14.3249, 52.4159], [14.3269, 52.4169], [14.3325, 52.4268], [14.3328, 52.4312], [14.3319, 52.4352], [14.3348, 52.4368], [14.3375, 52.4411], [14.3417, 52.4421], [14.3554, 52.4395], [14.3547, 52.4371], [14.3527, 52.4347], [14.3455, 52.4294], [14.3386, 52.4212], [14.3383, 52.42], [14.3396, 52.4164], [14.3447, 52.4142], [14.335, 52.4132], [14.3318, 52.4136], [14.3316, 52.4087], [14.3281, 52.4087], [14.3286, 52.4027], [14.3266, 52.4016], [14.3245, 52.3989], [14.3264, 52.4023], [14.3179, 52.4032], [14.3163, 52.4054]]], [[[14.0894, 52.4659], [14.0903, 52.4638], [14.0915, 52.4631], [14.0943, 52.4632], [14.103, 52.4681], [14.109, 52.4675], [14.1126, 52.4685], [14.1131, 52.4675], [14.1123, 52.466], [14.1142, 52.4649], [14.121, 52.467], [14.1226, 52.4667], [14.123, 52.4658], [14.122, 52.4641], [14.1226, 52.4623], [14.1159, 52.4601], [14.0992, 52.4624], [14.0922, 52.4542], [14.0887, 52.4536], [14.0861, 52.4551], [14.0839, 52.4546], [14.0824, 52.4572], [14.0826, 52.4594], [14.0849, 52.4606], [14.0822, 52.4628], [14.0824, 52.4663], [14.0849, 52.4669], [14.0894, 52.4659]]], [[[14.5542, 52.4713], [14.5535, 52.4686], [14.5521, 52.4679], [14.5517, 52.4664], [14.5458, 52.4646], [14.5438, 52.463], [14.5424, 52.4605], [14.5423, 52.4559], [14.5414, 52.4552], [14.5388, 52.4594], [14.5348, 52.4611], [14.5306, 52.4615], [14.529, 52.463], [14.5294, 52.4644], [14.536, 52.4687], [14.539, 52.4691], [14.5455, 52.468], [14.5481, 52.4685], [14.5482, 52.4703], [14.5458, 52.472], [14.5445, 52.4745], [14.5539, 52.4768], [14.5587, 52.4795], [14.5616, 52.4792], [14.5622, 52.4785], [14.5619, 52.4759], [14.5639, 52.4748], [14.5576, 52.4714], [14.5542, 52.4713]]], [[[14.3743, 52.5526], [14.374, 52.5514], [14.3761, 52.5508], [14.3805, 52.5512], [14.3867, 52.5531], [14.3885, 52.5515], [14.3864, 52.5495], [14.3788, 52.5488], [14.3758, 52.5478], [14.375, 52.5466], [14.3754, 52.5452], [14.3782, 52.5432], [14.3773, 52.5414], [14.3763, 52.5412], [14.3714, 52.5432], [14.3731, 52.5477], [14.3723, 52.5494], [14.3699, 52.5504], [14.3619, 52.5503], [14.3582, 52.5481], [14.3521, 52.5505], [14.3424, 52.5502], [14.3359, 52.5538], [14.3362, 52.5546], [14.3475, 52.5543], [14.351, 52.5556], [14.3534, 52.5547], [14.3552, 52.5571], [14.3566, 52.5553], [14.3582, 52.5547], [14.368, 52.5542], [14.3704, 52.5556], [14.3724, 52.5556], [14.3734, 52.5585], [14.3759, 52.5598], [14.3792, 52.5584], [14.3766, 52.5566], [14.3775, 52.5533], [14.3743, 52.5526]]], [[[14.0323, 52.5986], [14.0349, 52.5975], [14.0358, 52.5962], [14.035, 52.5934], [14.0357, 52.591], [14.0336, 52.5889], [14.0333, 52.5867], [14.0337, 52.5848], [14.0354, 52.5835], [14.0331, 52.5825], [14.0324, 52.5802], [14.0352, 52.58], [14.0386, 52.5768], [14.041, 52.5757], [14.0496, 52.5744], [14.0543, 52.5753], [14.0543, 52.5765], [14.058, 52.5796], [14.0616, 52.5789], [14.0633, 52.5777], [14.0602, 52.5764], [14.0535, 52.5714], [14.0532, 52.5705], [14.055, 52.5686], [14.0512, 52.5677], [14.0502, 52.566], [14.0507, 52.5651], [14.0535, 52.5643], [14.0537, 52.5622], [14.0551, 52.5608], [14.0591, 52.5602], [14.0588, 52.5591], [14.0598, 52.5578], [14.0593, 52.5524], [14.0536, 52.5485], [14.0413, 52.5439], [14.0355, 52.5407], [14.0187, 52.5275], [14.0097, 52.5257], [14.003, 52.5268], [14.0138, 52.5278], [14.0184, 52.5296], [14.0189, 52.5303], [14.018, 52.5317], [14.0187, 52.5329], [14.0217, 52.5342], [14.0261, 52.5398], [14.0298, 52.5389], [14.0322, 52.5395], [14.0324, 52.5419], [14.0308, 52.5444], [14.0314, 52.5461], [14.0418, 52.5494], [14.0422, 52.554], [14.0383, 52.5592], [14.0384, 52.561], [14.0403, 52.5636], [14.0361, 52.5671], [14.0334, 52.5715], [14.0338, 52.577], [14.0331, 52.5779], [14.0312, 52.5784], [14.0289, 52.5774], [14.0285, 52.5805], [14.0251, 52.5828], [14.0259, 52.5859], [14.0278, 52.5887], [14.0249, 52.5896], [14.0259, 52.5939], [14.0214, 52.5955], [14.0266, 52.5966], [14.027, 52.6009], [14.032, 52.6011], [14.0382, 52.6027], [14.038, 52.6019], [14.0323, 52.5986]]], [[[14.1305, 52.5963], [14.1182, 52.5965], [14.1118, 52.595], [14.1105, 52.5954], [14.1096, 52.5974], [14.1111, 52.5986], [14.1182, 52.5981], [14.1222, 52.6001], [14.1276, 52.6007], [14.13, 52.6], [14.1309, 52.5973], [14.1305, 52.5963]]], [[[14.0705, 52.6], [14.0696, 52.5986], [14.0703, 52.5976], [14.076, 52.5983], [14.0794, 52.5952], [14.0862, 52.5955], [14.0857, 52.5942], [14.0823, 52.593], [14.0807, 52.5914], [14.0809, 52.5905], [14.0841, 52.5912], [14.085, 52.5906], [14.0838, 52.5865], [14.0841, 52.5847], [14.0924, 52.5838], [14.0941, 52.5848], [14.0943, 52.5858], [14.0972, 52.5871], [14.1001, 52.5833], [14.101, 52.5801], [14.0958, 52.5803], [14.0916, 52.5815], [14.0832, 52.5797], [14.0791, 52.5797], [14.0757, 52.5804], [14.0692, 52.5834], [14.0681, 52.5829], [14.0687, 52.5804], [14.0637, 52.5801], [14.0592, 52.5831], [14.0556, 52.5868], [14.0534, 52.5907], [14.0551, 52.5949], [14.0595, 52.597], [14.0648, 52.6047], [14.0767, 52.6068], [14.0843, 52.6104], [14.084, 52.6047], [14.08, 52.6024], [14.0779, 52.6001], [14.0705, 52.6]]], [[[14.1449, 52.5862], [14.1415, 52.5853], [14.1317, 52.5805], [14.1324, 52.5843], [14.1419, 52.5868], [14.1426, 52.5891], [14.1406, 52.5906], [14.1472, 52.5948], [14.1473, 52.598], [14.1452, 52.5998], [14.1444, 52.6024], [14.149, 52.6091], [14.1568, 52.6129], [14.1596, 52.6132], [14.1624, 52.6111], [14.158, 52.6091], [14.1561, 52.6022], [14.1514, 52.5982], [14.152, 52.5904], [14.1478, 52.5859], [14.1449, 52.5862]]], [[[14.1556, 52.6263], [14.1591, 52.625], [14.1595, 52.6237], [14.1566, 52.6219], [14.1514, 52.6224], [14.146, 52.6203], [14.1419, 52.621], [14.1414, 52.6245], [14.1448, 52.6266], [14.145, 52.6275], [14.1407, 52.6305], [14.1414, 52.6315], [14.1482, 52.6324], [14.1509, 52.6311], [14.1495, 52.6294], [14.15, 52.6284], [14.1523, 52.6263], [14.1556, 52.6263]]], [[[14.0523, 52.6471], [14.0533, 52.6465], [14.053, 52.6455], [14.0509, 52.6448], [14.0506, 52.6428], [14.0514, 52.6404], [14.05, 52.6394], [14.0498, 52.6383], [14.0559, 52.6355], [14.0539, 52.6342], [14.052, 52.6341], [14.0491, 52.6361], [14.0469, 52.6363], [14.0453, 52.6351], [14.0454, 52.6331], [14.0497, 52.6312], [14.0518, 52.631], [14.0627, 52.6341], [14.0647, 52.6309], [14.0613, 52.6281], [14.0611, 52.6263], [14.066, 52.6255], [14.0662, 52.6243], [14.0637, 52.6223], [14.0681, 52.6214], [14.0688, 52.6203], [14.0666, 52.6186], [14.0602, 52.6179], [14.0589, 52.6142], [14.0572, 52.6122], [14.0569, 52.6094], [14.0547, 52.6073], [14.0492, 52.606], [14.0485, 52.6052], [14.0484, 52.6025], [14.0451, 52.602], [14.0437, 52.6021], [14.0398, 52.6054], [14.0416, 52.61], [14.0414, 52.6114], [14.0385, 52.6128], [14.0336, 52.6136], [14.0292, 52.6174], [14.0323, 52.6183], [14.0419, 52.6174], [14.0411, 52.6205], [14.0419, 52.6237], [14.0433, 52.6253], [14.0465, 52.6266], [14.0419, 52.629], [14.0407, 52.6348], [14.0387, 52.6351], [14.0377, 52.6344], [14.0379, 52.6263], [14.0344, 52.6244], [14.0335, 52.6251], [14.0339, 52.6286], [14.0323, 52.6312], [14.0263, 52.6317], [14.0217, 52.6306], [14.0223, 52.6322], [14.0193, 52.6341], [14.0164, 52.6411], [14.0172, 52.6437], [14.0202, 52.6455], [14.0256, 52.6458], [14.0294, 52.6448], [14.0317, 52.6427], [14.0298, 52.642], [14.0267, 52.6436], [14.0245, 52.6435], [14.0214, 52.6422], [14.0214, 52.6406], [14.0243, 52.634], [14.0257, 52.6341], [14.0273, 52.6361], [14.0313, 52.6348], [14.033, 52.64], [14.0347, 52.6407], [14.0391, 52.6399], [14.0407, 52.6414], [14.0397, 52.6434], [14.0338, 52.6455], [14.0338, 52.6472], [14.0354, 52.6489], [14.0392, 52.6492], [14.0417, 52.6478], [14.0468, 52.6467], [14.0523, 52.6471]]], [[[14.1223, 52.6442], [14.1262, 52.6444], [14.1282, 52.6422], [14.1248, 52.6409], [14.1168, 52.6426], [14.1119, 52.6407], [14.1084, 52.6422], [14.109, 52.6438], [14.1145, 52.6465], [14.1159, 52.647], [14.1223, 52.6442]]], [[[14.1476, 52.6686], [14.1499, 52.6551], [14.1488, 52.6551], [14.1463, 52.657], [14.1428, 52.6574], [14.1381, 52.663], [14.1357, 52.6617], [14.1352, 52.6599], [14.1275, 52.6565], [14.1279, 52.6556], [14.1269, 52.6553], [14.125, 52.6553], [14.1211, 52.6578], [14.1231, 52.6597], [14.1259, 52.6588], [14.1315, 52.66], [14.1314, 52.6608], [14.1292, 52.6617], [14.1289, 52.6638], [14.1255, 52.6617], [14.124, 52.6618], [14.1243, 52.6656], [14.133, 52.6664], [14.1328, 52.6698], [14.1368, 52.6715], [14.1354, 52.6734], [14.1367, 52.6765], [14.1391, 52.6756], [14.1385, 52.6738], [14.1388, 52.6707], [14.1405, 52.6692], [14.1476, 52.6686]]], [[[14.0158, 52.7834], [14.0136, 52.7818], [14.0119, 52.7775], [14.0095, 52.7781], [14.0081, 52.7772], [14.0084, 52.7726], [14.0031, 52.7712], [14.0016, 52.7701], [14.0029, 52.7688], [14.008, 52.7699], [14.0163, 52.7691], [14.0152, 52.766], [14.0147, 52.7611], [14.0123, 52.7545], [14.0097, 52.7509], [14.005, 52.7486], [14.0033, 52.7467], [14.0019, 52.7474], [14.0008, 52.7494], [14.001, 52.7515], [13.9982, 52.7549], [13.9994, 52.7586], [13.999, 52.7737], [14.0013, 52.7781], [14.0009, 52.78], [14.0102, 52.7852], [14.011, 52.7869], [14.0153, 52.7864], [14.0158, 52.7834]]], [[[14.0419, 52.816], [14.0428, 52.8113], [14.0404, 52.8094], [14.0391, 52.8094], [14.0378, 52.8129], [14.0306, 52.8166], [14.0269, 52.8174], [14.0266, 52.8186], [14.0298, 52.8193], [14.0419, 52.816]]], [[[13.9465, 52.8126], [13.9506, 52.8101], [13.9596, 52.8076], [13.9618, 52.806], [13.9633, 52.8025], [13.9459, 52.8003], [13.9385, 52.8008], [13.9372, 52.8018], [13.9331, 52.8026], [13.9402, 52.808], [13.9368, 52.8132], [13.9402, 52.8206], [13.9465, 52.8126]]], [[[14.0808, 52.8207], [14.0733, 52.8174], [14.0697, 52.8149], [14.0715, 52.8216], [14.0729, 52.8229], [14.0778, 52.8251], [14.0809, 52.8277], [14.0857, 52.8274], [14.0876, 52.8281], [14.0808, 52.8207]]]], "type": "MultiPolygon"}, "properties": {"BEMERKUNG": null, "GEN_ID": 1020, "GL_ID": 280.0, "SYM_NR": "672", "feature_kind": "soil_unit", "general_unit_de": "Braunerden und Podsol-Braunerden aus Schmelzwassersand", "general_unit_en": "Brown soils and Podsol-brown soils from glaciofluvial sand", "lead_horizon_count": 7.0, "lead_profile_de": "Normbraunerde", "lead_profile_en": "Typical brown soil", "legend_unit_de": "Braunerden mit Podsol-Braunerden aus Schmelzwassersand", "legend_unit_en": "Brown soils with Podsol-brown soils from glaciofluvial sand", "parent_material_code": "3.2.1.1", "parent_material_de": "Schmelzwassersand", "parent_material_en": "Glaciofluvial sand", "profile_count": 3.0, "profile_summary_de": "Normbraunerde | 3 Profile | 7 Horizonte im Leitprofil", "profile_summary_en": "Typical brown soil | 3 profiles | 7 horizons in lead profile", "semantic_source": "sqlite-buek250-v10", "semantic_version": "buek250-soil-semantics-v1", "soil_group_de": "Braunerden", "soil_group_en": "Brown soils", "soil_group_key": "brown-soils", "soil_label_de": "Braunerden mit Podsol-Braunerden aus Schmelzwassersand", "soil_label_en": "Brown soils with Podsol-brown soils from glaciofluvial sand", "soil_type_primary_de": "Braunerden", "soil_type_primary_en": "Brown soils", "soil_type_secondary_de": null, "soil_type_secondary_en": null, "soil_type_tertiary_de": null, "soil_type_tertiary_en": null, "source_note_de": null, "source_note_en": null, "special_area_kind": null}, "type": "Feature"}, {"geometry": {"coordinates": [[[13.9321, 52.6517], [13.9252, 52.6508], [13.9225, 52.6514], [13.9278, 52.6531], [13.9314, 52.6533], [13.9323, 52.6527], [13.9321, 52.6517]]], "type": "Polygon"}, "properties": {"BEMERKUNG": "Blumenthalsee", "GEN_ID": null, "GL_ID": null, "SYM_NR": null, "feature_kind": "water_area", "general_unit_de": null, "general_unit_en": null, "lead_horizon_count": null, "lead_profile_de": null, "lead_profile_en": null, "legend_unit_de": null, "legend_unit_en": null, "parent_material_code": null, "parent_material_de": null, "parent_material_en": null, "profile_count": null, "profile_summary_de": null, "profile_summary_en": null, "semantic_source": "raw-buek250-feature", "semantic_version": "buek250-soil-semantics-v1", "soil_group_de": "Gew\u00e4sser", "soil_group_en": "Water area", "soil_group_key": "water-area", "soil_label_de": "Blumenthalsee", "soil_label_en": "Blumenthalsee", "soil_type_primary_de": null, "soil_type_primary_en": null, "soil_type_secondary_de": null, "soil_type_secondary_en": null, "soil_type_tertiary_de": null, "soil_type_tertiary_en": null, "source_note_de": "Blumenthalsee", "source_note_en": "Blumenthalsee", "special_area_kind": "water_area"}, "type": "Feature"}, {"geometry": {"coordinates": [[[13.9168, 52.6591], [13.9159, 52.66], [13.9251, 52.6603], [13.9227, 52.6591], [13.9168, 52.6591]]], "type": "Polygon"}, "properties": {"BEMERKUNG": "Gro\u00dfer Pichesee", "GEN_ID": null, "GL_ID": null, "SYM_NR": null, "feature_kind": "water_area", "general_unit_de": null, "general_unit_en": null, "lead_horizon_count": null, "lead_profile_de": null, "lead_profile_en": null, "legend_unit_de": null, "legend_unit_en": null, "parent_material_code": null, "parent_material_de": null, "parent_material_en": null, "profile_count": null, "profile_summary_de": null, "profile_summary_en": null, "semantic_source": "raw-buek250-feature", "semantic_version": "buek250-soil-semantics-v1", "soil_group_de": "Gew\u00e4sser", "soil_group_en": "Water area", "soil_group_key": "water-area", "soil_label_de": "Gro\u00dfer Pichesee", "soil_label_en": "Gro\u00dfer Pichesee", "soil_type_primary_de": null, "soil_type_primary_en": null, "soil_type_secondary_de": null, "soil_type_secondary_en": null, "soil_type_tertiary_de": null, "soil_type_tertiary_en": null, "source_note_de": "Gro\u00dfer Pichesee", "source_note_en": "Gro\u00dfer Pichesee", "special_area_kind": "water_area"}, "type": "Feature"}, {"geometry": {"coordinates": [[[13.9078, 52.679], [13.9076, 52.6797], [13.91, 52.6807], [13.9092, 52.6789], [13.9078, 52.679]]], "type": "Polygon"}, "properties": {"BEMERKUNG": "Barssee", "GEN_ID": null, "GL_ID": null, "SYM_NR": null, "feature_kind": "water_area", "general_unit_de": null, "general_unit_en": null, "lead_horizon_count": null, "lead_profile_de": null, "lead_profile_en": null, "legend_unit_de": null, "legend_unit_en": null, "parent_material_code": null, "parent_material_de": null, "parent_material_en": null, "profile_count": null, "profile_summary_de": null, "profile_summary_en": null, "semantic_source": "raw-buek250-feature", "semantic_version": "buek250-soil-semantics-v1", "soil_group_de": "Gew\u00e4sser", "soil_group_en": "Water area", "soil_group_key": "water-area", "soil_label_de": "Barssee", "soil_label_en": "Barssee", "soil_type_primary_de": null, "soil_type_primary_en": null, "soil_type_secondary_de": null, "soil_type_secondary_en": null, "soil_type_tertiary_de": null, "soil_type_tertiary_en": null, "source_note_de": "Barssee", "source_note_en": "Barssee", "special_area_kind": "water_area"}, "type": "Feature"}, {"geometry": {"coordinates": [[[13.9352, 52.6895], [13.9346, 52.6904], [13.9376, 52.6918], [13.939, 52.69], [13.9387, 52.6892], [13.9352, 52.6895]]], "type": "Polygon"}, "properties": {"BEMERKUNG": "Markgrafensee", "GEN_ID": null, "GL_ID": null, "SYM_NR": null, "feature_kind": "water_area", "general_unit_de": null, "general_unit_en": null, "lead_horizon_count": null, "lead_profile_de": null, "lead_profile_en": null, "legend_unit_de": null, "legend_unit_en": null, "parent_material_code": null, "parent_material_de": null, "parent_material_en": null, "profile_count": null, "profile_summary_de": null, "profile_summary_en": null, "semantic_source": "raw-buek250-feature", "semantic_version": "buek250-soil-semantics-v1", "soil_group_de": "Gew\u00e4sser", "soil_group_en": "Water area", "soil_group_key": "water-area", "soil_label_de": "Markgrafensee", "soil_label_en": "Markgrafensee", "soil_type_primary_de": null, "soil_type_primary_en": null, "soil_type_secondary_de": null, "soil_type_secondary_en": null, "soil_type_tertiary_de": null, "soil_type_tertiary_en": null, "source_note_de": "Markgrafensee", "source_note_en": "Markgrafensee", "special_area_kind": "water_area"}, "type": "Feature"}, {"geometry": {"coordinates": [[[14.1771, 52.6074], [14.1784, 52.6065], [14.1759, 52.6049], [14.1733, 52.606], [14.17, 52.6055], [14.169, 52.604], [14.1625, 52.6007], [14.1656, 52.6045], [14.1687, 52.606], [14.1701, 52.6084], [14.1771, 52.6074]]], "type": "Polygon"}, "properties": {"BEMERKUNG": "Dolgensee", "GEN_ID": null, "GL_ID": null, "SYM_NR": null, "feature_kind": "water_area", "general_unit_de": null, "general_unit_en": null, "lead_horizon_count": null, "lead_profile_de": null, "lead_profile_en": null, "legend_unit_de": null, "legend_unit_en": null, "parent_material_code": null, "parent_material_de": null, "parent_material_en": null, "profile_count": null, "profile_summary_de": null, "profile_summary_en": null, "semantic_source": "raw-buek250-feature", "semantic_version": "buek250-soil-semantics-v1", "soil_group_de": "Gew\u00e4sser", "soil_group_en": "Water area", "soil_group_key": "water-area", "soil_label_de": "Dolgensee", "soil_label_en": "Dolgensee", "soil_type_primary_de": null, "soil_type_primary_en": null, "soil_type_secondary_de": null, "soil_type_secondary_en": null, "soil_type_tertiary_de": null, "soil_type_tertiary_en": null, "source_note_de": "Dolgensee", "source_note_en": "Dolgensee", "special_area_kind": "water_area"}, "type": "Feature"}, {"geometry": {"coordinates": [[[[13.7215, 52.5416], [13.7242, 52.5447], [13.7247, 52.5479], [13.7226, 52.5517], [13.7226, 52.5544], [13.725, 52.5572], [13.7314, 52.5601], [13.7312, 52.5563], [13.7263, 52.5514], [13.7267, 52.5471], [13.7291, 52.545], [13.7292, 52.5438], [13.7255, 52.5422], [13.7224, 52.5385], [13.7215, 52.5416]]], [[[13.9002, 52.5533], [13.9002, 52.5523], [13.9036, 52.548], [13.9091, 52.5449], [13.9092, 52.5438], [13.9077, 52.5421], [13.9013, 52.539], [13.8979, 52.5387], [13.8942, 52.5339], [13.893, 52.5311], [13.8894, 52.5301], [13.8814, 52.5302], [13.8766, 52.5284], [13.8748, 52.5257], [13.8748, 52.5231], [13.8808, 52.5152], [13.8848, 52.5134], [13.8848, 52.5124], [13.8773, 52.5098], [13.8726, 52.5098], [13.8659, 52.5059], [13.8621, 52.5075], [13.8591, 52.5073], [13.8577, 52.5062], [13.8592, 52.5029], [13.8592, 52.5012], [13.8577, 52.5001], [13.8533, 52.4983], [13.8432, 52.4985], [13.8434, 52.501], [13.8459, 52.5036], [13.8503, 52.5063], [13.849, 52.5082], [13.8493, 52.5099], [13.8496, 52.5092], [13.8511, 52.5092], [13.8547, 52.5111], [13.8552, 52.5122], [13.8534, 52.5128], [13.8541, 52.5139], [13.8585, 52.5132], [13.8593, 52.5141], [13.8588, 52.5152], [13.8557, 52.5151], [13.8551, 52.5159], [13.8635, 52.517], [13.8631, 52.5201], [13.8644, 52.521], [13.8653, 52.5234], [13.8711, 52.5272], [13.8745, 52.5309], [13.8774, 52.5369], [13.8855, 52.5455], [13.8853, 52.5477], [13.8841, 52.5483], [13.882, 52.5477], [13.8793, 52.5433], [13.8712, 52.5356], [13.8656, 52.5272], [13.8643, 52.5262], [13.8646, 52.5293], [13.8698, 52.5364], [13.8696, 52.5371], [13.8647, 52.532], [13.8622, 52.5315], [13.8555, 52.5269], [13.8471, 52.5231], [13.8448, 52.5198], [13.844, 52.5169], [13.8429, 52.516], [13.8414, 52.5163], [13.84, 52.5195], [13.8425, 52.5259], [13.849, 52.5327], [13.8561, 52.5373], [13.8597, 52.5414], [13.8636, 52.5435], [13.8691, 52.5443], [13.8742, 52.5425], [13.875, 52.5455], [13.8775, 52.548], [13.8815, 52.5498], [13.8844, 52.553], [13.8879, 52.5521], [13.8923, 52.5545], [13.8935, 52.554], [13.8937, 52.5518], [13.9002, 52.5533]]], [[[13.8753, 52.6035], [13.8739, 52.6017], [13.8736, 52.5955], [13.8712, 52.5884], [13.8727, 52.586], [13.8719, 52.5812], [13.8732, 52.5791], [13.8714, 52.576], [13.8683, 52.5749], [13.8647, 52.5715], [13.8633, 52.5673], [13.8647, 52.5652], [13.8649, 52.5626], [13.8642, 52.5603], [13.8608, 52.5594], [13.8547, 52.5602], [13.8513, 52.559], [13.8481, 52.5591], [13.8364, 52.5645], [13.8341, 52.5664], [13.8306, 52.5671], [13.8321, 52.5729], [13.832, 52.5758], [13.8352, 52.5794], [13.836, 52.5816], [13.8351, 52.5835], [13.8363, 52.5856], [13.8353, 52.5886], [13.8385, 52.5915], [13.8384, 52.5938], [13.8408, 52.5965], [13.8675, 52.603], [13.8712, 52.6029], [13.8739, 52.6038], [13.8748, 52.6052], [13.8742, 52.61], [13.8757, 52.6141], [13.8752, 52.6152], [13.8806, 52.617], [13.8772, 52.6106], [13.8769, 52.6078], [13.8794, 52.6042], [13.8793, 52.6032], [13.8753, 52.6035]]]], "type": "MultiPolygon"}, "properties": {"BEMERKUNG": null, "GEN_ID": 949, "GL_ID": 316.0, "SYM_NR": "541", "feature_kind": "soil_unit", "general_unit_de": "Braunerden und Podsol-Braunerden mit Podsolen aus Schmelzwassersand mit (Fahlerde-)Braunerden aus Decksand \u00fcber Geschiebemergel/-lehm", "general_unit_en": "Brown soils and Podsol-brown soils with podzolsn from glaciofluvial sand with (Fahlerde-)brown soils from Decksand over glacial till marl/-lehm", "lead_horizon_count": 7.0, "lead_profile_de": "Normbraunerde", "lead_profile_en": "Typical brown soil", "legend_unit_de": "Braunerden und Podsol-Braunerden mit Braunerde-Regosolen aus Schmelzwassersand vergesellschaftet mit Braunerden aus (lehmigem) Decksand \u00fcber tiefem Schmelzwassersand oder Geschiebemergel", "legend_unit_en": "Brown soils and Podsol-brown soils with brown soil-regosolen from glaciofluvial sand vergesellschaftet with brown soils from (lehmigem) Decksand over tiefem glaciofluvial sand oder glacial till marl", "parent_material_code": "3.2.1.4", "parent_material_de": "Schmelzwassersand und Geschiebemergel", "parent_material_en": "Glaciofluvial sand and glacial till marl", "profile_count": 5.0, "profile_summary_de": "Normbraunerde | 5 Profile | 7 Horizonte im Leitprofil", "profile_summary_en": "Typical brown soil | 5 profiles | 7 horizons in lead profile", "semantic_source": "sqlite-buek250-v10", "semantic_version": "buek250-soil-semantics-v1", "soil_group_de": "Braunerden", "soil_group_en": "Brown soils", "soil_group_key": "brown-soils", "soil_label_de": "Braunerden und Podsol-Braunerden mit Braunerde-Regosolen aus Schmelzwassersand vergesellschaftet mit Braunerden aus (lehmigem) Decksand \u00fcber tiefem Schmelzwassersand oder Geschiebemergel", "soil_label_en": "Brown soils and Podsol-brown soils with brown soil-regosolen from glaciofluvial sand vergesellschaftet with brown soils from (lehmigem) Decksand over tiefem glaciofluvial sand oder glacial till marl", "soil_type_primary_de": "Braunerden", "soil_type_primary_en": "Brown soils", "soil_type_secondary_de": "Ah/C-B\u00f6den", "soil_type_secondary_en": "Ah/C soils", "soil_type_tertiary_de": null, "soil_type_tertiary_en": null, "source_note_de": null, "source_note_en": null, "special_area_kind": null}, "type": "Feature"}, {"geometry": {"coordinates": [[[[13.8223, 52.5115], [13.8189, 52.5168], [13.8189, 52.5201], [13.8144, 52.5266], [13.8135, 52.5317], [13.817, 52.5405], [13.8181, 52.5459], [13.8223, 52.5492], [13.8224, 52.5521], [13.8212, 52.5539], [13.8214, 52.556], [13.8246, 52.5598], [13.8256, 52.5593], [13.8235, 52.5542], [13.8246, 52.5478], [13.8205, 52.5462], [13.8203, 52.5426], [13.8219, 52.5397], [13.8217, 52.5383], [13.8179, 52.5318], [13.8167, 52.5277], [13.817, 52.526], [13.8208, 52.5209], [13.8209, 52.5169], [13.8234, 52.5151], [13.8233, 52.5115], [13.8245, 52.5082], [13.8214, 52.5066], [13.8223, 52.5115]]], [[[13.8953, 52.5889], [13.8912, 52.5886], [13.8888, 52.5891], [13.8922, 52.5906], [13.8907, 52.5929], [13.8886, 52.5921], [13.8884, 52.5965], [13.8889, 52.597], [13.8918, 52.596], [13.8929, 52.5919], [13.9, 52.5928], [13.9012, 52.5936], [13.9032, 52.5932], [13.904, 52.5941], [13.9028, 52.5949], [13.9, 52.5942], [13.9037, 52.5973], [13.9043, 52.5999], [13.9039, 52.6043], [13.9059, 52.6024], [13.9069, 52.6002], [13.9115, 52.5992], [13.9105, 52.5971], [13.9079, 52.5972], [13.9055, 52.5957], [13.9051, 52.5934], [13.8953, 52.5889]]]], "type": "MultiPolygon"}, "properties": {"BEMERKUNG": null, "GEN_ID": 955, "GL_ID": 1053.0, "SYM_NR": "103", "feature_kind": "soil_unit", "general_unit_de": "(Erd-)Niedermoore (tiefgr\u00fcndig) und (Erd-)Niedermoore \u00fcber Flusssand", "general_unit_en": "(Erd-)fens (tiefgr\u00fcndig) and (Erd-)fens over Flusssand", "lead_horizon_count": 4.0, "lead_profile_de": "Normerdniedermoor", "lead_profile_en": "Normerdfen", "legend_unit_de": "Erdniedermoore (tiefgr\u00fcndig) und Niedermoore \u00fcber Flusssand", "legend_unit_en": "Erdfens (tiefgr\u00fcndig) and fens over Flusssand", "parent_material_code": "10.1.3.1", "parent_material_de": "Niedermoortorf und Flusssand", "parent_material_en": "Fen peat and Flusssand", "profile_count": 3.0, "profile_summary_de": "Normerdniedermoor | 3 Profile | 4 Horizonte im Leitprofil", "profile_summary_en": "Normerdfen | 3 profiles | 4 horizons in lead profile", "semantic_source": "sqlite-buek250-v10", "semantic_version": "buek250-soil-semantics-v1", "soil_group_de": "Niedermoore", "soil_group_en": "Fens", "soil_group_key": "fens", "soil_label_de": "Erdniedermoore (tiefgr\u00fcndig) und Niedermoore \u00fcber Flusssand", "soil_label_en": "Erdfens (tiefgr\u00fcndig) and fens over Flusssand", "soil_type_primary_de": "Niedermoore", "soil_type_primary_en": "Fens", "soil_type_secondary_de": null, "soil_type_secondary_en": null, "soil_type_tertiary_de": null, "soil_type_tertiary_en": null, "source_note_de": null, "source_note_en": null, "special_area_kind": null}, "type": "Feature"}, {"geometry": {"coordinates": [[[[14.1669, 52.4685], [14.1602, 52.4671], [14.1566, 52.4671], [14.1559, 52.4715], [14.155, 52.4724], [14.1452, 52.476], [14.1454, 52.4769], [14.1484, 52.4775], [14.1478, 52.4791], [14.1449, 52.4793], [14.1378, 52.4774], [14.1353, 52.4804], [14.1348, 52.4823], [14.1304, 52.4834], [14.1244, 52.4837], [14.124, 52.485], [14.1253, 52.4869], [14.1251, 52.4879], [14.1238, 52.4894], [14.12, 52.4906], [14.1193, 52.4936], [14.1181, 52.4939], [14.114, 52.491], [14.1127, 52.4887], [14.105, 52.485], [14.0949, 52.4896], [14.0931, 52.4925], [14.0938, 52.4939], [14.0993, 52.4978], [14.1063, 52.4999], [14.1075, 52.5015], [14.1074, 52.5035], [14.1099, 52.5035], [14.114, 52.505], [14.1195, 52.5088], [14.1232, 52.5128], [14.1244, 52.5132], [14.1235, 52.5118], [14.1239, 52.5103], [14.1265, 52.5102], [14.1326, 52.5137], [14.1375, 52.5144], [14.14, 52.5165], [14.1388, 52.5192], [14.1369, 52.5196], [14.1373, 52.5228], [14.1387, 52.5234], [14.1389, 52.5245], [14.1384, 52.5283], [14.1446, 52.531], [14.1408, 52.5317], [14.1406, 52.5333], [14.1473, 52.5352], [14.1542, 52.535], [14.1539, 52.5338], [14.1559, 52.5323], [14.1602, 52.5313], [14.1634, 52.5299], [14.1651, 52.5273], [14.1696, 52.5261], [14.1809, 52.5296], [14.182, 52.5323], [14.1806, 52.5352], [14.1816, 52.5365], [14.1827, 52.5365], [14.1859, 52.5339], [14.1866, 52.5283], [14.1777, 52.5266], [14.1752, 52.5243], [14.1715, 52.5235], [14.1671, 52.5213], [14.1647, 52.5227], [14.1601, 52.5233], [14.1548, 52.5236], [14.1531, 52.523], [14.1514, 52.5247], [14.1484, 52.5255], [14.1469, 52.5292], [14.145, 52.5288], [14.1426, 52.5241], [14.146, 52.5229], [14.149, 52.5206], [14.1489, 52.5189], [14.1464, 52.516], [14.1492, 52.5146], [14.1565, 52.514], [14.1569, 52.5132], [14.1554, 52.5116], [14.155, 52.5098], [14.1569, 52.5093], [14.154, 52.5083], [14.1527, 52.5094], [14.1507, 52.5096], [14.1448, 52.5083], [14.1432, 52.509], [14.142, 52.5127], [14.1401, 52.5138], [14.1384, 52.5137], [14.1362, 52.5126], [14.1341, 52.5098], [14.1299, 52.509], [14.1252, 52.5069], [14.1238, 52.505], [14.1253, 52.504], [14.1174, 52.5028], [14.1122, 52.5001], [14.1129, 52.4996], [14.1192, 52.4996], [14.1233, 52.4955], [14.1267, 52.4944], [14.1311, 52.4944], [14.1348, 52.4965], [14.1386, 52.4957], [14.1412, 52.4969], [14.1416, 52.4982], [14.1396, 52.499], [14.14, 52.5011], [14.1429, 52.5007], [14.1455, 52.4986], [14.1495, 52.497], [14.1467, 52.4951], [14.1424, 52.4954], [14.1394, 52.4941], [14.1367, 52.4917], [14.1326, 52.4903], [14.1327, 52.4868], [14.1344, 52.4851], [14.1378, 52.4872], [14.1392, 52.4872], [14.1401, 52.4861], [14.1398, 52.4849], [14.1411, 52.4842], [14.1562, 52.483], [14.1588, 52.4837], [14.1593, 52.4865], [14.1637, 52.4852], [14.1713, 52.4863], [14.1724, 52.4854], [14.1718, 52.4842], [14.1745, 52.4814], [14.1737, 52.4799], [14.1701, 52.4788], [14.1679, 52.4812], [14.1667, 52.481], [14.1559, 52.4773], [14.1554, 52.4758], [14.1575, 52.4742], [14.1609, 52.4745], [14.1641, 52.4779], [14.1664, 52.479], [14.1673, 52.4787], [14.1682, 52.478], [14.1672, 52.4759], [14.1711, 52.4745], [14.1731, 52.4728], [14.1738, 52.4699], [14.1732, 52.4685], [14.171, 52.4677], [14.1669, 52.4685]]], [[[13.9335, 52.592], [13.9288, 52.5899], [13.9251, 52.5848], [13.918, 52.583], [13.9085, 52.582], [13.9044, 52.5803], [13.9033, 52.5783], [13.9022, 52.5639], [13.8997, 52.5634], [13.8987, 52.5599], [13.8969, 52.5572], [13.9016, 52.5559], [13.9057, 52.5568], [13.9052, 52.5558], [13.8998, 52.5544], [13.8923, 52.5565], [13.8861, 52.5564], [13.888, 52.5595], [13.8865, 52.5657], [13.8879, 52.5721], [13.8862, 52.574], [13.8882, 52.5807], [13.8967, 52.5886], [13.8976, 52.5903], [13.9047, 52.5929], [13.9055, 52.5957], [13.9079, 52.5972], [13.9159, 52.5967], [13.9212, 52.5975], [13.9282, 52.5972], [13.9312, 52.5982], [13.9341, 52.6016], [13.9379, 52.6043], [13.9425, 52.6049], [13.9407, 52.6018], [13.9403, 52.5988], [13.9335, 52.592]]], [[[14.0384, 52.673], [14.0444, 52.6719], [14.0486, 52.6692], [14.0347, 52.6644], [14.0305, 52.6717], [14.029, 52.6721], [14.0273, 52.6664], [14.0255, 52.6632], [14.0237, 52.6618], [14.0197, 52.6614], [14.0189, 52.6605], [14.0201, 52.6586], [14.0201, 52.6523], [14.0268, 52.6527], [14.0264, 52.6513], [14.0235, 52.6502], [14.0188, 52.6507], [14.0159, 52.6501], [14.014, 52.653], [14.0141, 52.6565], [14.0134, 52.6585], [14.0081, 52.6617], [14.0012, 52.6613], [14.0006, 52.6605], [14.002, 52.6596], [14.0008, 52.6584], [13.9965, 52.656], [13.9941, 52.6556], [13.9927, 52.6561], [13.9894, 52.6596], [13.9766, 52.6636], [13.9743, 52.6652], [13.974, 52.6669], [13.9742, 52.669], [13.9795, 52.6757], [13.9811, 52.676], [13.9828, 52.6777], [13.9955, 52.6768], [13.9982, 52.6784], [13.9991, 52.6777], [14.0008, 52.6786], [14.0015, 52.6774], [13.9997, 52.6747], [14.0006, 52.6712], [14.0042, 52.6684], [14.0089, 52.6692], [14.0105, 52.6688], [14.0104, 52.6674], [14.0077, 52.6647], [14.0104, 52.6632], [14.0134, 52.6636], [14.0164, 52.6664], [14.0196, 52.6639], [14.0216, 52.6642], [14.0229, 52.6657], [14.0227, 52.6677], [14.0203, 52.67], [14.0213, 52.6731], [14.015, 52.6713], [14.0119, 52.6734], [14.0086, 52.6734], [14.0098, 52.6774], [14.0122, 52.6797], [14.0131, 52.6752], [14.0146, 52.6743], [14.016, 52.675], [14.0171, 52.6789], [14.0214, 52.6748], [14.027, 52.6767], [14.0318, 52.675], [14.0344, 52.6764], [14.0375, 52.6765], [14.0397, 52.6796], [14.0425, 52.6808], [14.0423, 52.6776], [14.0384, 52.673]]], [[[13.9256, 52.627], [13.9232, 52.6268], [13.9199, 52.6269], [13.914, 52.6291], [13.9092, 52.628], [13.9097, 52.6268], [13.907, 52.6233], [13.9067, 52.6205], [13.9029, 52.6187], [13.9012, 52.615], [13.8981, 52.6198], [13.8952, 52.6225], [13.8941, 52.6264], [13.8939, 52.6277], [13.8958, 52.6323], [13.8972, 52.6337], [13.8975, 52.6379], [13.8967, 52.6417], [13.8982, 52.6432], [13.9088, 52.6458], [13.9094, 52.6476], [13.911, 52.6482], [13.9257, 52.6438], [13.9318, 52.6384], [13.9338, 52.6337], [13.9337, 52.6322], [13.9322, 52.6307], [13.9256, 52.627]]], [[[13.8761, 52.6442], [13.8834, 52.6415], [13.8889, 52.6424], [13.8914, 52.6413], [13.8907, 52.6397], [13.8889, 52.6387], [13.8885, 52.6374], [13.8888, 52.636], [13.891, 52.636], [13.8905, 52.634], [13.8878, 52.6307], [13.8882, 52.6279], [13.8875, 52.6255], [13.8819, 52.6258], [13.8771, 52.6284], [13.8679, 52.6271], [13.8656, 52.6276], [13.8643, 52.6312], [13.8553, 52.6354], [13.8514, 52.6393], [13.8516, 52.6411], [13.8527, 52.6418], [13.8541, 52.6407], [13.8562, 52.6406], [13.8671, 52.6442], [13.8761, 52.6442]]], [[[14.2966, 52.4923], [14.3085, 52.4925], [14.3116, 52.489], [14.3087, 52.4862], [14.3089, 52.4849], [14.3216, 52.4818], [14.3232, 52.4789], [14.3276, 52.4755], [14.332, 52.4736], [14.3318, 52.472], [14.3295, 52.4701], [14.3263, 52.4691], [14.3197, 52.4704], [14.3187, 52.4714], [14.3191, 52.473], [14.3184, 52.4743], [14.3212, 52.4742], [14.3218, 52.4747], [14.3204, 52.4768], [14.3166, 52.4792], [14.307, 52.4805], [14.3053, 52.4831], [14.3019, 52.4847], [14.2966, 52.4847], [14.2863, 52.4821], [14.2832, 52.4833], [14.282, 52.4843], [14.281, 52.4893], [14.279, 52.4941], [14.2759, 52.497], [14.2788, 52.4992], [14.2847, 52.4996], [14.291, 52.4933], [14.2966, 52.4923]]], [[[14.338, 52.5391], [14.3395, 52.5365], [14.3425, 52.5357], [14.346, 52.5324], [14.3577, 52.5313], [14.3561, 52.5285], [14.3525, 52.5228], [14.349, 52.5217], [14.3476, 52.519], [14.3397, 52.5163], [14.3339, 52.5159], [14.3283, 52.5135], [14.32, 52.5168], [14.3184, 52.5185], [14.3186, 52.5209], [14.3217, 52.5232], [14.3213, 52.5215], [14.3232, 52.52], [14.3278, 52.5194], [14.3332, 52.5201], [14.3354, 52.518], [14.3374, 52.5181], [14.3404, 52.519], [14.3423, 52.5221], [14.3457, 52.5232], [14.3471, 52.5268], [14.3519, 52.5286], [14.3517, 52.5298], [14.3507, 52.5302], [14.343, 52.5297], [14.3362, 52.5342], [14.3321, 52.5351], [14.3284, 52.5387], [14.3248, 52.5386], [14.3223, 52.5418], [14.3194, 52.5426], [14.3223, 52.544], [14.3226, 52.548], [14.3238, 52.5483], [14.327, 52.5473], [14.3356, 52.5545], [14.3362, 52.5546], [14.3364, 52.5531], [14.3424, 52.5502], [14.3394, 52.548], [14.338, 52.5456], [14.338, 52.5391]]], [[[14.1811, 52.4938], [14.1832, 52.4969], [14.1827, 52.4983], [14.1809, 52.4998], [14.1752, 52.5004], [14.1739, 52.5011], [14.1738, 52.5025], [14.1751, 52.5032], [14.1806, 52.5034], [14.1833, 52.5075], [14.1858, 52.5085], [14.1896, 52.5086], [14.1914, 52.5073], [14.1909, 52.4998], [14.2011, 52.4997], [14.2021, 52.4987], [14.1995, 52.4972], [14.1888, 52.4982], [14.1843, 52.4915], [14.1811, 52.4938]]], [[[14.3128, 52.47], [14.3119, 52.4694], [14.3064, 52.4703], [14.2966, 52.4617], [14.2947, 52.4584], [14.2911, 52.4567], [14.2838, 52.4558], [14.2781, 52.4581], [14.2783, 52.4602], [14.2841, 52.4707], [14.2861, 52.4715], [14.2904, 52.4711], [14.294, 52.4722], [14.2988, 52.4784], [14.3028, 52.4782], [14.3141, 52.4746], [14.3122, 52.4732], [14.3128, 52.47]]], [[[14.1293, 52.6539], [14.1405, 52.6514], [14.1492, 52.6523], [14.1509, 52.6504], [14.1519, 52.6462], [14.1573, 52.6373], [14.1528, 52.6367], [14.1489, 52.6374], [14.1428, 52.6416], [14.1382, 52.6429], [14.1296, 52.6471], [14.1244, 52.6457], [14.1228, 52.6459], [14.1188, 52.649], [14.1085, 52.6535], [14.109, 52.6554], [14.1133, 52.6565], [14.1132, 52.6574], [14.1234, 52.6534], [14.1293, 52.6539]]], [[[14.3885, 52.5092], [14.3915, 52.5134], [14.3931, 52.514], [14.3953, 52.5132], [14.3982, 52.5102], [14.4012, 52.5093], [14.4024, 52.5078], [14.4013, 52.5061], [14.3999, 52.506], [14.3971, 52.5067], [14.3966, 52.5082], [14.394, 52.508], [14.3924, 52.5071], [14.3945, 52.5059], [14.3943, 52.5048], [14.3899, 52.505], [14.3845, 52.5029], [14.38, 52.5038], [14.3758, 52.5034], [14.3741, 52.5042], [14.374, 52.5054], [14.3726, 52.5065], [14.3697, 52.506], [14.3664, 52.5066], [14.361, 52.5034], [14.3625, 52.5023], [14.3647, 52.5021], [14.3696, 52.5035], [14.3717, 52.5003], [14.3775, 52.5008], [14.3789, 52.5], [14.3784, 52.498], [14.3746, 52.4959], [14.3662, 52.4941], [14.3637, 52.4957], [14.3621, 52.4956], [14.3626, 52.4971], [14.3622, 52.4983], [14.3576, 52.5041], [14.3593, 52.5062], [14.3628, 52.5068], [14.3637, 52.5082], [14.3622, 52.5122], [14.3635, 52.5145], [14.3665, 52.514], [14.372, 52.5092], [14.3738, 52.509], [14.3782, 52.5096], [14.3822, 52.5134], [14.3877, 52.5148], [14.3859, 52.5115], [14.3858, 52.5092], [14.3885, 52.5092]]], [[[14.2102, 52.5163], [14.2133, 52.5137], [14.2262, 52.5128], [14.2325, 52.5108], [14.2348, 52.5116], [14.2426, 52.5072], [14.2455, 52.5064], [14.2462, 52.506], [14.2458, 52.5048], [14.2417, 52.5044], [14.2385, 52.5028], [14.2307, 52.5031], [14.2261, 52.5063], [14.2096, 52.5079], [14.2045, 52.5116], [14.1995, 52.5121], [14.1928, 52.5115], [14.1902, 52.5129], [14.1902, 52.5142], [14.1914, 52.5153], [14.1963, 52.5162], [14.1961, 52.5187], [14.1976, 52.5197], [14.2004, 52.5197], [14.2015, 52.5186], [14.2035, 52.5182], [14.2088, 52.5203], [14.211, 52.5195], [14.2115, 52.5182], [14.2102, 52.5163]]], [[[14.0552, 52.7164], [14.0496, 52.7182], [14.0479, 52.718], [14.0473, 52.7163], [14.0481, 52.7125], [14.0436, 52.7124], [14.0344, 52.7091], [14.0339, 52.7133], [14.0274, 52.7191], [14.03, 52.7208], [14.0322, 52.7207], [14.0345, 52.7173], [14.0377, 52.7168], [14.0386, 52.7185], [14.0375, 52.7216], [14.0385, 52.7228], [14.0421, 52.7235], [14.0466, 52.7274], [14.0565, 52.7293], [14.0605, 52.7288], [14.0632, 52.7243], [14.0659, 52.7236], [14.0676, 52.721], [14.0689, 52.7206], [14.0615, 52.7196], [14.0608, 52.7183], [14.0552, 52.7164]]], [[[13.8706, 52.784], [13.8703, 52.7823], [13.8716, 52.7813], [13.8762, 52.7795], [13.8785, 52.7795], [13.8781, 52.7819], [13.879, 52.7825], [13.8827, 52.7823], [13.8869, 52.7839], [13.8917, 52.7831], [13.8937, 52.7809], [13.8932, 52.7787], [13.8763, 52.7752], [13.8761, 52.7727], [13.8785, 52.7697], [13.8783, 52.7661], [13.8756, 52.7645], [13.8717, 52.7647], [13.8721, 52.767], [13.8715, 52.7678], [13.8698, 52.7679], [13.8668, 52.7712], [13.8635, 52.7723], [13.8717, 52.7733], [13.8758, 52.7778], [13.8639, 52.7829], [13.8636, 52.7867], [13.8706, 52.784]]], [[[13.9959, 52.5708], [13.9943, 52.5698], [13.9878, 52.5685], [13.9852, 52.5695], [13.9825, 52.569], [13.9802, 52.5699], [13.9763, 52.5737], [13.9735, 52.5746], [13.9669, 52.5738], [13.9717, 52.5769], [13.9732, 52.5796], [13.9718, 52.5816], [13.974, 52.5848], [13.9805, 52.586], [13.9849, 52.5888], [13.9874, 52.5893], [13.9903, 52.5892], [13.9918, 52.588], [13.9922, 52.5865], [13.9924, 52.5845], [13.9892, 52.5795], [13.9952, 52.5767], [13.9973, 52.5738], [13.9959, 52.5708]]], [[[14.2898, 52.4104], [14.2922, 52.4143], [14.295, 52.4163], [14.2985, 52.4157], [14.2928, 52.4111], [14.291, 52.4068], [14.2857, 52.4084], [14.2898, 52.4104]]], [[[14.0955, 52.6652], [14.0955, 52.6636], [14.1019, 52.6642], [14.1062, 52.6621], [14.1183, 52.6603], [14.1193, 52.6609], [14.1204, 52.6642], [14.1243, 52.6656], [14.124, 52.6618], [14.1255, 52.6617], [14.1289, 52.6638], [14.1292, 52.6617], [14.1316, 52.6604], [14.1304, 52.6594], [14.1259, 52.6588], [14.1231, 52.6597], [14.1211, 52.6578], [14.1116, 52.6601], [14.0896, 52.6632], [14.0866, 52.6622], [14.0855, 52.6609], [14.0881, 52.6578], [14.0877, 52.657], [14.0836, 52.6562], [14.0815, 52.6548], [14.076, 52.655], [14.0754, 52.6584], [14.0761, 52.6615], [14.0818, 52.668], [14.0864, 52.6672], [14.0851, 52.6642], [14.0864, 52.6638], [14.0896, 52.6645], [14.0921, 52.6665], [14.0914, 52.669], [14.0883, 52.6694], [14.0892, 52.6708], [14.0936, 52.6715], [14.0984, 52.6707], [14.0991, 52.6697], [14.0985, 52.668], [14.0955, 52.6652]]], [[[14.0193, 52.7737], [14.0162, 52.7692], [14.008, 52.7699], [14.0038, 52.7687], [14.0015, 52.7696], [14.0031, 52.7712], [14.0084, 52.7726], [14.0086, 52.7753], [14.0079, 52.7764], [14.0085, 52.7779], [14.0119, 52.7775], [14.0136, 52.7818], [14.0158, 52.7834], [14.0153, 52.7864], [14.014, 52.7869], [14.0201, 52.7877], [14.0271, 52.7901], [14.0265, 52.7873], [14.0318, 52.7845], [14.0316, 52.7833], [14.028, 52.7785], [14.0225, 52.7764], [14.0193, 52.7737]]], [[[14.4205, 52.3763], [14.4261, 52.38], [14.4244, 52.3757], [14.4205, 52.3763]]], [[[13.8427, 52.4822], [13.8457, 52.4823], [13.8466, 52.4813], [13.8386, 52.4806], [13.8383, 52.4788], [13.84, 52.4759], [13.8389, 52.4746], [13.8241, 52.47], [13.8186, 52.4692], [13.8161, 52.468], [13.8137, 52.4656], [13.8116, 52.462], [13.8122, 52.4597], [13.8146, 52.457], [13.8145, 52.4531], [13.813, 52.4512], [13.8099, 52.4489], [13.8072, 52.4484], [13.8015, 52.4495], [13.8009, 52.4533], [13.811, 52.4537], [13.8106, 52.4563], [13.8077, 52.4604], [13.807, 52.4644], [13.8108, 52.4664], [13.8153, 52.4705], [13.8322, 52.4758], [13.8352, 52.4761], [13.833, 52.4785], [13.834, 52.4797], [13.8333, 52.4832], [13.8343, 52.4858], [13.839, 52.4838], [13.8403, 52.4842], [13.8423, 52.4863], [13.8435, 52.4862], [13.8431, 52.4842], [13.8412, 52.4831], [13.8427, 52.4822]]], [[[13.7433, 52.4684], [13.7411, 52.47], [13.7441, 52.4709], [13.7478, 52.4765], [13.7659, 52.4771], [13.7669, 52.4761], [13.7631, 52.4706], [13.7606, 52.4733], [13.7562, 52.4747], [13.7532, 52.4709], [13.7534, 52.4668], [13.7434, 52.4656], [13.7441, 52.4658], [13.7433, 52.4684]]], [[[13.724, 52.572], [13.719, 52.5772], [13.7175, 52.5796], [13.7175, 52.5821], [13.7216, 52.5898], [13.7259, 52.5946], [13.7278, 52.5941], [13.7337, 52.5879], [13.7309, 52.5836], [13.7275, 52.5741], [13.7258, 52.5719], [13.724, 52.572]]], [[[13.8097, 52.7436], [13.8084, 52.7427], [13.7983, 52.7444], [13.7977, 52.7454], [13.8009, 52.7448], [13.8082, 52.747], [13.8097, 52.7436]]], [[[13.8124, 52.7477], [13.8111, 52.7479], [13.8135, 52.7486], [13.8124, 52.7477]]], [[[14.4627, 52.3987], [14.463, 52.3994], [14.4652, 52.3997], [14.4635, 52.4034], [14.4657, 52.4049], [14.4681, 52.4093], [14.4699, 52.4093], [14.4706, 52.4082], [14.4693, 52.4064], [14.468, 52.4013], [14.4713, 52.3994], [14.4719, 52.3979], [14.4627, 52.3987]]], [[[13.7499, 52.7257], [13.7443, 52.7276], [13.7478, 52.7343], [13.7551, 52.736], [13.7606, 52.7361], [13.7625, 52.7348], [13.7631, 52.7337], [13.7584, 52.7334], [13.7559, 52.7322], [13.7547, 52.7303], [13.7547, 52.7267], [13.7558, 52.7245], [13.763, 52.722], [13.7639, 52.7203], [13.7634, 52.7184], [13.7589, 52.7169], [13.7499, 52.7257]]], [[[13.7887, 52.7467], [13.783, 52.7471], [13.7715, 52.7451], [13.7884, 52.7482], [13.7887, 52.7467]]], [[[13.7659, 52.7025], [13.7709, 52.704], [13.7779, 52.7041], [13.7782, 52.7031], [13.7804, 52.7022], [13.7977, 52.7022], [13.7976, 52.7008], [13.7934, 52.6984], [13.7888, 52.6979], [13.7776, 52.699], [13.7711, 52.6966], [13.7674, 52.6973], [13.7653, 52.6995], [13.7618, 52.7006], [13.761, 52.7027], [13.7659, 52.7025]]], [[[14.0371, 52.6909], [14.0388, 52.6888], [14.0387, 52.6865], [14.0396, 52.6847], [14.0372, 52.6836], [14.0289, 52.6847], [14.0269, 52.6859], [14.0225, 52.6852], [14.0186, 52.6879], [14.0153, 52.6861], [14.0126, 52.6879], [14.0149, 52.6925], [14.0181, 52.6909], [14.0203, 52.6908], [14.0237, 52.6927], [14.024, 52.6942], [14.0249, 52.6946], [14.0272, 52.6931], [14.0269, 52.6918], [14.0276, 52.6912], [14.0299, 52.6904], [14.0371, 52.6909]]], [[[13.7931, 52.6837], [13.7936, 52.6883], [13.7926, 52.6906], [13.79, 52.6934], [13.79, 52.6948], [13.7911, 52.6958], [13.7976, 52.698], [13.799, 52.6992], [13.7995, 52.702], [13.8097, 52.7007], [13.806, 52.6989], [13.807, 52.6972], [13.8087, 52.6961], [13.8063, 52.6947], [13.7999, 52.6932], [13.7982, 52.6919], [13.7963, 52.6847], [13.7931, 52.6837]]], [[[14.1107, 52.7104], [14.1106, 52.7074], [14.1149, 52.702], [14.1083, 52.7023], [14.0991, 52.7054], [14.0939, 52.7052], [14.0921, 52.7076], [14.0929, 52.7091], [14.0956, 52.708], [14.0971, 52.7099], [14.1006, 52.711], [14.1031, 52.7126], [14.1054, 52.7163], [14.107, 52.7169], [14.106, 52.7144], [14.1073, 52.7124], [14.1052, 52.7116], [14.1047, 52.7104], [14.1051, 52.7095], [14.1071, 52.7091], [14.1107, 52.7104]]], [[[13.9119, 52.6967], [13.914, 52.6984], [13.9222, 52.7025], [13.9251, 52.7072], [13.9297, 52.7116], [13.9308, 52.7157], [13.9341, 52.7149], [13.9322, 52.7108], [13.9336, 52.7089], [13.9332, 52.7072], [13.929, 52.7046], [13.9242, 52.6986], [13.9217, 52.697], [13.9149, 52.6952], [13.9125, 52.6953], [13.9119, 52.6967]]], [[[14.0749, 52.7022], [14.0752, 52.7008], [14.0717, 52.6979], [14.0682, 52.6977], [14.068, 52.6965], [14.0688, 52.6957], [14.0756, 52.6964], [14.0795, 52.6942], [14.0779, 52.6931], [14.0755, 52.694], [14.0742, 52.6935], [14.0754, 52.6922], [14.0742, 52.6886], [14.0774, 52.6867], [14.076, 52.6855], [14.0721, 52.6862], [14.0681, 52.6939], [14.0654, 52.6962], [14.0654, 52.6976], [14.06, 52.6986], [14.0614, 52.6999], [14.0664, 52.7003], [14.069, 52.703], [14.0749, 52.7022]]], [[[14.2502, 52.4921], [14.2588, 52.4841], [14.2571, 52.4834], [14.2526, 52.4856], [14.2486, 52.4825], [14.2449, 52.4826], [14.2447, 52.4836], [14.2463, 52.4852], [14.2523, 52.4881], [14.2489, 52.4893], [14.2411, 52.4886], [14.2405, 52.4894], [14.2411, 52.491], [14.24, 52.4928], [14.2414, 52.4944], [14.2392, 52.4948], [14.2385, 52.4964], [14.2404, 52.4982], [14.2428, 52.4986], [14.2437, 52.4983], [14.2456, 52.4948], [14.2502, 52.4921]]], [[[14.3548, 52.4982], [14.3504, 52.4969], [14.3502, 52.4957], [14.3514, 52.4945], [14.3517, 52.4928], [14.3495, 52.4904], [14.3456, 52.4907], [14.3426, 52.49], [14.3405, 52.4926], [14.3353, 52.4933], [14.3351, 52.4954], [14.3334, 52.4977], [14.3369, 52.4963], [14.3414, 52.496], [14.343, 52.4962], [14.3427, 52.4994], [14.3436, 52.5001], [14.3501, 52.4994], [14.3545, 52.5009], [14.3553, 52.4992], [14.3548, 52.4982]]], [[[14.1986, 52.5629], [14.1998, 52.5619], [14.2041, 52.5614], [14.2063, 52.56], [14.2065, 52.5586], [14.205, 52.557], [14.2027, 52.5592], [14.1971, 52.5604], [14.1945, 52.562], [14.1904, 52.5608], [14.1904, 52.5594], [14.1923, 52.5581], [14.1909, 52.5558], [14.1882, 52.5559], [14.1875, 52.558], [14.1823, 52.5589], [14.1813, 52.5637], [14.1821, 52.5649], [14.1858, 52.5644], [14.1896, 52.5649], [14.1986, 52.5629]]], [[[14.4033, 52.3798], [14.4015, 52.3801], [14.4004, 52.3816], [14.4033, 52.3827], [14.4083, 52.3905], [14.4114, 52.3913], [14.4136, 52.3907], [14.4142, 52.3843], [14.4162, 52.3821], [14.4137, 52.3808], [14.4033, 52.3798]]], [[[13.933, 52.4805], [13.9241, 52.4806], [13.9233, 52.481], [13.9235, 52.482], [13.918, 52.4863], [13.9213, 52.4909], [13.9239, 52.4914], [13.9208, 52.4857], [13.921, 52.4847], [13.9243, 52.4837], [13.932, 52.4862], [13.9342, 52.4858], [13.9392, 52.4812], [13.9464, 52.4803], [13.9419, 52.4782], [13.933, 52.4805]]], [[[14.0921, 52.5943], [14.0921, 52.5923], [14.0905, 52.5909], [14.094, 52.5864], [14.0941, 52.5848], [14.0917, 52.5837], [14.0848, 52.5843], [14.0837, 52.5856], [14.085, 52.5906], [14.0841, 52.5912], [14.0809, 52.5905], [14.0807, 52.5914], [14.0823, 52.593], [14.0857, 52.5942], [14.0864, 52.5951], [14.0858, 52.5956], [14.0881, 52.5956], [14.0896, 52.5944], [14.0921, 52.5943]]], [[[14.0631, 52.7656], [14.0622, 52.7644], [14.0638, 52.763], [14.0634, 52.7621], [14.0609, 52.7612], [14.0522, 52.7619], [14.0464, 52.7607], [14.0482, 52.7613], [14.0496, 52.7631], [14.0493, 52.7673], [14.0502, 52.7686], [14.0597, 52.7684], [14.0631, 52.7656]]], [[[14.261, 52.4687], [14.2611, 52.4701], [14.2626, 52.4724], [14.2621, 52.4733], [14.2631, 52.4745], [14.2634, 52.4771], [14.2667, 52.4748], [14.2664, 52.4713], [14.271, 52.47], [14.2746, 52.4669], [14.2715, 52.4636], [14.2619, 52.4673], [14.261, 52.4687]]], [[[14.0644, 52.6697], [14.0738, 52.6669], [14.0752, 52.6645], [14.0744, 52.664], [14.0705, 52.6655], [14.0605, 52.6664], [14.0573, 52.6678], [14.0533, 52.6684], [14.0524, 52.6702], [14.0531, 52.6717], [14.0577, 52.6723], [14.0613, 52.6737], [14.0644, 52.6697]]], [[[13.6367, 52.5438], [13.6371, 52.5449], [13.6347, 52.5468], [13.6345, 52.5498], [13.6315, 52.5504], [13.6301, 52.5546], [13.6283, 52.5553], [13.6297, 52.5579], [13.6289, 52.5582], [13.6303, 52.5592], [13.6369, 52.5597], [13.6423, 52.5615], [13.64, 52.5598], [13.641, 52.5596], [13.6437, 52.5614], [13.645, 52.5614], [13.6459, 52.5623], [13.6448, 52.5627], [13.6454, 52.5632], [13.6485, 52.5647], [13.6496, 52.5642], [13.6499, 52.563], [13.6441, 52.5589], [13.6327, 52.5567], [13.6308, 52.5553], [13.6309, 52.5539], [13.6387, 52.5458], [13.6391, 52.5429], [13.6385, 52.5412], [13.6368, 52.5411], [13.6355, 52.5436], [13.6367, 52.5438]]], [[[13.619, 52.5445], [13.6208, 52.5448], [13.6202, 52.546], [13.6174, 52.5479], [13.6181, 52.551], [13.6272, 52.5473], [13.6329, 52.542], [13.6193, 52.5433], [13.619, 52.5445]]], [[[13.9201, 52.536], [13.9184, 52.5373], [13.9168, 52.5388], [13.9157, 52.543], [13.9223, 52.5445], [13.9264, 52.5435], [13.9244, 52.5395], [13.9275, 52.5372], [13.9282, 52.5357], [13.9243, 52.535], [13.9201, 52.536]]], [[[13.9466, 52.7828], [13.948, 52.7813], [13.9481, 52.7795], [13.946, 52.777], [13.9431, 52.776], [13.9407, 52.7762], [13.9396, 52.777], [13.9389, 52.7796], [13.9414, 52.7802], [13.9407, 52.7827], [13.9394, 52.782], [13.9379, 52.7825], [13.9371, 52.7852], [13.9338, 52.785], [13.9313, 52.7864], [13.9333, 52.7869], [13.94, 52.786], [13.9466, 52.7828]]], [[[13.6282, 52.5527], [13.6277, 52.5545], [13.6286, 52.5538], [13.6291, 52.5521], [13.6282, 52.5527]]], [[[13.634, 52.5454], [13.635, 52.5438], [13.6344, 52.5445], [13.634, 52.5454]]], [[[13.6336, 52.5492], [13.6335, 52.5484], [13.633, 52.5498], [13.6336, 52.5492]]], [[[13.627, 52.5565], [13.6277, 52.5571], [13.6276, 52.5568], [13.627, 52.5565]]]], "type": "MultiPolygon"}, "properties": {"BEMERKUNG": null, "GEN_ID": 872, "GL_ID": 315.0, "SYM_NR": "495", "feature_kind": "soil_unit", "general_unit_de": "Braunerden aus Schmelzwassersand mit Fahlerde-Braunerden aus Decksand \u00fcber (Decklehm und tiefem) Geschiebemergel (oder -lehm)", "general_unit_en": "Brown soils from glaciofluvial sand with Fahlerde-brown soils from Decksand over (Decklehm and tiefem) glacial till marl (oder -lehm)", "lead_horizon_count": 5.0, "lead_profile_de": "Normbraunerde", "lead_profile_en": "Typical brown soil", "legend_unit_de": "Braunerden aus Schmelzwassersand vergesellschaftet mit Fahlerde-Braunerden aus Decksand \u00fcber Decklehm (Geschiebemergel-Reste) und tiefem Schmelzwassersand", "legend_unit_en": "Brown soils from glaciofluvial sand vergesellschaftet with Fahlerde-brown soils from Decksand over Decklehm (glacial till marl-Reste) and tiefem glaciofluvial sand", "parent_material_code": "3.2.1.4", "parent_material_de": "Schmelzwassersand und Geschiebemergel", "parent_material_en": "Glaciofluvial sand and glacial till marl", "profile_count": 5.0, "profile_summary_de": "Normbraunerde | 5 Profile | 5 Horizonte im Leitprofil", "profile_summary_en": "Typical brown soil | 5 profiles | 5 horizons in lead profile", "semantic_source": "sqlite-buek250-v10", "semantic_version": "buek250-soil-semantics-v1", "soil_group_de": "Braunerden", "soil_group_en": "Brown soils", "soil_group_key": "brown-soils", "soil_label_de": "Braunerden aus Schmelzwassersand vergesellschaftet mit Fahlerde-Braunerden aus Decksand \u00fcber Decklehm (Geschiebemergel-Reste) und tiefem Schmelzwassersand", "soil_label_en": "Brown soils from glaciofluvial sand vergesellschaftet with Fahlerde-brown soils from Decksand over Decklehm (glacial till marl-Reste) and tiefem glaciofluvial sand", "soil_type_primary_de": "Braunerden", "soil_type_primary_en": "Brown soils", "soil_type_secondary_de": null, "soil_type_secondary_en": null, "soil_type_tertiary_de": null, "soil_type_tertiary_en": null, "source_note_de": null, "source_note_en": null, "special_area_kind": null}, "type": "Feature"}, {"geometry": {"coordinates": [[[13.8558, 52.719], [13.862, 52.7137], [13.8663, 52.7138], [13.8649, 52.7078], [13.8662, 52.7068], [13.8659, 52.7059], [13.8616, 52.7051], [13.8444, 52.707], [13.8335, 52.7064], [13.8301, 52.7092], [13.8349, 52.7104], [13.8346, 52.7123], [13.8322, 52.7144], [13.8309, 52.7167], [13.8323, 52.7207], [13.8388, 52.7185], [13.8391, 52.7201], [13.838, 52.7215], [13.8386, 52.7225], [13.8469, 52.7233], [13.8558, 52.719]]], "type": "Polygon"}, "properties": {"BEMERKUNG": null, "GEN_ID": 870, "GL_ID": 417.0, "SYM_NR": "534", "feature_kind": "soil_unit", "general_unit_de": "Regosole und Podsol-Regosole mit Podsolen (und Braunerden) aus Flugsand (\u00fcber Schmelzwassersand)", "general_unit_en": "Regosole and Podsol-regosole with podzolsn (and brown soils) from aeolian sand (over glaciofluvial sand)", "lead_horizon_count": 4.0, "lead_profile_de": "Normregosol", "lead_profile_en": "Typical regosol", "legend_unit_de": "Regosole, Podsol- und Braunerde-Regosole mit Podsolen aus Flugsand (\u00fcber tiefem Schmelzwassersand)", "legend_unit_en": "Regosole, Podsol- and brown soil-regosole with podzolsn from aeolian sand (over tiefem glaciofluvial sand)", "parent_material_code": "4.0.3.2", "parent_material_de": "Flugsand und Schmelzwassersand", "parent_material_en": "Aeolian sand and glaciofluvial sand", "profile_count": 6.0, "profile_summary_de": "Normregosol | 6 Profile | 4 Horizonte im Leitprofil", "profile_summary_en": "Typical regosol | 6 profiles | 4 horizons in lead profile", "semantic_source": "sqlite-buek250-v10", "semantic_version": "buek250-soil-semantics-v1", "soil_group_de": "Ah/C-B\u00f6den", "soil_group_en": "Ah/C soils", "soil_group_key": "ah-c-soils", "soil_label_de": "Regosole, Podsol- und Braunerde-Regosole mit Podsolen aus Flugsand (\u00fcber tiefem Schmelzwassersand)", "soil_label_en": "Regosole, Podsol- and brown soil-regosole with podzolsn from aeolian sand (over tiefem glaciofluvial sand)", "soil_type_primary_de": "Ah/C-B\u00f6den", "soil_type_primary_en": "Ah/C soils", "soil_type_secondary_de": "Podsole", "soil_type_secondary_en": "Podzols", "soil_type_tertiary_de": null, "soil_type_tertiary_en": null, "source_note_de": null, "source_note_en": null, "special_area_kind": null}, "type": "Feature"}, {"geometry": {"coordinates": [[[[14.0846, 52.7152], [14.0815, 52.7127], [14.0734, 52.7124], [14.0721, 52.7106], [14.068, 52.7124], [14.0652, 52.7111], [14.0669, 52.7091], [14.0702, 52.7082], [14.0766, 52.7109], [14.0856, 52.7109], [14.0906, 52.7102], [14.0929, 52.7091], [14.0921, 52.7076], [14.0939, 52.7052], [14.0899, 52.7035], [14.0979, 52.7039], [14.101, 52.7024], [14.1105, 52.7002], [14.1161, 52.7], [14.1181, 52.6974], [14.1237, 52.694], [14.1261, 52.6916], [14.1261, 52.6882], [14.1216, 52.6868], [14.1186, 52.6876], [14.1162, 52.6873], [14.1158, 52.6869], [14.1203, 52.6851], [14.115, 52.6833], [14.0981, 52.6809], [14.0931, 52.6815], [14.0869, 52.6846], [14.0809, 52.6864], [14.0816, 52.6892], [14.0852, 52.6917], [14.0846, 52.6938], [14.0795, 52.6942], [14.0743, 52.6967], [14.0682, 52.696], [14.0682, 52.6977], [14.0717, 52.6979], [14.0755, 52.7016], [14.0741, 52.7025], [14.07, 52.7032], [14.0684, 52.7027], [14.0664, 52.7003], [14.0614, 52.6999], [14.06, 52.6986], [14.0654, 52.6976], [14.0654, 52.6962], [14.0681, 52.6939], [14.0721, 52.6862], [14.0762, 52.6855], [14.0762, 52.6841], [14.0746, 52.6831], [14.0713, 52.6828], [14.0698, 52.681], [14.0688, 52.682], [14.0678, 52.6817], [14.0662, 52.6796], [14.0653, 52.6762], [14.0644, 52.6762], [14.0616, 52.6797], [14.0581, 52.6799], [14.0573, 52.6788], [14.0577, 52.6778], [14.0613, 52.6759], [14.0602, 52.6747], [14.0574, 52.6746], [14.0565, 52.672], [14.0459, 52.6757], [14.0453, 52.6781], [14.0483, 52.6812], [14.0485, 52.6824], [14.0404, 52.6799], [14.0375, 52.6765], [14.0344, 52.6764], [14.0318, 52.675], [14.027, 52.6767], [14.0214, 52.6748], [14.0171, 52.6789], [14.016, 52.675], [14.0146, 52.6743], [14.0131, 52.6752], [14.012, 52.68], [14.0092, 52.6823], [14.0098, 52.6835], [14.0088, 52.6861], [14.0096, 52.6894], [14.0089, 52.6904], [14.011, 52.6935], [14.0211, 52.6979], [14.0252, 52.6979], [14.0305, 52.7056], [14.0344, 52.7091], [14.0436, 52.7124], [14.0481, 52.7125], [14.0473, 52.7163], [14.0479, 52.718], [14.0496, 52.7182], [14.0552, 52.7164], [14.0592, 52.718], [14.0709, 52.719], [14.0741, 52.7207], [14.0785, 52.7216], [14.0789, 52.7189], [14.084, 52.717], [14.0846, 52.7152]], [[14.0189, 52.6907], [14.0149, 52.6925], [14.0126, 52.6879], [14.0153, 52.6861], [14.0186, 52.6879], [14.0225, 52.6852], [14.0269, 52.6859], [14.0289, 52.6847], [14.0372, 52.6836], [14.0396, 52.6847], [14.0387, 52.6865], [14.0388, 52.6888], [14.0461, 52.6886], [14.0479, 52.6865], [14.0492, 52.687], [14.05, 52.6886], [14.0536, 52.6884], [14.0543, 52.6898], [14.0535, 52.6912], [14.0474, 52.6933], [14.0304, 52.6901], [14.0276, 52.6912], [14.0269, 52.6918], [14.0272, 52.6931], [14.0251, 52.6946], [14.024, 52.6942], [14.0237, 52.6927], [14.0189, 52.6907]]], [[[14.0849, 52.4606], [14.0826, 52.4594], [14.0822, 52.4584], [14.0833, 52.4552], [14.0867, 52.4549], [14.0887, 52.4536], [14.0922, 52.4542], [14.0909, 52.4527], [14.0809, 52.4528], [14.0823, 52.4628], [14.0849, 52.4606]]], [[[14.4205, 52.3759], [14.4123, 52.3782], [14.4146, 52.3793], [14.4204, 52.3797], [14.4207, 52.381], [14.4174, 52.3814], [14.4146, 52.3835], [14.4137, 52.3862], [14.4136, 52.3905], [14.4122, 52.3912], [14.4083, 52.3905], [14.4047, 52.3852], [14.4024, 52.3859], [14.3897, 52.3855], [14.3899, 52.3879], [14.3963, 52.3907], [14.3987, 52.3908], [14.4007, 52.3878], [14.4029, 52.3891], [14.4035, 52.3902], [14.4031, 52.3913], [14.3979, 52.3929], [14.3987, 52.3941], [14.402, 52.3941], [14.4007, 52.3959], [14.401, 52.3966], [14.4055, 52.3974], [14.4164, 52.3948], [14.4151, 52.3966], [14.4181, 52.3989], [14.4166, 52.3996], [14.4058, 52.3999], [14.3993, 52.4022], [14.3908, 52.4016], [14.3888, 52.4025], [14.3883, 52.4043], [14.3841, 52.4056], [14.4046, 52.4087], [14.4193, 52.4147], [14.4216, 52.4136], [14.4296, 52.413], [14.4314, 52.4148], [14.4309, 52.4165], [14.4316, 52.4174], [14.4362, 52.4192], [14.4431, 52.4252], [14.445, 52.428], [14.4469, 52.4338], [14.4596, 52.4361], [14.4594, 52.4336], [14.4617, 52.4319], [14.4653, 52.4334], [14.4708, 52.4337], [14.476, 52.4396], [14.4761, 52.4413], [14.4772, 52.4427], [14.4803, 52.4431], [14.4893, 52.4468], [14.4881, 52.4485], [14.4853, 52.4496], [14.4843, 52.4545], [14.4866, 52.4555], [14.4889, 52.4554], [14.4901, 52.4548], [14.4911, 52.4524], [14.4949, 52.4521], [14.495, 52.4511], [14.4938, 52.4505], [14.4926, 52.4478], [14.4898, 52.4448], [14.4921, 52.4425], [14.495, 52.4412], [14.4957, 52.4392], [14.4973, 52.4377], [14.4971, 52.4367], [14.4942, 52.4357], [14.4934, 52.4333], [14.4908, 52.4338], [14.4835, 52.4305], [14.4798, 52.4308], [14.4784, 52.4301], [14.4815, 52.4241], [14.4802, 52.4211], [14.4782, 52.4196], [14.4749, 52.4218], [14.4696, 52.4238], [14.4668, 52.4273], [14.4656, 52.427], [14.4656, 52.4259], [14.468, 52.4225], [14.4619, 52.4226], [14.459, 52.4235], [14.4544, 52.4227], [14.4535, 52.4238], [14.4534, 52.4284], [14.4512, 52.4303], [14.4496, 52.4303], [14.4482, 52.4265], [14.4484, 52.4227], [14.4465, 52.4215], [14.4424, 52.4221], [14.4411, 52.4199], [14.4424, 52.4184], [14.45, 52.4144], [14.4513, 52.4142], [14.4531, 52.4161], [14.4547, 52.4163], [14.4545, 52.4127], [14.4522, 52.4093], [14.4495, 52.409], [14.4489, 52.4068], [14.4474, 52.4053], [14.4408, 52.4026], [14.4379, 52.4028], [14.4347, 52.4042], [14.4314, 52.4008], [14.4287, 52.4002], [14.4285, 52.3994], [14.4312, 52.3973], [14.4327, 52.3944], [14.4317, 52.3942], [14.4261, 52.38], [14.4205, 52.3759]]], [[[14.5754, 52.4879], [14.5704, 52.4851], [14.568, 52.485], [14.5705, 52.479], [14.5704, 52.4777], [14.5687, 52.4759], [14.5634, 52.4749], [14.5619, 52.4759], [14.562, 52.4789], [14.5587, 52.4795], [14.5539, 52.4768], [14.5445, 52.4745], [14.5458, 52.472], [14.5482, 52.4703], [14.5481, 52.4685], [14.5455, 52.468], [14.539, 52.4691], [14.536, 52.4687], [14.529, 52.4639], [14.5293, 52.4625], [14.5306, 52.4615], [14.5348, 52.4611], [14.5388, 52.4594], [14.5414, 52.4552], [14.5423, 52.4559], [14.5424, 52.4605], [14.5446, 52.4638], [14.5517, 52.4664], [14.5521, 52.4679], [14.5535, 52.4686], [14.5542, 52.4713], [14.5593, 52.4719], [14.5609, 52.4713], [14.5609, 52.4696], [14.5591, 52.4686], [14.5602, 52.4668], [14.5604, 52.4644], [14.5586, 52.4617], [14.5564, 52.46], [14.5585, 52.4535], [14.5534, 52.4462], [14.5479, 52.4538], [14.5463, 52.4537], [14.5427, 52.451], [14.5352, 52.4546], [14.5314, 52.4535], [14.5313, 52.4513], [14.5381, 52.45], [14.5366, 52.4465], [14.5383, 52.4433], [14.5381, 52.4411], [14.5366, 52.4392], [14.5328, 52.4383], [14.5312, 52.437], [14.5292, 52.4339], [14.529, 52.4316], [14.531, 52.4317], [14.5346, 52.4348], [14.5401, 52.4371], [14.5417, 52.4371], [14.543, 52.4359], [14.5449, 52.436], [14.5433, 52.4346], [14.5423, 52.431], [14.539, 52.4266], [14.5394, 52.4222], [14.538, 52.42], [14.5379, 52.4179], [14.536, 52.4197], [14.5355, 52.4243], [14.5296, 52.4241], [14.5288, 52.4228], [14.5313, 52.4181], [14.5315, 52.4153], [14.5292, 52.4135], [14.5268, 52.4134], [14.5243, 52.4182], [14.5242, 52.42], [14.5246, 52.4234], [14.527, 52.4272], [14.5244, 52.4297], [14.5239, 52.4335], [14.5199, 52.4357], [14.5217, 52.4379], [14.5254, 52.4369], [14.5286, 52.4381], [14.5289, 52.4394], [14.5314, 52.4405], [14.5307, 52.4446], [14.5331, 52.4467], [14.5332, 52.4486], [14.5276, 52.4511], [14.5246, 52.4514], [14.5212, 52.4493], [14.5191, 52.4438], [14.5109, 52.4413], [14.5091, 52.4414], [14.5097, 52.4429], [14.5086, 52.4454], [14.5095, 52.4456], [14.5116, 52.4493], [14.5185, 52.4514], [14.5197, 52.4529], [14.5169, 52.4553], [14.5181, 52.4576], [14.5171, 52.4593], [14.514, 52.4595], [14.513, 52.4616], [14.5081, 52.4638], [14.5074, 52.4681], [14.5117, 52.4676], [14.5197, 52.4686], [14.5227, 52.4676], [14.5262, 52.4647], [14.5273, 52.4662], [14.5269, 52.468], [14.522, 52.4713], [14.5279, 52.4745], [14.5331, 52.4753], [14.5402, 52.4787], [14.54, 52.4809], [14.5411, 52.4816], [14.5426, 52.4817], [14.5436, 52.4806], [14.5492, 52.4792], [14.5511, 52.4794], [14.5552, 52.4816], [14.5605, 52.4811], [14.5652, 52.483], [14.5652, 52.4839], [14.5622, 52.4856], [14.557, 52.4847], [14.5539, 52.4858], [14.5472, 52.4856], [14.5462, 52.4868], [14.5478, 52.4885], [14.5556, 52.4914], [14.5639, 52.4914], [14.5658, 52.49], [14.5674, 52.491], [14.5676, 52.4944], [14.5703, 52.4951], [14.574, 52.4981], [14.5821, 52.4987], [14.5816, 52.4957], [14.5769, 52.4941], [14.5749, 52.4927], [14.5754, 52.4879]]], [[[14.4159, 52.5011], [14.4169, 52.4974], [14.4166, 52.4952], [14.4139, 52.4939], [14.4143, 52.491], [14.4126, 52.4885], [14.4133, 52.4868], [14.4156, 52.487], [14.4187, 52.4909], [14.42, 52.4909], [14.4236, 52.4862], [14.4303, 52.4801], [14.4304, 52.4771], [14.433, 52.4758], [14.4395, 52.4759], [14.4392, 52.4748], [14.4354, 52.4732], [14.4341, 52.471], [14.4348, 52.4668], [14.4372, 52.465], [14.4383, 52.4648], [14.4397, 52.4662], [14.4437, 52.4656], [14.4498, 52.4691], [14.4525, 52.4683], [14.4552, 52.4695], [14.4553, 52.4711], [14.4523, 52.4741], [14.4532, 52.4752], [14.4552, 52.4757], [14.4569, 52.4754], [14.4599, 52.4716], [14.4617, 52.4719], [14.4619, 52.4749], [14.4666, 52.4713], [14.4727, 52.4696], [14.4731, 52.4681], [14.4706, 52.4671], [14.4657, 52.4675], [14.4615, 52.469], [14.4618, 52.4672], [14.465, 52.4649], [14.4622, 52.464], [14.4581, 52.4598], [14.46, 52.456], [14.4583, 52.4539], [14.4632, 52.4501], [14.4639, 52.4473], [14.4658, 52.4476], [14.4669, 52.4453], [14.4673, 52.4427], [14.4663, 52.4406], [14.4637, 52.4392], [14.4594, 52.4404], [14.4608, 52.4413], [14.4612, 52.4459], [14.4581, 52.4491], [14.4559, 52.4486], [14.4535, 52.4495], [14.4536, 52.4511], [14.4519, 52.452], [14.4413, 52.4537], [14.4368, 52.4511], [14.4348, 52.4551], [14.4292, 52.4565], [14.4269, 52.4581], [14.4205, 52.4592], [14.4133, 52.4589], [14.4121, 52.4603], [14.4131, 52.4643], [14.4126, 52.4653], [14.4073, 52.4676], [14.4033, 52.4681], [14.4039, 52.4703], [14.4121, 52.4721], [14.4122, 52.4747], [14.41, 52.4795], [14.4159, 52.4816], [14.4166, 52.4827], [14.4123, 52.4849], [14.4105, 52.4825], [14.4067, 52.481], [14.4042, 52.4811], [14.4023, 52.4829], [14.4016, 52.4848], [14.3967, 52.4854], [14.3959, 52.4875], [14.3928, 52.4868], [14.3919, 52.4884], [14.3925, 52.4899], [14.3946, 52.491], [14.4016, 52.4926], [14.405, 52.4908], [14.4058, 52.4893], [14.4043, 52.4886], [14.4019, 52.4889], [14.4011, 52.4874], [14.402, 52.4863], [14.4046, 52.4859], [14.4086, 52.4874], [14.409, 52.4888], [14.4075, 52.4971], [14.4054, 52.5053], [14.407, 52.5057], [14.4085, 52.5049], [14.4102, 52.502], [14.4159, 52.5011]]], [[[13.7786, 52.6143], [13.763, 52.6084], [13.7592, 52.6062], [13.7586, 52.603], [13.7608, 52.5997], [13.7487, 52.5998], [13.7474, 52.6051], [13.7532, 52.6107], [13.7523, 52.6122], [13.7503, 52.6123], [13.7444, 52.6084], [13.742, 52.608], [13.7377, 52.6045], [13.7359, 52.6045], [13.7347, 52.6057], [13.735, 52.6078], [13.744, 52.6126], [13.7441, 52.6133], [13.7414, 52.614], [13.7297, 52.6119], [13.7747, 52.6217], [13.7672, 52.6183], [13.7656, 52.6185], [13.7575, 52.6145], [13.7574, 52.6124], [13.7607, 52.6113], [13.7762, 52.6174], [13.7794, 52.6201], [13.7811, 52.6231], [13.7861, 52.6238], [13.7856, 52.6224], [13.7786, 52.6143]]], [[[14.0176, 52.5694], [14.0149, 52.5664], [14.0143, 52.5643], [14.0067, 52.5654], [14.0029, 52.5631], [13.9998, 52.5635], [13.9967, 52.5602], [13.9967, 52.5581], [14.0015, 52.5562], [14.0139, 52.5568], [14.014, 52.5558], [14.0105, 52.554], [14.0103, 52.552], [14.0086, 52.5516], [13.9993, 52.5541], [13.988, 52.5495], [13.9861, 52.5475], [13.9861, 52.5454], [13.9884, 52.5446], [13.9908, 52.546], [13.9955, 52.5467], [13.9997, 52.5485], [14.0053, 52.5471], [14.0101, 52.5472], [14.0114, 52.5466], [14.0108, 52.545], [14.0056, 52.5425], [14.0016, 52.5424], [14.0013, 52.5409], [14.0079, 52.5393], [14.0115, 52.5409], [14.017, 52.5417], [14.0218, 52.5401], [14.0261, 52.5398], [14.0217, 52.5342], [14.0187, 52.5329], [14.018, 52.5317], [14.0189, 52.5303], [14.0184, 52.5296], [14.0138, 52.5278], [14.003, 52.5268], [14.0014, 52.5275], [14.0022, 52.5297], [14.004, 52.5308], [14.0094, 52.5322], [14.0109, 52.5334], [14.0107, 52.5348], [14.0057, 52.5372], [13.9977, 52.5372], [13.9894, 52.5388], [13.9867, 52.5401], [13.9817, 52.5474], [13.9824, 52.55], [13.9851, 52.5532], [13.9847, 52.5543], [13.9793, 52.5569], [13.9792, 52.5576], [13.9889, 52.5636], [13.9969, 52.5654], [14.0033, 52.5651], [14.006, 52.5673], [14.0132, 52.5677], [14.013, 52.5687], [14.0047, 52.5688], [14.0035, 52.57], [14.0039, 52.5714], [14.0101, 52.5737], [14.0118, 52.5738], [14.0137, 52.572], [14.0153, 52.5719], [14.0179, 52.5729], [14.0189, 52.5754], [14.0207, 52.5752], [14.0212, 52.5745], [14.0206, 52.573], [14.0179, 52.5715], [14.0176, 52.5694]], [[13.9953, 52.5393], [13.9965, 52.5396], [13.9998, 52.5437], [13.9997, 52.545], [13.9976, 52.546], [13.9919, 52.5439], [13.9915, 52.542], [13.9953, 52.5393]]], [[[14.3714, 52.5432], [14.3756, 52.5413], [14.3776, 52.5418], [14.3787, 52.5404], [14.3833, 52.5404], [14.3859, 52.5394], [14.3863, 52.5385], [14.3848, 52.538], [14.3842, 52.5356], [14.3809, 52.5351], [14.3783, 52.5391], [14.3726, 52.5364], [14.3745, 52.5337], [14.3725, 52.5315], [14.3735, 52.5301], [14.3731, 52.5288], [14.3714, 52.5267], [14.3682, 52.5251], [14.3654, 52.5252], [14.3619, 52.5273], [14.36, 52.5306], [14.3588, 52.5312], [14.346, 52.5324], [14.3425, 52.5357], [14.3395, 52.5365], [14.338, 52.5391], [14.338, 52.5456], [14.3394, 52.548], [14.3422, 52.5502], [14.3521, 52.5505], [14.3591, 52.548], [14.3619, 52.5503], [14.3683, 52.5506], [14.3723, 52.5494], [14.3731, 52.5477], [14.3714, 52.5432]]], [[[13.8395, 52.49], [13.8391, 52.4916], [13.8409, 52.4913], [13.8486, 52.4869], [13.8493, 52.4863], [13.8495, 52.4828], [13.8519, 52.4822], [13.8535, 52.4781], [13.8571, 52.4749], [13.8605, 52.4736], [13.8562, 52.4708], [13.8558, 52.469], [13.8572, 52.4678], [13.8612, 52.4665], [13.8589, 52.4646], [13.8506, 52.4668], [13.8479, 52.469], [13.8502, 52.469], [13.8527, 52.4702], [13.8533, 52.4739], [13.8524, 52.4746], [13.8438, 52.475], [13.8445, 52.47], [13.8462, 52.4693], [13.8445, 52.468], [13.8416, 52.4631], [13.8393, 52.4614], [13.833, 52.4605], [13.8254, 52.4573], [13.819, 52.4572], [13.8222, 52.4594], [13.8224, 52.4649], [13.8185, 52.4653], [13.8125, 52.4631], [13.8161, 52.468], [13.8389, 52.4746], [13.84, 52.4759], [13.8383, 52.4788], [13.8386, 52.4806], [13.8454, 52.4807], [13.8466, 52.4819], [13.8413, 52.4825], [13.8431, 52.4842], [13.8435, 52.4862], [13.8423, 52.4863], [13.8403, 52.4842], [13.839, 52.4838], [13.8343, 52.4858], [13.8333, 52.4832], [13.8175, 52.4841], [13.8149, 52.4865], [13.8223, 52.4875], [13.8253, 52.4894], [13.8281, 52.4887], [13.8336, 52.4933], [13.8364, 52.4936], [13.835, 52.4916], [13.8369, 52.489], [13.8395, 52.49]]], [[[13.9051, 52.5271], [13.8945, 52.5221], [13.8943, 52.5187], [13.8835, 52.5078], [13.8833, 52.5062], [13.8868, 52.5029], [13.8866, 52.5008], [13.8838, 52.5007], [13.8812, 52.5025], [13.8781, 52.5089], [13.8763, 52.5098], [13.8836, 52.5118], [13.8848, 52.5124], [13.8848, 52.5134], [13.8808, 52.5152], [13.8748, 52.5231], [13.8748, 52.5257], [13.8766, 52.5284], [13.8814, 52.5302], [13.8914, 52.5304], [13.893, 52.5311], [13.8942, 52.5339], [13.8979, 52.5387], [13.9013, 52.539], [13.9061, 52.5416], [13.909, 52.5422], [13.91, 52.5397], [13.909, 52.5388], [13.907, 52.5336], [13.9065, 52.5304], [13.9076, 52.5296], [13.9051, 52.5271]]], [[[13.8933, 52.7426], [13.8988, 52.7457], [13.9068, 52.7439], [13.9077, 52.7421], [13.9076, 52.7406], [13.9056, 52.7387], [13.9022, 52.7371], [13.9021, 52.7358], [13.896, 52.7368], [13.89, 52.7356], [13.885, 52.7379], [13.8821, 52.7383], [13.8829, 52.7372], [13.8859, 52.7361], [13.886, 52.7351], [13.8783, 52.7348], [13.8759, 52.7331], [13.8743, 52.7334], [13.8743, 52.7345], [13.8778, 52.7373], [13.8785, 52.739], [13.8774, 52.7397], [13.8706, 52.7395], [13.8673, 52.7377], [13.865, 52.7348], [13.8625, 52.7336], [13.8571, 52.7333], [13.855, 52.7339], [13.8542, 52.7369], [13.8488, 52.7396], [13.8482, 52.7415], [13.8494, 52.7431], [13.8625, 52.7454], [13.8666, 52.7478], [13.8797, 52.7489], [13.8843, 52.7464], [13.8851, 52.7437], [13.8869, 52.7425], [13.8933, 52.7426]]], [[[14.3228, 52.3828], [14.3208, 52.385], [14.3213, 52.3874], [14.3246, 52.3895], [14.3267, 52.389], [14.3294, 52.3917], [14.3284, 52.3956], [14.3309, 52.3985], [14.3307, 52.4021], [14.332, 52.4043], [14.331, 52.4083], [14.3319, 52.4094], [14.3318, 52.4136], [14.3363, 52.4135], [14.3374, 52.4124], [14.3389, 52.4076], [14.3375, 52.4047], [14.3379, 52.4038], [14.3454, 52.3996], [14.346, 52.398], [14.3489, 52.3955], [14.3455, 52.3929], [14.3448, 52.3905], [14.3477, 52.3873], [14.3478, 52.3861], [14.3419, 52.3815], [14.3374, 52.3799], [14.3293, 52.3791], [14.3231, 52.38], [14.3196, 52.3813], [14.3228, 52.3828]]], [[[14.3377, 52.4761], [14.3351, 52.4755], [14.3348, 52.4749], [14.3384, 52.4744], [14.3374, 52.4727], [14.3384, 52.4687], [14.3372, 52.4672], [14.3322, 52.465], [14.3297, 52.4627], [14.3274, 52.462], [14.3246, 52.4623], [14.3225, 52.4659], [14.3212, 52.4661], [14.3193, 52.4651], [14.3185, 52.4615], [14.312, 52.455], [14.308, 52.4557], [14.3023, 52.4526], [14.2988, 52.453], [14.2981, 52.4541], [14.2986, 52.4576], [14.2947, 52.4584], [14.2966, 52.4617], [14.3064, 52.4703], [14.3108, 52.4694], [14.3128, 52.47], [14.3118, 52.472], [14.3122, 52.4732], [14.3141, 52.4746], [14.3184, 52.4743], [14.3191, 52.473], [14.3187, 52.4714], [14.3227, 52.4697], [14.3263, 52.4691], [14.3312, 52.4713], [14.332, 52.4736], [14.3276, 52.4755], [14.3224, 52.4798], [14.3249, 52.4786], [14.3273, 52.4787], [14.3337, 52.4809], [14.3357, 52.4797], [14.3377, 52.4761]]], [[[13.6377, 52.566], [13.6421, 52.5615], [13.6369, 52.5597], [13.6303, 52.5592], [13.6302, 52.5602], [13.6323, 52.5627], [13.6318, 52.5636], [13.6289, 52.5635], [13.6282, 52.5648], [13.634, 52.5664], [13.6377, 52.566]]], [[[13.6534, 52.54], [13.6572, 52.5382], [13.6597, 52.538], [13.6573, 52.5356], [13.6563, 52.5327], [13.6492, 52.5328], [13.6469, 52.5342], [13.646, 52.5377], [13.6398, 52.5373], [13.6383, 52.5417], [13.6391, 52.5429], [13.6387, 52.5458], [13.6309, 52.5539], [13.6308, 52.5553], [13.6327, 52.5567], [13.6441, 52.5589], [13.6499, 52.563], [13.6509, 52.5623], [13.6519, 52.5595], [13.65, 52.5527], [13.651, 52.5507], [13.6537, 52.5492], [13.6526, 52.5465], [13.6538, 52.5461], [13.6494, 52.5428], [13.6491, 52.5414], [13.6508, 52.5401], [13.6534, 52.54]]], [[[13.7862, 52.7303], [13.7841, 52.7286], [13.7794, 52.7268], [13.7789, 52.7258], [13.782, 52.7231], [13.7866, 52.7213], [13.7872, 52.7193], [13.7861, 52.7184], [13.7828, 52.7185], [13.7784, 52.7217], [13.7705, 52.7231], [13.7709, 52.7249], [13.7743, 52.7268], [13.7738, 52.7294], [13.7694, 52.7321], [13.7637, 52.7325], [13.7625, 52.7348], [13.7606, 52.7361], [13.7696, 52.74], [13.7749, 52.7455], [13.783, 52.7471], [13.7887, 52.7467], [13.79, 52.7454], [13.7899, 52.7433], [13.7861, 52.7371], [13.7837, 52.7358], [13.7772, 52.7349], [13.7782, 52.733], [13.7862, 52.7303]]], [[[13.9643, 52.6123], [13.9666, 52.6069], [13.9668, 52.6051], [13.9654, 52.604], [13.9525, 52.6007], [13.9448, 52.5947], [13.9423, 52.5937], [13.9362, 52.5943], [13.9403, 52.5988], [13.9407, 52.6018], [13.9425, 52.6049], [13.9446, 52.6059], [13.9455, 52.6073], [13.9463, 52.6145], [13.9515, 52.6169], [13.9627, 52.6152], [13.97, 52.6165], [13.9643, 52.6123]]], [[[14.4298, 52.4403], [14.4303, 52.4435], [14.4319, 52.4454], [14.4335, 52.446], [14.4568, 52.4401], [14.4555, 52.4391], [14.4518, 52.4396], [14.4485, 52.4373], [14.4443, 52.4372], [14.4428, 52.4398], [14.4372, 52.4408], [14.4381, 52.4429], [14.4357, 52.4435], [14.4331, 52.4423], [14.4328, 52.4413], [14.4347, 52.4391], [14.4341, 52.438], [14.4265, 52.4375], [14.4123, 52.4406], [14.4118, 52.4432], [14.4153, 52.4488], [14.412, 52.4509], [14.4114, 52.4537], [14.4146, 52.456], [14.4142, 52.457], [14.4186, 52.4572], [14.4196, 52.4564], [14.4199, 52.4539], [14.4227, 52.4518], [14.4218, 52.4482], [14.4237, 52.4464], [14.424, 52.4452], [14.4208, 52.4432], [14.4204, 52.4425], [14.4211, 52.4414], [14.4274, 52.44], [14.4298, 52.4403]]], [[[14.2781, 52.4953], [14.2795, 52.4931], [14.282, 52.4843], [14.2863, 52.4821], [14.2807, 52.4809], [14.2805, 52.4756], [14.2769, 52.4745], [14.2747, 52.4748], [14.2723, 52.4774], [14.2726, 52.479], [14.2757, 52.4814], [14.2757, 52.4824], [14.2718, 52.4833], [14.2693, 52.4859], [14.2666, 52.4854], [14.265, 52.484], [14.2643, 52.4886], [14.2653, 52.4913], [14.2635, 52.4933], [14.267, 52.4964], [14.2762, 52.4965], [14.2781, 52.4953]]], [[[14.202, 52.4982], [14.2011, 52.4997], [14.1917, 52.4994], [14.1905, 52.5004], [14.1906, 52.5014], [14.1924, 52.5021], [14.2129, 52.5022], [14.2235, 52.5002], [14.2286, 52.502], [14.2326, 52.499], [14.2315, 52.4968], [14.2316, 52.4949], [14.2307, 52.4944], [14.2292, 52.4945], [14.2272, 52.4963], [14.2252, 52.4959], [14.2202, 52.4973], [14.2161, 52.4968], [14.2162, 52.4943], [14.2098, 52.4963], [14.1995, 52.4972], [14.202, 52.4982]]], [[[14.3772, 52.563], [14.3793, 52.5633], [14.3802, 52.5623], [14.3901, 52.5591], [14.3929, 52.5549], [14.3931, 52.5516], [14.3912, 52.5524], [14.3885, 52.5515], [14.3867, 52.5531], [14.3805, 52.5512], [14.3761, 52.5508], [14.374, 52.5514], [14.3743, 52.5526], [14.3775, 52.5533], [14.3766, 52.5566], [14.3792, 52.5584], [14.3768, 52.5597], [14.3742, 52.5592], [14.3724, 52.5556], [14.3704, 52.5556], [14.368, 52.5542], [14.3582, 52.5547], [14.3553, 52.5568], [14.3557, 52.5577], [14.3574, 52.5581], [14.3647, 52.5569], [14.3654, 52.5581], [14.3652, 52.56], [14.3616, 52.5619], [14.37, 52.5629], [14.3727, 52.5644], [14.3753, 52.5642], [14.3772, 52.563]]], [[[14.0769, 52.4785], [14.0784, 52.4792], [14.0885, 52.4764], [14.0929, 52.4788], [14.0934, 52.4774], [14.096, 52.4766], [14.0939, 52.4748], [14.0852, 52.4753], [14.084, 52.4753], [14.084, 52.4746], [14.0894, 52.4727], [14.0932, 52.473], [14.099, 52.475], [14.1045, 52.4745], [14.1093, 52.473], [14.1127, 52.4752], [14.1147, 52.4756], [14.1208, 52.4746], [14.1219, 52.4732], [14.121, 52.472], [14.1188, 52.4712], [14.1018, 52.4706], [14.0921, 52.4684], [14.0872, 52.4699], [14.0803, 52.4701], [14.0764, 52.4761], [14.0769, 52.4785]]], [[[14.0411, 52.6205], [14.0419, 52.6174], [14.0323, 52.6183], [14.0296, 52.6176], [14.0304, 52.6229], [14.0246, 52.6231], [14.0249, 52.6244], [14.0278, 52.6256], [14.0278, 52.6268], [14.0233, 52.6283], [14.0202, 52.6265], [14.019, 52.6275], [14.0189, 52.6295], [14.0203, 52.6305], [14.0248, 52.6315], [14.0312, 52.6316], [14.033, 52.6307], [14.0339, 52.6286], [14.0335, 52.6251], [14.0357, 52.6246], [14.0382, 52.6273], [14.0377, 52.6344], [14.0402, 52.635], [14.0411, 52.6342], [14.0419, 52.629], [14.0465, 52.6266], [14.0433, 52.6253], [14.0419, 52.6237], [14.0411, 52.6205]]], [[[14.0322, 52.5468], [14.031, 52.5452], [14.029, 52.5479], [14.0236, 52.5479], [14.0232, 52.5507], [14.0245, 52.5517], [14.0296, 52.5498], [14.0361, 52.5495], [14.037, 52.5505], [14.034, 52.5547], [14.0345, 52.5584], [14.0318, 52.5624], [14.0327, 52.5673], [14.031, 52.5699], [14.0287, 52.5715], [14.0282, 52.5764], [14.0301, 52.5781], [14.0322, 52.5783], [14.0338, 52.577], [14.0334, 52.5715], [14.0361, 52.5671], [14.0403, 52.5636], [14.0384, 52.561], [14.0383, 52.5592], [14.0422, 52.554], [14.0418, 52.5494], [14.0322, 52.5468]]], [[[14.5124, 52.396], [14.507, 52.3985], [14.5068, 52.3991], [14.5085, 52.4002], [14.5134, 52.3997], [14.5146, 52.4003], [14.5145, 52.4011], [14.513, 52.4016], [14.5084, 52.4024], [14.5099, 52.4044], [14.5122, 52.4048], [14.5156, 52.4029], [14.5219, 52.4023], [14.5249, 52.4009], [14.5252, 52.3996], [14.5266, 52.3989], [14.5287, 52.4005], [14.5296, 52.3977], [14.5284, 52.3927], [14.5153, 52.3921], [14.5124, 52.396]]], [[[14.1261, 52.6713], [14.1248, 52.6693], [14.1276, 52.6689], [14.1302, 52.6704], [14.1323, 52.6705], [14.133, 52.6664], [14.1294, 52.6657], [14.1266, 52.666], [14.1206, 52.6644], [14.1196, 52.6653], [14.1174, 52.6654], [14.1136, 52.6632], [14.1108, 52.6638], [14.1097, 52.6672], [14.1095, 52.6742], [14.111, 52.6748], [14.1198, 52.6744], [14.1225, 52.6751], [14.1252, 52.6744], [14.1261, 52.6713]]], [[[14.011, 52.6736], [14.015, 52.6713], [14.0213, 52.6731], [14.0203, 52.67], [14.0227, 52.6677], [14.0227, 52.6652], [14.0196, 52.6639], [14.0164, 52.6664], [14.0134, 52.6636], [14.0104, 52.6632], [14.0083, 52.6639], [14.0078, 52.6651], [14.0104, 52.6674], [14.0105, 52.6688], [14.0035, 52.6686], [14.0006, 52.6712], [13.9997, 52.6747], [14.0015, 52.6774], [14.0038, 52.6784], [14.004, 52.6749], [14.0065, 52.6736], [14.011, 52.6736]]], [[[13.9794, 52.7955], [13.9909, 52.7923], [13.9899, 52.7903], [13.9921, 52.7877], [13.9863, 52.7883], [13.9768, 52.7914], [13.974, 52.7946], [13.9695, 52.7974], [13.9656, 52.8028], [13.9725, 52.8011], [13.9794, 52.7955]]], [[[14.2765, 52.4472], [14.278, 52.4476], [14.2767, 52.449], [14.2713, 52.4495], [14.2726, 52.4564], [14.2757, 52.4565], [14.2775, 52.4543], [14.2805, 52.4456], [14.2783, 52.4462], [14.2756, 52.4456], [14.2728, 52.4481], [14.2765, 52.4472]]], [[[14.1274, 52.6783], [14.1242, 52.679], [14.1202, 52.6775], [14.1142, 52.6786], [14.1108, 52.6764], [14.1084, 52.6796], [14.1059, 52.6808], [14.126, 52.6835], [14.1292, 52.6813], [14.1295, 52.6798], [14.1274, 52.6783]]], [[[14.2497, 52.4973], [14.2488, 52.496], [14.2479, 52.4961], [14.2463, 52.4986], [14.2462, 52.5001], [14.2561, 52.5104], [14.2597, 52.5129], [14.2586, 52.5116], [14.2585, 52.5095], [14.2607, 52.5081], [14.2584, 52.5074], [14.2562, 52.5021], [14.2537, 52.5001], [14.253, 52.4977], [14.2497, 52.4973]]], [[[14.1163, 52.5848], [14.1167, 52.5827], [14.1125, 52.5827], [14.109, 52.5814], [14.1082, 52.5783], [14.1059, 52.5799], [14.101, 52.5801], [14.1007, 52.583], [14.1026, 52.5848], [14.1044, 52.5855], [14.1073, 52.5852], [14.1097, 52.5867], [14.114, 52.587], [14.116, 52.5882], [14.1169, 52.5903], [14.1186, 52.5891], [14.119, 52.5871], [14.1163, 52.5848]]], [[[14.0802, 52.7256], [14.08, 52.7245], [14.0773, 52.7241], [14.0774, 52.7231], [14.0689, 52.7206], [14.0676, 52.721], [14.0666, 52.7231], [14.0628, 52.7247], [14.0649, 52.727], [14.0689, 52.7283], [14.0733, 52.7274], [14.0768, 52.7292], [14.0802, 52.7256]]], [[[14.0421, 52.7235], [14.0379, 52.7232], [14.03, 52.7256], [14.0267, 52.729], [14.028, 52.7297], [14.0307, 52.7291], [14.0339, 52.7271], [14.0409, 52.7279], [14.0467, 52.7305], [14.0492, 52.7303], [14.0502, 52.7293], [14.0495, 52.7282], [14.0442, 52.7258], [14.0421, 52.7235]]], [[[14.3928, 52.5218], [14.3957, 52.5229], [14.3967, 52.5224], [14.3973, 52.5198], [14.3969, 52.5191], [14.3939, 52.5201], [14.3919, 52.5168], [14.3877, 52.5148], [14.3884, 52.5167], [14.3882, 52.5208], [14.389, 52.5222], [14.3865, 52.5245], [14.3847, 52.5284], [14.3882, 52.5291], [14.3895, 52.5317], [14.3904, 52.5319], [14.3924, 52.5308], [14.3921, 52.528], [14.3893, 52.525], [14.3905, 52.5224], [14.3928, 52.5218]]], [[[13.7733, 52.4826], [13.7699, 52.4821], [13.7682, 52.4821], [13.7667, 52.4834], [13.7774, 52.4896], [13.7808, 52.4907], [13.7889, 52.4906], [13.7873, 52.4888], [13.7733, 52.4826]]], [[[14.053, 52.6662], [14.0549, 52.6653], [14.0541, 52.6636], [14.0512, 52.6623], [14.0528, 52.6603], [14.0518, 52.6582], [14.0449, 52.6603], [14.0432, 52.6628], [14.0401, 52.6632], [14.0405, 52.6642], [14.0456, 52.667], [14.0485, 52.6662], [14.053, 52.6662]]]], "type": "MultiPolygon"}, "properties": {"BEMERKUNG": null, "GEN_ID": 874, "GL_ID": 267.0, "SYM_NR": "92", "feature_kind": "soil_unit", "general_unit_de": "Fahlerde-Braunerden, Braunerde-Fahlerden und Braunerden aus Decksand \u00fcber Decklehm und tiefem Geschiebemergel oder -lehm mit Braunerden aus Schmelzwassersand", "general_unit_en": "Fahlerde-brown soils, brown soil-Fahlerden and brown soils from Decksand over Decklehm and tiefem glacial till marl oder -lehm with brown soils from glaciofluvial sand", "lead_horizon_count": 5.0, "lead_profile_de": "Fahlerde-Braunerde", "lead_profile_en": "Fahlerde-brown soil", "legend_unit_de": "Fahlerde-Braunerden, Braunerde-Fahlerden und Braunerden aus Decksand \u00fcber Decklehm und tiefem Geschiebelehm oder -mergel vergesellschaftet mit Braunerden aus Schmelzwassersand", "legend_unit_en": "Fahlerde-brown soils, brown soil-Fahlerden and brown soils from Decksand over Decklehm and tiefem glacial till loam oder -mergel vergesellschaftet with brown soils from glaciofluvial sand", "parent_material_code": "3.1.2.3", "parent_material_de": "Geschiebemergel und glazialer Sand", "parent_material_en": "Glacial till marl and glazialer Sand", "profile_count": 4.0, "profile_summary_de": "Fahlerde-Braunerde | 4 Profile | 5 Horizonte im Leitprofil", "profile_summary_en": "Fahlerde-brown soil | 4 profiles | 5 horizons in lead profile", "semantic_source": "sqlite-buek250-v10", "semantic_version": "buek250-soil-semantics-v1", "soil_group_de": "Braunerden", "soil_group_en": "Brown soils", "soil_group_key": "brown-soils", "soil_label_de": "Fahlerde-Braunerden, Braunerde-Fahlerden und Braunerden aus Decksand \u00fcber Decklehm und tiefem Geschiebelehm oder -mergel vergesellschaftet mit Braunerden aus Schmelzwassersand", "soil_label_en": "Fahlerde-brown soils, brown soil-Fahlerden and brown soils from Decksand over Decklehm and tiefem glacial till loam oder -mergel vergesellschaftet with brown soils from glaciofluvial sand", "soil_type_primary_de": "Braunerden", "soil_type_primary_en": "Brown soils", "soil_type_secondary_de": "Lessiv\u00e9s", "soil_type_secondary_en": "Luvisols", "soil_type_tertiary_de": null, "soil_type_tertiary_en": null, "source_note_de": null, "source_note_en": null, "special_area_kind": null}, "type": "Feature"}, {"geometry": {"coordinates": [[[[13.8507, 52.6647], [13.8493, 52.6628], [13.8501, 52.6677], [13.8507, 52.6647]]], [[[13.8539, 52.6786], [13.8515, 52.6763], [13.8513, 52.6722], [13.8507, 52.6706], [13.8509, 52.6781], [13.8539, 52.6786]]], [[[13.9143, 52.7743], [13.9141, 52.7721], [13.912, 52.771], [13.9083, 52.7662], [13.9071, 52.7663], [13.9071, 52.7686], [13.9109, 52.7712], [13.9121, 52.7728], [13.9074, 52.777], [13.9063, 52.7794], [13.9076, 52.7819], [13.9084, 52.7773], [13.9122, 52.7741], [13.9143, 52.7743]]]], "type": "MultiPolygon"}, "properties": {"BEMERKUNG": "Gamensee", "GEN_ID": null, "GL_ID": null, "SYM_NR": null, "feature_kind": "water_area", "general_unit_de": null, "general_unit_en": null, "lead_horizon_count": null, "lead_profile_de": null, "lead_profile_en": null, "legend_unit_de": null, "legend_unit_en": null, "parent_material_code": null, "parent_material_de": null, "parent_material_en": null, "profile_count": null, "profile_summary_de": null, "profile_summary_en": null, "semantic_source": "raw-buek250-feature", "semantic_version": "buek250-soil-semantics-v1", "soil_group_de": "Gew\u00e4sser", "soil_group_en": "Water area", "soil_group_key": "water-area", "soil_label_de": "Gamensee", "soil_label_en": "Gamensee", "soil_type_primary_de": null, "soil_type_primary_en": null, "soil_type_secondary_de": null, "soil_type_secondary_en": null, "soil_type_tertiary_de": null, "soil_type_tertiary_en": null, "source_note_de": "Gamensee", "source_note_en": "Gamensee", "special_area_kind": "water_area"}, "type": "Feature"}, {"geometry": {"coordinates": [[[[14.1095, 52.728], [14.1109, 52.7295], [14.1158, 52.7309], [14.1198, 52.7305], [14.1165, 52.7281], [14.1056, 52.7249], [14.1038, 52.7202], [14.1071, 52.7191], [14.1078, 52.7176], [14.1054, 52.7163], [14.1031, 52.7126], [14.0971, 52.7099], [14.0956, 52.708], [14.0895, 52.7106], [14.0856, 52.7109], [14.0766, 52.7109], [14.0716, 52.7085], [14.0685, 52.7083], [14.0656, 52.7102], [14.0652, 52.7116], [14.068, 52.7124], [14.0721, 52.7106], [14.0734, 52.7124], [14.0808, 52.7129], [14.0949, 52.7107], [14.0978, 52.7122], [14.101, 52.7161], [14.1013, 52.7175], [14.0997, 52.7198], [14.1003, 52.7236], [14.097, 52.7228], [14.0949, 52.7244], [14.077, 52.7214], [14.0709, 52.719], [14.0632, 52.7178], [14.0611, 52.718], [14.0607, 52.7187], [14.0615, 52.7196], [14.0675, 52.7203], [14.0748, 52.7227], [14.0815, 52.7229], [14.0924, 52.7259], [14.0989, 52.7254], [14.1003, 52.727], [14.1001, 52.7283], [14.0985, 52.73], [14.0986, 52.7313], [14.0997, 52.7323], [14.1015, 52.7319], [14.1032, 52.7291], [14.1095, 52.728]], [[14.1008, 52.7201], [14.1013, 52.7193], [14.1028, 52.7226], [14.1019, 52.7236], [14.1008, 52.7201]]], [[[14.0388, 52.7627], [14.0427, 52.7604], [14.0522, 52.7619], [14.0609, 52.7612], [14.0697, 52.7641], [14.0733, 52.7664], [14.0748, 52.7684], [14.0825, 52.7684], [14.0758, 52.7628], [14.071, 52.7606], [14.066, 52.7598], [14.0515, 52.7594], [14.0419, 52.7571], [14.0358, 52.7599], [14.0316, 52.7668], [14.0298, 52.7681], [14.0227, 52.7681], [14.0208, 52.7691], [14.0233, 52.7701], [14.0347, 52.7702], [14.0388, 52.7627]]], [[[14.0004, 52.721], [14.0005, 52.7222], [14.004, 52.7265], [14.0046, 52.7301], [14.0026, 52.7355], [13.9995, 52.7378], [14.0, 52.741], [14.0039, 52.7476], [14.0097, 52.7509], [14.0123, 52.7545], [14.0147, 52.7611], [14.0162, 52.7692], [14.0193, 52.7737], [14.0225, 52.7764], [14.0286, 52.779], [14.0302, 52.7775], [14.0303, 52.7761], [14.0274, 52.776], [14.0237, 52.7743], [14.0188, 52.7689], [14.016, 52.7554], [14.0141, 52.7523], [14.0055, 52.7458], [14.0032, 52.7427], [14.0024, 52.7374], [14.0063, 52.7342], [14.0066, 52.7297], [14.0046, 52.7225], [14.0029, 52.7205], [14.0015, 52.7201], [14.0004, 52.721]]], [[[14.1043, 52.7506], [14.1043, 52.7489], [14.1004, 52.7475], [14.0822, 52.7466], [14.0776, 52.7458], [14.0733, 52.7439], [14.0684, 52.7444], [14.0621, 52.7432], [14.0563, 52.7401], [14.0502, 52.7392], [14.0464, 52.7374], [14.0391, 52.731], [14.0334, 52.7302], [14.0297, 52.7307], [14.0298, 52.7314], [14.0318, 52.7321], [14.038, 52.732], [14.0462, 52.7399], [14.0545, 52.7416], [14.0581, 52.7449], [14.0839, 52.7494], [14.1, 52.7488], [14.1012, 52.7493], [14.1015, 52.751], [14.1043, 52.7506]]], [[[14.1083, 52.7023], [14.1163, 52.7021], [14.1217, 52.7008], [14.1283, 52.6976], [14.1361, 52.6963], [14.137, 52.6955], [14.1308, 52.695], [14.1239, 52.6981], [14.115, 52.7003], [14.1105, 52.7002], [14.101, 52.7024], [14.0979, 52.7039], [14.0899, 52.7035], [14.0964, 52.7055], [14.1014, 52.7047], [14.1083, 52.7023]]]], "type": "MultiPolygon"}, "properties": {"BEMERKUNG": null, "GEN_ID": 1023, "GL_ID": 353.0, "SYM_NR": "674", "feature_kind": "soil_unit", "general_unit_de": "Gley-Braunerden und Braunerde-Gleye mit Braunerden aus (Decksand \u00fcber) Niederungssand", "general_unit_en": "Gley-brown soils and brown soil-gley soils with brown soils from (Decksand over) lowland sand", "lead_horizon_count": 4.0, "lead_profile_de": "Gley-Braunerde", "lead_profile_en": "Gley-brown soil", "legend_unit_de": "Gley-Braunerden, Braunerden und Braunerde-Gleye aus Decksand \u00fcber Niederungssand vergesellschaftet mit Kolluvisolen aus verkipptem oder umgelagertem Sand \u00fcber Niederungssand", "legend_unit_en": "Gley-brown soils, brown soils and brown soil-gley soils from Decksand over lowland sand vergesellschaftet with colluvialsn from verkipptem oder umgelagertem Sand over lowland sand", "parent_material_code": "3.4.1.1", "parent_material_de": "Niederungssand", "parent_material_en": "Lowland sand", "profile_count": 5.0, "profile_summary_de": "Gley-Braunerde | 5 Profile | 4 Horizonte im Leitprofil", "profile_summary_en": "Gley-brown soil | 5 profiles | 4 horizons in lead profile", "semantic_source": "sqlite-buek250-v10", "semantic_version": "buek250-soil-semantics-v1", "soil_group_de": "Braunerden", "soil_group_en": "Brown soils", "soil_group_key": "brown-soils", "soil_label_de": "Gley-Braunerden, Braunerden und Braunerde-Gleye aus Decksand \u00fcber Niederungssand vergesellschaftet mit Kolluvisolen aus verkipptem oder umgelagertem Sand \u00fcber Niederungssand", "soil_label_en": "Gley-brown soils, brown soils and brown soil-gley soils from Decksand over lowland sand vergesellschaftet with colluvialsn from verkipptem oder umgelagertem Sand over lowland sand", "soil_type_primary_de": "Braunerden", "soil_type_primary_en": "Brown soils", "soil_type_secondary_de": "Kolluvisole", "soil_type_secondary_en": "Colluvials", "soil_type_tertiary_de": null, "soil_type_tertiary_en": null, "source_note_de": null, "source_note_en": null, "special_area_kind": null}, "type": "Feature"}, {"geometry": {"coordinates": [[[[14.3202, 52.4525], [14.3205, 52.4496], [14.3188, 52.4473], [14.3203, 52.4447], [14.3205, 52.4421], [14.3268, 52.4376], [14.3319, 52.4352], [14.3328, 52.4312], [14.3325, 52.4268], [14.3288, 52.4197], [14.3278, 52.4183], [14.3273, 52.4203], [14.3244, 52.4213], [14.3268, 52.4217], [14.3275, 52.423], [14.3228, 52.4234], [14.3211, 52.422], [14.3239, 52.4212], [14.3234, 52.4195], [14.3215, 52.4193], [14.3211, 52.4184], [14.3166, 52.4182], [14.3166, 52.417], [14.314, 52.4163], [14.3125, 52.4136], [14.3101, 52.4132], [14.3095, 52.4152], [14.3066, 52.4149], [14.3106, 52.4165], [14.3122, 52.4162], [14.3122, 52.4184], [14.3111, 52.4194], [14.3098, 52.4192], [14.3103, 52.4196], [14.3161, 52.4196], [14.3241, 52.4261], [14.3244, 52.4253], [14.3288, 52.4234], [14.3322, 52.4293], [14.3319, 52.4311], [14.3295, 52.4317], [14.3245, 52.427], [14.3256, 52.429], [14.3248, 52.4312], [14.3254, 52.4326], [14.3296, 52.4336], [14.3301, 52.4346], [14.3267, 52.4363], [14.3235, 52.4367], [14.3225, 52.4363], [14.3221, 52.4334], [14.3202, 52.434], [14.3177, 52.4328], [14.3158, 52.4343], [14.3145, 52.4369], [14.3141, 52.4467], [14.3174, 52.4504], [14.3166, 52.4537], [14.319, 52.4577], [14.3201, 52.4561], [14.3198, 52.4541], [14.3215, 52.4544], [14.3202, 52.4525]], [[14.3211, 52.4378], [14.3191, 52.4425], [14.3183, 52.4428], [14.3172, 52.4409], [14.3154, 52.44], [14.3154, 52.4382], [14.3211, 52.4378]]], [[[14.3269, 52.4169], [14.3258, 52.4162], [14.3225, 52.416], [14.3192, 52.4167], [14.3249, 52.4163], [14.3278, 52.4183], [14.3269, 52.4169]]], [[[13.8366, 52.6333], [13.8369, 52.63], [13.8326, 52.6261], [13.8328, 52.6227], [13.8341, 52.6209], [13.8376, 52.6202], [13.8385, 52.618], [13.8376, 52.6135], [13.839, 52.6085], [13.8378, 52.6048], [13.8378, 52.6021], [13.8408, 52.5965], [13.8384, 52.5938], [13.835, 52.6003], [13.8293, 52.6054], [13.8279, 52.6088], [13.8304, 52.6111], [13.8308, 52.6128], [13.8333, 52.6127], [13.8342, 52.6143], [13.8319, 52.6149], [13.8326, 52.6169], [13.832, 52.6193], [13.8287, 52.6228], [13.8281, 52.6243], [13.8328, 52.6296], [13.8337, 52.6355], [13.8366, 52.6333]], [[13.8329, 52.6083], [13.8336, 52.6095], [13.8325, 52.6106], [13.8305, 52.6107], [13.8302, 52.61], [13.8329, 52.6083]]], [[[14.3222, 52.4584], [14.3248, 52.461], [14.3287, 52.4607], [14.3317, 52.4615], [14.3326, 52.4627], [14.3322, 52.465], [14.3372, 52.4672], [14.3335, 52.465], [14.3349, 52.4646], [14.3338, 52.4635], [14.3347, 52.4629], [14.3386, 52.4659], [14.3397, 52.4676], [14.3382, 52.4683], [14.3384, 52.4702], [14.3406, 52.4704], [14.3435, 52.4763], [14.3417, 52.4769], [14.3403, 52.4761], [14.3411, 52.4781], [14.3364, 52.4845], [14.332, 52.4887], [14.3319, 52.4917], [14.3279, 52.4938], [14.33, 52.4934], [14.3299, 52.4957], [14.3354, 52.4913], [14.337, 52.491], [14.3391, 52.492], [14.3354, 52.4933], [14.3405, 52.4926], [14.3421, 52.4911], [14.3405, 52.4916], [14.3374, 52.4901], [14.3376, 52.4886], [14.3363, 52.4866], [14.3378, 52.484], [14.3397, 52.4836], [14.3408, 52.4843], [14.3415, 52.4873], [14.3411, 52.4895], [14.3424, 52.4908], [14.3431, 52.4835], [14.353, 52.4781], [14.3541, 52.4757], [14.3548, 52.4711], [14.3535, 52.4702], [14.3513, 52.4708], [14.35, 52.4721], [14.3489, 52.4752], [14.3457, 52.4759], [14.3435, 52.473], [14.3419, 52.4679], [14.3389, 52.4641], [14.3327, 52.4611], [14.3248, 52.4597], [14.3229, 52.4555], [14.3218, 52.4548], [14.3222, 52.4584]]], [[[14.0092, 52.6315], [14.0148, 52.6272], [14.0154, 52.6253], [14.0147, 52.6235], [14.0069, 52.6296], [14.0022, 52.6314], [13.9944, 52.6304], [13.9901, 52.6289], [13.9844, 52.6301], [13.9826, 52.6318], [13.9828, 52.6329], [13.9867, 52.6344], [13.9862, 52.633], [13.989, 52.6327], [13.9952, 52.6333], [14.0015, 52.6353], [14.0073, 52.6348], [14.0085, 52.6342], [14.0092, 52.6315]]], [[[14.1624, 52.5444], [14.1686, 52.5404], [14.1688, 52.5393], [14.1612, 52.5367], [14.1571, 52.5369], [14.1579, 52.5391], [14.1605, 52.5413], [14.1573, 52.5441], [14.1548, 52.545], [14.1543, 52.5466], [14.1588, 52.5459], [14.1608, 52.5485], [14.162, 52.5472], [14.1624, 52.5444]]], [[[14.14, 52.5165], [14.1375, 52.5144], [14.1326, 52.5137], [14.1265, 52.5102], [14.1247, 52.51], [14.1235, 52.5111], [14.1244, 52.5132], [14.1313, 52.5164], [14.1352, 52.5191], [14.1385, 52.5194], [14.14, 52.5165]], [[14.1363, 52.516], [14.1345, 52.5174], [14.133, 52.5172], [14.1349, 52.5152], [14.1363, 52.516]]], [[[14.2938, 52.4123], [14.2985, 52.4157], [14.3012, 52.4153], [14.3092, 52.4185], [14.3086, 52.4168], [14.2988, 52.4139], [14.2985, 52.413], [14.3011, 52.4124], [14.2927, 52.4063], [14.291, 52.407], [14.2938, 52.4123]]], [[[14.3199, 52.4603], [14.3213, 52.4613], [14.3193, 52.4593], [14.3199, 52.4603]]], [[[14.3219, 52.4618], [14.323, 52.4622], [14.3246, 52.4623], [14.3213, 52.4613], [14.3219, 52.4618]]], [[[14.3274, 52.462], [14.3289, 52.4623], [14.3283, 52.462], [14.3274, 52.462]]]], "type": "MultiPolygon"}, "properties": {"BEMERKUNG": null, "GEN_ID": 942, "GL_ID": 1057.0, "SYM_NR": "494", "feature_kind": "soil_unit", "general_unit_de": "Erdniedermoore (\u00fcber Flusssand oder Mudde) mit Gleyen und Anmoorgleyen aus Flusssand (Niederungssand)", "general_unit_en": "Erdfens (over Flusssand oder Mudde) with gley soilsn and Anmoorgley soilsn from Flusssand (lowland sand)", "lead_horizon_count": 4.0, "lead_profile_de": "Normerdniedermoor", "lead_profile_en": "Normerdfen", "legend_unit_de": "Erd-Niedermoore (\u00fcber Mudde oder Flie\u00dflehm) vergesellschaftet mit Gleyen und Anmoorgleyen aus Flusssand", "legend_unit_en": "Erd-fens (over Mudde oder Flie\u00dflehm) vergesellschaftet with gley soilsn and Anmoorgley soilsn from Flusssand", "parent_material_code": "10.1.3.1", "parent_material_de": "Niedermoortorf und Flusssand", "parent_material_en": "Fen peat and Flusssand", "profile_count": 4.0, "profile_summary_de": "Normerdniedermoor | 4 Profile | 4 Horizonte im Leitprofil", "profile_summary_en": "Normerdfen | 4 profiles | 4 horizons in lead profile", "semantic_source": "sqlite-buek250-v10", "semantic_version": "buek250-soil-semantics-v1", "soil_group_de": "Niedermoore", "soil_group_en": "Fens", "soil_group_key": "fens", "soil_label_de": "Erd-Niedermoore (\u00fcber Mudde oder Flie\u00dflehm) vergesellschaftet mit Gleyen und Anmoorgleyen aus Flusssand", "soil_label_en": "Erd-fens (over Mudde oder Flie\u00dflehm) vergesellschaftet with gley soilsn and Anmoorgley soilsn from Flusssand", "soil_type_primary_de": "Niedermoore", "soil_type_primary_en": "Fens", "soil_type_secondary_de": "Gleye", "soil_type_secondary_en": "Gley soils", "soil_type_tertiary_de": null, "soil_type_tertiary_en": null, "source_note_de": null, "source_note_en": null, "special_area_kind": null}, "type": "Feature"}, {"geometry": {"coordinates": [[[[14.1513, 52.5096], [14.1505, 52.5063], [14.1524, 52.5026], [14.1497, 52.5009], [14.1521, 52.4987], [14.1506, 52.4968], [14.1455, 52.4986], [14.1422, 52.501], [14.134, 52.5], [14.1281, 52.5021], [14.1291, 52.504], [14.1334, 52.5045], [14.1462, 52.5013], [14.1479, 52.5016], [14.1487, 52.5023], [14.1388, 52.5066], [14.1383, 52.5106], [14.1362, 52.5126], [14.1392, 52.5138], [14.1409, 52.5135], [14.1425, 52.5121], [14.1432, 52.509], [14.1448, 52.5083], [14.1513, 52.5096]]], [[[14.2267, 52.5146], [14.2348, 52.5116], [14.2325, 52.5108], [14.2262, 52.5128], [14.2133, 52.5137], [14.2106, 52.5155], [14.2102, 52.5168], [14.2115, 52.5187], [14.2088, 52.5203], [14.2091, 52.5218], [14.2119, 52.5228], [14.2146, 52.5226], [14.2142, 52.5195], [14.2165, 52.5186], [14.2166, 52.5177], [14.215, 52.5175], [14.2141, 52.5165], [14.2267, 52.5146]]], [[[14.2722, 52.5198], [14.2574, 52.5114], [14.2462, 52.5001], [14.2463, 52.4986], [14.2479, 52.4961], [14.2555, 52.4895], [14.2571, 52.4886], [14.2544, 52.4897], [14.2512, 52.4925], [14.2502, 52.4921], [14.2456, 52.4948], [14.2436, 52.4982], [14.2437, 52.5002], [14.2458, 52.5048], [14.2512, 52.5089], [14.2556, 52.5137], [14.2612, 52.5169], [14.2643, 52.5209], [14.2635, 52.5168], [14.2669, 52.5175], [14.2683, 52.5189], [14.2674, 52.5217], [14.2722, 52.5198]]], [[[14.2587, 52.4877], [14.2593, 52.4869], [14.259, 52.4844], [14.2571, 52.4856], [14.2527, 52.4897], [14.2573, 52.4859], [14.2584, 52.4858], [14.2571, 52.4886], [14.2587, 52.4877]]]], "type": "MultiPolygon"}, "properties": {"BEMERKUNG": null, "GEN_ID": 1027, "GL_ID": 50.0, "SYM_NR": "675", "feature_kind": "soil_unit", "general_unit_de": "Humusgleye und Gleye mit Anmoorgleyen aus Flusssand (oder Niederungssand) und Erdniedermoore \u00fcber Flusssand", "general_unit_en": "Humusgley soils and gley soils with Anmoorgley soilsn from Flusssand (oder lowland sand) and Erdfens over Flusssand", "lead_horizon_count": 4.0, "lead_profile_de": "Humusgley", "lead_profile_en": "Humusgley", "legend_unit_de": "Gleye und Humusgleye mit Anmoorgleyen aus Fluss- oder Niederungssand vergesellschaftet mit Moorgleyen und Erd-Niedermooren aus (flachem) Niedermoortorf \u00fcber Flusssand", "legend_unit_en": "Gley soils and Humusgley soils with Anmoorgley soilsn from Fluss- oder lowland sand vergesellschaftet with Moorgley soilsn and Erd-fensn from (flachem) fen peat over Flusssand", "parent_material_code": "2.1.1.2", "parent_material_de": "Flusssand und Niedermoortorf", "parent_material_en": "Flusssand and fen peat", "profile_count": 5.0, "profile_summary_de": "Humusgley | 5 Profile | 4 Horizonte im Leitprofil", "profile_summary_en": "Humusgley | 5 profiles | 4 horizons in lead profile", "semantic_source": "sqlite-buek250-v10", "semantic_version": "buek250-soil-semantics-v1", "soil_group_de": "Gleye", "soil_group_en": "Gley soils", "soil_group_key": "gley-soils", "soil_label_de": "Gleye und Humusgleye mit Anmoorgleyen aus Fluss- oder Niederungssand vergesellschaftet mit Moorgleyen und Erd-Niedermooren aus (flachem) Niedermoortorf \u00fcber Flusssand", "soil_label_en": "Gley soils and Humusgley soils with Anmoorgley soilsn from Fluss- oder lowland sand vergesellschaftet with Moorgley soilsn and Erd-fensn from (flachem) fen peat over Flusssand", "soil_type_primary_de": "Gleye", "soil_type_primary_en": "Gley soils", "soil_type_secondary_de": "Niedermoore", "soil_type_secondary_en": "Fens", "soil_type_tertiary_de": null, "soil_type_tertiary_en": null, "source_note_de": null, "source_note_en": null, "special_area_kind": null}, "type": "Feature"}, {"geometry": {"coordinates": [[[[13.8479, 52.5544], [13.8445, 52.5523], [13.8415, 52.5521], [13.8324, 52.5569], [13.8405, 52.5541], [13.841, 52.5549], [13.8391, 52.5563], [13.8387, 52.5581], [13.8352, 52.5576], [13.8334, 52.5586], [13.8335, 52.5599], [13.8352, 52.5605], [13.834, 52.5616], [13.8342, 52.5626], [13.8361, 52.5631], [13.8385, 52.5611], [13.8477, 52.5566], [13.8479, 52.5544]]], [[[13.8316, 52.5573], [13.825, 52.5569], [13.8256, 52.5593], [13.83, 52.5593], [13.8324, 52.5569], [13.8316, 52.5573]]]], "type": "MultiPolygon"}, "properties": {"BEMERKUNG": null, "GEN_ID": 956, "GL_ID": 1052.0, "SYM_NR": "84", "feature_kind": "soil_unit", "general_unit_de": "Erdniedermoore \u00fcber Flusssand und Kalk(erd)niedermoore \u00fcber carbonathaltigem Flusssand, Wiesenmergel oder Kalkmudde", "general_unit_en": "Erdfens over Flusssand and Kalk(erd)fens over carbonathaltigem Flusssand, Wiesenmergel oder Kalkmudde", "lead_horizon_count": 4.0, "lead_profile_de": "Normerdniedermoor", "lead_profile_en": "Normerdfen", "legend_unit_de": "Erdniedermoore und Kalkniedermoore \u00fcber (carbonathaltigem) Flusssand", "legend_unit_en": "Erdfens and Kalkfens over (carbonathaltigem) Flusssand", "parent_material_code": "10.1.3.1", "parent_material_de": "Niedermoortorf und Flusssand", "parent_material_en": "Fen peat and Flusssand", "profile_count": 4.0, "profile_summary_de": "Normerdniedermoor | 4 Profile | 4 Horizonte im Leitprofil", "profile_summary_en": "Normerdfen | 4 profiles | 4 horizons in lead profile", "semantic_source": "sqlite-buek250-v10", "semantic_version": "buek250-soil-semantics-v1", "soil_group_de": "Niedermoore", "soil_group_en": "Fens", "soil_group_key": "fens", "soil_label_de": "Erdniedermoore und Kalkniedermoore \u00fcber (carbonathaltigem) Flusssand", "soil_label_en": "Erdfens and Kalkfens over (carbonathaltigem) Flusssand", "soil_type_primary_de": "Niedermoore", "soil_type_primary_en": "Fens", "soil_type_secondary_de": null, "soil_type_secondary_en": null, "soil_type_tertiary_de": null, "soil_type_tertiary_en": null, "source_note_de": null, "source_note_en": null, "special_area_kind": null}, "type": "Feature"}, {"geometry": {"coordinates": [[[[14.2594, 52.474], [14.2554, 52.472], [14.2527, 52.4724], [14.2576, 52.4751], [14.2622, 52.4764], [14.2626, 52.4754], [14.2612, 52.4734], [14.2594, 52.474]]], [[[13.7619, 52.5037], [13.7627, 52.5022], [13.7617, 52.5017], [13.7611, 52.5032], [13.7581, 52.5034], [13.7556, 52.5049], [13.7527, 52.505], [13.7553, 52.5056], [13.7619, 52.5037]]], [[[13.6915, 52.5795], [13.6874, 52.5794], [13.6897, 52.5797], [13.6922, 52.581], [13.6915, 52.5795]]], [[[13.6993, 52.5852], [13.6959, 52.5826], [13.6947, 52.5824], [13.698, 52.5843], [13.6986, 52.5861], [13.6993, 52.5852]]], [[[13.682, 52.5782], [13.6813, 52.5785], [13.682, 52.5789], [13.684, 52.579], [13.682, 52.5782]]], [[[13.9139, 52.6834], [13.9125, 52.6818], [13.9109, 52.682], [13.9133, 52.6843], [13.9155, 52.6841], [13.9139, 52.6834]]]], "type": "MultiPolygon"}, "properties": {"BEMERKUNG": "Krummer See", "GEN_ID": null, "GL_ID": null, "SYM_NR": null, "feature_kind": "water_area", "general_unit_de": null, "general_unit_en": null, "lead_horizon_count": null, "lead_profile_de": null, "lead_profile_en": null, "legend_unit_de": null, "legend_unit_en": null, "parent_material_code": null, "parent_material_de": null, "parent_material_en": null, "profile_count": null, "profile_summary_de": null, "profile_summary_en": null, "semantic_source": "raw-buek250-feature", "semantic_version": "buek250-soil-semantics-v1", "soil_group_de": "Gew\u00e4sser", "soil_group_en": "Water area", "soil_group_key": "water-area", "soil_label_de": "Krummer See", "soil_label_en": "Krummer See", "soil_type_primary_de": null, "soil_type_primary_en": null, "soil_type_secondary_de": null, "soil_type_secondary_en": null, "soil_type_tertiary_de": null, "soil_type_tertiary_en": null, "source_note_de": "Krummer See", "source_note_en": "Krummer See", "special_area_kind": "water_area"}, "type": "Feature"}, {"geometry": {"coordinates": [[[[14.1338, 52.5157], [14.133, 52.5172], [14.1345, 52.5174], [14.1358, 52.5165], [14.1363, 52.5157], [14.1351, 52.5152], [14.1338, 52.5157]]], [[[13.9397, 52.6502], [13.9409, 52.6493], [13.935, 52.6489], [13.9337, 52.6495], [13.9357, 52.6505], [13.9397, 52.6502]]]], "type": "MultiPolygon"}, "properties": {"BEMERKUNG": "Fauler See", "GEN_ID": null, "GL_ID": null, "SYM_NR": null, "feature_kind": "water_area", "general_unit_de": null, "general_unit_en": null, "lead_horizon_count": null, "lead_profile_de": null, "lead_profile_en": null, "legend_unit_de": null, "legend_unit_en": null, "parent_material_code": null, "parent_material_de": null, "parent_material_en": null, "profile_count": null, "profile_summary_de": null, "profile_summary_en": null, "semantic_source": "raw-buek250-feature", "semantic_version": "buek250-soil-semantics-v1", "soil_group_de": "Gew\u00e4sser", "soil_group_en": "Water area", "soil_group_key": "water-area", "soil_label_de": "Fauler See", "soil_label_en": "Fauler See", "soil_type_primary_de": null, "soil_type_primary_en": null, "soil_type_secondary_de": null, "soil_type_secondary_en": null, "soil_type_tertiary_de": null, "soil_type_tertiary_en": null, "source_note_de": "Fauler See", "source_note_en": "Fauler See", "special_area_kind": "water_area"}, "type": "Feature"}, {"geometry": {"coordinates": [[[14.0799, 52.5709], [14.0791, 52.5688], [14.076, 52.5697], [14.0752, 52.571], [14.0761, 52.5716], [14.0799, 52.5709]]], "type": "Polygon"}, "properties": {"BEMERKUNG": "Griepensee", "GEN_ID": null, "GL_ID": null, "SYM_NR": null, "feature_kind": "water_area", "general_unit_de": null, "general_unit_en": null, "lead_horizon_count": null, "lead_profile_de": null, "lead_profile_en": null, "legend_unit_de": null, "legend_unit_en": null, "parent_material_code": null, "parent_material_de": null, "parent_material_en": null, "profile_count": null, "profile_summary_de": null, "profile_summary_en": null, "semantic_source": "raw-buek250-feature", "semantic_version": "buek250-soil-semantics-v1", "soil_group_de": "Gew\u00e4sser", "soil_group_en": "Water area", "soil_group_key": "water-area", "soil_label_de": "Griepensee", "soil_label_en": "Griepensee", "soil_type_primary_de": null, "soil_type_primary_en": null, "soil_type_secondary_de": null, "soil_type_secondary_en": null, "soil_type_tertiary_de": null, "soil_type_tertiary_en": null, "source_note_de": "Griepensee", "source_note_en": "Griepensee", "special_area_kind": "water_area"}, "type": "Feature"}, {"geometry": {"coordinates": [[[[14.0302, 52.5183], [14.0265, 52.5126], [14.021, 52.5075], [14.0088, 52.5003], [14.0045, 52.4961], [14.0021, 52.4949], [13.9907, 52.4906], [13.9766, 52.4871], [13.9644, 52.4855], [13.9609, 52.4843], [13.9593, 52.4847], [13.9656, 52.4917], [13.9785, 52.4964], [14.0028, 52.5086], [14.011, 52.5143], [14.0118, 52.5096], [14.0137, 52.5095], [14.0158, 52.5136], [14.0181, 52.5161], [14.0255, 52.5204], [14.0262, 52.5227], [14.0248, 52.5234], [14.0212, 52.5232], [14.0178, 52.522], [14.0258, 52.5311], [14.0352, 52.5355], [14.0356, 52.5363], [14.0333, 52.5392], [14.0369, 52.5407], [14.0432, 52.5415], [14.0496, 52.5453], [14.0515, 52.5456], [14.0508, 52.5432], [14.0479, 52.5412], [14.0465, 52.5381], [14.0395, 52.5317], [14.0338, 52.5223], [14.0302, 52.5183]]], [[[13.7275, 52.5018], [13.732, 52.5055], [13.7487, 52.5113], [13.7523, 52.5161], [13.7645, 52.5223], [13.7657, 52.5234], [13.7677, 52.5278], [13.7664, 52.5305], [13.7619, 52.5343], [13.7623, 52.5368], [13.771, 52.5408], [13.7754, 52.5437], [13.7776, 52.5462], [13.7815, 52.5452], [13.7814, 52.5442], [13.7792, 52.5423], [13.7811, 52.5382], [13.7793, 52.5377], [13.7767, 52.541], [13.7662, 52.5356], [13.767, 52.5328], [13.772, 52.5291], [13.7723, 52.5282], [13.7724, 52.5264], [13.7688, 52.5247], [13.7693, 52.5211], [13.7675, 52.5204], [13.7672, 52.5187], [13.769, 52.5175], [13.7684, 52.5163], [13.7719, 52.515], [13.7642, 52.5144], [13.7641, 52.5134], [13.7665, 52.5125], [13.7665, 52.5118], [13.7646, 52.5116], [13.7603, 52.5086], [13.7599, 52.512], [13.7567, 52.5142], [13.7552, 52.5143], [13.7503, 52.5099], [13.7502, 52.509], [13.7442, 52.5071], [13.737, 52.502], [13.7187, 52.4971], [13.7126, 52.4931], [13.7168, 52.4978], [13.7275, 52.5018]], [[13.7638, 52.5156], [13.7664, 52.5175], [13.7661, 52.519], [13.7647, 52.5196], [13.758, 52.5179], [13.7568, 52.5163], [13.7578, 52.5157], [13.7638, 52.5156]]], [[[14.1627, 52.5852], [14.1625, 52.5798], [14.152, 52.5746], [14.1506, 52.5749], [14.1507, 52.576], [14.1575, 52.5806], [14.1572, 52.5816], [14.1554, 52.5816], [14.1465, 52.578], [14.1401, 52.5787], [14.1388, 52.5781], [14.1392, 52.5766], [14.1442, 52.5756], [14.1444, 52.5746], [14.1429, 52.573], [14.1402, 52.5735], [14.1375, 52.5726], [14.1338, 52.5727], [14.132, 52.5734], [14.1311, 52.5753], [14.1294, 52.5757], [14.1246, 52.5743], [14.1269, 52.5772], [14.1354, 52.579], [14.1371, 52.5814], [14.1414, 52.5833], [14.1441, 52.5828], [14.149, 52.584], [14.1498, 52.5824], [14.1521, 52.5824], [14.1527, 52.5831], [14.1521, 52.5855], [14.1526, 52.5867], [14.1566, 52.589], [14.1602, 52.5888], [14.1645, 52.5924], [14.1692, 52.5944], [14.1702, 52.5956], [14.1707, 52.5998], [14.1755, 52.6015], [14.1766, 52.6001], [14.1747, 52.5998], [14.1737, 52.5987], [14.1743, 52.5957], [14.1738, 52.5935], [14.1666, 52.5904], [14.1627, 52.5852]], [[14.1359, 52.573], [14.1372, 52.5741], [14.1357, 52.5743], [14.1346, 52.5732], [14.1359, 52.573]]], [[[13.9187, 52.508], [13.9185, 52.5113], [13.9205, 52.514], [13.9222, 52.515], [13.9263, 52.5221], [13.9307, 52.5262], [13.9311, 52.5277], [13.9289, 52.5308], [13.9294, 52.5316], [13.933, 52.5319], [13.9333, 52.5294], [13.9361, 52.5278], [13.935, 52.5259], [13.929, 52.5213], [13.924, 52.5123], [13.9246, 52.5097], [13.9278, 52.5071], [13.9273, 52.5061], [13.9216, 52.5033], [13.9202, 52.5017], [13.9201, 52.4974], [13.9166, 52.4967], [13.9187, 52.508]]], [[[13.9608, 52.4727], [13.9629, 52.4697], [13.9688, 52.4708], [13.9706, 52.4688], [13.9779, 52.4686], [13.9831, 52.4665], [13.9807, 52.4671], [13.9778, 52.4662], [13.9637, 52.4662], [13.9589, 52.4718], [13.9558, 52.4732], [13.9608, 52.4727]]], [[[14.3313, 52.5732], [14.3313, 52.5726], [14.3308, 52.5718], [14.3226, 52.5687], [14.3179, 52.5688], [14.3149, 52.5676], [14.3109, 52.5632], [14.3028, 52.5577], [14.3092, 52.5643], [14.3107, 52.5692], [14.3162, 52.5743], [14.32, 52.576], [14.3237, 52.5765], [14.3272, 52.5734], [14.3313, 52.5732]]], [[[14.0843, 52.5566], [14.0854, 52.5559], [14.0816, 52.556], [14.0818, 52.5549], [14.0834, 52.5544], [14.0775, 52.5524], [14.0764, 52.5497], [14.0733, 52.5484], [14.0722, 52.5489], [14.0711, 52.5535], [14.0695, 52.5545], [14.0696, 52.5558], [14.0673, 52.5565], [14.0647, 52.5557], [14.0659, 52.5575], [14.0733, 52.5604], [14.0746, 52.5603], [14.0774, 52.5569], [14.0843, 52.5566]]], [[[14.0655, 52.5544], [14.0647, 52.5554], [14.0665, 52.5546], [14.0673, 52.5544], [14.0655, 52.5544]]]], "type": "MultiPolygon"}, "properties": {"BEMERKUNG": null, "GEN_ID": 1432, "GL_ID": 1057.0, "SYM_NR": "746", "feature_kind": "soil_unit", "general_unit_de": "Erdniedermoore (\u00fcber Flusssand oder Mudde) mit Gleyen und Anmoorgleyen aus Flusssand (Niederungssand)", "general_unit_en": "Erdfens (over Flusssand oder Mudde) with gley soilsn and Anmoorgley soilsn from Flusssand (lowland sand)", "lead_horizon_count": 4.0, "lead_profile_de": "Normerdniedermoor", "lead_profile_en": "Normerdfen", "legend_unit_de": "Niedermoore und Erdniedermoore \u00fcber Flusssand vergesellschaftet mit Gleyen und Anmoorgleyen aus Flusssand", "legend_unit_en": "Fens and Erdfens over Flusssand vergesellschaftet with gley soilsn and Anmoorgley soilsn from Flusssand", "parent_material_code": "10.1.3.1", "parent_material_de": "Niedermoortorf und Flusssand", "parent_material_en": "Fen peat and Flusssand", "profile_count": 8.0, "profile_summary_de": "Normerdniedermoor | 8 Profile | 4 Horizonte im Leitprofil", "profile_summary_en": "Normerdfen | 8 profiles | 4 horizons in lead profile", "semantic_source": "sqlite-buek250-v10", "semantic_version": "buek250-soil-semantics-v1", "soil_group_de": "Niedermoore", "soil_group_en": "Fens", "soil_group_key": "fens", "soil_label_de": "Niedermoore und Erdniedermoore \u00fcber Flusssand vergesellschaftet mit Gleyen und Anmoorgleyen aus Flusssand", "soil_label_en": "Fens and Erdfens over Flusssand vergesellschaftet with gley soilsn and Anmoorgley soilsn from Flusssand", "soil_type_primary_de": "Niedermoore", "soil_type_primary_en": "Fens", "soil_type_secondary_de": "Gleye", "soil_type_secondary_en": "Gley soils", "soil_type_tertiary_de": null, "soil_type_tertiary_en": null, "source_note_de": null, "source_note_en": null, "special_area_kind": null}, "type": "Feature"}, {"geometry": {"coordinates": [[[14.0814, 52.5395], [14.0797, 52.5411], [14.0777, 52.5401], [14.074, 52.5402], [14.0722, 52.5389], [14.0707, 52.5395], [14.0724, 52.5407], [14.0786, 52.5421], [14.0794, 52.5432], [14.0817, 52.5439], [14.0837, 52.543], [14.0827, 52.5402], [14.0814, 52.5395]]], "type": "Polygon"}, "properties": {"BEMERKUNG": "Gro\u00dfer D\u00e4bersee", "GEN_ID": null, "GL_ID": null, "SYM_NR": null, "feature_kind": "water_area", "general_unit_de": null, "general_unit_en": null, "lead_horizon_count": null, "lead_profile_de": null, "lead_profile_en": null, "legend_unit_de": null, "legend_unit_en": null, "parent_material_code": null, "parent_material_de": null, "parent_material_en": null, "profile_count": null, "profile_summary_de": null, "profile_summary_en": null, "semantic_source": "raw-buek250-feature", "semantic_version": "buek250-soil-semantics-v1", "soil_group_de": "Gew\u00e4sser", "soil_group_en": "Water area", "soil_group_key": "water-area", "soil_label_de": "Gro\u00dfer D\u00e4bersee", "soil_label_en": "Gro\u00dfer D\u00e4bersee", "soil_type_primary_de": null, "soil_type_primary_en": null, "soil_type_secondary_de": null, "soil_type_secondary_en": null, "soil_type_tertiary_de": null, "soil_type_tertiary_en": null, "source_note_de": "Gro\u00dfer D\u00e4bersee", "source_note_en": "Gro\u00dfer D\u00e4bersee", "special_area_kind": "water_area"}, "type": "Feature"}, {"geometry": {"coordinates": [[[14.1155, 52.5435], [14.1141, 52.5447], [14.1162, 52.5455], [14.1181, 52.5452], [14.1166, 52.5435], [14.1155, 52.5435]]], "type": "Polygon"}, "properties": {"BEMERKUNG": "Kleiner Klobichsee", "GEN_ID": null, "GL_ID": null, "SYM_NR": null, "feature_kind": "water_area", "general_unit_de": null, "general_unit_en": null, "lead_horizon_count": null, "lead_profile_de": null, "lead_profile_en": null, "legend_unit_de": null, "legend_unit_en": null, "parent_material_code": null, "parent_material_de": null, "parent_material_en": null, "profile_count": null, "profile_summary_de": null, "profile_summary_en": null, "semantic_source": "raw-buek250-feature", "semantic_version": "buek250-soil-semantics-v1", "soil_group_de": "Gew\u00e4sser", "soil_group_en": "Water area", "soil_group_key": "water-area", "soil_label_de": "Kleiner Klobichsee", "soil_label_en": "Kleiner Klobichsee", "soil_type_primary_de": null, "soil_type_primary_en": null, "soil_type_secondary_de": null, "soil_type_secondary_en": null, "soil_type_tertiary_de": null, "soil_type_tertiary_en": null, "source_note_de": "Kleiner Klobichsee", "source_note_en": "Kleiner Klobichsee", "special_area_kind": "water_area"}, "type": "Feature"}, {"geometry": {"coordinates": [[[14.1836, 52.5448], [14.1811, 52.544], [14.1828, 52.5432], [14.1824, 52.5418], [14.1803, 52.5416], [14.1764, 52.5432], [14.1734, 52.5423], [14.172, 52.5428], [14.1702, 52.5455], [14.1684, 52.5459], [14.1698, 52.5485], [14.167, 52.5488], [14.1671, 52.5503], [14.1682, 52.5512], [14.1706, 52.5509], [14.1747, 52.5495], [14.1773, 52.5468], [14.1819, 52.5469], [14.1837, 52.5461], [14.1836, 52.5448]]], "type": "Polygon"}, "properties": {"BEMERKUNG": "Vorder-oder Haussee", "GEN_ID": null, "GL_ID": null, "SYM_NR": null, "feature_kind": "water_area", "general_unit_de": null, "general_unit_en": null, "lead_horizon_count": null, "lead_profile_de": null, "lead_profile_en": null, "legend_unit_de": null, "legend_unit_en": null, "parent_material_code": null, "parent_material_de": null, "parent_material_en": null, "profile_count": null, "profile_summary_de": null, "profile_summary_en": null, "semantic_source": "raw-buek250-feature", "semantic_version": "buek250-soil-semantics-v1", "soil_group_de": "Gew\u00e4sser", "soil_group_en": "Water area", "soil_group_key": "water-area", "soil_label_de": "Vorder-oder Haussee", "soil_label_en": "Vorder-oder Hfromsee", "soil_type_primary_de": null, "soil_type_primary_en": null, "soil_type_secondary_de": null, "soil_type_secondary_en": null, "soil_type_tertiary_de": null, "soil_type_tertiary_en": null, "source_note_de": "Vorder-oder Haussee", "source_note_en": "Vorder-oder Hfromsee", "special_area_kind": "water_area"}, "type": "Feature"}, {"geometry": {"coordinates": [[[14.0667, 52.5545], [14.0647, 52.5557], [14.0682, 52.5565], [14.0698, 52.5554], [14.0689, 52.5544], [14.0667, 52.5545]]], "type": "Polygon"}, "properties": {"BEMERKUNG": "Abendrothsee", "GEN_ID": null, "GL_ID": null, "SYM_NR": null, "feature_kind": "water_area", "general_unit_de": null, "general_unit_en": null, "lead_horizon_count": null, "lead_profile_de": null, "lead_profile_en": null, "legend_unit_de": null, "legend_unit_en": null, "parent_material_code": null, "parent_material_de": null, "parent_material_en": null, "profile_count": null, "profile_summary_de": null, "profile_summary_en": null, "semantic_source": "raw-buek250-feature", "semantic_version": "buek250-soil-semantics-v1", "soil_group_de": "Gew\u00e4sser", "soil_group_en": "Water area", "soil_group_key": "water-area", "soil_label_de": "Abendrothsee", "soil_label_en": "Abendrothsee", "soil_type_primary_de": null, "soil_type_primary_en": null, "soil_type_secondary_de": null, "soil_type_secondary_en": null, "soil_type_tertiary_de": null, "soil_type_tertiary_en": null, "source_note_de": "Abendrothsee", "source_note_en": "Abendrothsee", "special_area_kind": "water_area"}, "type": "Feature"}, {"geometry": {"coordinates": [[[14.124, 52.5485], [14.1227, 52.5484], [14.1204, 52.5528], [14.1156, 52.554], [14.1153, 52.5552], [14.1185, 52.5573], [14.1213, 52.5567], [14.1255, 52.5578], [14.127, 52.5565], [14.1275, 52.5544], [14.124, 52.5485]]], "type": "Polygon"}, "properties": {"BEMERKUNG": "Gro\u00dfer Klobichsee", "GEN_ID": null, "GL_ID": null, "SYM_NR": null, "feature_kind": "water_area", "general_unit_de": null, "general_unit_en": null, "lead_horizon_count": null, "lead_profile_de": null, "lead_profile_en": null, "legend_unit_de": null, "legend_unit_en": null, "parent_material_code": null, "parent_material_de": null, "parent_material_en": null, "profile_count": null, "profile_summary_de": null, "profile_summary_en": null, "semantic_source": "raw-buek250-feature", "semantic_version": "buek250-soil-semantics-v1", "soil_group_de": "Gew\u00e4sser", "soil_group_en": "Water area", "soil_group_key": "water-area", "soil_label_de": "Gro\u00dfer Klobichsee", "soil_label_en": "Gro\u00dfer Klobichsee", "soil_type_primary_de": null, "soil_type_primary_en": null, "soil_type_secondary_de": null, "soil_type_secondary_en": null, "soil_type_tertiary_de": null, "soil_type_tertiary_en": null, "source_note_de": "Gro\u00dfer Klobichsee", "source_note_en": "Gro\u00dfer Klobichsee", "special_area_kind": "water_area"}, "type": "Feature"}, {"geometry": {"coordinates": [[[13.9981, 52.5664], [13.9945, 52.5663], [13.9925, 52.5652], [13.9897, 52.5652], [13.9889, 52.566], [13.9939, 52.5681], [13.9984, 52.5673], [13.9981, 52.5664]]], "type": "Polygon"}, "properties": {"BEMERKUNG": "Ruhlsdorfer See", "GEN_ID": null, "GL_ID": null, "SYM_NR": null, "feature_kind": "water_area", "general_unit_de": null, "general_unit_en": null, "lead_horizon_count": null, "lead_profile_de": null, "lead_profile_en": null, "legend_unit_de": null, "legend_unit_en": null, "parent_material_code": null, "parent_material_de": null, "parent_material_en": null, "profile_count": null, "profile_summary_de": null, "profile_summary_en": null, "semantic_source": "raw-buek250-feature", "semantic_version": "buek250-soil-semantics-v1", "soil_group_de": "Gew\u00e4sser", "soil_group_en": "Water area", "soil_group_key": "water-area", "soil_label_de": "Ruhlsdorfer See", "soil_label_en": "Ruhlsdorfer See", "soil_type_primary_de": null, "soil_type_primary_en": null, "soil_type_secondary_de": null, "soil_type_secondary_en": null, "soil_type_tertiary_de": null, "soil_type_tertiary_en": null, "source_note_de": "Ruhlsdorfer See", "source_note_en": "Ruhlsdorfer See", "special_area_kind": "water_area"}, "type": "Feature"}, {"geometry": {"coordinates": [[[14.0694, 52.5726], [14.0626, 52.5698], [14.0615, 52.5664], [14.0623, 52.5649], [14.06, 52.5651], [14.0613, 52.5636], [14.0601, 52.562], [14.0614, 52.5601], [14.0604, 52.5588], [14.0589, 52.5589], [14.0588, 52.5603], [14.0551, 52.5608], [14.0537, 52.5622], [14.0535, 52.5643], [14.0503, 52.5657], [14.0512, 52.5677], [14.055, 52.5686], [14.0532, 52.5705], [14.0535, 52.5714], [14.0611, 52.5768], [14.0643, 52.5779], [14.0666, 52.5776], [14.0684, 52.577], [14.0694, 52.5726]]], "type": "Polygon"}, "properties": {"BEMERKUNG": "Scherm\u00fctzelsee", "GEN_ID": null, "GL_ID": null, "SYM_NR": null, "feature_kind": "water_area", "general_unit_de": null, "general_unit_en": null, "lead_horizon_count": null, "lead_profile_de": null, "lead_profile_en": null, "legend_unit_de": null, "legend_unit_en": null, "parent_material_code": null, "parent_material_de": null, "parent_material_en": null, "profile_count": null, "profile_summary_de": null, "profile_summary_en": null, "semantic_source": "raw-buek250-feature", "semantic_version": "buek250-soil-semantics-v1", "soil_group_de": "Gew\u00e4sser", "soil_group_en": "Water area", "soil_group_key": "water-area", "soil_label_de": "Scherm\u00fctzelsee", "soil_label_en": "Scherm\u00fctzelsee", "soil_type_primary_de": null, "soil_type_primary_en": null, "soil_type_secondary_de": null, "soil_type_secondary_en": null, "soil_type_tertiary_de": null, "soil_type_tertiary_en": null, "source_note_de": "Scherm\u00fctzelsee", "source_note_en": "Scherm\u00fctzelsee", "special_area_kind": "water_area"}, "type": "Feature"}, {"geometry": {"coordinates": [[[14.1073, 52.5778], [14.1078, 52.5767], [14.1019, 52.5763], [14.0988, 52.578], [14.1016, 52.5785], [14.1073, 52.5778]]], "type": "Polygon"}, "properties": {"BEMERKUNG": "Gro\u00dfer Tornowsee", "GEN_ID": null, "GL_ID": null, "SYM_NR": null, "feature_kind": "water_area", "general_unit_de": null, "general_unit_en": null, "lead_horizon_count": null, "lead_profile_de": null, "lead_profile_en": null, "legend_unit_de": null, "legend_unit_en": null, "parent_material_code": null, "parent_material_de": null, "parent_material_en": null, "profile_count": null, "profile_summary_de": null, "profile_summary_en": null, "semantic_source": "raw-buek250-feature", "semantic_version": "buek250-soil-semantics-v1", "soil_group_de": "Gew\u00e4sser", "soil_group_en": "Water area", "soil_group_key": "water-area", "soil_label_de": "Gro\u00dfer Tornowsee", "soil_label_en": "Gro\u00dfer Tornowsee", "soil_type_primary_de": null, "soil_type_primary_en": null, "soil_type_secondary_de": null, "soil_type_secondary_en": null, "soil_type_tertiary_de": null, "soil_type_tertiary_en": null, "source_note_de": "Gro\u00dfer Tornowsee", "source_note_en": "Gro\u00dfer Tornowsee", "special_area_kind": "water_area"}, "type": "Feature"}, {"geometry": {"coordinates": [[[14.092, 52.579], [14.091, 52.5804], [14.0926, 52.5805], [14.0955, 52.5793], [14.0945, 52.5786], [14.092, 52.579]]], "type": "Polygon"}, "properties": {"BEMERKUNG": "Kleiner Tornowsee", "GEN_ID": null, "GL_ID": null, "SYM_NR": null, "feature_kind": "water_area", "general_unit_de": null, "general_unit_en": null, "lead_horizon_count": null, "lead_profile_de": null, "lead_profile_en": null, "legend_unit_de": null, "legend_unit_en": null, "parent_material_code": null, "parent_material_de": null, "parent_material_en": null, "profile_count": null, "profile_summary_de": null, "profile_summary_en": null, "semantic_source": "raw-buek250-feature", "semantic_version": "buek250-soil-semantics-v1", "soil_group_de": "Gew\u00e4sser", "soil_group_en": "Water area", "soil_group_key": "water-area", "soil_label_de": "Kleiner Tornowsee", "soil_label_en": "Kleiner Tornowsee", "soil_type_primary_de": null, "soil_type_primary_en": null, "soil_type_secondary_de": null, "soil_type_secondary_en": null, "soil_type_tertiary_de": null, "soil_type_tertiary_en": null, "source_note_de": "Kleiner Tornowsee", "source_note_en": "Kleiner Tornowsee", "special_area_kind": "water_area"}, "type": "Feature"}, {"geometry": {"coordinates": [[[[14.2623, 52.7051], [14.2677, 52.7038], [14.27, 52.7023], [14.271, 52.7], [14.2689, 52.6977], [14.2692, 52.6949], [14.2783, 52.6912], [14.2835, 52.6876], [14.2904, 52.6771], [14.2888, 52.6743], [14.2862, 52.6745], [14.2813, 52.6718], [14.2793, 52.6717], [14.2779, 52.6747], [14.2718, 52.6813], [14.2646, 52.6832], [14.2591, 52.6867], [14.2557, 52.6877], [14.2465, 52.6873], [14.2451, 52.6888], [14.2452, 52.6905], [14.2359, 52.6948], [14.2281, 52.6996], [14.2259, 52.7019], [14.2269, 52.7029], [14.2298, 52.7024], [14.2329, 52.7031], [14.2367, 52.7018], [14.2374, 52.6995], [14.2397, 52.6986], [14.2414, 52.6952], [14.2454, 52.6962], [14.2515, 52.6932], [14.2591, 52.6932], [14.2716, 52.6863], [14.2773, 52.6791], [14.2792, 52.6783], [14.2808, 52.6786], [14.2792, 52.684], [14.2725, 52.6875], [14.2666, 52.6928], [14.263, 52.6938], [14.2605, 52.6968], [14.2595, 52.6996], [14.2571, 52.7014], [14.2524, 52.7033], [14.2437, 52.705], [14.2323, 52.7046], [14.2269, 52.7061], [14.2277, 52.7077], [14.2289, 52.7079], [14.233, 52.707], [14.2395, 52.7067], [14.2435, 52.7075], [14.2623, 52.7051]]], [[[14.2605, 52.6532], [14.2611, 52.6516], [14.2641, 52.6507], [14.2631, 52.6488], [14.2638, 52.6483], [14.2683, 52.6475], [14.2678, 52.6459], [14.2639, 52.6454], [14.2594, 52.6471], [14.2584, 52.6479], [14.2582, 52.6496], [14.2551, 52.6513], [14.2538, 52.6539], [14.2556, 52.6553], [14.2605, 52.6532]]], [[[14.3518, 52.6632], [14.3584, 52.6604], [14.3612, 52.6576], [14.3652, 52.6561], [14.3682, 52.6559], [14.3688, 52.6577], [14.3707, 52.6576], [14.3733, 52.6546], [14.3671, 52.6536], [14.3622, 52.6553], [14.3545, 52.66], [14.3392, 52.6617], [14.3376, 52.6638], [14.3376, 52.667], [14.3401, 52.6681], [14.3401, 52.6658], [14.3412, 52.6639], [14.344, 52.6628], [14.3518, 52.6632]]], [[[14.401, 52.6691], [14.3987, 52.6728], [14.4071, 52.6771], [14.4127, 52.6757], [14.4143, 52.6745], [14.4139, 52.6723], [14.4108, 52.6693], [14.4077, 52.6677], [14.4049, 52.6675], [14.401, 52.6691]]]], "type": "MultiPolygon"}, "properties": {"BEMERKUNG": null, "GEN_ID": 1010, "GL_ID": 352.0, "SYM_NR": "670", "feature_kind": "soil_unit", "general_unit_de": "Braunerden und Gley-Braunerden mit Braunerde-Gleyen und Gleyen aus (Decksand \u00fcber) Niederungssand oder Flusssand", "general_unit_en": "Brown soils and gley-brown soils with brown soil-gley soilsn and gley soilsn from (Decksand over) lowland sand oder Flusssand", "lead_horizon_count": 5.0, "lead_profile_de": "Normbraunerde", "lead_profile_en": "Typical brown soil", "legend_unit_de": "Braunerden und Gley-Braunerden mit Braunerde-Gleyen aus Decksand \u00fcber Niederungssand", "legend_unit_en": "Brown soils and gley-brown soils with brown soil-gley soilsn from Decksand over lowland sand", "parent_material_code": "3.4.1.1", "parent_material_de": "Niederungssand", "parent_material_en": "Lowland sand", "profile_count": 8.0, "profile_summary_de": "Normbraunerde | 8 Profile | 5 Horizonte im Leitprofil", "profile_summary_en": "Typical brown soil | 8 profiles | 5 horizons in lead profile", "semantic_source": "sqlite-buek250-v10", "semantic_version": "buek250-soil-semantics-v1", "soil_group_de": "Braunerden", "soil_group_en": "Brown soils", "soil_group_key": "brown-soils", "soil_label_de": "Braunerden und Gley-Braunerden mit Braunerde-Gleyen aus Decksand \u00fcber Niederungssand", "soil_label_en": "Brown soils and gley-brown soils with brown soil-gley soilsn from Decksand over lowland sand", "soil_type_primary_de": "Braunerden", "soil_type_primary_en": "Brown soils", "soil_type_secondary_de": "Gleye", "soil_type_secondary_en": "Gley soils", "soil_type_tertiary_de": null, "soil_type_tertiary_en": null, "source_note_de": null, "source_note_en": null, "special_area_kind": null}, "type": "Feature"}, {"geometry": {"coordinates": [[[[14.2167, 52.8117], [14.214, 52.8117], [14.2138, 52.8092], [14.2152, 52.8071], [14.2206, 52.8033], [14.2254, 52.8026], [14.2305, 52.8032], [14.2326, 52.8013], [14.2312, 52.7991], [14.2321, 52.7967], [14.2353, 52.7958], [14.2392, 52.7959], [14.2549, 52.7859], [14.2556, 52.7838], [14.2539, 52.7827], [14.2539, 52.7811], [14.2611, 52.7727], [14.2657, 52.771], [14.2654, 52.7693], [14.2738, 52.7674], [14.2792, 52.7636], [14.2789, 52.7627], [14.2763, 52.762], [14.2767, 52.7594], [14.2753, 52.757], [14.2752, 52.7551], [14.2717, 52.7551], [14.2631, 52.7585], [14.2601, 52.761], [14.2609, 52.7629], [14.2597, 52.7637], [14.257, 52.7618], [14.2573, 52.7609], [14.2564, 52.7597], [14.2664, 52.7514], [14.2666, 52.7501], [14.264, 52.7476], [14.2576, 52.75], [14.2576, 52.7509], [14.2592, 52.7519], [14.2582, 52.7524], [14.2518, 52.7517], [14.2475, 52.7522], [14.2427, 52.751], [14.2399, 52.7514], [14.2373, 52.7529], [14.2321, 52.7571], [14.232, 52.7585], [14.2333, 52.7656], [14.2356, 52.7669], [14.2389, 52.767], [14.2391, 52.7701], [14.2407, 52.7702], [14.2432, 52.7691], [14.2501, 52.7637], [14.2527, 52.7636], [14.2538, 52.7647], [14.2415, 52.7732], [14.2428, 52.7757], [14.2458, 52.7784], [14.2458, 52.7793], [14.2431, 52.7809], [14.2419, 52.7809], [14.2404, 52.7795], [14.2389, 52.7756], [14.2368, 52.7736], [14.2339, 52.7745], [14.2319, 52.7742], [14.222, 52.7697], [14.2167, 52.7696], [14.2119, 52.7706], [14.2071, 52.7676], [14.1967, 52.7688], [14.1919, 52.7677], [14.1908, 52.7685], [14.1903, 52.7712], [14.1891, 52.7716], [14.187, 52.7743], [14.1836, 52.7761], [14.1795, 52.7762], [14.1738, 52.775], [14.1711, 52.7754], [14.1698, 52.7737], [14.1656, 52.7729], [14.1633, 52.771], [14.1578, 52.7725], [14.1518, 52.7759], [14.1435, 52.7777], [14.1413, 52.7793], [14.1366, 52.7796], [14.133, 52.7816], [14.1303, 52.7851], [14.1239, 52.7879], [14.1219, 52.7879], [14.1217, 52.787], [14.1235, 52.7858], [14.1245, 52.7835], [14.1298, 52.7812], [14.1299, 52.7783], [14.1349, 52.7778], [14.1356, 52.7763], [14.1334, 52.774], [14.1334, 52.773], [14.1382, 52.7698], [14.1367, 52.7689], [14.131, 52.7689], [14.1296, 52.7651], [14.1317, 52.7621], [14.1498, 52.7576], [14.1633, 52.7555], [14.1633, 52.7535], [14.1594, 52.7502], [14.1643, 52.7478], [14.1598, 52.7465], [14.1589, 52.7456], [14.1593, 52.7442], [14.1583, 52.7434], [14.1538, 52.7434], [14.1411, 52.7543], [14.1341, 52.7564], [14.1305, 52.7561], [14.1299, 52.7608], [14.1273, 52.7613], [14.1271, 52.7624], [14.1199, 52.7691], [14.1199, 52.7737], [14.1153, 52.7781], [14.1167, 52.7812], [14.1132, 52.7842], [14.1124, 52.7879], [14.1092, 52.7926], [14.1048, 52.7892], [14.1102, 52.7846], [14.1118, 52.7817], [14.1117, 52.7791], [14.1098, 52.7789], [14.105, 52.7809], [14.1025, 52.7807], [14.101, 52.7814], [14.102, 52.7893], [14.0993, 52.7913], [14.0951, 52.7929], [14.0943, 52.794], [14.1015, 52.7971], [14.1035, 52.7987], [14.1029, 52.7998], [14.0969, 52.8], [14.0956, 52.7988], [14.0892, 52.7977], [14.0845, 52.796], [14.0806, 52.799], [14.0782, 52.7986], [14.0827, 52.7939], [14.0866, 52.7922], [14.0919, 52.7919], [14.0975, 52.7881], [14.0979, 52.7865], [14.0973, 52.7851], [14.0957, 52.7845], [14.0905, 52.786], [14.087, 52.7848], [14.0857, 52.7828], [14.0849, 52.7777], [14.0834, 52.7752], [14.0835, 52.7726], [14.079, 52.7726], [14.0734, 52.7746], [14.0728, 52.7752], [14.0732, 52.7771], [14.0695, 52.7804], [14.0617, 52.7811], [14.0566, 52.7829], [14.049, 52.783], [14.0439, 52.7852], [14.0435, 52.7862], [14.045, 52.7895], [14.0445, 52.7905], [14.0417, 52.7916], [14.0405, 52.79], [14.0409, 52.7888], [14.0398, 52.7886], [14.0374, 52.7919], [14.0368, 52.7956], [14.0333, 52.7948], [14.0325, 52.7912], [14.0309, 52.7903], [14.0287, 52.7897], [14.0271, 52.7901], [14.0169, 52.7872], [14.0103, 52.7872], [14.0108, 52.7896], [14.0083, 52.7903], [14.006, 52.7946], [14.0084, 52.7951], [14.0164, 52.7924], [14.0181, 52.7941], [14.0172, 52.7962], [14.0132, 52.7973], [14.0029, 52.7963], [14.001, 52.7967], [13.9948, 52.8015], [13.9887, 52.8038], [13.9837, 52.8072], [13.9799, 52.8086], [13.98, 52.8096], [13.9765, 52.8119], [13.9729, 52.8112], [13.9623, 52.8137], [13.9602, 52.8153], [13.9595, 52.8181], [13.9616, 52.8231], [13.9611, 52.8261], [13.9665, 52.8247], [13.9735, 52.8254], [13.9774, 52.8314], [13.9777, 52.8331], [13.9827, 52.832], [13.9886, 52.8258], [13.9979, 52.8218], [14.0005, 52.8196], [14.0061, 52.8181], [14.0098, 52.8156], [14.009, 52.8149], [14.005, 52.8159], [14.0035, 52.8154], [14.0042, 52.8145], [14.0036, 52.8129], [14.0057, 52.811], [14.006, 52.8088], [14.0294, 52.8036], [14.0485, 52.8054], [14.0531, 52.8068], [14.0529, 52.8095], [14.0657, 52.8134], [14.0668, 52.8131], [14.0664, 52.8109], [14.0696, 52.8106], [14.0743, 52.8112], [14.0812, 52.8143], [14.1054, 52.8146], [14.1069, 52.82], [14.1053, 52.8216], [14.0875, 52.8176], [14.0866, 52.8183], [14.091, 52.8229], [14.101, 52.8247], [14.1041, 52.8276], [14.1068, 52.8282], [14.1213, 52.8275], [14.1274, 52.8243], [14.1296, 52.8239], [14.1301, 52.8216], [14.1312, 52.8207], [14.1368, 52.8209], [14.1565, 52.8175], [14.164, 52.8148], [14.1675, 52.8161], [14.175, 52.8143], [14.1958, 52.8133], [14.2006, 52.8121], [14.2039, 52.8103], [14.2085, 52.8097], [14.2087, 52.8118], [14.212, 52.8133], [14.2114, 52.8156], [14.2122, 52.8173], [14.2196, 52.8139], [14.2167, 52.8117]], [[14.1724, 52.7776], [14.1777, 52.7792], [14.179, 52.7804], [14.1793, 52.7816], [14.1772, 52.7837], [14.18, 52.785], [14.1802, 52.7873], [14.177, 52.7904], [14.1706, 52.788], [14.1687, 52.7882], [14.1677, 52.7957], [14.1667, 52.7961], [14.1648, 52.7945], [14.162, 52.7955], [14.1596, 52.7899], [14.1605, 52.786], [14.1578, 52.7838], [14.1542, 52.783], [14.1538, 52.7813], [14.1611, 52.7798], [14.1649, 52.7765], [14.1709, 52.7753], [14.1724, 52.7776]], [[14.1723, 52.8047], [14.1721, 52.8062], [14.1708, 52.8068], [14.1686, 52.8058], [14.168, 52.8048], [14.1702, 52.8031], [14.1692, 52.7999], [14.1711, 52.7998], [14.1756, 52.8018], [14.1758, 52.8033], [14.1723, 52.8047]], [[14.1946, 52.7728], [14.1991, 52.7752], [14.204, 52.776], [14.2072, 52.7757], [14.2114, 52.7739], [14.2121, 52.776], [14.2098, 52.7777], [14.2054, 52.7779], [14.2003, 52.7806], [14.1983, 52.7808], [14.1967, 52.7787], [14.1908, 52.7769], [14.1904, 52.7756], [14.1928, 52.7731], [14.1946, 52.7728]], [[14.1392, 52.799], [14.1377, 52.8002], [14.1358, 52.7988], [14.1366, 52.7974], [14.1393, 52.7957], [14.1391, 52.7923], [14.1431, 52.7915], [14.1442, 52.7904], [14.1432, 52.789], [14.1404, 52.7897], [14.1401, 52.7873], [14.1413, 52.7835], [14.1435, 52.783], [14.1451, 52.784], [14.1451, 52.786], [14.1482, 52.7888], [14.1488, 52.791], [14.1474, 52.7926], [14.1436, 52.7946], [14.1431, 52.7964], [14.1408, 52.7982], [14.1411, 52.7992], [14.1392, 52.799]]], [[[13.9794, 52.8403], [13.9786, 52.8388], [13.9792, 52.8428], [13.9794, 52.8403]]], [[[14.4797, 52.5856], [14.48, 52.5836], [14.4822, 52.5812], [14.4858, 52.5806], [14.4854, 52.5787], [14.4861, 52.5759], [14.4773, 52.5752], [14.4756, 52.574], [14.4764, 52.5727], [14.4809, 52.5726], [14.4825, 52.5718], [14.4863, 52.569], [14.4857, 52.567], [14.4828, 52.5668], [14.4782, 52.5693], [14.4734, 52.5698], [14.4712, 52.5689], [14.4685, 52.5665], [14.4664, 52.5616], [14.4653, 52.5606], [14.459, 52.563], [14.4517, 52.5628], [14.4498, 52.5614], [14.4533, 52.5587], [14.455, 52.5559], [14.4632, 52.5563], [14.4641, 52.5547], [14.4666, 52.5532], [14.4637, 52.5516], [14.4644, 52.5456], [14.4664, 52.5451], [14.4714, 52.546], [14.4768, 52.5407], [14.4759, 52.5387], [14.4725, 52.5375], [14.4725, 52.536], [14.474, 52.5356], [14.4791, 52.5374], [14.4813, 52.5391], [14.4825, 52.5419], [14.487, 52.5428], [14.4925, 52.5427], [14.4945, 52.5411], [14.5017, 52.5411], [14.5031, 52.5377], [14.5041, 52.5379], [14.5047, 52.54], [14.5057, 52.5407], [14.5117, 52.5395], [14.5121, 52.5374], [14.5089, 52.5347], [14.5103, 52.5329], [14.5129, 52.5316], [14.5158, 52.5317], [14.5193, 52.533], [14.5248, 52.5317], [14.5261, 52.532], [14.5258, 52.534], [14.5192, 52.535], [14.5182, 52.5358], [14.518, 52.5374], [14.5206, 52.5383], [14.5235, 52.5372], [14.5288, 52.539], [14.5329, 52.5387], [14.5358, 52.5371], [14.5371, 52.5334], [14.5447, 52.5297], [14.5474, 52.5261], [14.5537, 52.5245], [14.5542, 52.5237], [14.5535, 52.523], [14.5487, 52.5233], [14.5472, 52.5216], [14.548, 52.5202], [14.5541, 52.518], [14.5548, 52.5169], [14.553, 52.5155], [14.5513, 52.5156], [14.5471, 52.518], [14.5442, 52.5178], [14.5409, 52.5272], [14.5389, 52.5274], [14.5363, 52.5306], [14.5328, 52.5316], [14.528, 52.5285], [14.5235, 52.5294], [14.5219, 52.5287], [14.5216, 52.5273], [14.5229, 52.5261], [14.5229, 52.5249], [14.5205, 52.5227], [14.5177, 52.5229], [14.514, 52.5267], [14.5128, 52.527], [14.5132, 52.5225], [14.5121, 52.5225], [14.51, 52.5242], [14.5062, 52.5211], [14.5005, 52.519], [14.5005, 52.5174], [14.4973, 52.5155], [14.4945, 52.5152], [14.4917, 52.5172], [14.4915, 52.5181], [14.4941, 52.5202], [14.4928, 52.5217], [14.4908, 52.5212], [14.4899, 52.5177], [14.4867, 52.5159], [14.4857, 52.5165], [14.4867, 52.5195], [14.4857, 52.5212], [14.4887, 52.5267], [14.4883, 52.5284], [14.4857, 52.5288], [14.4847, 52.5272], [14.4833, 52.5273], [14.4796, 52.5301], [14.4762, 52.5309], [14.4749, 52.53], [14.4756, 52.5273], [14.4778, 52.5261], [14.4819, 52.5255], [14.4819, 52.5223], [14.4832, 52.5203], [14.4832, 52.518], [14.4823, 52.5173], [14.4784, 52.5179], [14.4765, 52.5173], [14.4756, 52.5161], [14.4784, 52.5134], [14.478, 52.5117], [14.4728, 52.5092], [14.47, 52.5099], [14.4676, 52.5088], [14.4632, 52.5047], [14.4605, 52.5038], [14.4609, 52.5025], [14.4637, 52.5022], [14.4744, 52.5047], [14.4784, 52.5039], [14.4845, 52.5105], [14.489, 52.512], [14.4954, 52.5086], [14.5003, 52.5093], [14.5032, 52.5106], [14.5053, 52.5101], [14.5054, 52.5153], [14.5088, 52.5151], [14.513, 52.5128], [14.5157, 52.5149], [14.5218, 52.5165], [14.5233, 52.519], [14.5255, 52.5202], [14.5274, 52.5197], [14.5275, 52.5188], [14.524, 52.5165], [14.5236, 52.5143], [14.5323, 52.5103], [14.5344, 52.5085], [14.5333, 52.5075], [14.5297, 52.5073], [14.5243, 52.505], [14.5237, 52.5037], [14.5246, 52.5031], [14.5288, 52.5047], [14.5317, 52.5048], [14.5393, 52.5014], [14.5496, 52.5], [14.5507, 52.5005], [14.551, 52.5031], [14.5535, 52.5054], [14.5576, 52.5052], [14.557, 52.5072], [14.5645, 52.5059], [14.5656, 52.5063], [14.5643, 52.5079], [14.5601, 52.5086], [14.557, 52.5105], [14.5539, 52.5101], [14.5518, 52.5129], [14.5453, 52.5127], [14.5431, 52.515], [14.5451, 52.5142], [14.5552, 52.5138], [14.5603, 52.5115], [14.5672, 52.51], [14.5702, 52.5076], [14.571, 52.5063], [14.5707, 52.505], [14.5658, 52.5051], [14.5633, 52.5044], [14.563, 52.5036], [14.5645, 52.5012], [14.56, 52.498], [14.558, 52.499], [14.5523, 52.4982], [14.5517, 52.4973], [14.553, 52.4955], [14.5525, 52.4948], [14.5502, 52.495], [14.5469, 52.493], [14.5423, 52.4924], [14.5406, 52.4908], [14.5398, 52.4879], [14.5355, 52.4854], [14.5329, 52.4828], [14.526, 52.4811], [14.5238, 52.4796], [14.5213, 52.4762], [14.5177, 52.4745], [14.5088, 52.4731], [14.5054, 52.4721], [14.5019, 52.4699], [14.4936, 52.4674], [14.4891, 52.4672], [14.4822, 52.4697], [14.4743, 52.4749], [14.471, 52.4788], [14.4818, 52.4746], [14.4898, 52.4741], [14.4912, 52.4749], [14.4907, 52.4757], [14.4844, 52.4769], [14.4819, 52.4787], [14.4787, 52.4788], [14.4746, 52.4812], [14.471, 52.4814], [14.4701, 52.4807], [14.4689, 52.4816], [14.4663, 52.4801], [14.4627, 52.4831], [14.46, 52.4819], [14.4521, 52.4912], [14.4474, 52.492], [14.4433, 52.4964], [14.4411, 52.4977], [14.4386, 52.5022], [14.4393, 52.5054], [14.4355, 52.5086], [14.4325, 52.5094], [14.4333, 52.5124], [14.4399, 52.5166], [14.4375, 52.5195], [14.4343, 52.5213], [14.429, 52.5213], [14.4276, 52.5226], [14.4234, 52.52], [14.423, 52.5171], [14.425, 52.5166], [14.4303, 52.519], [14.4331, 52.5177], [14.4333, 52.5163], [14.4259, 52.5133], [14.4177, 52.5166], [14.4157, 52.5157], [14.4142, 52.516], [14.4123, 52.5192], [14.4093, 52.5213], [14.406, 52.5258], [14.4144, 52.5293], [14.4147, 52.5329], [14.4199, 52.5331], [14.4199, 52.5346], [14.4174, 52.5363], [14.4165, 52.5393], [14.4171, 52.5404], [14.421, 52.542], [14.4215, 52.5432], [14.4206, 52.5439], [14.418, 52.5426], [14.4151, 52.5425], [14.4089, 52.5397], [14.4054, 52.5448], [14.4105, 52.5456], [14.4122, 52.547], [14.4108, 52.5497], [14.4068, 52.5487], [14.4048, 52.5489], [14.4048, 52.5499], [14.4063, 52.5515], [14.4102, 52.5537], [14.4115, 52.5537], [14.4142, 52.5512], [14.4187, 52.5488], [14.4239, 52.5473], [14.4269, 52.5447], [14.4343, 52.5434], [14.4379, 52.5439], [14.4458, 52.5474], [14.4526, 52.5455], [14.4542, 52.5464], [14.4482, 52.5492], [14.4459, 52.5495], [14.4365, 52.5453], [14.4327, 52.5453], [14.429, 52.5467], [14.4223, 52.5516], [14.4226, 52.554], [14.4256, 52.5557], [14.4259, 52.5569], [14.4215, 52.5643], [14.4193, 52.5658], [14.4143, 52.5662], [14.4106, 52.5676], [14.4099, 52.5686], [14.4108, 52.5696], [14.4095, 52.5707], [14.4097, 52.5719], [14.4124, 52.5726], [14.4202, 52.5726], [14.4212, 52.5724], [14.4213, 52.5707], [14.4222, 52.5707], [14.4295, 52.5746], [14.4374, 52.5698], [14.4368, 52.567], [14.4393, 52.5669], [14.4463, 52.5704], [14.4467, 52.5719], [14.4459, 52.5723], [14.4437, 52.5719], [14.4415, 52.5706], [14.4399, 52.5713], [14.4406, 52.5726], [14.4458, 52.5755], [14.4611, 52.5804], [14.4635, 52.5837], [14.4656, 52.5835], [14.469, 52.5848], [14.4736, 52.5844], [14.4743, 52.5854], [14.4729, 52.5868], [14.474, 52.5876], [14.4821, 52.5886], [14.4797, 52.5856]], [[14.442, 52.5089], [14.4408, 52.5083], [14.4406, 52.507], [14.4418, 52.5054], [14.4468, 52.5059], [14.4493, 52.5051], [14.446, 52.5028], [14.4455, 52.5002], [14.4463, 52.4995], [14.449, 52.5001], [14.4513, 52.4994], [14.452, 52.5001], [14.451, 52.5027], [14.4531, 52.5044], [14.4548, 52.5083], [14.4566, 52.5097], [14.4565, 52.5114], [14.462, 52.5113], [14.4627, 52.5125], [14.4587, 52.5135], [14.4538, 52.5131], [14.4513, 52.5121], [14.4501, 52.5096], [14.4477, 52.5086], [14.442, 52.5089]], [[14.5012, 52.4905], [14.4985, 52.4907], [14.4973, 52.4913], [14.4972, 52.4928], [14.4954, 52.4936], [14.493, 52.4924], [14.4895, 52.4928], [14.4876, 52.4919], [14.4839, 52.4918], [14.4809, 52.4927], [14.4742, 52.4978], [14.4693, 52.4974], [14.4649, 52.5002], [14.4636, 52.4993], [14.4638, 52.4974], [14.465, 52.4963], [14.4695, 52.4954], [14.4727, 52.4928], [14.479, 52.4914], [14.4859, 52.4883], [14.4917, 52.4887], [14.4929, 52.4908], [14.494, 52.4913], [14.4991, 52.4872], [14.5011, 52.4868], [14.5053, 52.4888], [14.5049, 52.4902], [14.5028, 52.4914], [14.5012, 52.4905]], [[14.5197, 52.4954], [14.5164, 52.4941], [14.5136, 52.4913], [14.512, 52.4914], [14.5092, 52.4943], [14.5077, 52.4944], [14.5072, 52.4928], [14.5135, 52.4882], [14.5204, 52.4887], [14.526, 52.4917], [14.5256, 52.4929], [14.5228, 52.4936], [14.5241, 52.4983], [14.5344, 52.4949], [14.5357, 52.496], [14.5336, 52.5012], [14.5324, 52.5021], [14.5232, 52.4993], [14.5212, 52.5022], [14.519, 52.5026], [14.5168, 52.4998], [14.5198, 52.4979], [14.5197, 52.4954]]], [[[14.4563, 52.648], [14.4622, 52.6479], [14.4662, 52.6503], [14.4728, 52.6463], [14.474, 52.6442], [14.4718, 52.6385], [14.473, 52.636], [14.4704, 52.6345], [14.4718, 52.6336], [14.4736, 52.6336], [14.4777, 52.6301], [14.4752, 52.6297], [14.4656, 52.6303], [14.4633, 52.6298], [14.4627, 52.6286], [14.4651, 52.6271], [14.4749, 52.6274], [14.4761, 52.6263], [14.4746, 52.6236], [14.4765, 52.6213], [14.4871, 52.6218], [14.4851, 52.6234], [14.4807, 52.6234], [14.4796, 52.6241], [14.4804, 52.625], [14.4828, 52.6256], [14.4886, 52.626], [14.49, 52.6247], [14.4949, 52.6242], [14.4994, 52.6258], [14.5, 52.6253], [14.5074, 52.6262], [14.507, 52.6249], [14.5037, 52.6237], [14.5059, 52.6211], [14.5059, 52.6186], [14.5007, 52.6166], [14.4954, 52.6166], [14.4917, 52.6147], [14.4925, 52.6108], [14.4947, 52.6114], [14.4968, 52.6135], [14.4996, 52.612], [14.5046, 52.6118], [14.5052, 52.6123], [14.5048, 52.6133], [14.5025, 52.6136], [14.5013, 52.6147], [14.5053, 52.6165], [14.5101, 52.6165], [14.5126, 52.6134], [14.5141, 52.6132], [14.5189, 52.6172], [14.5206, 52.6176], [14.5264, 52.614], [14.5342, 52.6148], [14.5377, 52.6119], [14.5416, 52.6125], [14.5453, 52.61], [14.548, 52.6118], [14.5497, 52.6105], [14.5494, 52.6087], [14.546, 52.6081], [14.5412, 52.6056], [14.5368, 52.607], [14.5356, 52.6081], [14.5355, 52.6099], [14.5328, 52.6109], [14.5263, 52.6085], [14.5239, 52.6058], [14.5249, 52.6047], [14.527, 52.6045], [14.5283, 52.6069], [14.5317, 52.6078], [14.5336, 52.6068], [14.5339, 52.6052], [14.5352, 52.6045], [14.537, 52.6047], [14.5408, 52.6035], [14.5498, 52.6063], [14.554, 52.6061], [14.5545, 52.6068], [14.5535, 52.611], [14.5574, 52.6129], [14.5575, 52.6135], [14.5552, 52.6151], [14.5448, 52.615], [14.5316, 52.6176], [14.5323, 52.6208], [14.5374, 52.6199], [14.5437, 52.6201], [14.5445, 52.6204], [14.5438, 52.6208], [14.5448, 52.6212], [14.5448, 52.6226], [14.5458, 52.6228], [14.547, 52.6223], [14.5473, 52.6207], [14.5486, 52.6198], [14.5553, 52.6209], [14.5586, 52.6205], [14.5591, 52.6199], [14.5584, 52.6173], [14.5592, 52.6162], [14.5677, 52.6142], [14.5702, 52.6121], [14.5733, 52.6109], [14.5734, 52.6091], [14.5696, 52.6057], [14.5699, 52.6044], [14.5731, 52.6051], [14.5788, 52.6089], [14.5815, 52.6082], [14.5814, 52.6056], [14.5836, 52.6045], [14.5829, 52.603], [14.5808, 52.6023], [14.5774, 52.6028], [14.577, 52.6012], [14.5752, 52.5997], [14.5774, 52.5955], [14.5799, 52.5956], [14.5829, 52.5977], [14.5842, 52.5952], [14.5806, 52.5907], [14.5768, 52.5906], [14.5744, 52.5889], [14.5743, 52.5864], [14.575, 52.5856], [14.5849, 52.584], [14.588, 52.5852], [14.5876, 52.587], [14.5897, 52.5875], [14.5945, 52.5856], [14.6017, 52.5852], [14.606, 52.5835], [14.6128, 52.5805], [14.6134, 52.5783], [14.6114, 52.5773], [14.6083, 52.5773], [14.6032, 52.579], [14.598, 52.5778], [14.5972, 52.577], [14.597, 52.5749], [14.5983, 52.5727], [14.6004, 52.5715], [14.5936, 52.5684], [14.5957, 52.5654], [14.5945, 52.5646], [14.591, 52.5657], [14.5885, 52.5648], [14.5873, 52.5638], [14.5869, 52.5617], [14.5849, 52.5587], [14.5866, 52.5564], [14.5863, 52.5556], [14.5807, 52.5552], [14.5798, 52.5571], [14.576, 52.5605], [14.5744, 52.5639], [14.5717, 52.5664], [14.5671, 52.5679], [14.5629, 52.5717], [14.5595, 52.5723], [14.5553, 52.5713], [14.5544, 52.5725], [14.5551, 52.5748], [14.5575, 52.5755], [14.5696, 52.576], [14.5702, 52.5747], [14.5715, 52.5743], [14.5753, 52.5796], [14.575, 52.581], [14.5739, 52.581], [14.5683, 52.5798], [14.563, 52.5774], [14.5589, 52.5781], [14.5556, 52.5767], [14.5533, 52.5774], [14.5544, 52.5877], [14.5566, 52.5888], [14.5569, 52.587], [14.5584, 52.5867], [14.5591, 52.5874], [14.5593, 52.5917], [14.558, 52.593], [14.5555, 52.593], [14.5543, 52.5906], [14.553, 52.5905], [14.5487, 52.5921], [14.5473, 52.5939], [14.5479, 52.5976], [14.5497, 52.5993], [14.5528, 52.5992], [14.5534, 52.5974], [14.5517, 52.5959], [14.5537, 52.595], [14.5601, 52.5966], [14.5639, 52.5955], [14.5661, 52.5964], [14.5703, 52.5964], [14.5699, 52.5975], [14.567, 52.5983], [14.5656, 52.6003], [14.5622, 52.6022], [14.5607, 52.6024], [14.5604, 52.5987], [14.5595, 52.5983], [14.5562, 52.5991], [14.5528, 52.6026], [14.5509, 52.6032], [14.5478, 52.6032], [14.5447, 52.6015], [14.5437, 52.5996], [14.5433, 52.5951], [14.5453, 52.5944], [14.5456, 52.5916], [14.5508, 52.5899], [14.5519, 52.5888], [14.5519, 52.5877], [14.5495, 52.5846], [14.5465, 52.5852], [14.5398, 52.5894], [14.5353, 52.5907], [14.5324, 52.593], [14.5302, 52.5934], [14.527, 52.592], [14.5255, 52.5902], [14.5273, 52.5896], [14.5299, 52.5904], [14.5292, 52.5883], [14.5297, 52.5874], [14.5353, 52.5876], [14.5366, 52.5863], [14.5319, 52.5839], [14.5294, 52.5845], [14.5248, 52.5841], [14.521, 52.5855], [14.5156, 52.5849], [14.5131, 52.586], [14.5166, 52.5903], [14.5159, 52.5915], [14.5124, 52.5918], [14.5122, 52.5927], [14.5136, 52.5943], [14.5183, 52.5964], [14.5292, 52.5968], [14.535, 52.5987], [14.5357, 52.6003], [14.5331, 52.6006], [14.5301, 52.5986], [14.5268, 52.5977], [14.5195, 52.5981], [14.5112, 52.5952], [14.5098, 52.5954], [14.5085, 52.597], [14.5104, 52.5977], [14.5108, 52.5989], [14.5054, 52.5988], [14.4998, 52.6015], [14.5124, 52.6082], [14.5085, 52.6081], [14.5049, 52.6052], [14.4991, 52.6024], [14.4955, 52.6019], [14.4926, 52.6055], [14.4878, 52.6071], [14.4872, 52.6116], [14.4883, 52.615], [14.486, 52.6179], [14.4836, 52.6189], [14.4765, 52.6186], [14.4764, 52.6175], [14.4789, 52.6166], [14.4825, 52.6167], [14.4844, 52.6153], [14.4766, 52.612], [14.4848, 52.6067], [14.4846, 52.6036], [14.4859, 52.6012], [14.478, 52.6013], [14.4748, 52.6038], [14.4734, 52.6038], [14.4724, 52.6032], [14.4754, 52.6001], [14.4741, 52.5994], [14.4696, 52.6014], [14.465, 52.6025], [14.4643, 52.606], [14.4612, 52.6067], [14.4611, 52.6094], [14.4597, 52.6104], [14.4511, 52.6116], [14.4468, 52.6139], [14.4425, 52.6133], [14.4383, 52.615], [14.4297, 52.6162], [14.4282, 52.6177], [14.4279, 52.6195], [14.4305, 52.6219], [14.427, 52.6233], [14.4252, 52.6262], [14.4214, 52.6289], [14.4208, 52.6302], [14.4215, 52.6324], [14.4247, 52.6341], [14.4286, 52.6334], [14.4294, 52.6369], [14.4307, 52.6379], [14.4317, 52.638], [14.4338, 52.636], [14.435, 52.6363], [14.435, 52.6387], [14.4298, 52.6425], [14.4302, 52.6439], [14.4322, 52.6454], [14.4341, 52.65], [14.4365, 52.6495], [14.4372, 52.6465], [14.4382, 52.6456], [14.4487, 52.6468], [14.4495, 52.6487], [14.449, 52.6502], [14.4469, 52.6503], [14.4449, 52.653], [14.4467, 52.6542], [14.447, 52.6556], [14.4525, 52.6568], [14.4553, 52.6563], [14.4564, 52.6547], [14.4533, 52.6497], [14.4563, 52.648]], [[14.4569, 52.6329], [14.4507, 52.6313], [14.4453, 52.6337], [14.4407, 52.6339], [14.438, 52.6359], [14.436, 52.6353], [14.4379, 52.6325], [14.442, 52.6313], [14.4426, 52.6295], [14.4472, 52.6279], [14.4526, 52.6289], [14.4544, 52.6305], [14.4599, 52.6314], [14.4616, 52.6327], [14.4649, 52.6328], [14.4655, 52.634], [14.4651, 52.6349], [14.4624, 52.6361], [14.4584, 52.6347], [14.4569, 52.6329]]], [[[14.1972, 52.7117], [14.1947, 52.7105], [14.1951, 52.7093], [14.1995, 52.7081], [14.2038, 52.7044], [14.2034, 52.7004], [14.2008, 52.6992], [14.201, 52.6985], [14.2043, 52.6966], [14.2074, 52.6968], [14.2084, 52.6974], [14.2086, 52.6989], [14.2075, 52.7004], [14.2077, 52.7023], [14.2087, 52.703], [14.2145, 52.7016], [14.2153, 52.7001], [14.2148, 52.6971], [14.2166, 52.6935], [14.2202, 52.6923], [14.2234, 52.689], [14.229, 52.6858], [14.2385, 52.6836], [14.2411, 52.6845], [14.244, 52.6841], [14.2549, 52.6856], [14.26, 52.6837], [14.2631, 52.6839], [14.2718, 52.6813], [14.276, 52.6767], [14.2756, 52.6737], [14.274, 52.6741], [14.2736, 52.6763], [14.2689, 52.6801], [14.2644, 52.682], [14.2641, 52.6805], [14.2692, 52.6771], [14.2697, 52.6749], [14.265, 52.6695], [14.2583, 52.6706], [14.2566, 52.6698], [14.2576, 52.6689], [14.2634, 52.6675], [14.2639, 52.6651], [14.2686, 52.6623], [14.2716, 52.6618], [14.2726, 52.6623], [14.2723, 52.6632], [14.2684, 52.6653], [14.2698, 52.6704], [14.2713, 52.6713], [14.2724, 52.6716], [14.2746, 52.6693], [14.2842, 52.6678], [14.2859, 52.6681], [14.2863, 52.6692], [14.2827, 52.6718], [14.2825, 52.6729], [14.2833, 52.6734], [14.288, 52.6747], [14.2938, 52.6718], [14.3065, 52.6588], [14.3035, 52.6538], [14.3038, 52.6515], [14.3058, 52.6486], [14.315, 52.6419], [14.3212, 52.6403], [14.3246, 52.6385], [14.324, 52.6374], [14.3226, 52.6372], [14.3174, 52.639], [14.3156, 52.6385], [14.3154, 52.6367], [14.3198, 52.6337], [14.3207, 52.6318], [14.3202, 52.629], [14.3154, 52.6232], [14.3167, 52.6212], [14.3256, 52.6178], [14.3265, 52.616], [14.3264, 52.614], [14.3242, 52.6133], [14.3155, 52.6131], [14.3106, 52.6154], [14.3063, 52.6157], [14.3037, 52.6188], [14.3041, 52.6201], [14.3061, 52.6217], [14.3066, 52.6252], [14.3087, 52.6275], [14.3071, 52.6301], [14.2987, 52.6342], [14.2972, 52.6338], [14.2963, 52.6321], [14.2922, 52.6312], [14.2897, 52.632], [14.2855, 52.636], [14.2856, 52.6378], [14.2928, 52.6392], [14.2935, 52.6399], [14.2927, 52.6411], [14.2895, 52.6405], [14.2862, 52.6415], [14.2854, 52.6438], [14.2826, 52.647], [14.2909, 52.6475], [14.2916, 52.6479], [14.2905, 52.6492], [14.2904, 52.651], [14.2931, 52.6514], [14.295, 52.6527], [14.296, 52.6521], [14.2966, 52.6504], [14.2947, 52.6479], [14.2958, 52.643], [14.2992, 52.6404], [14.3027, 52.6397], [14.3076, 52.6353], [14.3096, 52.6348], [14.3102, 52.6355], [14.3011, 52.6466], [14.3001, 52.6505], [14.2971, 52.6543], [14.2967, 52.6553], [14.2988, 52.6567], [14.2985, 52.6599], [14.2992, 52.6615], [14.297, 52.6637], [14.2926, 52.6623], [14.287, 52.6628], [14.2801, 52.6606], [14.2758, 52.6574], [14.2717, 52.6558], [14.2719, 52.6552], [14.278, 52.6538], [14.2775, 52.6527], [14.2727, 52.6524], [14.2637, 52.6557], [14.2617, 52.6548], [14.2605, 52.6532], [14.2591, 52.6532], [14.256, 52.6547], [14.2554, 52.656], [14.2561, 52.6567], [14.255, 52.6577], [14.2457, 52.6578], [14.2416, 52.6605], [14.2411, 52.6616], [14.2392, 52.6618], [14.2353, 52.6599], [14.2344, 52.6577], [14.2298, 52.6574], [14.2231, 52.6555], [14.2239, 52.652], [14.2219, 52.6519], [14.2206, 52.6524], [14.2215, 52.6535], [14.2204, 52.6559], [14.2174, 52.6579], [14.2163, 52.661], [14.2144, 52.6631], [14.2101, 52.6648], [14.2077, 52.6646], [14.2072, 52.6629], [14.2087, 52.6606], [14.2082, 52.6588], [14.2006, 52.6598], [14.1954, 52.6624], [14.1931, 52.6657], [14.1943, 52.6707], [14.1818, 52.6746], [14.1821, 52.676], [14.184, 52.6773], [14.1882, 52.6767], [14.1869, 52.6799], [14.1838, 52.6819], [14.1816, 52.6804], [14.1791, 52.6807], [14.1764, 52.6836], [14.1762, 52.6859], [14.1861, 52.6857], [14.1933, 52.6822], [14.1994, 52.681], [14.204, 52.6758], [14.2075, 52.6768], [14.2077, 52.6775], [14.2048, 52.6792], [14.2039, 52.6816], [14.2016, 52.6831], [14.1949, 52.6842], [14.1876, 52.6876], [14.1795, 52.687], [14.1763, 52.688], [14.1759, 52.6907], [14.1775, 52.6938], [14.1756, 52.6953], [14.1714, 52.6956], [14.1702, 52.6967], [14.1704, 52.7011], [14.1729, 52.7012], [14.1743, 52.7025], [14.1741, 52.7037], [14.1706, 52.7047], [14.1707, 52.7084], [14.1696, 52.7096], [14.1698, 52.7112], [14.1723, 52.7134], [14.1723, 52.7145], [14.1764, 52.7143], [14.178, 52.7157], [14.1786, 52.7172], [14.1763, 52.7199], [14.1756, 52.7214], [14.176, 52.7228], [14.1802, 52.7236], [14.1929, 52.7292], [14.1956, 52.7296], [14.1945, 52.7275], [14.1902, 52.7265], [14.1865, 52.7242], [14.1859, 52.7229], [14.19, 52.7215], [14.19, 52.7204], [14.1884, 52.7183], [14.1893, 52.7149], [14.1951, 52.7134], [14.1972, 52.7117]], [[14.2228, 52.6617], [14.2289, 52.6589], [14.2298, 52.6606], [14.2345, 52.6646], [14.234, 52.6659], [14.2319, 52.6661], [14.2314, 52.6669], [14.2362, 52.6709], [14.2371, 52.6726], [14.2305, 52.6741], [14.222, 52.6662], [14.2232, 52.6642], [14.2228, 52.6617]]], [[[14.237, 52.7262], [14.237, 52.7253], [14.2406, 52.7241], [14.2439, 52.7214], [14.2478, 52.7206], [14.2483, 52.7201], [14.248, 52.7174], [14.249, 52.7167], [14.246, 52.7161], [14.2405, 52.7171], [14.239, 52.7165], [14.2393, 52.7159], [14.238, 52.7144], [14.2326, 52.7153], [14.2294, 52.7195], [14.2348, 52.7226], [14.2327, 52.7248], [14.2325, 52.7271], [14.2311, 52.727], [14.2158, 52.7196], [14.2076, 52.7194], [14.2062, 52.7204], [14.209, 52.7245], [14.2127, 52.7269], [14.2102, 52.7286], [14.2168, 52.729], [14.2182, 52.7301], [14.2157, 52.7333], [14.2095, 52.7361], [14.2144, 52.738], [14.226, 52.7409], [14.2535, 52.7439], [14.2677, 52.7413], [14.2798, 52.7418], [14.2862, 52.7391], [14.2946, 52.7375], [14.2984, 52.7389], [14.3066, 52.7438], [14.3071, 52.7461], [14.3057, 52.7491], [14.3055, 52.7515], [14.3098, 52.7557], [14.3114, 52.7528], [14.309, 52.7505], [14.309, 52.7493], [14.3138, 52.7448], [14.3136, 52.743], [14.3121, 52.741], [14.3142, 52.7393], [14.3141, 52.7383], [14.3097, 52.7366], [14.3054, 52.7368], [14.3052, 52.7348], [14.307, 52.7305], [14.3066, 52.7296], [14.3, 52.7304], [14.3001, 52.7288], [14.3039, 52.7272], [14.3042, 52.7259], [14.2908, 52.7284], [14.2911, 52.7264], [14.2931, 52.7247], [14.2982, 52.7227], [14.3025, 52.7227], [14.3037, 52.7203], [14.2964, 52.7212], [14.2951, 52.7193], [14.2923, 52.7194], [14.2903, 52.7173], [14.2873, 52.7161], [14.288, 52.7139], [14.2954, 52.7116], [14.3018, 52.7122], [14.3036, 52.7117], [14.3036, 52.7094], [14.302, 52.706], [14.3041, 52.706], [14.3068, 52.7036], [14.3092, 52.7031], [14.3127, 52.7033], [14.3132, 52.7046], [14.3086, 52.7064], [14.3077, 52.7086], [14.3137, 52.7128], [14.3161, 52.7117], [14.3204, 52.7118], [14.3241, 52.709], [14.3281, 52.7092], [14.3319, 52.7099], [14.3328, 52.7129], [14.3351, 52.7148], [14.3353, 52.7134], [14.3363, 52.7127], [14.3421, 52.7136], [14.345, 52.7091], [14.341, 52.7077], [14.3401, 52.7054], [14.338, 52.7034], [14.3391, 52.7004], [14.3385, 52.6996], [14.3325, 52.7008], [14.3321, 52.7043], [14.3313, 52.7059], [14.3304, 52.706], [14.3272, 52.7008], [14.3286, 52.6987], [14.3283, 52.6978], [14.3248, 52.6971], [14.322, 52.6951], [14.3228, 52.6917], [14.3203, 52.6895], [14.3208, 52.6861], [14.3257, 52.6805], [14.3263, 52.6775], [14.3302, 52.6767], [14.3308, 52.6757], [14.3273, 52.6705], [14.3259, 52.6702], [14.3248, 52.6713], [14.3245, 52.6741], [14.3206, 52.6755], [14.3152, 52.6756], [14.3118, 52.6771], [14.3111, 52.6787], [14.3122, 52.6813], [14.3119, 52.6841], [14.3126, 52.6858], [14.3117, 52.6866], [14.3089, 52.6862], [14.3074, 52.6836], [14.3067, 52.6837], [14.3055, 52.6848], [14.3047, 52.6876], [14.3028, 52.6892], [14.3009, 52.6893], [14.2973, 52.6879], [14.2947, 52.6879], [14.2919, 52.6897], [14.2862, 52.6893], [14.2797, 52.6939], [14.2754, 52.6943], [14.2742, 52.6955], [14.2721, 52.7065], [14.2706, 52.7077], [14.2712, 52.7129], [14.267, 52.7139], [14.2638, 52.7164], [14.2572, 52.7258], [14.2443, 52.7288], [14.2396, 52.7287], [14.2393, 52.7276], [14.237, 52.7262]], [[14.2415, 52.7305], [14.2485, 52.7328], [14.2497, 52.7336], [14.2495, 52.7347], [14.2481, 52.7355], [14.24, 52.735], [14.2371, 52.7359], [14.2318, 52.7349], [14.2279, 52.7358], [14.2259, 52.7348], [14.2259, 52.7338], [14.2272, 52.7323], [14.227, 52.7309], [14.2379, 52.7289], [14.2403, 52.7293], [14.2415, 52.7305]]], [[[14.3292, 52.654], [14.3289, 52.6521], [14.3256, 52.6518], [14.3192, 52.6534], [14.3149, 52.6534], [14.3161, 52.6476], [14.3175, 52.6468], [14.3248, 52.6469], [14.3307, 52.6505], [14.3342, 52.6448], [14.3362, 52.6443], [14.3408, 52.6448], [14.3412, 52.6432], [14.3401, 52.6428], [14.3401, 52.6419], [14.3436, 52.6415], [14.345, 52.6398], [14.345, 52.6382], [14.3439, 52.6364], [14.3443, 52.6323], [14.3476, 52.6304], [14.3498, 52.6305], [14.3537, 52.6291], [14.3568, 52.6316], [14.3579, 52.6355], [14.3596, 52.6361], [14.3624, 52.6348], [14.3611, 52.6324], [14.3629, 52.6302], [14.363, 52.6287], [14.3657, 52.6278], [14.3683, 52.6279], [14.3697, 52.629], [14.3693, 52.6302], [14.3649, 52.6331], [14.3664, 52.635], [14.369, 52.6345], [14.3725, 52.6305], [14.3762, 52.6311], [14.3783, 52.6327], [14.3786, 52.6359], [14.3768, 52.6377], [14.3702, 52.6401], [14.3663, 52.6399], [14.3642, 52.6412], [14.3629, 52.6438], [14.3632, 52.6456], [14.3663, 52.6471], [14.372, 52.6479], [14.3738, 52.6471], [14.3755, 52.6438], [14.3825, 52.6436], [14.3846, 52.6426], [14.3931, 52.6445], [14.3989, 52.6439], [14.4013, 52.6418], [14.4011, 52.6403], [14.3985, 52.6404], [14.3946, 52.6423], [14.3898, 52.6413], [14.3899, 52.6399], [14.3919, 52.6381], [14.3925, 52.6359], [14.3885, 52.6348], [14.3868, 52.633], [14.3868, 52.6318], [14.3817, 52.6271], [14.3817, 52.6254], [14.383, 52.6248], [14.3824, 52.6187], [14.3817, 52.6183], [14.3807, 52.6192], [14.3801, 52.6216], [14.3778, 52.6218], [14.3772, 52.6192], [14.3753, 52.6176], [14.3753, 52.6164], [14.3718, 52.616], [14.3719, 52.6137], [14.3767, 52.6119], [14.3809, 52.6125], [14.3823, 52.6118], [14.3828, 52.6101], [14.3871, 52.6099], [14.3913, 52.6081], [14.3943, 52.6081], [14.396, 52.609], [14.4, 52.6085], [14.4016, 52.6079], [14.4031, 52.6062], [14.4065, 52.6074], [14.4101, 52.6071], [14.412, 52.6058], [14.4142, 52.6055], [14.4154, 52.6037], [14.4179, 52.6033], [14.4181, 52.6013], [14.4144, 52.5986], [14.4146, 52.5975], [14.4168, 52.5974], [14.418, 52.5962], [14.4216, 52.5955], [14.4254, 52.5954], [14.4295, 52.5962], [14.4303, 52.5953], [14.4292, 52.5931], [14.4297, 52.5921], [14.4418, 52.5881], [14.4452, 52.5898], [14.4487, 52.59], [14.4487, 52.5893], [14.4511, 52.5873], [14.4581, 52.5847], [14.4584, 52.5834], [14.4556, 52.5818], [14.4509, 52.5851], [14.4493, 52.585], [14.448, 52.5806], [14.4404, 52.5768], [14.4372, 52.5778], [14.4296, 52.5829], [14.4242, 52.583], [14.4228, 52.5825], [14.4214, 52.5806], [14.4187, 52.5802], [14.4189, 52.5776], [14.4176, 52.5768], [14.414, 52.578], [14.4106, 52.5804], [14.4111, 52.584], [14.4086, 52.5853], [14.4089, 52.5879], [14.4066, 52.5897], [14.3999, 52.5876], [14.3968, 52.5839], [14.3908, 52.5836], [14.3885, 52.5866], [14.3841, 52.5871], [14.3809, 52.5915], [14.3776, 52.5928], [14.3791, 52.5943], [14.3871, 52.5946], [14.387, 52.5957], [14.3852, 52.5963], [14.3816, 52.5955], [14.3791, 52.5965], [14.3677, 52.5963], [14.3682, 52.5979], [14.3712, 52.5993], [14.3692, 52.6017], [14.3707, 52.6063], [14.3702, 52.6079], [14.3644, 52.61], [14.363, 52.6093], [14.3608, 52.6109], [14.3572, 52.609], [14.3542, 52.614], [14.3568, 52.6146], [14.3582, 52.613], [14.3622, 52.6145], [14.3626, 52.6153], [14.3601, 52.6161], [14.3595, 52.6178], [14.3553, 52.6181], [14.3496, 52.6212], [14.3475, 52.6209], [14.347, 52.62], [14.354, 52.6164], [14.3533, 52.6153], [14.3514, 52.6147], [14.3483, 52.6154], [14.3476, 52.6137], [14.3533, 52.6085], [14.3463, 52.606], [14.3428, 52.6058], [14.3418, 52.6049], [14.3418, 52.6033], [14.3477, 52.5978], [14.3504, 52.5966], [14.3513, 52.5969], [14.3515, 52.5984], [14.3476, 52.6015], [14.3456, 52.6043], [14.3472, 52.6045], [14.35, 52.6025], [14.3568, 52.5958], [14.3596, 52.5922], [14.3599, 52.5906], [14.3588, 52.5881], [14.3533, 52.586], [14.3444, 52.5873], [14.3427, 52.5892], [14.3434, 52.5946], [14.3395, 52.5958], [14.3365, 52.5991], [14.3349, 52.5992], [14.3339, 52.5977], [14.3326, 52.5974], [14.3291, 52.5987], [14.3264, 52.6009], [14.327, 52.604], [14.3254, 52.6061], [14.3251, 52.6081], [14.3304, 52.6134], [14.3311, 52.6159], [14.3267, 52.6219], [14.322, 52.624], [14.3226, 52.6259], [14.3259, 52.6299], [14.3302, 52.6295], [14.3326, 52.6306], [14.334, 52.63], [14.3331, 52.6274], [14.3272, 52.6253], [14.3282, 52.6242], [14.331, 52.6235], [14.3354, 52.6245], [14.3363, 52.6233], [14.334, 52.619], [14.3332, 52.6149], [14.3332, 52.6098], [14.3341, 52.6097], [14.3364, 52.6115], [14.3378, 52.6154], [14.3413, 52.6172], [14.3416, 52.6187], [14.3405, 52.6207], [14.3412, 52.623], [14.3428, 52.6236], [14.3445, 52.622], [14.3466, 52.6233], [14.346, 52.6245], [14.343, 52.6261], [14.3394, 52.6262], [14.3362, 52.6275], [14.3359, 52.6295], [14.3369, 52.6317], [14.3377, 52.6328], [14.3417, 52.6344], [14.3418, 52.6352], [14.3361, 52.635], [14.3338, 52.6341], [14.3312, 52.6314], [14.3286, 52.632], [14.3275, 52.6338], [14.3298, 52.6361], [14.3288, 52.6389], [14.3233, 52.6423], [14.318, 52.6436], [14.3108, 52.6471], [14.308, 52.6496], [14.307, 52.6528], [14.3078, 52.6556], [14.3114, 52.6569], [14.3156, 52.6569], [14.3198, 52.656], [14.3238, 52.6581], [14.3292, 52.654]]], [[[14.6056, 52.5244], [14.5983, 52.5197], [14.5973, 52.518], [14.5983, 52.5159], [14.6101, 52.5025], [14.6193, 52.4987], [14.6266, 52.4991], [14.6293, 52.498], [14.6304, 52.496], [14.6292, 52.4946], [14.6288, 52.4924], [14.6221, 52.4848], [14.6085, 52.4769], [14.6069, 52.4716], [14.6005, 52.4651], [14.5966, 52.463], [14.5929, 52.4649], [14.5896, 52.4629], [14.5898, 52.462], [14.5923, 52.4607], [14.5902, 52.4557], [14.5896, 52.4519], [14.5847, 52.4519], [14.585, 52.4552], [14.5839, 52.4562], [14.5766, 52.453], [14.5727, 52.455], [14.571, 52.455], [14.5702, 52.4536], [14.5726, 52.4523], [14.5724, 52.4514], [14.5702, 52.4514], [14.5675, 52.4531], [14.5645, 52.4526], [14.565, 52.4499], [14.5635, 52.4475], [14.5624, 52.4474], [14.56, 52.4488], [14.5586, 52.4478], [14.5581, 52.4448], [14.5603, 52.4435], [14.5505, 52.4411], [14.5475, 52.4389], [14.5554, 52.4484], [14.5621, 52.4586], [14.5619, 52.4633], [14.5657, 52.4637], [14.5665, 52.467], [14.5699, 52.4672], [14.573, 52.47], [14.5731, 52.4718], [14.5701, 52.4739], [14.5751, 52.4794], [14.5775, 52.48], [14.58, 52.4778], [14.5799, 52.4742], [14.5774, 52.4716], [14.5781, 52.4708], [14.5806, 52.4707], [14.5833, 52.4719], [14.5857, 52.4755], [14.5853, 52.478], [14.5805, 52.4798], [14.5799, 52.481], [14.5831, 52.4828], [14.5822, 52.4848], [14.5837, 52.4871], [14.5826, 52.491], [14.5857, 52.4919], [14.5877, 52.4937], [14.5886, 52.4982], [14.5902, 52.5], [14.5887, 52.5034], [14.5852, 52.5043], [14.585, 52.5075], [14.5819, 52.5109], [14.5854, 52.5108], [14.5893, 52.5081], [14.5919, 52.5089], [14.5941, 52.5127], [14.5951, 52.517], [14.5946, 52.5186], [14.5961, 52.5203], [14.5942, 52.5211], [14.5941, 52.522], [14.5972, 52.524], [14.5975, 52.525], [14.5959, 52.526], [14.5893, 52.5253], [14.5847, 52.5284], [14.5906, 52.5305], [14.5966, 52.5303], [14.5993, 52.5313], [14.6008, 52.5328], [14.6026, 52.5322], [14.6025, 52.5304], [14.6056, 52.5244]], [[14.6066, 52.4903], [14.6074, 52.4916], [14.6069, 52.4933], [14.6033, 52.4942], [14.606, 52.4976], [14.6062, 52.4996], [14.6084, 52.5012], [14.6059, 52.5031], [14.6022, 52.5028], [14.6004, 52.5045], [14.5983, 52.5048], [14.5969, 52.5039], [14.5971, 52.5023], [14.6, 52.501], [14.6024, 52.4972], [14.5996, 52.4951], [14.5997, 52.4937], [14.6012, 52.4908], [14.6032, 52.4894], [14.6066, 52.4903]]], [[[14.1119, 52.8716], [14.1219, 52.8725], [14.1346, 52.8712], [14.1396, 52.8725], [14.1425, 52.8718], [14.1384, 52.8694], [14.1275, 52.8686], [14.1191, 52.8691], [14.1063, 52.8713], [14.0909, 52.8713], [14.0874, 52.8699], [14.0813, 52.8718], [14.1119, 52.8716]]], [[[14.0669, 52.8707], [14.0683, 52.8708], [14.0642, 52.8699], [14.0669, 52.8707]]], [[[14.0201, 52.8544], [14.0217, 52.852], [14.0067, 52.8471], [14.0004, 52.8466], [13.9988, 52.8436], [14.0005, 52.8389], [13.9986, 52.8373], [13.9948, 52.8374], [13.9932, 52.8387], [13.9954, 52.8434], [13.9932, 52.8469], [13.9907, 52.8485], [13.9876, 52.8479], [13.9859, 52.8494], [13.9884, 52.8518], [14.0006, 52.857], [14.0094, 52.8532], [14.0201, 52.8544]]], [[[14.1039, 52.8697], [14.1227, 52.8672], [14.1382, 52.868], [14.1392, 52.8651], [14.137, 52.8636], [14.1235, 52.86], [14.1204, 52.8603], [14.1158, 52.8623], [14.1127, 52.8619], [14.1114, 52.8585], [14.1118, 52.857], [14.1171, 52.8554], [14.1186, 52.8522], [14.1154, 52.8512], [14.1099, 52.8521], [14.1073, 52.851], [14.0994, 52.8528], [14.0904, 52.8535], [14.0681, 52.8523], [14.0637, 52.8539], [14.0574, 52.8543], [14.0457, 52.8528], [14.0303, 52.8482], [14.0265, 52.8486], [14.0615, 52.8567], [14.0687, 52.8536], [14.0817, 52.8568], [14.0934, 52.8572], [14.096, 52.866], [14.1003, 52.8689], [14.0903, 52.8694], [14.1039, 52.8697]]], [[[14.5167, 52.5725], [14.5185, 52.5713], [14.5198, 52.5685], [14.5166, 52.5677], [14.516, 52.5658], [14.5205, 52.5628], [14.5205, 52.5621], [14.5173, 52.5608], [14.5086, 52.5599], [14.5074, 52.559], [14.5115, 52.5502], [14.5123, 52.5499], [14.5133, 52.551], [14.5124, 52.554], [14.5139, 52.5553], [14.5136, 52.5581], [14.5167, 52.5585], [14.5213, 52.5576], [14.523, 52.5582], [14.5306, 52.5525], [14.5354, 52.5518], [14.5348, 52.55], [14.5327, 52.5496], [14.5326, 52.547], [14.5303, 52.5471], [14.5291, 52.5452], [14.5275, 52.5456], [14.5245, 52.5446], [14.523, 52.5423], [14.5201, 52.5438], [14.5213, 52.5462], [14.5204, 52.5474], [14.515, 52.5468], [14.5148, 52.5452], [14.5139, 52.5446], [14.5127, 52.5457], [14.5083, 52.5463], [14.5017, 52.5433], [14.4959, 52.544], [14.4971, 52.546], [14.5015, 52.5475], [14.5027, 52.5491], [14.5081, 52.5489], [14.5077, 52.5507], [14.5043, 52.5512], [14.4959, 52.5491], [14.4939, 52.5503], [14.4903, 52.5467], [14.4842, 52.5446], [14.4809, 52.5444], [14.4776, 52.5462], [14.4772, 52.5495], [14.4779, 52.5512], [14.4838, 52.5531], [14.4846, 52.5542], [14.4827, 52.5558], [14.4796, 52.5566], [14.4793, 52.5578], [14.4829, 52.5574], [14.4873, 52.5556], [14.4874, 52.5548], [14.4923, 52.5534], [14.4992, 52.5539], [14.5033, 52.5571], [14.5034, 52.5608], [14.4992, 52.5607], [14.4939, 52.5566], [14.4921, 52.5572], [14.4904, 52.5593], [14.4876, 52.5597], [14.4876, 52.5612], [14.492, 52.5667], [14.4969, 52.5665], [14.4982, 52.5653], [14.4997, 52.5653], [14.5028, 52.5666], [14.5054, 52.5666], [14.5066, 52.5685], [14.5106, 52.5686], [14.5109, 52.5697], [14.5081, 52.572], [14.5081, 52.5732], [14.5093, 52.5737], [14.5167, 52.5725]]], [[[14.1115, 52.7691], [14.1138, 52.7708], [14.1148, 52.7704], [14.1152, 52.769], [14.1143, 52.7651], [14.1151, 52.7642], [14.1183, 52.7635], [14.1198, 52.7623], [14.1199, 52.7612], [14.1192, 52.7603], [14.1175, 52.7605], [14.1099, 52.7649], [14.1095, 52.7639], [14.1109, 52.7623], [14.1113, 52.7602], [14.1122, 52.7593], [14.1191, 52.7573], [14.1149, 52.7556], [14.1149, 52.7546], [14.12, 52.7493], [14.1255, 52.7454], [14.1211, 52.7411], [14.1161, 52.7411], [14.1164, 52.7398], [14.1196, 52.7381], [14.1215, 52.7356], [14.121, 52.7315], [14.1193, 52.7304], [14.1158, 52.7309], [14.1161, 52.7359], [14.106, 52.7443], [14.1041, 52.7478], [14.1043, 52.7506], [14.1014, 52.751], [14.0986, 52.753], [14.0982, 52.7549], [14.0992, 52.7584], [14.0984, 52.7611], [14.0879, 52.7672], [14.0878, 52.7692], [14.0967, 52.7736], [14.1041, 52.774], [14.108, 52.7761], [14.1108, 52.775], [14.1119, 52.773], [14.1115, 52.7691]]], [[[14.6227, 52.5645], [14.6154, 52.5587], [14.6101, 52.5522], [14.6075, 52.5427], [14.6063, 52.542], [14.6028, 52.5431], [14.599, 52.5421], [14.5973, 52.5411], [14.5965, 52.5391], [14.5931, 52.5378], [14.5924, 52.5361], [14.5924, 52.5383], [14.5961, 52.5439], [14.5954, 52.5475], [14.5999, 52.5504], [14.5993, 52.5514], [14.5977, 52.5516], [14.5905, 52.556], [14.5914, 52.5567], [14.5947, 52.5559], [14.5962, 52.5563], [14.5929, 52.5603], [14.5961, 52.5616], [14.6015, 52.5605], [14.6042, 52.5609], [14.6069, 52.5595], [14.6093, 52.5595], [14.6101, 52.5604], [14.6102, 52.5651], [14.6042, 52.569], [14.6054, 52.5724], [14.6022, 52.5733], [14.6016, 52.5749], [14.6053, 52.576], [14.6106, 52.5756], [14.6163, 52.5723], [14.6179, 52.57], [14.6176, 52.5686], [14.6162, 52.568], [14.6169, 52.5656], [14.6155, 52.5644], [14.6169, 52.563], [14.6227, 52.5645]]], [[[14.3502, 52.6651], [14.3524, 52.6648], [14.3565, 52.6657], [14.3582, 52.6635], [14.3543, 52.6621], [14.3508, 52.6634], [14.3426, 52.663], [14.3409, 52.6644], [14.3401, 52.6658], [14.3401, 52.6681], [14.3394, 52.6683], [14.3376, 52.667], [14.3376, 52.6638], [14.3392, 52.6617], [14.3505, 52.6609], [14.3544, 52.6585], [14.3563, 52.6563], [14.3565, 52.6544], [14.3532, 52.6518], [14.3501, 52.6522], [14.3491, 52.6505], [14.3505, 52.6489], [14.3553, 52.6484], [14.3559, 52.6474], [14.355, 52.6466], [14.3496, 52.6462], [14.347, 52.6477], [14.3412, 52.6491], [14.3347, 52.6524], [14.3331, 52.6545], [14.3349, 52.6586], [14.3403, 52.6587], [14.3395, 52.6597], [14.3334, 52.662], [14.3318, 52.6632], [14.3315, 52.6644], [14.3326, 52.6668], [14.3356, 52.6697], [14.3347, 52.6744], [14.3362, 52.6843], [14.3378, 52.6864], [14.3408, 52.686], [14.3378, 52.6818], [14.3394, 52.6796], [14.34, 52.6763], [14.3435, 52.6733], [14.3502, 52.6651]]], [[[14.3691, 52.5818], [14.366, 52.5807], [14.3745, 52.5779], [14.3789, 52.582], [14.3823, 52.5839], [14.3841, 52.5838], [14.388, 52.5815], [14.3858, 52.5803], [14.3858, 52.5791], [14.3923, 52.5773], [14.3927, 52.5761], [14.3953, 52.5749], [14.3994, 52.5708], [14.3958, 52.5691], [14.393, 52.5691], [14.3854, 52.5705], [14.3754, 52.5743], [14.3727, 52.5746], [14.3718, 52.5731], [14.3777, 52.5683], [14.3762, 52.5677], [14.3716, 52.5684], [14.3682, 52.5714], [14.3676, 52.5723], [14.3682, 52.5737], [14.3657, 52.5764], [14.3599, 52.5785], [14.3584, 52.581], [14.3589, 52.5828], [14.3619, 52.5849], [14.3613, 52.587], [14.3635, 52.5891], [14.362, 52.5915], [14.3701, 52.5927], [14.373, 52.5922], [14.3742, 52.5912], [14.3738, 52.587], [14.3752, 52.5837], [14.3745, 52.5817], [14.3691, 52.5818]]], [[[14.3062, 52.6759], [14.3171, 52.6728], [14.317, 52.6721], [14.315, 52.671], [14.3147, 52.6696], [14.3236, 52.6659], [14.3245, 52.6645], [14.3221, 52.6631], [14.3173, 52.6634], [14.3121, 52.6586], [14.3106, 52.6583], [14.3074, 52.6622], [14.3029, 52.6653], [14.3033, 52.6662], [14.3055, 52.6668], [14.3053, 52.6685], [14.2971, 52.6719], [14.2904, 52.6771], [14.2931, 52.6787], [14.2997, 52.6791], [14.3012, 52.6783], [14.3031, 52.6741], [14.3062, 52.6759]]], [[[14.4249, 52.6895], [14.4277, 52.6828], [14.4317, 52.6786], [14.4303, 52.677], [14.4288, 52.6767], [14.4239, 52.6795], [14.4228, 52.6825], [14.4214, 52.6823], [14.4203, 52.6785], [14.419, 52.6778], [14.4174, 52.6782], [14.4171, 52.6808], [14.4192, 52.6846], [14.4176, 52.6842], [14.413, 52.6807], [14.4104, 52.6802], [14.41, 52.6813], [14.412, 52.6837], [14.4091, 52.6857], [14.4093, 52.6866], [14.4121, 52.687], [14.4132, 52.688], [14.4185, 52.6868], [14.4211, 52.6883], [14.4209, 52.6893], [14.4184, 52.6909], [14.4116, 52.6922], [14.4095, 52.6961], [14.4121, 52.6963], [14.4156, 52.6986], [14.4171, 52.6978], [14.4175, 52.6966], [14.4249, 52.6895]]], [[[14.4292, 52.6093], [14.4428, 52.6055], [14.446, 52.6053], [14.4483, 52.6035], [14.4471, 52.6018], [14.4478, 52.6001], [14.4415, 52.5984], [14.4381, 52.5983], [14.4366, 52.5988], [14.4354, 52.6016], [14.4292, 52.5996], [14.4282, 52.6002], [14.4282, 52.6015], [14.4317, 52.6027], [14.431, 52.604], [14.4205, 52.6053], [14.4173, 52.6079], [14.4138, 52.6094], [14.4164, 52.6104], [14.4251, 52.6091], [14.4292, 52.6093]]], [[[14.5421, 52.5681], [14.5461, 52.5682], [14.5482, 52.5671], [14.5504, 52.5618], [14.5503, 52.5587], [14.5521, 52.5557], [14.5511, 52.5536], [14.5487, 52.5533], [14.5469, 52.556], [14.5432, 52.5558], [14.5429, 52.5575], [14.5408, 52.5578], [14.5401, 52.5592], [14.5361, 52.5609], [14.5352, 52.5617], [14.5354, 52.5648], [14.5398, 52.5666], [14.5399, 52.5675], [14.5313, 52.5696], [14.5312, 52.571], [14.5385, 52.5721], [14.5436, 52.571], [14.5435, 52.5705], [14.5408, 52.5703], [14.5408, 52.5687], [14.5421, 52.5681]]], [[[14.3981, 52.6871], [14.4009, 52.6834], [14.396, 52.6808], [14.3934, 52.6804], [14.3884, 52.682], [14.3851, 52.682], [14.3827, 52.6844], [14.383, 52.6863], [14.3851, 52.6886], [14.394, 52.6947], [14.3974, 52.6955], [14.4007, 52.6942], [14.4005, 52.691], [14.3981, 52.6871]]], [[[14.5041, 52.592], [14.5064, 52.5944], [14.5085, 52.5937], [14.5078, 52.5874], [14.5047, 52.5857], [14.4955, 52.5854], [14.4927, 52.5874], [14.4891, 52.5886], [14.4898, 52.5896], [14.4888, 52.5909], [14.4814, 52.5931], [14.4798, 52.5945], [14.4927, 52.5974], [14.4945, 52.5965], [14.4933, 52.5944], [14.4936, 52.5936], [14.5041, 52.592]]], [[[14.5786, 52.5141], [14.5749, 52.5186], [14.5722, 52.5205], [14.5725, 52.5216], [14.5772, 52.5241], [14.5824, 52.5252], [14.5838, 52.5252], [14.5889, 52.5223], [14.5898, 52.521], [14.5891, 52.5179], [14.5894, 52.5139], [14.5854, 52.5122], [14.5786, 52.5141]]], [[[14.5278, 52.625], [14.5313, 52.6214], [14.5279, 52.6168], [14.5261, 52.6174], [14.5228, 52.621], [14.5186, 52.6212], [14.517, 52.6221], [14.5141, 52.6217], [14.515, 52.6196], [14.5146, 52.6188], [14.5103, 52.6191], [14.5095, 52.6221], [14.512, 52.6244], [14.5084, 52.6279], [14.51, 52.6291], [14.5175, 52.6301], [14.5247, 52.6255], [14.5278, 52.625]]], [[[14.5285, 52.3951], [14.5295, 52.3976], [14.531, 52.3967], [14.5322, 52.3942], [14.5284, 52.3931], [14.5285, 52.3951]]], [[[14.1677, 52.7064], [14.1677, 52.7052], [14.1637, 52.7026], [14.153, 52.7085], [14.1452, 52.7084], [14.1436, 52.709], [14.1431, 52.7101], [14.1546, 52.7116], [14.1601, 52.7132], [14.1633, 52.7114], [14.1677, 52.7064]]], [[[13.9477, 52.8224], [13.951, 52.8183], [13.9518, 52.8115], [13.9501, 52.8122], [13.9468, 52.8158], [13.9424, 52.8221], [13.9419, 52.8242], [13.9472, 52.825], [13.9477, 52.8224]]], [[[14.4116, 52.561], [14.415, 52.5597], [14.4192, 52.5576], [14.4205, 52.5554], [14.4167, 52.5555], [14.4155, 52.5568], [14.4112, 52.5587], [14.4102, 52.5587], [14.4062, 52.5557], [14.4006, 52.554], [14.3986, 52.5544], [14.3966, 52.5564], [14.4013, 52.5606], [14.4033, 52.5615], [14.4116, 52.561]]], [[[14.3636, 52.604], [14.3662, 52.6058], [14.3663, 52.6047], [14.3653, 52.5984], [14.3631, 52.5973], [14.3615, 52.5951], [14.3602, 52.5957], [14.3588, 52.6011], [14.354, 52.6035], [14.3531, 52.6051], [14.3549, 52.6064], [14.3601, 52.6056], [14.362, 52.6061], [14.3636, 52.604]]], [[[14.1388, 52.742], [14.1394, 52.7439], [14.1335, 52.747], [14.1307, 52.75], [14.1301, 52.7509], [14.1303, 52.7536], [14.1346, 52.7527], [14.1399, 52.7488], [14.1427, 52.7479], [14.1445, 52.7432], [14.1388, 52.742]]], [[[14.3947, 52.567], [14.3966, 52.5654], [14.396, 52.5636], [14.392, 52.5622], [14.3905, 52.5642], [14.3883, 52.5649], [14.3815, 52.5619], [14.3785, 52.5639], [14.3789, 52.5649], [14.3832, 52.5664], [14.3853, 52.5683], [14.3947, 52.567]]], [[[14.3322, 52.5964], [14.3327, 52.5954], [14.3376, 52.5953], [14.3386, 52.5934], [14.3412, 52.5919], [14.3402, 52.5897], [14.3383, 52.5899], [14.3337, 52.5932], [14.3254, 52.5966], [14.3322, 52.5964]]], [[[13.9792, 52.8088], [13.9775, 52.8095], [13.9781, 52.8095], [13.9792, 52.8088]]]], "type": "MultiPolygon"}, "properties": {"BEMERKUNG": null, "GEN_ID": 1011, "GL_ID": 154.0, "SYM_NR": "671", "feature_kind": "soil_unit", "general_unit_de": "Vega-Gley-Pseudogleye aus Auenton mit Vega-Gleyen aus Auenlehm oder -schluff \u00fcber Auensand", "general_unit_en": "Vega-gley-pseudogley soils from Auenton with Vega-gley soilsn from floodplain loam oder -schluff over floodplain sand", "lead_horizon_count": 5.0, "lead_profile_de": "Vega-Gley-Pseudogley", "lead_profile_en": "Vega-gley-pseudogley", "legend_unit_de": "Vega-Gley-Pseudogleye aus Auenton vergesellschaftet mit Vega-Gleyen aus Auenlehm oder -schluff \u00fcber (tiefem) Auensand", "legend_unit_en": "Vega-gley-pseudogley soils from Auenton vergesellschaftet with Vega-gley soilsn from floodplain loam oder -schluff over (tiefem) floodplain sand", "parent_material_code": "2.1.3.5", "parent_material_de": "Auenton", "parent_material_en": "Auenton", "profile_count": 4.0, "profile_summary_de": "Vega-Gley-Pseudogley | 4 Profile | 5 Horizonte im Leitprofil", "profile_summary_en": "Vega-gley-pseudogley | 4 profiles | 5 horizons in lead profile", "semantic_source": "sqlite-buek250-v10", "semantic_version": "buek250-soil-semantics-v1", "soil_group_de": "Stauwasserb\u00f6den", "soil_group_en": "Stagnic soils", "soil_group_key": "stagnic-soils", "soil_label_de": "Vega-Gley-Pseudogleye aus Auenton vergesellschaftet mit Vega-Gleyen aus Auenlehm oder -schluff \u00fcber (tiefem) Auensand", "soil_label_en": "Vega-gley-pseudogley soils from Auenton vergesellschaftet with Vega-gley soilsn from floodplain loam oder -schluff over (tiefem) floodplain sand", "soil_type_primary_de": "Stauwasserb\u00f6den", "soil_type_primary_en": "Stagnic soils", "soil_type_secondary_de": "Gleye", "soil_type_secondary_en": "Gley soils", "soil_type_tertiary_de": null, "soil_type_tertiary_en": null, "source_note_de": null, "source_note_en": null, "special_area_kind": null}, "type": "Feature"}, {"geometry": {"coordinates": [[[[13.9616, 52.8231], [13.9599, 52.82], [13.9596, 52.8164], [13.9623, 52.8137], [13.9723, 52.8115], [13.9729, 52.8112], [13.9707, 52.8114], [13.9828, 52.8076], [13.9887, 52.8038], [13.9948, 52.8015], [14.002, 52.7964], [14.0132, 52.7973], [14.0172, 52.7962], [14.0182, 52.7949], [14.0177, 52.7932], [14.0157, 52.7924], [14.0094, 52.7949], [14.0068, 52.7952], [14.006, 52.7946], [14.0062, 52.7932], [14.0083, 52.7903], [14.0067, 52.7903], [14.0022, 52.7882], [13.9961, 52.789], [13.9934, 52.7876], [13.9921, 52.7877], [13.9899, 52.7903], [13.9909, 52.7923], [13.9794, 52.7955], [13.9744, 52.8], [13.9707, 52.8018], [13.9656, 52.8028], [13.9633, 52.8025], [13.9618, 52.806], [13.9596, 52.8076], [13.9506, 52.8101], [13.9465, 52.8126], [13.9402, 52.8206], [13.9419, 52.8242], [13.9424, 52.8221], [13.9468, 52.8158], [13.9501, 52.8122], [13.9518, 52.8115], [13.951, 52.8183], [13.9477, 52.8224], [13.9472, 52.825], [13.9533, 52.8259], [13.9542, 52.828], [13.9615, 52.8258], [13.9616, 52.8231]]], [[[14.4682, 52.4814], [14.4696, 52.4813], [14.4729, 52.476], [14.4868, 52.4673], [14.4849, 52.4653], [14.4765, 52.4683], [14.4734, 52.4677], [14.4722, 52.47], [14.4666, 52.4713], [14.4644, 52.4733], [14.466, 52.4732], [14.4666, 52.474], [14.4604, 52.4818], [14.4627, 52.4831], [14.4663, 52.4801], [14.4682, 52.4814]]], [[[14.049, 52.783], [14.0566, 52.7829], [14.0617, 52.7811], [14.0695, 52.7804], [14.0732, 52.7771], [14.0728, 52.7752], [14.0761, 52.7729], [14.0703, 52.7722], [14.0588, 52.7777], [14.0462, 52.7807], [14.0415, 52.7839], [14.0407, 52.7861], [14.0435, 52.7857], [14.049, 52.783]]], [[[14.2241, 52.8096], [14.2305, 52.8032], [14.2278, 52.8034], [14.2206, 52.8082], [14.2194, 52.8101], [14.219, 52.813], [14.2197, 52.8141], [14.2241, 52.8096]]]], "type": "MultiPolygon"}, "properties": {"BEMERKUNG": null, "GEN_ID": 1013, "GL_ID": 1064.0, "SYM_NR": "553", "feature_kind": "soil_unit", "general_unit_de": "Erdniedermoore (\u00fcber Mudde oder Auensand, -schluff oder -ton) mit Vega-Gley-Pseudogleyen aus Auenton \u00fcber Niedermoortorf oder Auensand", "general_unit_en": "Erdfens (over Mudde oder floodplain sand, -schluff oder -ton) with Vega-gley-pseudogley soilsn from Auenton over fen peat oder floodplain sand", "lead_horizon_count": 4.0, "lead_profile_de": "Normerdniedermoor", "lead_profile_en": "Normerdfen", "legend_unit_de": "Erdniedermoore (\u00fcber Mudde oder tiefem Auensand) vergesellschaftet mit Vega-Gley-Pseudogleyen aus Auenton \u00fcber Niedermoortorf", "legend_unit_en": "Erdfens (over Mudde oder tiefem floodplain sand) vergesellschaftet with Vega-gley-pseudogley soilsn from Auenton over fen peat", "parent_material_code": "10.1.3.2", "parent_material_de": "Niedermoortorf und Flusslehm oder Auenlehm", "parent_material_en": "Fen peat and Flusslehm oder floodplain loam", "profile_count": 4.0, "profile_summary_de": "Normerdniedermoor | 4 Profile | 4 Horizonte im Leitprofil", "profile_summary_en": "Normerdfen | 4 profiles | 4 horizons in lead profile", "semantic_source": "sqlite-buek250-v10", "semantic_version": "buek250-soil-semantics-v1", "soil_group_de": "Niedermoore", "soil_group_en": "Fens", "soil_group_key": "fens", "soil_label_de": "Erdniedermoore (\u00fcber Mudde oder tiefem Auensand) vergesellschaftet mit Vega-Gley-Pseudogleyen aus Auenton \u00fcber Niedermoortorf", "soil_label_en": "Erdfens (over Mudde oder tiefem floodplain sand) vergesellschaftet with Vega-gley-pseudogley soilsn from Auenton over fen peat", "soil_type_primary_de": "Niedermoore", "soil_type_primary_en": "Fens", "soil_type_secondary_de": "Stauwasserb\u00f6den", "soil_type_secondary_en": "Stagnic soils", "soil_type_tertiary_de": null, "soil_type_tertiary_en": null, "source_note_de": null, "source_note_en": null, "special_area_kind": null}, "type": "Feature"}, {"geometry": {"coordinates": [[[14.4863, 52.6002], [14.4852, 52.6005], [14.4901, 52.6018], [14.4985, 52.6022], [14.5049, 52.6052], [14.5081, 52.6079], [14.5124, 52.6082], [14.4997, 52.6014], [14.4863, 52.6002]]], "type": "Polygon"}, "properties": {"BEMERKUNG": "Genschmarer See", "GEN_ID": null, "GL_ID": null, "SYM_NR": null, "feature_kind": "water_area", "general_unit_de": null, "general_unit_en": null, "lead_horizon_count": null, "lead_profile_de": null, "lead_profile_en": null, "legend_unit_de": null, "legend_unit_en": null, "parent_material_code": null, "parent_material_de": null, "parent_material_en": null, "profile_count": null, "profile_summary_de": null, "profile_summary_en": null, "semantic_source": "raw-buek250-feature", "semantic_version": "buek250-soil-semantics-v1", "soil_group_de": "Gew\u00e4sser", "soil_group_en": "Water area", "soil_group_key": "water-area", "soil_label_de": "Genschmarer See", "soil_label_en": "Genschmarer See", "soil_type_primary_de": null, "soil_type_primary_en": null, "soil_type_secondary_de": null, "soil_type_secondary_en": null, "soil_type_tertiary_de": null, "soil_type_tertiary_en": null, "source_note_de": "Genschmarer See", "source_note_en": "Genschmarer See", "special_area_kind": "water_area"}, "type": "Feature"}, {"geometry": {"coordinates": [[[[14.2111, 52.8176], [14.1401, 52.8239], [14.1303, 52.8274], [14.1248, 52.8323], [14.1237, 52.8317], [14.1247, 52.8305], [14.1232, 52.831], [14.1229, 52.8319], [14.1239, 52.8332], [14.121, 52.8396], [14.1235, 52.8464], [14.1299, 52.8541], [14.1403, 52.8619], [14.1417, 52.864], [14.1478, 52.8676], [14.1564, 52.8764], [14.1589, 52.8882], [14.1582, 52.8906], [14.1543, 52.8951], [14.1567, 52.8956], [14.1611, 52.8879], [14.1574, 52.8746], [14.1241, 52.8459], [14.1229, 52.843], [14.123, 52.8376], [14.1241, 52.8347], [14.1307, 52.8283], [14.1423, 52.8242], [14.2073, 52.8192], [14.2155, 52.8171], [14.2195, 52.8142], [14.2111, 52.8176]]], [[[14.5442, 52.4194], [14.5427, 52.4203], [14.5422, 52.4162], [14.5415, 52.4156], [14.541, 52.4163], [14.542, 52.4206], [14.5433, 52.4213], [14.5426, 52.423], [14.5404, 52.4221], [14.5385, 52.4191], [14.5389, 52.4172], [14.5402, 52.4156], [14.5402, 52.4134], [14.5392, 52.4125], [14.5386, 52.4129], [14.5398, 52.4152], [14.538, 52.4173], [14.538, 52.42], [14.5388, 52.4215], [14.5428, 52.4241], [14.5443, 52.4294], [14.5519, 52.4367], [14.5555, 52.4387], [14.5646, 52.4412], [14.564, 52.4419], [14.5571, 52.4409], [14.5676, 52.4429], [14.573, 52.4427], [14.5729, 52.4421], [14.5652, 52.4415], [14.5757, 52.4411], [14.5605, 52.439], [14.5497, 52.4335], [14.5443, 52.4255], [14.5452, 52.4169], [14.5442, 52.4194]]], [[[14.5516, 52.4384], [14.553, 52.4401], [14.5571, 52.4409], [14.5516, 52.4384]]], [[[14.5768, 52.4417], [14.5759, 52.4422], [14.5739, 52.4416], [14.5743, 52.4426], [14.5767, 52.443], [14.5773, 52.4419], [14.579, 52.443], [14.5847, 52.4492], [14.5839, 52.4497], [14.5843, 52.4502], [14.5903, 52.4521], [14.5956, 52.4559], [14.6, 52.4605], [14.6084, 52.4653], [14.609, 52.4665], [14.6074, 52.4672], [14.6095, 52.4678], [14.6105, 52.4743], [14.61, 52.4746], [14.6117, 52.4774], [14.6107, 52.478], [14.622, 52.4822], [14.6135, 52.4769], [14.6088, 52.4639], [14.5782, 52.4414], [14.5757, 52.4411], [14.5768, 52.4417]]], [[[14.6225, 52.4826], [14.6216, 52.4832], [14.6218, 52.4838], [14.6241, 52.4835], [14.622, 52.4822], [14.6225, 52.4826]]], [[[14.6272, 52.4857], [14.6264, 52.4861], [14.6268, 52.4865], [14.6282, 52.4868], [14.6271, 52.4882], [14.6291, 52.488], [14.6306, 52.4891], [14.6298, 52.4903], [14.632, 52.4909], [14.6301, 52.4916], [14.6318, 52.493], [14.6327, 52.4928], [14.6339, 52.4967], [14.6332, 52.4983], [14.6318, 52.4981], [14.6307, 52.4989], [14.632, 52.4997], [14.6315, 52.5005], [14.6295, 52.502], [14.6145, 52.5079], [14.6124, 52.5095], [14.6101, 52.5127], [14.6092, 52.5181], [14.6066, 52.523], [14.5981, 52.5177], [14.5976, 52.5182], [14.6041, 52.522], [14.6054, 52.5237], [14.6049, 52.5263], [14.6024, 52.5295], [14.6026, 52.5334], [14.6054, 52.5384], [14.6122, 52.5452], [14.6141, 52.553], [14.6156, 52.5554], [14.6132, 52.5538], [14.6133, 52.5547], [14.6224, 52.5609], [14.6255, 52.5613], [14.6371, 52.5676], [14.638, 52.5691], [14.6375, 52.5737], [14.6359, 52.5748], [14.6347, 52.5721], [14.6326, 52.5725], [14.6347, 52.5756], [14.6187, 52.5823], [14.6135, 52.5855], [14.6108, 52.5884], [14.609, 52.5927], [14.6085, 52.5965], [14.6072, 52.5986], [14.6059, 52.599], [14.5978, 52.6079], [14.5948, 52.6097], [14.5825, 52.6139], [14.5846, 52.6127], [14.5843, 52.6111], [14.5867, 52.6092], [14.5876, 52.6114], [14.5888, 52.6085], [14.5957, 52.605], [14.5951, 52.6041], [14.5912, 52.6059], [14.5904, 52.6041], [14.5921, 52.6026], [14.5909, 52.6027], [14.5897, 52.6038], [14.5897, 52.6069], [14.5806, 52.6125], [14.5809, 52.613], [14.5834, 52.6118], [14.5835, 52.6127], [14.5804, 52.6137], [14.5824, 52.6145], [14.5808, 52.6154], [14.5792, 52.6141], [14.5741, 52.6189], [14.5669, 52.6222], [14.5467, 52.628], [14.5307, 52.6344], [14.5283, 52.6338], [14.53, 52.6326], [14.5284, 52.6318], [14.5275, 52.6333], [14.5165, 52.6376], [14.5162, 52.6387], [14.5153, 52.6383], [14.5161, 52.6367], [14.5122, 52.6396], [14.5054, 52.6418], [14.4899, 52.6493], [14.4745, 52.6557], [14.4776, 52.6528], [14.4773, 52.6521], [14.4739, 52.6539], [14.4737, 52.6552], [14.4722, 52.6566], [14.4667, 52.6589], [14.4682, 52.6577], [14.4672, 52.6578], [14.4649, 52.659], [14.4659, 52.6595], [14.4617, 52.6615], [14.4587, 52.6673], [14.4563, 52.6681], [14.4568, 52.6705], [14.4563, 52.6719], [14.4522, 52.6757], [14.4467, 52.6778], [14.4368, 52.6791], [14.4462, 52.6739], [14.448, 52.6705], [14.4478, 52.6683], [14.4469, 52.6676], [14.4448, 52.6732], [14.4291, 52.6828], [14.4266, 52.6899], [14.4229, 52.6942], [14.4141, 52.6993], [14.4041, 52.7097], [14.4017, 52.7098], [14.4014, 52.7121], [14.3961, 52.7154], [14.3959, 52.7164], [14.3934, 52.7181], [14.3864, 52.722], [14.3775, 52.7301], [14.3774, 52.7264], [14.3795, 52.7215], [14.3866, 52.719], [14.3864, 52.7185], [14.3813, 52.7193], [14.3787, 52.721], [14.3749, 52.7276], [14.3749, 52.7288], [14.3768, 52.7304], [14.3743, 52.7312], [14.3757, 52.7325], [14.3725, 52.736], [14.3677, 52.7371], [14.3611, 52.74], [14.3575, 52.7426], [14.3495, 52.7506], [14.3384, 52.7545], [14.3413, 52.7519], [14.349, 52.7488], [14.3504, 52.7475], [14.3538, 52.7392], [14.3573, 52.7355], [14.3639, 52.7341], [14.3568, 52.7351], [14.3531, 52.7385], [14.3502, 52.7464], [14.3489, 52.7479], [14.3411, 52.7513], [14.3369, 52.7548], [14.3267, 52.7596], [14.3114, 52.7632], [14.3123, 52.7621], [14.3083, 52.7603], [14.307, 52.7586], [14.3057, 52.7589], [14.3105, 52.7627], [14.2828, 52.7718], [14.2572, 52.7859], [14.2452, 52.793], [14.2396, 52.7988], [14.2336, 52.8014], [14.2368, 52.7986], [14.2372, 52.7979], [14.2365, 52.7977], [14.2218, 52.8126], [14.253, 52.7898], [14.2799, 52.7742], [14.3039, 52.766], [14.3248, 52.7612], [14.3508, 52.7513], [14.3613, 52.7406], [14.3734, 52.7364], [14.3844, 52.7253], [14.4048, 52.7111], [14.4131, 52.7015], [14.4243, 52.6957], [14.4307, 52.684], [14.4364, 52.6799], [14.4533, 52.6768], [14.4577, 52.6735], [14.4617, 52.6644], [14.4682, 52.6597], [14.5146, 52.6399], [14.5651, 52.6245], [14.5967, 52.61], [14.6083, 52.5989], [14.6118, 52.5891], [14.619, 52.583], [14.637, 52.5753], [14.6396, 52.5712], [14.6375, 52.5667], [14.6202, 52.5579], [14.6157, 52.554], [14.614, 52.5456], [14.6045, 52.5337], [14.6062, 52.5259], [14.6132, 52.5102], [14.631, 52.5021], [14.6351, 52.4958], [14.63, 52.4871], [14.6241, 52.4835], [14.6272, 52.4857]], [[14.5259, 52.6347], [14.5275, 52.6353], [14.5169, 52.6381], [14.5259, 52.6347]]], [[[14.5327, 52.3979], [14.5335, 52.4003], [14.5369, 52.4045], [14.5425, 52.409], [14.5455, 52.4145], [14.5458, 52.4119], [14.5359, 52.4004], [14.5344, 52.395], [14.5328, 52.3946], [14.5327, 52.3979]]]], "type": "MultiPolygon"}, "properties": {"BEMERKUNG": "Oder", "GEN_ID": null, "GL_ID": null, "SYM_NR": null, "feature_kind": "special_area", "general_unit_de": null, "general_unit_en": null, "lead_horizon_count": null, "lead_profile_de": null, "lead_profile_en": null, "legend_unit_de": null, "legend_unit_en": null, "parent_material_code": null, "parent_material_de": null, "parent_material_en": null, "profile_count": null, "profile_summary_de": null, "profile_summary_en": null, "semantic_source": "raw-buek250-feature", "semantic_version": "buek250-soil-semantics-v1", "soil_group_de": "Sonderfl\u00e4che", "soil_group_en": "Special area", "soil_group_key": "special-area", "soil_label_de": "Oder", "soil_label_en": "Oder", "soil_type_primary_de": null, "soil_type_primary_en": null, "soil_type_secondary_de": null, "soil_type_secondary_en": null, "soil_type_tertiary_de": null, "soil_type_tertiary_en": null, "source_note_de": "Oder", "source_note_en": "Oder", "special_area_kind": "special_area"}, "type": "Feature"}, {"geometry": {"coordinates": [[[[14.3359, 52.7553], [14.3411, 52.7513], [14.3489, 52.7479], [14.3508, 52.7452], [14.3509, 52.7438], [14.3467, 52.7449], [14.345, 52.744], [14.3485, 52.7375], [14.3486, 52.7367], [14.3475, 52.7358], [14.3482, 52.7344], [14.3528, 52.7337], [14.3523, 52.732], [14.3485, 52.7288], [14.3464, 52.729], [14.3423, 52.7324], [14.3386, 52.7324], [14.336, 52.7339], [14.3326, 52.7347], [14.3308, 52.7341], [14.3277, 52.7306], [14.3242, 52.7283], [14.3234, 52.7255], [14.3256, 52.7219], [14.338, 52.7184], [14.3406, 52.716], [14.3396, 52.7144], [14.3353, 52.7134], [14.3351, 52.7148], [14.3371, 52.7161], [14.3322, 52.718], [14.3251, 52.7173], [14.3205, 52.7156], [14.3181, 52.7158], [14.3176, 52.7173], [14.3207, 52.7182], [14.322, 52.7193], [14.322, 52.721], [14.3208, 52.7216], [14.3188, 52.7209], [14.3164, 52.7183], [14.3119, 52.7159], [14.3103, 52.7164], [14.3094, 52.7186], [14.3086, 52.719], [14.3019, 52.7156], [14.2996, 52.7155], [14.2986, 52.7169], [14.304, 52.7195], [14.3035, 52.7214], [14.3025, 52.7227], [14.2955, 52.7235], [14.2908, 52.7269], [14.2908, 52.7284], [14.2916, 52.7286], [14.2999, 52.7262], [14.3042, 52.7259], [14.3039, 52.7272], [14.3001, 52.7288], [14.2998, 52.7302], [14.3014, 52.7307], [14.3066, 52.7296], [14.307, 52.7305], [14.3057, 52.734], [14.3143, 52.7338], [14.3183, 52.7351], [14.3213, 52.7344], [14.3246, 52.7377], [14.3322, 52.738], [14.3332, 52.7393], [14.3319, 52.7412], [14.3329, 52.7421], [14.338, 52.7409], [14.3421, 52.7429], [14.3387, 52.7449], [14.3346, 52.7448], [14.3352, 52.7464], [14.3315, 52.7491], [14.3335, 52.7499], [14.3335, 52.7516], [14.3325, 52.7528], [14.3243, 52.7553], [14.3214, 52.7591], [14.3174, 52.7607], [14.3147, 52.7605], [14.3038, 52.7543], [14.3008, 52.7474], [14.294, 52.7403], [14.2909, 52.7387], [14.2862, 52.7391], [14.2798, 52.7418], [14.2677, 52.7413], [14.2535, 52.7439], [14.226, 52.7409], [14.2095, 52.7361], [14.2169, 52.7324], [14.2182, 52.7301], [14.2168, 52.729], [14.2109, 52.7284], [14.2002, 52.7315], [14.1929, 52.7292], [14.1802, 52.7236], [14.1754, 52.7227], [14.167, 52.7232], [14.1626, 52.7254], [14.158, 52.729], [14.1562, 52.7325], [14.1548, 52.7331], [14.155, 52.7349], [14.156, 52.735], [14.1617, 52.7319], [14.1628, 52.7285], [14.1639, 52.7281], [14.1656, 52.7299], [14.1665, 52.7299], [14.168, 52.7263], [14.1705, 52.7248], [14.1732, 52.7244], [14.1855, 52.7279], [14.1972, 52.7332], [14.2006, 52.7359], [14.2075, 52.7378], [14.2083, 52.7389], [14.2033, 52.7437], [14.2008, 52.7479], [14.1963, 52.7518], [14.1805, 52.7535], [14.1801, 52.753], [14.181, 52.7522], [14.1872, 52.7503], [14.189, 52.7475], [14.1889, 52.7451], [14.1845, 52.7408], [14.183, 52.7406], [14.1826, 52.744], [14.1843, 52.7467], [14.1839, 52.7478], [14.1818, 52.7488], [14.1747, 52.7484], [14.1725, 52.7518], [14.1694, 52.753], [14.1695, 52.755], [14.1707, 52.7563], [14.172, 52.7563], [14.1719, 52.755], [14.1732, 52.7543], [14.1759, 52.7545], [14.1781, 52.7562], [14.1962, 52.754], [14.203, 52.7497], [14.2106, 52.7424], [14.2116, 52.7406], [14.2203, 52.7433], [14.2464, 52.7458], [14.2758, 52.7443], [14.2815, 52.7454], [14.2859, 52.743], [14.2902, 52.7426], [14.2932, 52.7448], [14.2974, 52.7539], [14.2993, 52.7553], [14.3032, 52.7558], [14.3083, 52.7603], [14.3123, 52.7621], [14.3114, 52.7632], [14.3249, 52.7601], [14.3359, 52.7553]]], [[[14.531, 52.3967], [14.5295, 52.3976], [14.5288, 52.403], [14.532, 52.4045], [14.5363, 52.4106], [14.538, 52.4182], [14.5398, 52.4152], [14.5386, 52.4129], [14.5397, 52.4128], [14.5403, 52.4151], [14.5389, 52.4172], [14.5387, 52.4202], [14.5395, 52.4214], [14.5426, 52.423], [14.5433, 52.4213], [14.542, 52.4206], [14.541, 52.4163], [14.542, 52.4158], [14.5425, 52.42], [14.5436, 52.4202], [14.5453, 52.4168], [14.5455, 52.4141], [14.5425, 52.409], [14.5369, 52.4045], [14.5335, 52.4003], [14.5327, 52.3979], [14.5329, 52.3945], [14.5322, 52.3942], [14.531, 52.3967]]], [[[14.5399, 52.423], [14.543, 52.4244], [14.5428, 52.4241], [14.5392, 52.4219], [14.5399, 52.423]]], [[[14.5464, 52.4912], [14.5352, 52.4817], [14.5236, 52.4758], [14.5247, 52.4747], [14.523, 52.4734], [14.5188, 52.473], [14.5068, 52.4694], [14.5074, 52.4681], [14.5014, 52.4676], [14.4917, 52.4644], [14.4862, 52.4649], [14.485, 52.4656], [14.4868, 52.4676], [14.4936, 52.4674], [14.5019, 52.4699], [14.5067, 52.4726], [14.5177, 52.4745], [14.5213, 52.4762], [14.5238, 52.4796], [14.526, 52.4811], [14.5329, 52.4828], [14.5355, 52.4854], [14.5398, 52.4879], [14.5406, 52.4908], [14.5423, 52.4924], [14.5469, 52.493], [14.5502, 52.495], [14.5525, 52.4948], [14.553, 52.4955], [14.5517, 52.4973], [14.5523, 52.4982], [14.5569, 52.4991], [14.5596, 52.4987], [14.5603, 52.497], [14.5464, 52.4912]]], [[[14.272, 52.6223], [14.2767, 52.6202], [14.2803, 52.6162], [14.2861, 52.615], [14.2885, 52.6138], [14.2895, 52.6121], [14.2909, 52.6114], [14.3055, 52.609], [14.3104, 52.6073], [14.3143, 52.6035], [14.3221, 52.6008], [14.3272, 52.5954], [14.3337, 52.5932], [14.3383, 52.5899], [14.3444, 52.5873], [14.3484, 52.5866], [14.3535, 52.5831], [14.3586, 52.5823], [14.3592, 52.579], [14.3609, 52.5781], [14.3545, 52.5789], [14.3479, 52.5845], [14.3415, 52.5855], [14.3387, 52.5879], [14.3351, 52.5889], [14.3314, 52.5926], [14.3217, 52.5952], [14.3181, 52.5999], [14.3127, 52.6019], [14.3119, 52.6032], [14.3054, 52.6072], [14.2912, 52.6093], [14.2842, 52.6136], [14.2778, 52.6149], [14.2733, 52.6196], [14.2691, 52.6198], [14.266, 52.6179], [14.266, 52.62], [14.2635, 52.622], [14.2661, 52.625], [14.2674, 52.6226], [14.2685, 52.622], [14.272, 52.6223]]], [[[14.5838, 52.6098], [14.5821, 52.6112], [14.5893, 52.6072], [14.5898, 52.6064], [14.5838, 52.6098]]], [[[14.5978, 52.6079], [14.6059, 52.599], [14.6072, 52.5986], [14.6085, 52.5965], [14.6102, 52.5898], [14.6135, 52.5848], [14.6048, 52.5916], [14.6013, 52.5914], [14.6035, 52.5889], [14.6028, 52.5883], [14.5963, 52.5881], [14.592, 52.5893], [14.5918, 52.5916], [14.5928, 52.594], [14.5974, 52.5926], [14.6001, 52.5954], [14.5972, 52.5963], [14.5953, 52.5977], [14.5922, 52.6025], [14.5923, 52.6051], [14.5912, 52.6058], [14.5951, 52.6041], [14.5955, 52.6053], [14.5888, 52.6085], [14.5876, 52.6114], [14.5867, 52.6092], [14.5843, 52.6111], [14.5846, 52.6127], [14.5825, 52.6139], [14.5912, 52.6111], [14.5978, 52.6079]]], [[[14.5831, 52.6117], [14.5806, 52.6126], [14.58, 52.6149], [14.5808, 52.6154], [14.5824, 52.6145], [14.5804, 52.6137], [14.5835, 52.6127], [14.5831, 52.6117]]], [[[14.544, 52.6291], [14.5641, 52.6232], [14.5715, 52.6193], [14.5665, 52.6196], [14.5596, 52.6221], [14.5475, 52.6219], [14.5427, 52.6231], [14.5376, 52.6217], [14.5346, 52.6217], [14.5287, 52.6273], [14.5294, 52.6289], [14.5314, 52.629], [14.5339, 52.625], [14.5363, 52.6244], [14.5375, 52.6248], [14.5375, 52.6263], [14.5339, 52.6291], [14.5336, 52.6306], [14.544, 52.6291]]], [[[14.4996, 52.626], [14.4973, 52.627], [14.4918, 52.6267], [14.4879, 52.6282], [14.4979, 52.6288], [14.4983, 52.6319], [14.5012, 52.6345], [14.5005, 52.6378], [14.5026, 52.6385], [14.504, 52.6383], [14.5049, 52.6371], [14.5034, 52.6343], [14.5065, 52.6327], [14.5062, 52.6312], [14.5046, 52.6301], [14.5044, 52.6281], [14.4996, 52.626]]], [[[14.3679, 52.668], [14.3693, 52.665], [14.3698, 52.6597], [14.3673, 52.659], [14.3671, 52.6615], [14.366, 52.6627], [14.3606, 52.6616], [14.3565, 52.6657], [14.3511, 52.6648], [14.3488, 52.666], [14.3435, 52.6733], [14.34, 52.6763], [14.3395, 52.6784], [14.3468, 52.6744], [14.3475, 52.6722], [14.3507, 52.6709], [14.3525, 52.6688], [14.3612, 52.6664], [14.3679, 52.668]]], [[[14.2541, 52.7266], [14.2551, 52.7198], [14.2585, 52.7184], [14.2596, 52.7147], [14.2627, 52.7125], [14.2675, 52.713], [14.2681, 52.7118], [14.2679, 52.7095], [14.2606, 52.7077], [14.2553, 52.7078], [14.2515, 52.7091], [14.2527, 52.7102], [14.2587, 52.7103], [14.2585, 52.7129], [14.2568, 52.7143], [14.249, 52.7167], [14.248, 52.7174], [14.2483, 52.7201], [14.2478, 52.7206], [14.2439, 52.7214], [14.2406, 52.7241], [14.2368, 52.7257], [14.2388, 52.7269], [14.2396, 52.7287], [14.2541, 52.7266]]], [[[14.3069, 52.7614], [14.3058, 52.7611], [14.3016, 52.7626], [14.2978, 52.7628], [14.2927, 52.7648], [14.2919, 52.7644], [14.2914, 52.7622], [14.2892, 52.761], [14.284, 52.7623], [14.2803, 52.7611], [14.2785, 52.7617], [14.2793, 52.7631], [14.2851, 52.7641], [14.2844, 52.7663], [14.2794, 52.7679], [14.279, 52.7686], [14.2818, 52.7709], [14.2817, 52.7723], [14.306, 52.7641], [14.3069, 52.7614]]], [[[14.1413, 52.7793], [14.1435, 52.7777], [14.153, 52.7754], [14.1578, 52.7725], [14.1638, 52.7713], [14.1644, 52.7696], [14.168, 52.7661], [14.1688, 52.7629], [14.1721, 52.7596], [14.1641, 52.7581], [14.1552, 52.7596], [14.1545, 52.7605], [14.155, 52.7612], [14.1593, 52.7609], [14.1607, 52.762], [14.1565, 52.7639], [14.1507, 52.765], [14.1489, 52.7674], [14.1483, 52.7702], [14.1499, 52.7704], [14.1542, 52.7669], [14.1553, 52.7667], [14.1577, 52.7683], [14.1573, 52.7703], [14.1482, 52.7738], [14.1399, 52.7751], [14.1373, 52.7767], [14.1356, 52.7763], [14.1344, 52.7783], [14.1299, 52.7783], [14.1298, 52.7812], [14.1245, 52.7835], [14.1235, 52.7858], [14.1215, 52.7875], [14.1239, 52.7879], [14.1295, 52.7855], [14.133, 52.7816], [14.1388, 52.779], [14.1413, 52.7793]]], [[[14.1413, 52.7995], [14.1408, 52.7982], [14.1431, 52.7964], [14.1436, 52.7946], [14.1474, 52.7926], [14.1488, 52.791], [14.1482, 52.7888], [14.1451, 52.786], [14.1451, 52.784], [14.1435, 52.783], [14.1413, 52.7835], [14.1401, 52.7873], [14.1404, 52.7897], [14.1432, 52.789], [14.1442, 52.7904], [14.1431, 52.7915], [14.1391, 52.7923], [14.1393, 52.7957], [14.1366, 52.7974], [14.1358, 52.7988], [14.1377, 52.8002], [14.1397, 52.7989], [14.1413, 52.7995]]]], "type": "MultiPolygon"}, "properties": {"BEMERKUNG": null, "GEN_ID": 1014, "GL_ID": 99.0, "SYM_NR": "58", "feature_kind": "soil_unit", "general_unit_de": "Vega-Gleye (und Gley-Vegen) mit Auengley-Pseudogleyen aus Auensand \u00fcber Auenlehm oder -ton", "general_unit_en": "Vega-gley soils (and gley-Vegen) with Auengley-pseudogley soilsn from floodplain sand over floodplain loam oder -ton", "lead_horizon_count": 4.0, "lead_profile_de": "Vega-Gley", "lead_profile_en": "Vega-gley", "legend_unit_de": "Vega-Gleye und Gley-Vegen aus Auensand oder aus Auensand \u00fcber Auenlehm oder -schluff", "legend_unit_en": "Vega-gley soils and gley-Vegen from floodplain sand oder from floodplain sand over floodplain loam oder -schluff", "parent_material_code": "2.1.3.1", "parent_material_de": "Auensand", "parent_material_en": "Floodplain sand", "profile_count": 6.0, "profile_summary_de": "Vega-Gley | 6 Profile | 4 Horizonte im Leitprofil", "profile_summary_en": "Vega-gley | 6 profiles | 4 horizons in lead profile", "semantic_source": "sqlite-buek250-v10", "semantic_version": "buek250-soil-semantics-v1", "soil_group_de": "Gleye", "soil_group_en": "Gley soils", "soil_group_key": "gley-soils", "soil_label_de": "Vega-Gleye und Gley-Vegen aus Auensand oder aus Auensand \u00fcber Auenlehm oder -schluff", "soil_label_en": "Vega-gley soils and gley-Vegen from floodplain sand oder from floodplain sand over floodplain loam oder -schluff", "soil_type_primary_de": "Gleye", "soil_type_primary_en": "Gley soils", "soil_type_secondary_de": "Auenb\u00f6den", "soil_type_secondary_en": "Alluvial soils", "soil_type_tertiary_de": null, "soil_type_tertiary_en": null, "source_note_de": null, "source_note_en": null, "special_area_kind": null}, "type": "Feature"}, {"geometry": {"coordinates": [[[[14.0884, 52.8699], [14.0909, 52.8713], [14.1063, 52.8713], [14.1191, 52.8691], [14.1275, 52.8686], [14.1374, 52.8692], [14.1399, 52.8697], [14.1412, 52.8709], [14.1465, 52.871], [14.1373, 52.8677], [14.1239, 52.8671], [14.1053, 52.8696], [14.0903, 52.8694], [14.0858, 52.8703], [14.0884, 52.8699]]], [[[14.5445, 52.6207], [14.5374, 52.6199], [14.5318, 52.6211], [14.5294, 52.6232], [14.5283, 52.6267], [14.5296, 52.627], [14.5299, 52.6243], [14.532, 52.6218], [14.5383, 52.6207], [14.5445, 52.6207]]], [[[14.479, 52.6308], [14.4841, 52.6286], [14.4822, 52.6286], [14.4785, 52.63], [14.475, 52.6337], [14.4754, 52.6346], [14.479, 52.6308]]]], "type": "MultiPolygon"}, "properties": {"BEMERKUNG": "Alte Oder", "GEN_ID": null, "GL_ID": null, "SYM_NR": null, "feature_kind": "special_area", "general_unit_de": null, "general_unit_en": null, "lead_horizon_count": null, "lead_profile_de": null, "lead_profile_en": null, "legend_unit_de": null, "legend_unit_en": null, "parent_material_code": null, "parent_material_de": null, "parent_material_en": null, "profile_count": null, "profile_summary_de": null, "profile_summary_en": null, "semantic_source": "raw-buek250-feature", "semantic_version": "buek250-soil-semantics-v1", "soil_group_de": "Sonderfl\u00e4che", "soil_group_en": "Special area", "soil_group_key": "special-area", "soil_label_de": "Alte Oder", "soil_label_en": "Alte Oder", "soil_type_primary_de": null, "soil_type_primary_en": null, "soil_type_secondary_de": null, "soil_type_secondary_en": null, "soil_type_tertiary_de": null, "soil_type_tertiary_en": null, "source_note_de": "Alte Oder", "source_note_en": "Alte Oder", "special_area_kind": "special_area"}, "type": "Feature"}, {"geometry": {"coordinates": [[[14.188, 52.5929], [14.1831, 52.593], [14.1904, 52.5958], [14.1927, 52.5952], [14.188, 52.5929]]], "type": "Polygon"}, "properties": {"BEMERKUNG": "Stafsee", "GEN_ID": null, "GL_ID": null, "SYM_NR": null, "feature_kind": "water_area", "general_unit_de": null, "general_unit_en": null, "lead_horizon_count": null, "lead_profile_de": null, "lead_profile_en": null, "legend_unit_de": null, "legend_unit_en": null, "parent_material_code": null, "parent_material_de": null, "parent_material_en": null, "profile_count": null, "profile_summary_de": null, "profile_summary_en": null, "semantic_source": "raw-buek250-feature", "semantic_version": "buek250-soil-semantics-v1", "soil_group_de": "Gew\u00e4sser", "soil_group_en": "Water area", "soil_group_key": "water-area", "soil_label_de": "Stafsee", "soil_label_en": "Stafsee", "soil_type_primary_de": null, "soil_type_primary_en": null, "soil_type_secondary_de": null, "soil_type_secondary_en": null, "soil_type_tertiary_de": null, "soil_type_tertiary_en": null, "source_note_de": "Stafsee", "source_note_en": "Stafsee", "special_area_kind": "water_area"}, "type": "Feature"}, {"geometry": {"coordinates": [[[14.1992, 52.6149], [14.1953, 52.6122], [14.1886, 52.6125], [14.1895, 52.6135], [14.1931, 52.614], [14.1943, 52.6151], [14.1989, 52.6157], [14.1992, 52.6149]]], "type": "Polygon"}, "properties": {"BEMERKUNG": "Lettinsee", "GEN_ID": null, "GL_ID": null, "SYM_NR": null, "feature_kind": "water_area", "general_unit_de": null, "general_unit_en": null, "lead_horizon_count": null, "lead_profile_de": null, "lead_profile_en": null, "legend_unit_de": null, "legend_unit_en": null, "parent_material_code": null, "parent_material_de": null, "parent_material_en": null, "profile_count": null, "profile_summary_de": null, "profile_summary_en": null, "semantic_source": "raw-buek250-feature", "semantic_version": "buek250-soil-semantics-v1", "soil_group_de": "Gew\u00e4sser", "soil_group_en": "Water area", "soil_group_key": "water-area", "soil_label_de": "Lettinsee", "soil_label_en": "Lettinsee", "soil_type_primary_de": null, "soil_type_primary_en": null, "soil_type_secondary_de": null, "soil_type_secondary_en": null, "soil_type_tertiary_de": null, "soil_type_tertiary_en": null, "source_note_de": "Lettinsee", "source_note_en": "Lettinsee", "special_area_kind": "water_area"}, "type": "Feature"}, {"geometry": {"coordinates": [[[14.2296, 52.638], [14.2288, 52.6349], [14.2256, 52.6264], [14.2222, 52.6243], [14.2232, 52.6215], [14.221, 52.619], [14.2197, 52.6155], [14.217, 52.6129], [14.2103, 52.6129], [14.2092, 52.6118], [14.2079, 52.612], [14.2128, 52.6186], [14.2104, 52.6204], [14.213, 52.6257], [14.2158, 52.6285], [14.2154, 52.6329], [14.2137, 52.6375], [14.2198, 52.6388], [14.2296, 52.638]]], "type": "Polygon"}, "properties": {"BEMERKUNG": "Kietzer See", "GEN_ID": null, "GL_ID": null, "SYM_NR": null, "feature_kind": "water_area", "general_unit_de": null, "general_unit_en": null, "lead_horizon_count": null, "lead_profile_de": null, "lead_profile_en": null, "legend_unit_de": null, "legend_unit_en": null, "parent_material_code": null, "parent_material_de": null, "parent_material_en": null, "profile_count": null, "profile_summary_de": null, "profile_summary_en": null, "semantic_source": "raw-buek250-feature", "semantic_version": "buek250-soil-semantics-v1", "soil_group_de": "Gew\u00e4sser", "soil_group_en": "Water area", "soil_group_key": "water-area", "soil_label_de": "Kietzer See", "soil_label_en": "Kietzer See", "soil_type_primary_de": null, "soil_type_primary_en": null, "soil_type_secondary_de": null, "soil_type_secondary_en": null, "soil_type_tertiary_de": null, "soil_type_tertiary_en": null, "source_note_de": "Kietzer See", "source_note_en": "Kietzer See", "special_area_kind": "water_area"}, "type": "Feature"}, {"geometry": {"coordinates": [[[14.0902, 52.6555], [14.0892, 52.6552], [14.0893, 52.6564], [14.0881, 52.6569], [14.0906, 52.6583], [14.0929, 52.658], [14.0925, 52.6566], [14.0906, 52.6564], [14.0902, 52.6555]]], "type": "Polygon"}, "properties": {"BEMERKUNG": "Katzensee", "GEN_ID": null, "GL_ID": null, "SYM_NR": null, "feature_kind": "water_area", "general_unit_de": null, "general_unit_en": null, "lead_horizon_count": null, "lead_profile_de": null, "lead_profile_en": null, "legend_unit_de": null, "legend_unit_en": null, "parent_material_code": null, "parent_material_de": null, "parent_material_en": null, "profile_count": null, "profile_summary_de": null, "profile_summary_en": null, "semantic_source": "raw-buek250-feature", "semantic_version": "buek250-soil-semantics-v1", "soil_group_de": "Gew\u00e4sser", "soil_group_en": "Water area", "soil_group_key": "water-area", "soil_label_de": "Katzensee", "soil_label_en": "Katzensee", "soil_type_primary_de": null, "soil_type_primary_en": null, "soil_type_secondary_de": null, "soil_type_secondary_en": null, "soil_type_tertiary_de": null, "soil_type_tertiary_en": null, "source_note_de": "Katzensee", "source_note_en": "Katzensee", "special_area_kind": "water_area"}, "type": "Feature"}, {"geometry": {"coordinates": [[[13.9999, 52.6777], [13.9982, 52.678], [13.9992, 52.6801], [14.004, 52.6817], [14.0055, 52.6811], [13.9999, 52.6777]]], "type": "Polygon"}, "properties": {"BEMERKUNG": "Sternebecker See", "GEN_ID": null, "GL_ID": null, "SYM_NR": null, "feature_kind": "water_area", "general_unit_de": null, "general_unit_en": null, "lead_horizon_count": null, "lead_profile_de": null, "lead_profile_en": null, "legend_unit_de": null, "legend_unit_en": null, "parent_material_code": null, "parent_material_de": null, "parent_material_en": null, "profile_count": null, "profile_summary_de": null, "profile_summary_en": null, "semantic_source": "raw-buek250-feature", "semantic_version": "buek250-soil-semantics-v1", "soil_group_de": "Gew\u00e4sser", "soil_group_en": "Water area", "soil_group_key": "water-area", "soil_label_de": "Sternebecker See", "soil_label_en": "Sternebecker See", "soil_type_primary_de": null, "soil_type_primary_en": null, "soil_type_secondary_de": null, "soil_type_secondary_en": null, "soil_type_tertiary_de": null, "soil_type_tertiary_en": null, "source_note_de": "Sternebecker See", "source_note_en": "Sternebecker See", "special_area_kind": "water_area"}, "type": "Feature"}, {"geometry": {"coordinates": [[[13.9781, 52.8095], [13.9707, 52.8115], [13.9744, 52.8112], [13.9761, 52.812], [13.98, 52.8096], [13.9797, 52.8085], [13.9781, 52.8095]]], "type": "Polygon"}, "properties": {"BEMERKUNG": "Zepernicksee", "GEN_ID": null, "GL_ID": null, "SYM_NR": null, "feature_kind": "water_area", "general_unit_de": null, "general_unit_en": null, "lead_horizon_count": null, "lead_profile_de": null, "lead_profile_en": null, "legend_unit_de": null, "legend_unit_en": null, "parent_material_code": null, "parent_material_de": null, "parent_material_en": null, "profile_count": null, "profile_summary_de": null, "profile_summary_en": null, "semantic_source": "raw-buek250-feature", "semantic_version": "buek250-soil-semantics-v1", "soil_group_de": "Gew\u00e4sser", "soil_group_en": "Water area", "soil_group_key": "water-area", "soil_label_de": "Zepernicksee", "soil_label_en": "Zepernicksee", "soil_type_primary_de": null, "soil_type_primary_en": null, "soil_type_secondary_de": null, "soil_type_secondary_en": null, "soil_type_tertiary_de": null, "soil_type_tertiary_en": null, "source_note_de": "Zepernicksee", "source_note_en": "Zepernicksee", "special_area_kind": "water_area"}, "type": "Feature"}, {"geometry": {"coordinates": [[[14.062, 52.8353], [14.0633, 52.8342], [14.0603, 52.8339], [14.0567, 52.8357], [14.0582, 52.8364], [14.0593, 52.8351], [14.062, 52.8353]]], "type": "Polygon"}, "properties": {"BEMERKUNG": "Schwagersfenn", "GEN_ID": null, "GL_ID": null, "SYM_NR": null, "feature_kind": "special_area", "general_unit_de": null, "general_unit_en": null, "lead_horizon_count": null, "lead_profile_de": null, "lead_profile_en": null, "legend_unit_de": null, "legend_unit_en": null, "parent_material_code": null, "parent_material_de": null, "parent_material_en": null, "profile_count": null, "profile_summary_de": null, "profile_summary_en": null, "semantic_source": "raw-buek250-feature", "semantic_version": "buek250-soil-semantics-v1", "soil_group_de": "Sonderfl\u00e4che", "soil_group_en": "Special area", "soil_group_key": "special-area", "soil_label_de": "Schwagersfenn", "soil_label_en": "Schwagersfenn", "soil_type_primary_de": null, "soil_type_primary_en": null, "soil_type_secondary_de": null, "soil_type_secondary_en": null, "soil_type_tertiary_de": null, "soil_type_tertiary_en": null, "source_note_de": "Schwagersfenn", "source_note_en": "Schwagersfenn", "special_area_kind": "special_area"}, "type": "Feature"}, {"geometry": {"coordinates": [[[14.1045, 52.8441], [14.1032, 52.8438], [14.0994, 52.8444], [14.0966, 52.8452], [14.0957, 52.8467], [14.0977, 52.8475], [14.1014, 52.847], [14.102, 52.8452], [14.1045, 52.8441]]], "type": "Polygon"}, "properties": {"BEMERKUNG": "Gro\u00dfer Krebsssee", "GEN_ID": null, "GL_ID": null, "SYM_NR": null, "feature_kind": "water_area", "general_unit_de": null, "general_unit_en": null, "lead_horizon_count": null, "lead_profile_de": null, "lead_profile_en": null, "legend_unit_de": null, "legend_unit_en": null, "parent_material_code": null, "parent_material_de": null, "parent_material_en": null, "profile_count": null, "profile_summary_de": null, "profile_summary_en": null, "semantic_source": "raw-buek250-feature", "semantic_version": "buek250-soil-semantics-v1", "soil_group_de": "Gew\u00e4sser", "soil_group_en": "Water area", "soil_group_key": "water-area", "soil_label_de": "Gro\u00dfer Krebsssee", "soil_label_en": "Gro\u00dfer Krebsssee", "soil_type_primary_de": null, "soil_type_primary_en": null, "soil_type_secondary_de": null, "soil_type_secondary_en": null, "soil_type_tertiary_de": null, "soil_type_tertiary_en": null, "source_note_de": "Gro\u00dfer Krebsssee", "source_note_en": "Gro\u00dfer Krebsssee", "special_area_kind": "water_area"}, "type": "Feature"}, {"geometry": {"coordinates": [[[[14.0081, 52.8535], [14.0077, 52.8539], [14.0093, 52.8532], [14.0081, 52.8535]]], [[[14.0114, 52.8532], [14.0093, 52.8532], [14.0121, 52.8535], [14.0114, 52.8532]]]], "type": "MultiPolygon"}, "properties": {"BEMERKUNG": "Oderberger See", "GEN_ID": null, "GL_ID": null, "SYM_NR": null, "feature_kind": "water_area", "general_unit_de": null, "general_unit_en": null, "lead_horizon_count": null, "lead_profile_de": null, "lead_profile_en": null, "legend_unit_de": null, "legend_unit_en": null, "parent_material_code": null, "parent_material_de": null, "parent_material_en": null, "profile_count": null, "profile_summary_de": null, "profile_summary_en": null, "semantic_source": "raw-buek250-feature", "semantic_version": "buek250-soil-semantics-v1", "soil_group_de": "Gew\u00e4sser", "soil_group_en": "Water area", "soil_group_key": "water-area", "soil_label_de": "Oderberger See", "soil_label_en": "Oderberger See", "soil_type_primary_de": null, "soil_type_primary_en": null, "soil_type_secondary_de": null, "soil_type_secondary_en": null, "soil_type_tertiary_de": null, "soil_type_tertiary_en": null, "source_note_de": "Oderberger See", "source_note_en": "Oderberger See", "special_area_kind": "water_area"}, "type": "Feature"}, {"geometry": {"coordinates": [[[[14.1586, 52.8898], [14.1584, 52.8837], [14.1557, 52.8752], [14.1509, 52.8714], [14.1515, 52.871], [14.1478, 52.8676], [14.1417, 52.864], [14.1403, 52.8619], [14.1348, 52.8584], [14.1282, 52.852], [14.1186, 52.8524], [14.1171, 52.8554], [14.1122, 52.8566], [14.1114, 52.8585], [14.1127, 52.8619], [14.1158, 52.8623], [14.1227, 52.86], [14.135, 52.863], [14.1392, 52.8647], [14.1382, 52.868], [14.1465, 52.871], [14.1412, 52.8709], [14.1384, 52.8694], [14.1433, 52.8722], [14.1461, 52.8724], [14.149, 52.8748], [14.15, 52.8818], [14.1527, 52.886], [14.152, 52.8902], [14.1458, 52.8932], [14.1543, 52.8951], [14.1586, 52.8898]]], [[[14.0098, 52.8156], [14.0109, 52.815], [14.0135, 52.8104], [14.0155, 52.809], [14.027, 52.8089], [14.034, 52.8072], [14.0467, 52.808], [14.0529, 52.8095], [14.0531, 52.8068], [14.0468, 52.8052], [14.0322, 52.8036], [14.0278, 52.8038], [14.006, 52.8088], [14.0057, 52.811], [14.0036, 52.8129], [14.0042, 52.8145], [14.0035, 52.8154], [14.005, 52.8159], [14.0084, 52.8149], [14.0098, 52.8156]]]], "type": "MultiPolygon"}, "properties": {"BEMERKUNG": null, "GEN_ID": 1879, "GL_ID": 352.0, "SYM_NR": "812", "feature_kind": "soil_unit", "general_unit_de": "Braunerden und Gley-Braunerden mit Braunerde-Gleyen und Gleyen aus (Decksand \u00fcber) Niederungssand oder Flusssand", "general_unit_en": "Brown soils and gley-brown soils with brown soil-gley soilsn and gley soilsn from (Decksand over) lowland sand oder Flusssand", "lead_horizon_count": 8.0, "lead_profile_de": "Normbraunerde", "lead_profile_en": "Typical brown soil", "legend_unit_de": "Braunerden und Gley-Braunerden mit Braunerde-Gleyen aus lehmigem Decksand \u00fcber Niederungssand", "legend_unit_en": "Brown soils and gley-brown soils with brown soil-gley soilsn from lehmigem Decksand over lowland sand", "parent_material_code": "3.4.1.1", "parent_material_de": "Niederungssand", "parent_material_en": "Lowland sand", "profile_count": 6.0, "profile_summary_de": "Normbraunerde | 6 Profile | 8 Horizonte im Leitprofil", "profile_summary_en": "Typical brown soil | 6 profiles | 8 horizons in lead profile", "semantic_source": "sqlite-buek250-v10", "semantic_version": "buek250-soil-semantics-v1", "soil_group_de": "Braunerden", "soil_group_en": "Brown soils", "soil_group_key": "brown-soils", "soil_label_de": "Braunerden und Gley-Braunerden mit Braunerde-Gleyen aus lehmigem Decksand \u00fcber Niederungssand", "soil_label_en": "Brown soils and gley-brown soils with brown soil-gley soilsn from lehmigem Decksand over lowland sand", "soil_type_primary_de": "Braunerden", "soil_type_primary_en": "Brown soils", "soil_type_secondary_de": "Gleye", "soil_type_secondary_en": "Gley soils", "soil_type_tertiary_de": null, "soil_type_tertiary_en": null, "source_note_de": null, "source_note_en": null, "special_area_kind": null}, "type": "Feature"}, {"geometry": {"coordinates": [[[[14.0658, 52.8456], [14.0683, 52.8456], [14.0727, 52.8473], [14.0736, 52.8466], [14.0679, 52.8429], [14.0602, 52.845], [14.0543, 52.8443], [14.0533, 52.8425], [14.0503, 52.8404], [14.0469, 52.8408], [14.0414, 52.8438], [14.0332, 52.8412], [14.0271, 52.837], [14.0183, 52.8369], [14.0177, 52.8385], [14.0144, 52.8387], [14.0223, 52.8428], [14.0318, 52.8463], [14.0466, 52.8499], [14.0544, 52.8507], [14.0564, 52.8502], [14.059, 52.8482], [14.0658, 52.8456]], [[14.0523, 52.8467], [14.0521, 52.8486], [14.0485, 52.8478], [14.0489, 52.8451], [14.0523, 52.8467]]], [[[14.1259, 52.8915], [14.1245, 52.895], [14.1246, 52.8966], [14.1271, 52.8971], [14.13, 52.8912], [14.1259, 52.8915]]], [[[14.1423, 52.8903], [14.1408, 52.8888], [14.1439, 52.8879], [14.1433, 52.8865], [14.1419, 52.8865], [14.1414, 52.8857], [14.1322, 52.8858], [14.1314, 52.8901], [14.1392, 52.8916], [14.1423, 52.8903]]], [[[14.1474, 52.892], [14.1427, 52.8925], [14.1458, 52.8932], [14.1474, 52.892]]]], "type": "MultiPolygon"}, "properties": {"BEMERKUNG": null, "GEN_ID": 2028, "GL_ID": 1108.0, "SYM_NR": "272", "feature_kind": "soil_unit", "general_unit_de": "Regosole und Kolluvisole aus verkipptem Sand \u00fcber Schmelzwassersand mit Braunerden aus Decksand \u00fcber Schmelzwassersand", "general_unit_en": "Regosole and colluvials from verkipptem Sand over glaciofluvial sand with brown soils from Decksand over glaciofluvial sand", "lead_horizon_count": null, "lead_profile_de": null, "lead_profile_en": null, "legend_unit_de": "Regosole und Kolluvisole aus verkipptem Sand \u00fcber Schmelzwassersand vergesellschaftet mit Braunerden aus Decksand \u00fcber Schmelzwassersand", "legend_unit_en": "Regosole and colluvials from verkipptem Sand over glaciofluvial sand vergesellschaftet with brown soils from Decksand over glaciofluvial sand", "parent_material_code": "12.1.1.1", "parent_material_de": "Verkippte nat\u00fcrliche Substrate", "parent_material_en": "Relocated natural substrates", "profile_count": null, "profile_summary_de": null, "profile_summary_en": null, "semantic_source": "sqlite-buek250-v10", "semantic_version": "buek250-soil-semantics-v1", "soil_group_de": "Ah/C-B\u00f6den", "soil_group_en": "Ah/C soils", "soil_group_key": "ah-c-soils", "soil_label_de": "Regosole und Kolluvisole aus verkipptem Sand \u00fcber Schmelzwassersand vergesellschaftet mit Braunerden aus Decksand \u00fcber Schmelzwassersand", "soil_label_en": "Regosole and colluvials from verkipptem Sand over glaciofluvial sand vergesellschaftet with brown soils from Decksand over glaciofluvial sand", "soil_type_primary_de": "Ah/C-B\u00f6den", "soil_type_primary_en": "Ah/C soils", "soil_type_secondary_de": "Kolluvisole", "soil_type_secondary_en": "Colluvials", "soil_type_tertiary_de": null, "soil_type_tertiary_en": null, "source_note_de": null, "source_note_en": null, "special_area_kind": null}, "type": "Feature"}, {"geometry": {"coordinates": [[[14.0672, 52.5663], [14.0676, 52.5688], [14.0718, 52.5675], [14.0724, 52.5654], [14.0707, 52.5645], [14.0672, 52.5663]]], "type": "Polygon"}, "properties": {"BEMERKUNG": "Buckowsee", "GEN_ID": null, "GL_ID": null, "SYM_NR": null, "feature_kind": "water_area", "general_unit_de": null, "general_unit_en": null, "lead_horizon_count": null, "lead_profile_de": null, "lead_profile_en": null, "legend_unit_de": null, "legend_unit_en": null, "parent_material_code": null, "parent_material_de": null, "parent_material_en": null, "profile_count": null, "profile_summary_de": null, "profile_summary_en": null, "semantic_source": "raw-buek250-feature", "semantic_version": "buek250-soil-semantics-v1", "soil_group_de": "Gew\u00e4sser", "soil_group_en": "Water area", "soil_group_key": "water-area", "soil_label_de": "Buckowsee", "soil_label_en": "Buckowsee", "soil_type_primary_de": null, "soil_type_primary_en": null, "soil_type_secondary_de": null, "soil_type_secondary_en": null, "soil_type_tertiary_de": null, "soil_type_tertiary_en": null, "source_note_de": "Buckowsee", "source_note_en": "Buckowsee", "special_area_kind": "water_area"}, "type": "Feature"}, {"geometry": {"coordinates": [[[[14.1758, 52.8033], [14.1756, 52.8018], [14.1711, 52.7998], [14.1692, 52.7999], [14.1702, 52.8031], [14.1681, 52.8052], [14.1708, 52.8068], [14.1721, 52.8062], [14.173, 52.8044], [14.1758, 52.8033]]], [[[14.2216, 52.8071], [14.2287, 52.8031], [14.2254, 52.8026], [14.2201, 52.8035], [14.2152, 52.8071], [14.2139, 52.8089], [14.2143, 52.8119], [14.2167, 52.8117], [14.219, 52.813], [14.2192, 52.8109], [14.2216, 52.8071]]], [[[14.2111, 52.8176], [14.2122, 52.8173], [14.2114, 52.8156], [14.2121, 52.8137], [14.2087, 52.8118], [14.2085, 52.8097], [14.2039, 52.8103], [14.2006, 52.8121], [14.1958, 52.8133], [14.175, 52.8143], [14.1727, 52.815], [14.1736, 52.8153], [14.1737, 52.8161], [14.1715, 52.8188], [14.1725, 52.8207], [14.2111, 52.8176]]]], "type": "MultiPolygon"}, "properties": {"BEMERKUNG": null, "GEN_ID": 2026, "GL_ID": 154.0, "SYM_NR": "671", "feature_kind": "soil_unit", "general_unit_de": "Vega-Gley-Pseudogleye aus Auenton mit Vega-Gleyen aus Auenlehm oder -schluff \u00fcber Auensand", "general_unit_en": "Vega-gley-pseudogley soils from Auenton with Vega-gley soilsn from floodplain loam oder -schluff over floodplain sand", "lead_horizon_count": 5.0, "lead_profile_de": "Vega-Gley-Pseudogley", "lead_profile_en": "Vega-gley-pseudogley", "legend_unit_de": "Vega-Gley-Pseudogleye aus Auenton \u00fcber (tiefem) Auensand vergesellschaftet mit Erd-Niedermooren \u00fcber Auenton und -schluff", "legend_unit_en": "Vega-gley-pseudogley soils from Auenton over (tiefem) floodplain sand vergesellschaftet with Erd-fensn over Auenton and -schluff", "parent_material_code": "2.1.3.5", "parent_material_de": "Auenton", "parent_material_en": "Auenton", "profile_count": 4.0, "profile_summary_de": "Vega-Gley-Pseudogley | 4 Profile | 5 Horizonte im Leitprofil", "profile_summary_en": "Vega-gley-pseudogley | 4 profiles | 5 horizons in lead profile", "semantic_source": "sqlite-buek250-v10", "semantic_version": "buek250-soil-semantics-v1", "soil_group_de": "Stauwasserb\u00f6den", "soil_group_en": "Stagnic soils", "soil_group_key": "stagnic-soils", "soil_label_de": "Vega-Gley-Pseudogleye aus Auenton \u00fcber (tiefem) Auensand vergesellschaftet mit Erd-Niedermooren \u00fcber Auenton und -schluff", "soil_label_en": "Vega-gley-pseudogley soils from Auenton over (tiefem) floodplain sand vergesellschaftet with Erd-fensn over Auenton and -schluff", "soil_type_primary_de": "Stauwasserb\u00f6den", "soil_type_primary_en": "Stagnic soils", "soil_type_secondary_de": "Niedermoore", "soil_type_secondary_en": "Fens", "soil_type_tertiary_de": null, "soil_type_tertiary_en": null, "source_note_de": null, "source_note_en": null, "special_area_kind": null}, "type": "Feature"}, {"geometry": {"coordinates": [[[[13.8986, 52.612], [13.899, 52.6106], [13.897, 52.6108], [13.8966, 52.6121], [13.8986, 52.612]]], [[[13.986, 52.6337], [13.9874, 52.6345], [13.9939, 52.634], [13.9879, 52.6327], [13.986, 52.6337]]], [[[14.0017, 52.6836], [14.0019, 52.6846], [14.006, 52.6871], [14.0086, 52.6877], [14.0076, 52.685], [14.0054, 52.6836], [14.0017, 52.6836]]]], "type": "MultiPolygon"}, "properties": {"BEMERKUNG": "Schlo\u00dfsee", "GEN_ID": null, "GL_ID": null, "SYM_NR": null, "feature_kind": "water_area", "general_unit_de": null, "general_unit_en": null, "lead_horizon_count": null, "lead_profile_de": null, "lead_profile_en": null, "legend_unit_de": null, "legend_unit_en": null, "parent_material_code": null, "parent_material_de": null, "parent_material_en": null, "profile_count": null, "profile_summary_de": null, "profile_summary_en": null, "semantic_source": "raw-buek250-feature", "semantic_version": "buek250-soil-semantics-v1", "soil_group_de": "Gew\u00e4sser", "soil_group_en": "Water area", "soil_group_key": "water-area", "soil_label_de": "Schlo\u00dfsee", "soil_label_en": "Schlo\u00dfsee", "soil_type_primary_de": null, "soil_type_primary_en": null, "soil_type_secondary_de": null, "soil_type_secondary_en": null, "soil_type_tertiary_de": null, "soil_type_tertiary_en": null, "source_note_de": "Schlo\u00dfsee", "source_note_en": "Schlo\u00dfsee", "special_area_kind": "water_area"}, "type": "Feature"}, {"geometry": {"coordinates": [[[14.0678, 52.8358], [14.0673, 52.8346], [14.0637, 52.8335], [14.0636, 52.8312], [14.0721, 52.8299], [14.0669, 52.829], [14.0657, 52.8276], [14.0666, 52.8254], [14.0569, 52.8221], [14.0501, 52.817], [14.0458, 52.8179], [14.0409, 52.8224], [14.0345, 52.8251], [14.0343, 52.8261], [14.0365, 52.8268], [14.0374, 52.8279], [14.0356, 52.8325], [14.0389, 52.8351], [14.0432, 52.8365], [14.0475, 52.8351], [14.0537, 52.8352], [14.0562, 52.834], [14.0552, 52.8373], [14.0562, 52.838], [14.0619, 52.8362], [14.0678, 52.8358]], [[14.0622, 52.8336], [14.0633, 52.8342], [14.062, 52.8353], [14.0589, 52.8351], [14.0582, 52.8364], [14.0567, 52.8357], [14.0622, 52.8336]]], "type": "Polygon"}, "properties": {"BEMERKUNG": null, "GEN_ID": 1840, "GL_ID": 269.0, "SYM_NR": "79", "feature_kind": "soil_unit", "general_unit_de": "Braunerde-Parabraunerden mit Parabraunerden und Parabraunerde-Braunerden aus Decksand \u00fcber Decklehm und tiefem Geschiebemergel mit Braunerden aus Schmelzwassersand", "general_unit_en": "Brown soil-luvisoln with luvisoln and luvisol-brown soils from Decksand over Decklehm and tiefem glacial till marl with brown soils from glaciofluvial sand", "lead_horizon_count": 4.0, "lead_profile_de": "Normparabraunerde", "lead_profile_en": "Typical luvisol", "legend_unit_de": "Parabraunerden, Parabraunerde-Braunerden und Braunerde-Fahlerden aus Decksand \u00fcber Decklehm und tiefem Geschiebemergel vergesellschaftet mit Braunerden aus Schmelzwassersand", "legend_unit_en": "Luvisoln, luvisol-brown soils and brown soil-Fahlerden from Decksand over Decklehm and tiefem glacial till marl vergesellschaftet with brown soils from glaciofluvial sand", "parent_material_code": "3.1.2.3", "parent_material_de": "Geschiebemergel und glazialer Sand", "parent_material_en": "Glacial till marl and glazialer Sand", "profile_count": 5.0, "profile_summary_de": "Normparabraunerde | 5 Profile | 4 Horizonte im Leitprofil", "profile_summary_en": "Typical luvisol | 5 profiles | 4 horizons in lead profile", "semantic_source": "sqlite-buek250-v10", "semantic_version": "buek250-soil-semantics-v1", "soil_group_de": "Lessiv\u00e9s", "soil_group_en": "Luvisols", "soil_group_key": "luvisols", "soil_label_de": "Parabraunerden, Parabraunerde-Braunerden und Braunerde-Fahlerden aus Decksand \u00fcber Decklehm und tiefem Geschiebemergel vergesellschaftet mit Braunerden aus Schmelzwassersand", "soil_label_en": "Luvisoln, luvisol-brown soils and brown soil-Fahlerden from Decksand over Decklehm and tiefem glacial till marl vergesellschaftet with brown soils from glaciofluvial sand", "soil_type_primary_de": "Lessiv\u00e9s", "soil_type_primary_en": "Luvisols", "soil_type_secondary_de": "Braunerden", "soil_type_secondary_en": "Brown soils", "soil_type_tertiary_de": null, "soil_type_tertiary_en": null, "source_note_de": null, "source_note_en": null, "special_area_kind": null}, "type": "Feature"}, {"geometry": {"coordinates": [[[14.3518, 52.4488], [14.3504, 52.4499], [14.3555, 52.4505], [14.3545, 52.4487], [14.3518, 52.4488]]], "type": "Polygon"}, "properties": {"BEMERKUNG": "Gro\u00dfer Krebssee", "GEN_ID": null, "GL_ID": null, "SYM_NR": null, "feature_kind": "water_area", "general_unit_de": null, "general_unit_en": null, "lead_horizon_count": null, "lead_profile_de": null, "lead_profile_en": null, "legend_unit_de": null, "legend_unit_en": null, "parent_material_code": null, "parent_material_de": null, "parent_material_en": null, "profile_count": null, "profile_summary_de": null, "profile_summary_en": null, "semantic_source": "raw-buek250-feature", "semantic_version": "buek250-soil-semantics-v1", "soil_group_de": "Gew\u00e4sser", "soil_group_en": "Water area", "soil_group_key": "water-area", "soil_label_de": "Gro\u00dfer Krebssee", "soil_label_en": "Gro\u00dfer Krebssee", "soil_type_primary_de": null, "soil_type_primary_en": null, "soil_type_secondary_de": null, "soil_type_secondary_en": null, "soil_type_tertiary_de": null, "soil_type_tertiary_en": null, "source_note_de": "Gro\u00dfer Krebssee", "source_note_en": "Gro\u00dfer Krebssee", "special_area_kind": "water_area"}, "type": "Feature"}, {"geometry": {"coordinates": [[[14.0651, 52.8724], [14.0667, 52.8755], [14.0714, 52.8723], [14.0789, 52.8731], [14.0809, 52.8729], [14.084, 52.8742], [14.0865, 52.8732], [14.0957, 52.8736], [14.0997, 52.8753], [14.1025, 52.8735], [14.1162, 52.8737], [14.1182, 52.8753], [14.1215, 52.8758], [14.1257, 52.8739], [14.134, 52.8728], [14.138, 52.874], [14.1422, 52.8767], [14.1435, 52.8764], [14.1436, 52.8738], [14.1453, 52.8724], [14.1419, 52.8718], [14.1396, 52.8725], [14.1346, 52.8712], [14.1219, 52.8725], [14.1119, 52.8716], [14.0887, 52.8714], [14.0813, 52.8718], [14.0785, 52.8728], [14.0639, 52.8701], [14.0622, 52.8711], [14.0651, 52.8724]]], "type": "Polygon"}, "properties": {"BEMERKUNG": null, "GEN_ID": 1853, "GL_ID": 44.0, "SYM_NR": "578", "feature_kind": "soil_unit", "general_unit_de": "Gleye aus Flusssand und Pseudogley-Gleye und Fahlerde-Gleye aus Decksand \u00fcber Geschiebemergel", "general_unit_en": "Gley soils from Flusssand and pseudogley-gley soils and Fahlerde-gley soils from Decksand over glacial till marl", "lead_horizon_count": 4.0, "lead_profile_de": "Normgley", "lead_profile_en": "Typical gley", "legend_unit_de": "Gleye aus Flusssand und Pseudogley-Gleye und Fahlerde-Gleye aus Decksand \u00fcber tiefem Geschiebemergel", "legend_unit_en": "Gley soils from Flusssand and pseudogley-gley soils and Fahlerde-gley soils from Decksand over tiefem glacial till marl", "parent_material_code": "2.1.1.1", "parent_material_de": "Flusssand", "parent_material_en": "Flusssand", "profile_count": 5.0, "profile_summary_de": "Normgley | 5 Profile | 4 Horizonte im Leitprofil", "profile_summary_en": "Typical gley | 5 profiles | 4 horizons in lead profile", "semantic_source": "sqlite-buek250-v10", "semantic_version": "buek250-soil-semantics-v1", "soil_group_de": "Gleye", "soil_group_en": "Gley soils", "soil_group_key": "gley-soils", "soil_label_de": "Gleye aus Flusssand und Pseudogley-Gleye und Fahlerde-Gleye aus Decksand \u00fcber tiefem Geschiebemergel", "soil_label_en": "Gley soils from Flusssand and pseudogley-gley soils and Fahlerde-gley soils from Decksand over tiefem glacial till marl", "soil_type_primary_de": "Gleye", "soil_type_primary_en": "Gley soils", "soil_type_secondary_de": null, "soil_type_secondary_en": null, "soil_type_tertiary_de": null, "soil_type_tertiary_en": null, "source_note_de": null, "source_note_en": null, "special_area_kind": null}, "type": "Feature"}, {"geometry": {"coordinates": [[[14.0713, 52.8412], [14.0758, 52.8395], [14.0759, 52.838], [14.0787, 52.8386], [14.0798, 52.835], [14.081, 52.8341], [14.0831, 52.8345], [14.0855, 52.8323], [14.0792, 52.8316], [14.076, 52.8323], [14.0747, 52.8305], [14.0721, 52.8299], [14.0636, 52.8312], [14.0637, 52.8335], [14.0679, 52.8352], [14.0669, 52.8362], [14.0647, 52.8362], [14.0642, 52.8387], [14.0615, 52.8405], [14.0616, 52.8448], [14.0649, 52.844], [14.0652, 52.8425], [14.0671, 52.8407], [14.0713, 52.8412]]], "type": "Polygon"}, "properties": {"BEMERKUNG": null, "GEN_ID": 1845, "GL_ID": 269.0, "SYM_NR": "616", "feature_kind": "soil_unit", "general_unit_de": "Braunerde-Parabraunerden mit Parabraunerden und Parabraunerde-Braunerden aus Decksand \u00fcber Decklehm und tiefem Geschiebemergel mit Braunerden aus Schmelzwassersand", "general_unit_en": "Brown soil-luvisoln with luvisoln and luvisol-brown soils from Decksand over Decklehm and tiefem glacial till marl with brown soils from glaciofluvial sand", "lead_horizon_count": 5.0, "lead_profile_de": "Braunerde-Parabraunerde", "lead_profile_en": "Brown soil-luvisol", "legend_unit_de": "Braunerde-Parabraunerden aus Decksand \u00fcber tiefem Geschiebemergel vergesellschaftet mit Braunerden und Gley-Braunerden aus Schmelzwassersand", "legend_unit_en": "Brown soil-luvisoln from Decksand over tiefem glacial till marl vergesellschaftet with brown soils and gley-brown soils from glaciofluvial sand", "parent_material_code": "3.1.2.3", "parent_material_de": "Geschiebemergel und glazialer Sand", "parent_material_en": "Glacial till marl and glazialer Sand", "profile_count": 5.0, "profile_summary_de": "Braunerde-Parabraunerde | 5 Profile | 5 Horizonte im Leitprofil", "profile_summary_en": "Brown soil-luvisol | 5 profiles | 5 horizons in lead profile", "semantic_source": "sqlite-buek250-v10", "semantic_version": "buek250-soil-semantics-v1", "soil_group_de": "Lessiv\u00e9s", "soil_group_en": "Luvisols", "soil_group_key": "luvisols", "soil_label_de": "Braunerde-Parabraunerden aus Decksand \u00fcber tiefem Geschiebemergel vergesellschaftet mit Braunerden und Gley-Braunerden aus Schmelzwassersand", "soil_label_en": "Brown soil-luvisoln from Decksand over tiefem glacial till marl vergesellschaftet with brown soils and gley-brown soils from glaciofluvial sand", "soil_type_primary_de": "Lessiv\u00e9s", "soil_type_primary_en": "Luvisols", "soil_type_secondary_de": "Braunerden", "soil_type_secondary_en": "Brown soils", "soil_type_tertiary_de": null, "soil_type_tertiary_en": null, "source_note_de": null, "source_note_en": null, "special_area_kind": null}, "type": "Feature"}, {"geometry": {"coordinates": [[[14.036, 52.824], [14.04, 52.823], [14.0468, 52.8176], [14.0451, 52.8161], [14.0447, 52.8132], [14.0428, 52.8113], [14.0412, 52.8166], [14.0367, 52.8169], [14.0285, 52.8194], [14.0268, 52.8189], [14.0269, 52.8174], [14.0235, 52.8177], [14.018, 52.8192], [14.0156, 52.821], [14.018, 52.8228], [14.0255, 52.8241], [14.0301, 52.8266], [14.0336, 52.8261], [14.036, 52.824]]], "type": "Polygon"}, "properties": {"BEMERKUNG": null, "GEN_ID": 1838, "GL_ID": 320.0, "SYM_NR": "811", "feature_kind": "soil_unit", "general_unit_de": "Braunerden und Gley-Braunerden aus Schmelzwassersand mit (Braunerden-)Parabraunerden und Gley-Parabraunerden aus Decksand \u00fcber Decklehm und tiefem Geschiebemergel", "general_unit_en": "Brown soils and gley-brown soils from glaciofluvial sand with (brown soils-)luvisoln and gley-luvisoln from Decksand over Decklehm and tiefem glacial till marl", "lead_horizon_count": 4.0, "lead_profile_de": "Normbraunerde", "lead_profile_en": "Typical brown soil", "legend_unit_de": "Braunerden und Gley-Braunerden aus Schmelzwassersand vergesellschaftet mit Parabraunerden und Gley-Parabraunerden aus Decksand \u00fcber Decklehm und tiefem Geschiebemergel", "legend_unit_en": "Brown soils and gley-brown soils from glaciofluvial sand vergesellschaftet with luvisoln and gley-luvisoln from Decksand over Decklehm and tiefem glacial till marl", "parent_material_code": "3.2.1.4", "parent_material_de": "Schmelzwassersand und Geschiebemergel", "parent_material_en": "Glaciofluvial sand and glacial till marl", "profile_count": 7.0, "profile_summary_de": "Normbraunerde | 7 Profile | 4 Horizonte im Leitprofil", "profile_summary_en": "Typical brown soil | 7 profiles | 4 horizons in lead profile", "semantic_source": "sqlite-buek250-v10", "semantic_version": "buek250-soil-semantics-v1", "soil_group_de": "Braunerden", "soil_group_en": "Brown soils", "soil_group_key": "brown-soils", "soil_label_de": "Braunerden und Gley-Braunerden aus Schmelzwassersand vergesellschaftet mit Parabraunerden und Gley-Parabraunerden aus Decksand \u00fcber Decklehm und tiefem Geschiebemergel", "soil_label_en": "Brown soils and gley-brown soils from glaciofluvial sand vergesellschaftet with luvisoln and gley-luvisoln from Decksand over Decklehm and tiefem glacial till marl", "soil_type_primary_de": "Braunerden", "soil_type_primary_en": "Brown soils", "soil_type_secondary_de": "Lessiv\u00e9s", "soil_type_secondary_en": "Luvisols", "soil_type_tertiary_de": null, "soil_type_tertiary_en": null, "source_note_de": null, "source_note_en": null, "special_area_kind": null}, "type": "Feature"}, {"geometry": {"coordinates": [[[14.0836, 52.8464], [14.0865, 52.8473], [14.0881, 52.8468], [14.0868, 52.8459], [14.0836, 52.8464]]], "type": "Polygon"}, "properties": {"BEMERKUNG": "Kleiner Krebssee", "GEN_ID": null, "GL_ID": null, "SYM_NR": null, "feature_kind": "water_area", "general_unit_de": null, "general_unit_en": null, "lead_horizon_count": null, "lead_profile_de": null, "lead_profile_en": null, "legend_unit_de": null, "legend_unit_en": null, "parent_material_code": null, "parent_material_de": null, "parent_material_en": null, "profile_count": null, "profile_summary_de": null, "profile_summary_en": null, "semantic_source": "raw-buek250-feature", "semantic_version": "buek250-soil-semantics-v1", "soil_group_de": "Gew\u00e4sser", "soil_group_en": "Water area", "soil_group_key": "water-area", "soil_label_de": "Kleiner Krebssee", "soil_label_en": "Kleiner Krebssee", "soil_type_primary_de": null, "soil_type_primary_en": null, "soil_type_secondary_de": null, "soil_type_secondary_en": null, "soil_type_tertiary_de": null, "soil_type_tertiary_en": null, "source_note_de": "Kleiner Krebssee", "source_note_en": "Kleiner Krebssee", "special_area_kind": "water_area"}, "type": "Feature"}, {"geometry": {"coordinates": [[[13.8564, 52.6811], [13.8596, 52.6837], [13.8605, 52.6855], [13.8627, 52.6872], [13.8638, 52.6871], [13.8603, 52.6829], [13.8567, 52.6802], [13.8564, 52.6811]]], "type": "Polygon"}, "properties": {"BEMERKUNG": "Mittelsee", "GEN_ID": null, "GL_ID": null, "SYM_NR": null, "feature_kind": "water_area", "general_unit_de": null, "general_unit_en": null, "lead_horizon_count": null, "lead_profile_de": null, "lead_profile_en": null, "legend_unit_de": null, "legend_unit_en": null, "parent_material_code": null, "parent_material_de": null, "parent_material_en": null, "profile_count": null, "profile_summary_de": null, "profile_summary_en": null, "semantic_source": "raw-buek250-feature", "semantic_version": "buek250-soil-semantics-v1", "soil_group_de": "Gew\u00e4sser", "soil_group_en": "Water area", "soil_group_key": "water-area", "soil_label_de": "Mittelsee", "soil_label_en": "Withtelsee", "soil_type_primary_de": null, "soil_type_primary_en": null, "soil_type_secondary_de": null, "soil_type_secondary_en": null, "soil_type_tertiary_de": null, "soil_type_tertiary_en": null, "source_note_de": "Mittelsee", "source_note_en": "Withtelsee", "special_area_kind": "water_area"}, "type": "Feature"}, {"geometry": {"coordinates": [[[14.1998, 52.6253], [14.1995, 52.6277], [14.2009, 52.629], [14.2011, 52.6305], [14.203, 52.6321], [14.2112, 52.634], [14.2113, 52.631], [14.2078, 52.6292], [14.2063, 52.6245], [14.2048, 52.6225], [14.2038, 52.6224], [14.1998, 52.6253]]], "type": "Polygon"}, "properties": {"BEMERKUNG": "Klostersee", "GEN_ID": null, "GL_ID": null, "SYM_NR": null, "feature_kind": "water_area", "general_unit_de": null, "general_unit_en": null, "lead_horizon_count": null, "lead_profile_de": null, "lead_profile_en": null, "legend_unit_de": null, "legend_unit_en": null, "parent_material_code": null, "parent_material_de": null, "parent_material_en": null, "profile_count": null, "profile_summary_de": null, "profile_summary_en": null, "semantic_source": "raw-buek250-feature", "semantic_version": "buek250-soil-semantics-v1", "soil_group_de": "Gew\u00e4sser", "soil_group_en": "Water area", "soil_group_key": "water-area", "soil_label_de": "Klostersee", "soil_label_en": "Klostersee", "soil_type_primary_de": null, "soil_type_primary_en": null, "soil_type_secondary_de": null, "soil_type_secondary_en": null, "soil_type_tertiary_de": null, "soil_type_tertiary_en": null, "source_note_de": "Klostersee", "source_note_en": "Klostersee", "special_area_kind": "water_area"}, "type": "Feature"}, {"geometry": {"coordinates": [[[[14.3327, 52.5689], [14.333, 52.5665], [14.3274, 52.5652], [14.3248, 52.5662], [14.3224, 52.5655], [14.3236, 52.5649], [14.3234, 52.5643], [14.3199, 52.5637], [14.3172, 52.5646], [14.3177, 52.5655], [14.3222, 52.5674], [14.3256, 52.5679], [14.3286, 52.5699], [14.3297, 52.5699], [14.3302, 52.5691], [14.3327, 52.5689]]], [[[14.1463, 52.8916], [14.1474, 52.8893], [14.147, 52.8867], [14.1451, 52.8855], [14.1434, 52.8857], [14.1436, 52.8881], [14.141, 52.8885], [14.1423, 52.8903], [14.1389, 52.8917], [14.1427, 52.8925], [14.1463, 52.8916]]], [[[14.3384, 52.5743], [14.3399, 52.5737], [14.3385, 52.5715], [14.3307, 52.5698], [14.3314, 52.5742], [14.3328, 52.5756], [14.3343, 52.5761], [14.3361, 52.5755], [14.3365, 52.5733], [14.3384, 52.5743]]], [[[14.1918, 52.6031], [14.1906, 52.6038], [14.1917, 52.6044], [14.191, 52.6051], [14.1926, 52.6067], [14.1915, 52.6074], [14.1902, 52.6061], [14.1885, 52.6067], [14.1888, 52.6075], [14.1967, 52.6102], [14.1985, 52.6088], [14.1918, 52.6031]]], [[[14.3376, 52.472], [14.3379, 52.4739], [14.3414, 52.4769], [14.3435, 52.4764], [14.3407, 52.4705], [14.3391, 52.4699], [14.3376, 52.472]]], [[[13.8604, 52.4762], [13.861, 52.4746], [13.8575, 52.475], [13.8546, 52.4769], [13.8541, 52.4786], [13.8575, 52.4797], [13.8582, 52.4788], [13.8566, 52.4776], [13.8604, 52.4762]]], [[[14.2073, 52.6139], [14.2054, 52.614], [14.2048, 52.616], [14.2068, 52.616], [14.2081, 52.6174], [14.2081, 52.6191], [14.2111, 52.6187], [14.2073, 52.6139]]], [[[14.1082, 52.5533], [14.1082, 52.5553], [14.1106, 52.5554], [14.1133, 52.5542], [14.1129, 52.5528], [14.1108, 52.552], [14.1082, 52.5533]]], [[[14.3341, 52.4629], [14.3338, 52.4635], [14.3349, 52.4646], [14.3335, 52.465], [14.3366, 52.4666], [14.3377, 52.4681], [14.3395, 52.468], [14.3393, 52.4667], [14.3341, 52.4629]]], [[[14.1338, 52.6443], [14.133, 52.6438], [14.1297, 52.6453], [14.1256, 52.6445], [14.1249, 52.6456], [14.1303, 52.6464], [14.1335, 52.6452], [14.1338, 52.6443]]], [[[14.0485, 52.8478], [14.0521, 52.8486], [14.0523, 52.8467], [14.0489, 52.8451], [14.0485, 52.8478]]], [[[14.1973, 52.6105], [14.203, 52.6123], [14.204, 52.6114], [14.1993, 52.6091], [14.1973, 52.6105]]], [[[13.9012, 52.5936], [13.8962, 52.5921], [13.8953, 52.593], [13.9024, 52.5949], [13.904, 52.5941], [13.9032, 52.5932], [13.9012, 52.5936]]], [[[13.6231, 52.5617], [13.6246, 52.5615], [13.6257, 52.5595], [13.6221, 52.5609], [13.621, 52.5627], [13.6219, 52.5629], [13.6231, 52.5617]]], [[[14.0909, 52.5129], [14.0882, 52.5104], [14.0868, 52.5114], [14.085, 52.5112], [14.0855, 52.5121], [14.0894, 52.5132], [14.0909, 52.5129]]], [[[14.1162, 52.6466], [14.1134, 52.6499], [14.1153, 52.6495], [14.1196, 52.6467], [14.1182, 52.6458], [14.1162, 52.6466]]], [[[14.1131, 52.5515], [14.114, 52.5524], [14.1178, 52.5524], [14.1175, 52.5514], [14.1147, 52.5504], [14.1131, 52.5515]]], [[[13.8304, 52.6132], [13.8318, 52.6149], [13.8338, 52.6148], [13.8341, 52.6137], [13.8325, 52.6125], [13.8304, 52.6132]]], [[[13.8349, 52.4958], [13.8352, 52.4971], [13.838, 52.4967], [13.8373, 52.4951], [13.8349, 52.4958]]], [[[14.416, 52.4141], [14.4126, 52.4125], [14.4124, 52.4134], [14.4138, 52.4147], [14.416, 52.4141]]], [[[14.1008, 52.7201], [14.1019, 52.7236], [14.1028, 52.7226], [14.1013, 52.7193], [14.1008, 52.7201]]], [[[14.124, 52.6456], [14.1247, 52.6445], [14.1201, 52.6456], [14.124, 52.6456]]], [[[14.1196, 52.5661], [14.1186, 52.5673], [14.1191, 52.568], [14.1217, 52.5662], [14.1215, 52.5655], [14.1193, 52.565], [14.1196, 52.5661]]], [[[14.191, 52.6029], [14.1866, 52.6037], [14.1876, 52.6047], [14.191, 52.6029]]]], "type": "MultiPolygon"}, "properties": {"BEMERKUNG": "Gew\u00e4sser", "GEN_ID": null, "GL_ID": null, "SYM_NR": null, "feature_kind": "water_area", "general_unit_de": null, "general_unit_en": null, "lead_horizon_count": null, "lead_profile_de": null, "lead_profile_en": null, "legend_unit_de": null, "legend_unit_en": null, "parent_material_code": null, "parent_material_de": null, "parent_material_en": null, "profile_count": null, "profile_summary_de": null, "profile_summary_en": null, "semantic_source": "raw-buek250-feature", "semantic_version": "buek250-soil-semantics-v1", "soil_group_de": "Gew\u00e4sser", "soil_group_en": "Water area", "soil_group_key": "water-area", "soil_label_de": "Gew\u00e4sser", "soil_label_en": "Gew\u00e4sser", "soil_type_primary_de": null, "soil_type_primary_en": null, "soil_type_secondary_de": null, "soil_type_secondary_en": null, "soil_type_tertiary_de": null, "soil_type_tertiary_en": null, "source_note_de": "Gew\u00e4sser", "source_note_en": "Gew\u00e4sser", "special_area_kind": "water_area"}, "type": "Feature"}, {"geometry": {"coordinates": [[[14.3154, 52.4382], [14.3154, 52.44], [14.3172, 52.4409], [14.3183, 52.4428], [14.319, 52.4426], [14.3211, 52.4379], [14.3154, 52.4382]]], "type": "Polygon"}, "properties": {"BEMERKUNG": "M\u00fchlenteich", "GEN_ID": null, "GL_ID": null, "SYM_NR": null, "feature_kind": "water_area", "general_unit_de": null, "general_unit_en": null, "lead_horizon_count": null, "lead_profile_de": null, "lead_profile_en": null, "legend_unit_de": null, "legend_unit_en": null, "parent_material_code": null, "parent_material_de": null, "parent_material_en": null, "profile_count": null, "profile_summary_de": null, "profile_summary_en": null, "semantic_source": "raw-buek250-feature", "semantic_version": "buek250-soil-semantics-v1", "soil_group_de": "Gew\u00e4sser", "soil_group_en": "Water area", "soil_group_key": "water-area", "soil_label_de": "M\u00fchlenteich", "soil_label_en": "M\u00fchlenteich", "soil_type_primary_de": null, "soil_type_primary_en": null, "soil_type_secondary_de": null, "soil_type_secondary_en": null, "soil_type_tertiary_de": null, "soil_type_tertiary_en": null, "source_note_de": "M\u00fchlenteich", "source_note_en": "M\u00fchlenteich", "special_area_kind": "water_area"}, "type": "Feature"}, {"geometry": {"coordinates": [[[[14.3284, 52.4233], [14.3264, 52.4249], [14.3244, 52.4253], [14.3241, 52.4265], [14.3285, 52.4312], [14.3301, 52.4318], [14.3314, 52.4315], [14.3323, 52.4302], [14.33, 52.4247], [14.3284, 52.4233]]], [[[14.0818, 52.5549], [14.0816, 52.556], [14.084, 52.5563], [14.0854, 52.5556], [14.085, 52.5547], [14.0818, 52.5549]]]], "type": "MultiPolygon"}, "properties": {"BEMERKUNG": "Schwarzer See", "GEN_ID": null, "GL_ID": null, "SYM_NR": null, "feature_kind": "water_area", "general_unit_de": null, "general_unit_en": null, "lead_horizon_count": null, "lead_profile_de": null, "lead_profile_en": null, "legend_unit_de": null, "legend_unit_en": null, "parent_material_code": null, "parent_material_de": null, "parent_material_en": null, "profile_count": null, "profile_summary_de": null, "profile_summary_en": null, "semantic_source": "raw-buek250-feature", "semantic_version": "buek250-soil-semantics-v1", "soil_group_de": "Gew\u00e4sser", "soil_group_en": "Water area", "soil_group_key": "water-area", "soil_label_de": "Schwarzer See", "soil_label_en": "Schwarzer See", "soil_type_primary_de": null, "soil_type_primary_en": null, "soil_type_secondary_de": null, "soil_type_secondary_en": null, "soil_type_tertiary_de": null, "soil_type_tertiary_en": null, "source_note_de": "Schwarzer See", "source_note_en": "Schwarzer See", "special_area_kind": "water_area"}, "type": "Feature"}], "type": "FeatureCollection"}
